filepath,substrate_cluster,substrate_name
data/raw/Coccidiosis/cocci.0.jpg,2,Cluster 2 (Reddish-brown litter)
data/raw/Coccidiosis/cocci.1.jpg,0,Cluster 0 (Dark soil / concrete)
data/raw/Coccidiosis/cocci.10.jpg,3,Cluster 3 (Mixed straw / pen floor)
data/raw/Coccidiosis/cocci.100.jpg,0,Cluster 0 (Dark soil / concrete)
data/raw/Coccidiosis/cocci.1000.jpg,2,Cluster 2 (Reddish-brown litter)
data/raw/Coccidiosis/cocci.1001.jpg,2,Cluster 2 (Reddish-brown litter)
data/raw/Coccidiosis/cocci.1002.jpg,0,Cluster 0 (Dark soil / concrete)
data/raw/Coccidiosis/cocci.1003.jpg,2,Cluster 2 (Reddish-brown litter)
data/raw/Coccidiosis/cocci.1004.jpg,3,Cluster 3 (Mixed straw / pen floor)
data/raw/Coccidiosis/cocci.1005.jpg,0,Cluster 0 (Dark soil / concrete)
data/raw/Coccidiosis/cocci.1006.jpg,1,Cluster 1 (Light wood shavings)
data/raw/Coccidiosis/cocci.1007.jpg,2,Cluster 2 (Reddish-brown litter)
data/raw/Coccidiosis/cocci.1008.jpg,2,Cluster 2 (Reddish-brown litter)
data/raw/Coccidiosis/cocci.1009.jpg,0,Cluster 0 (Dark soil / concrete)
data/raw/Coccidiosis/cocci.101.jpg,0,Cluster 0 (Dark soil / concrete)
data/raw/Coccidiosis/cocci.1010.jpg,2,Cluster 2 (Reddish-brown litter)
data/raw/Coccidiosis/cocci.1011.jpg,0,Cluster 0 (Dark soil / concrete)
data/raw/Coccidiosis/cocci.1012.jpg,0,Cluster 0 (Dark soil / concrete)
data/raw/Coccidiosis/cocci.1013.jpg,0,Cluster 0 (Dark soil / concrete)
data/raw/Coccidiosis/cocci.1014.jpg,0,Cluster 0 (Dark soil / concrete)
data/raw/Coccidiosis/cocci.1015.jpg,2,Cluster 2 (Reddish-brown litter)
data/raw/Coccidiosis/cocci.1016.jpg,3,Cluster 3 (Mixed straw / pen floor)
data/raw/Coccidiosis/cocci.1017.jpg,2,Cluster 2 (Reddish-brown litter)
data/raw/Coccidiosis/cocci.1018.jpg,2,Cluster 2 (Reddish-brown litter)
data/raw/Coccidiosis/cocci.1019.jpg,2,Cluster 2 (Reddish-brown litter)
data/raw/Coccidiosis/cocci.102.jpg,2,Cluster 2 (Reddish-brown litter)
data/raw/Coccidiosis/cocci.1020.jpg,2,Cluster 2 (Reddish-brown litter)
data/raw/Coccidiosis/cocci.1021.jpg,3,Cluster 3 (Mixed straw / pen floor)
data/raw/Coccidiosis/cocci.1022.jpg,2,Cluster 2 (Reddish-brown litter)
data/raw/Coccidiosis/cocci.1023.jpg,2,Cluster 2 (Reddish-brown litter)
data/raw/Coccidiosis/cocci.1024.jpg,2,Cluster 2 (Reddish-brown litter)
data/raw/Coccidiosis/cocci.1025.jpg,2,Cluster 2 (Reddish-brown litter)
data/raw/Coccidiosis/cocci.1026.jpg,2,Cluster 2 (Reddish-brown litter)
data/raw/Coccidiosis/cocci.1027.jpg,0,Cluster 0 (Dark soil / concrete)
data/raw/Coccidiosis/cocci.1028.jpg,2,Cluster 2 (Reddish-brown litter)
data/raw/Coccidiosis/cocci.1029.jpg,0,Cluster 0 (Dark soil / concrete)
data/raw/Coccidiosis/cocci.103.jpg,2,Cluster 2 (Reddish-brown litter)
data/raw/Coccidiosis/cocci.1030.jpg,2,Cluster 2 (Reddish-brown litter)
data/raw/Coccidiosis/cocci.1031.jpg,0,Cluster 0 (Dark soil / concrete)
data/raw/Coccidiosis/cocci.1032.jpg,2,Cluster 2 (Reddish-brown litter)
data/raw/Coccidiosis/cocci.1033.jpg,1,Cluster 1 (Light wood shavings)
data/raw/Coccidiosis/cocci.1034.jpg,0,Cluster 0 (Dark soil / concrete)
data/raw/Coccidiosis/cocci.1035.jpg,0,Cluster 0 (Dark soil / concrete)
data/raw/Coccidiosis/cocci.1036.jpg,2,Cluster 2 (Reddish-brown litter)
data/raw/Coccidiosis/cocci.1037.jpg,2,Cluster 2 (Reddish-brown litter)
data/raw/Coccidiosis/cocci.1038.jpg,2,Cluster 2 (Reddish-brown litter)
data/raw/Coccidiosis/cocci.1039.jpg,2,Cluster 2 (Reddish-brown litter)
data/raw/Coccidiosis/cocci.104.jpg,2,Cluster 2 (Reddish-brown litter)
data/raw/Coccidiosis/cocci.1040.jpg,2,Cluster 2 (Reddish-brown litter)
data/raw/Coccidiosis/cocci.1041.jpg,0,Cluster 0 (Dark soil / concrete)
data/raw/Coccidiosis/cocci.1042.jpg,0,Cluster 0 (Dark soil / concrete)
data/raw/Coccidiosis/cocci.1043.jpg,2,Cluster 2 (Reddish-brown litter)
data/raw/Coccidiosis/cocci.1044.jpg,3,Cluster 3 (Mixed straw / pen floor)
data/raw/Coccidiosis/cocci.1045.jpg,2,Cluster 2 (Reddish-brown litter)
data/raw/Coccidiosis/cocci.1046.jpg,0,Cluster 0 (Dark soil / concrete)
data/raw/Coccidiosis/cocci.1047.jpg,2,Cluster 2 (Reddish-brown litter)
data/raw/Coccidiosis/cocci.1048.jpg,0,Cluster 0 (Dark soil / concrete)
data/raw/Coccidiosis/cocci.1049.jpg,0,Cluster 0 (Dark soil / concrete)
data/raw/Coccidiosis/cocci.105.jpg,1,Cluster 1 (Light wood shavings)
data/raw/Coccidiosis/cocci.1050.jpg,2,Cluster 2 (Reddish-brown litter)
data/raw/Coccidiosis/cocci.1051.jpg,3,Cluster 3 (Mixed straw / pen floor)
data/raw/Coccidiosis/cocci.1052.jpg,2,Cluster 2 (Reddish-brown litter)
data/raw/Coccidiosis/cocci.1053.jpg,0,Cluster 0 (Dark soil / concrete)
data/raw/Coccidiosis/cocci.1054.jpg,2,Cluster 2 (Reddish-brown litter)
data/raw/Coccidiosis/cocci.1055.jpg,2,Cluster 2 (Reddish-brown litter)
data/raw/Coccidiosis/cocci.1056.jpg,3,Cluster 3 (Mixed straw / pen floor)
data/raw/Coccidiosis/cocci.1057.jpg,2,Cluster 2 (Reddish-brown litter)
data/raw/Coccidiosis/cocci.1058.jpg,2,Cluster 2 (Reddish-brown litter)
data/raw/Coccidiosis/cocci.1059.jpg,2,Cluster 2 (Reddish-brown litter)
data/raw/Coccidiosis/cocci.106.jpg,0,Cluster 0 (Dark soil / concrete)
data/raw/Coccidiosis/cocci.1060.jpg,2,Cluster 2 (Reddish-brown litter)
data/raw/Coccidiosis/cocci.1061.jpg,3,Cluster 3 (Mixed straw / pen floor)
data/raw/Coccidiosis/cocci.1062.jpg,1,Cluster 1 (Light wood shavings)
data/raw/Coccidiosis/cocci.1063.jpg,0,Cluster 0 (Dark soil / concrete)
data/raw/Coccidiosis/cocci.1064.jpg,2,Cluster 2 (Reddish-brown litter)
data/raw/Coccidiosis/cocci.1065.jpg,1,Cluster 1 (Light wood shavings)
data/raw/Coccidiosis/cocci.1066.jpg,2,Cluster 2 (Reddish-brown litter)
data/raw/Coccidiosis/cocci.1067.jpg,3,Cluster 3 (Mixed straw / pen floor)
data/raw/Coccidiosis/cocci.1068.jpg,3,Cluster 3 (Mixed straw / pen floor)
data/raw/Coccidiosis/cocci.1069.jpg,0,Cluster 0 (Dark soil / concrete)
data/raw/Coccidiosis/cocci.107.jpg,0,Cluster 0 (Dark soil / concrete)
data/raw/Coccidiosis/cocci.1070.jpg,0,Cluster 0 (Dark soil / concrete)
data/raw/Coccidiosis/cocci.1071.jpg,3,Cluster 3 (Mixed straw / pen floor)
data/raw/Coccidiosis/cocci.1072.jpg,0,Cluster 0 (Dark soil / concrete)
data/raw/Coccidiosis/cocci.1073.jpg,2,Cluster 2 (Reddish-brown litter)
data/raw/Coccidiosis/cocci.1074.jpg,1,Cluster 1 (Light wood shavings)
data/raw/Coccidiosis/cocci.1075.jpg,2,Cluster 2 (Reddish-brown litter)
data/raw/Coccidiosis/cocci.1076.jpg,0,Cluster 0 (Dark soil / concrete)
data/raw/Coccidiosis/cocci.1077.jpg,2,Cluster 2 (Reddish-brown litter)
data/raw/Coccidiosis/cocci.1078.jpg,0,Cluster 0 (Dark soil / concrete)
data/raw/Coccidiosis/cocci.1079.jpg,0,Cluster 0 (Dark soil / concrete)
data/raw/Coccidiosis/cocci.108.jpg,2,Cluster 2 (Reddish-brown litter)
data/raw/Coccidiosis/cocci.1080.jpg,2,Cluster 2 (Reddish-brown litter)
data/raw/Coccidiosis/cocci.1081.jpg,0,Cluster 0 (Dark soil / concrete)
data/raw/Coccidiosis/cocci.1082.jpg,3,Cluster 3 (Mixed straw / pen floor)
data/raw/Coccidiosis/cocci.1083.jpg,3,Cluster 3 (Mixed straw / pen floor)
data/raw/Coccidiosis/cocci.1084.jpg,0,Cluster 0 (Dark soil / concrete)
data/raw/Coccidiosis/cocci.1085.jpg,2,Cluster 2 (Reddish-brown litter)
data/raw/Coccidiosis/cocci.1086.jpg,0,Cluster 0 (Dark soil / concrete)
data/raw/Coccidiosis/cocci.1087.jpg,0,Cluster 0 (Dark soil / concrete)
data/raw/Coccidiosis/cocci.1088.jpg,0,Cluster 0 (Dark soil / concrete)
data/raw/Coccidiosis/cocci.1089.jpg,0,Cluster 0 (Dark soil / concrete)
data/raw/Coccidiosis/cocci.109.jpg,2,Cluster 2 (Reddish-brown litter)
data/raw/Coccidiosis/cocci.1090.jpg,0,Cluster 0 (Dark soil / concrete)
data/raw/Coccidiosis/cocci.1091.jpg,3,Cluster 3 (Mixed straw / pen floor)
data/raw/Coccidiosis/cocci.1092.jpg,2,Cluster 2 (Reddish-brown litter)
data/raw/Coccidiosis/cocci.1093.jpg,3,Cluster 3 (Mixed straw / pen floor)
data/raw/Coccidiosis/cocci.1094.jpg,2,Cluster 2 (Reddish-brown litter)
data/raw/Coccidiosis/cocci.1095.jpg,0,Cluster 0 (Dark soil / concrete)
data/raw/Coccidiosis/cocci.1096.jpg,2,Cluster 2 (Reddish-brown litter)
data/raw/Coccidiosis/cocci.1097.jpg,0,Cluster 0 (Dark soil / concrete)
data/raw/Coccidiosis/cocci.1098.jpg,2,Cluster 2 (Reddish-brown litter)
data/raw/Coccidiosis/cocci.1099.jpg,2,Cluster 2 (Reddish-brown litter)
data/raw/Coccidiosis/cocci.11.jpg,2,Cluster 2 (Reddish-brown litter)
data/raw/Coccidiosis/cocci.110.jpg,3,Cluster 3 (Mixed straw / pen floor)
data/raw/Coccidiosis/cocci.1100.jpg,2,Cluster 2 (Reddish-brown litter)
data/raw/Coccidiosis/cocci.1101.jpg,2,Cluster 2 (Reddish-brown litter)
data/raw/Coccidiosis/cocci.1102.jpg,2,Cluster 2 (Reddish-brown litter)
data/raw/Coccidiosis/cocci.1103.jpg,2,Cluster 2 (Reddish-brown litter)
data/raw/Coccidiosis/cocci.1104.jpg,0,Cluster 0 (Dark soil / concrete)
data/raw/Coccidiosis/cocci.1105.jpg,0,Cluster 0 (Dark soil / concrete)
data/raw/Coccidiosis/cocci.1106.jpg,0,Cluster 0 (Dark soil / concrete)
data/raw/Coccidiosis/cocci.1107.jpg,2,Cluster 2 (Reddish-brown litter)
data/raw/Coccidiosis/cocci.1108.jpg,1,Cluster 1 (Light wood shavings)
data/raw/Coccidiosis/cocci.1109.jpg,0,Cluster 0 (Dark soil / concrete)
data/raw/Coccidiosis/cocci.111.jpg,2,Cluster 2 (Reddish-brown litter)
data/raw/Coccidiosis/cocci.1110.jpg,0,Cluster 0 (Dark soil / concrete)
data/raw/Coccidiosis/cocci.1111.jpg,2,Cluster 2 (Reddish-brown litter)
data/raw/Coccidiosis/cocci.1112.jpg,2,Cluster 2 (Reddish-brown litter)
data/raw/Coccidiosis/cocci.1113.jpg,2,Cluster 2 (Reddish-brown litter)
data/raw/Coccidiosis/cocci.1114.jpg,1,Cluster 1 (Light wood shavings)
data/raw/Coccidiosis/cocci.1115.jpg,2,Cluster 2 (Reddish-brown litter)
data/raw/Coccidiosis/cocci.1116.jpg,0,Cluster 0 (Dark soil / concrete)
data/raw/Coccidiosis/cocci.1117.jpg,2,Cluster 2 (Reddish-brown litter)
data/raw/Coccidiosis/cocci.1118.jpg,2,Cluster 2 (Reddish-brown litter)
data/raw/Coccidiosis/cocci.1119.jpg,3,Cluster 3 (Mixed straw / pen floor)
data/raw/Coccidiosis/cocci.112.jpg,1,Cluster 1 (Light wood shavings)
data/raw/Coccidiosis/cocci.1120.jpg,1,Cluster 1 (Light wood shavings)
data/raw/Coccidiosis/cocci.1121.jpg,2,Cluster 2 (Reddish-brown litter)
data/raw/Coccidiosis/cocci.1122.jpg,2,Cluster 2 (Reddish-brown litter)
data/raw/Coccidiosis/cocci.1123.jpg,1,Cluster 1 (Light wood shavings)
data/raw/Coccidiosis/cocci.1124.jpg,2,Cluster 2 (Reddish-brown litter)
data/raw/Coccidiosis/cocci.1125.jpg,0,Cluster 0 (Dark soil / concrete)
data/raw/Coccidiosis/cocci.1126.jpg,2,Cluster 2 (Reddish-brown litter)
data/raw/Coccidiosis/cocci.1127.jpg,1,Cluster 1 (Light wood shavings)
data/raw/Coccidiosis/cocci.1128.jpg,3,Cluster 3 (Mixed straw / pen floor)
data/raw/Coccidiosis/cocci.1129.jpg,3,Cluster 3 (Mixed straw / pen floor)
data/raw/Coccidiosis/cocci.113.jpg,2,Cluster 2 (Reddish-brown litter)
data/raw/Coccidiosis/cocci.1130.jpg,2,Cluster 2 (Reddish-brown litter)
data/raw/Coccidiosis/cocci.1131.jpg,3,Cluster 3 (Mixed straw / pen floor)
data/raw/Coccidiosis/cocci.1132.jpg,2,Cluster 2 (Reddish-brown litter)
data/raw/Coccidiosis/cocci.1133.jpg,0,Cluster 0 (Dark soil / concrete)
data/raw/Coccidiosis/cocci.1134.jpg,0,Cluster 0 (Dark soil / concrete)
data/raw/Coccidiosis/cocci.1135.jpg,2,Cluster 2 (Reddish-brown litter)
data/raw/Coccidiosis/cocci.1136.jpg,0,Cluster 0 (Dark soil / concrete)
data/raw/Coccidiosis/cocci.1137.jpg,3,Cluster 3 (Mixed straw / pen floor)
data/raw/Coccidiosis/cocci.1138.jpg,2,Cluster 2 (Reddish-brown litter)
data/raw/Coccidiosis/cocci.1139.jpg,0,Cluster 0 (Dark soil / concrete)
data/raw/Coccidiosis/cocci.114.jpg,1,Cluster 1 (Light wood shavings)
data/raw/Coccidiosis/cocci.1140.jpg,0,Cluster 0 (Dark soil / concrete)
data/raw/Coccidiosis/cocci.1141.jpg,0,Cluster 0 (Dark soil / concrete)
data/raw/Coccidiosis/cocci.1142.jpg,0,Cluster 0 (Dark soil / concrete)
data/raw/Coccidiosis/cocci.1143.jpg,0,Cluster 0 (Dark soil / concrete)
data/raw/Coccidiosis/cocci.1144.jpg,0,Cluster 0 (Dark soil / concrete)
data/raw/Coccidiosis/cocci.1145.jpg,2,Cluster 2 (Reddish-brown litter)
data/raw/Coccidiosis/cocci.1146.jpg,2,Cluster 2 (Reddish-brown litter)
data/raw/Coccidiosis/cocci.1147.jpg,0,Cluster 0 (Dark soil / concrete)
data/raw/Coccidiosis/cocci.1148.jpg,0,Cluster 0 (Dark soil / concrete)
data/raw/Coccidiosis/cocci.1149.jpg,2,Cluster 2 (Reddish-brown litter)
data/raw/Coccidiosis/cocci.115.jpg,2,Cluster 2 (Reddish-brown litter)
data/raw/Coccidiosis/cocci.1150.jpg,1,Cluster 1 (Light wood shavings)
data/raw/Coccidiosis/cocci.1151.jpg,2,Cluster 2 (Reddish-brown litter)
data/raw/Coccidiosis/cocci.1152.jpg,0,Cluster 0 (Dark soil / concrete)
data/raw/Coccidiosis/cocci.1153.jpg,0,Cluster 0 (Dark soil / concrete)
data/raw/Coccidiosis/cocci.1154.jpg,2,Cluster 2 (Reddish-brown litter)
data/raw/Coccidiosis/cocci.1155.jpg,0,Cluster 0 (Dark soil / concrete)
data/raw/Coccidiosis/cocci.1156.jpg,2,Cluster 2 (Reddish-brown litter)
data/raw/Coccidiosis/cocci.1157.jpg,0,Cluster 0 (Dark soil / concrete)
data/raw/Coccidiosis/cocci.1158.jpg,2,Cluster 2 (Reddish-brown litter)
data/raw/Coccidiosis/cocci.1159.jpg,3,Cluster 3 (Mixed straw / pen floor)
data/raw/Coccidiosis/cocci.116.jpg,0,Cluster 0 (Dark soil / concrete)
data/raw/Coccidiosis/cocci.1160.jpg,0,Cluster 0 (Dark soil / concrete)
data/raw/Coccidiosis/cocci.1161.jpg,0,Cluster 0 (Dark soil / concrete)
data/raw/Coccidiosis/cocci.1162.jpg,2,Cluster 2 (Reddish-brown litter)
data/raw/Coccidiosis/cocci.1163.jpg,2,Cluster 2 (Reddish-brown litter)
data/raw/Coccidiosis/cocci.1164.jpg,0,Cluster 0 (Dark soil / concrete)
data/raw/Coccidiosis/cocci.1165.jpg,0,Cluster 0 (Dark soil / concrete)
data/raw/Coccidiosis/cocci.1166.jpg,2,Cluster 2 (Reddish-brown litter)
data/raw/Coccidiosis/cocci.1167.jpg,1,Cluster 1 (Light wood shavings)
data/raw/Coccidiosis/cocci.1168.jpg,1,Cluster 1 (Light wood shavings)
data/raw/Coccidiosis/cocci.1169.jpg,2,Cluster 2 (Reddish-brown litter)
data/raw/Coccidiosis/cocci.117.jpg,0,Cluster 0 (Dark soil / concrete)
data/raw/Coccidiosis/cocci.1170.jpg,3,Cluster 3 (Mixed straw / pen floor)
data/raw/Coccidiosis/cocci.1171.jpg,2,Cluster 2 (Reddish-brown litter)
data/raw/Coccidiosis/cocci.1172.jpg,2,Cluster 2 (Reddish-brown litter)
data/raw/Coccidiosis/cocci.1173.jpg,3,Cluster 3 (Mixed straw / pen floor)
data/raw/Coccidiosis/cocci.1174.jpg,0,Cluster 0 (Dark soil / concrete)
data/raw/Coccidiosis/cocci.1175.jpg,0,Cluster 0 (Dark soil / concrete)
data/raw/Coccidiosis/cocci.1176.jpg,2,Cluster 2 (Reddish-brown litter)
data/raw/Coccidiosis/cocci.1177.jpg,1,Cluster 1 (Light wood shavings)
data/raw/Coccidiosis/cocci.1178.jpg,0,Cluster 0 (Dark soil / concrete)
data/raw/Coccidiosis/cocci.1179.jpg,0,Cluster 0 (Dark soil / concrete)
data/raw/Coccidiosis/cocci.118.jpg,0,Cluster 0 (Dark soil / concrete)
data/raw/Coccidiosis/cocci.1180.jpg,0,Cluster 0 (Dark soil / concrete)
data/raw/Coccidiosis/cocci.1181.jpg,0,Cluster 0 (Dark soil / concrete)
data/raw/Coccidiosis/cocci.1182.jpg,0,Cluster 0 (Dark soil / concrete)
data/raw/Coccidiosis/cocci.1183.jpg,0,Cluster 0 (Dark soil / concrete)
data/raw/Coccidiosis/cocci.1184.jpg,2,Cluster 2 (Reddish-brown litter)
data/raw/Coccidiosis/cocci.1185.jpg,2,Cluster 2 (Reddish-brown litter)
data/raw/Coccidiosis/cocci.1186.jpg,0,Cluster 0 (Dark soil / concrete)
data/raw/Coccidiosis/cocci.1187.jpg,2,Cluster 2 (Reddish-brown litter)
data/raw/Coccidiosis/cocci.1188.jpg,2,Cluster 2 (Reddish-brown litter)
data/raw/Coccidiosis/cocci.1189.jpg,2,Cluster 2 (Reddish-brown litter)
data/raw/Coccidiosis/cocci.119.jpg,0,Cluster 0 (Dark soil / concrete)
data/raw/Coccidiosis/cocci.1190.jpg,0,Cluster 0 (Dark soil / concrete)
data/raw/Coccidiosis/cocci.1191.jpg,3,Cluster 3 (Mixed straw / pen floor)
data/raw/Coccidiosis/cocci.1192.jpg,2,Cluster 2 (Reddish-brown litter)
data/raw/Coccidiosis/cocci.1193.jpg,2,Cluster 2 (Reddish-brown litter)
data/raw/Coccidiosis/cocci.1194.jpg,0,Cluster 0 (Dark soil / concrete)
data/raw/Coccidiosis/cocci.1195.jpg,2,Cluster 2 (Reddish-brown litter)
data/raw/Coccidiosis/cocci.1196.jpg,0,Cluster 0 (Dark soil / concrete)
data/raw/Coccidiosis/cocci.1197.jpg,1,Cluster 1 (Light wood shavings)
data/raw/Coccidiosis/cocci.1198.jpg,2,Cluster 2 (Reddish-brown litter)
data/raw/Coccidiosis/cocci.1199.jpg,2,Cluster 2 (Reddish-brown litter)
data/raw/Coccidiosis/cocci.12.jpg,0,Cluster 0 (Dark soil / concrete)
data/raw/Coccidiosis/cocci.120.jpg,2,Cluster 2 (Reddish-brown litter)
data/raw/Coccidiosis/cocci.1200.jpg,1,Cluster 1 (Light wood shavings)
data/raw/Coccidiosis/cocci.1201.jpg,0,Cluster 0 (Dark soil / concrete)
data/raw/Coccidiosis/cocci.1202.jpg,2,Cluster 2 (Reddish-brown litter)
data/raw/Coccidiosis/cocci.1203.jpg,0,Cluster 0 (Dark soil / concrete)
data/raw/Coccidiosis/cocci.1204.jpg,0,Cluster 0 (Dark soil / concrete)
data/raw/Coccidiosis/cocci.1205.jpg,1,Cluster 1 (Light wood shavings)
data/raw/Coccidiosis/cocci.1206.jpg,2,Cluster 2 (Reddish-brown litter)
data/raw/Coccidiosis/cocci.1207.jpg,1,Cluster 1 (Light wood shavings)
data/raw/Coccidiosis/cocci.1208.jpg,0,Cluster 0 (Dark soil / concrete)
data/raw/Coccidiosis/cocci.1209.jpg,2,Cluster 2 (Reddish-brown litter)
data/raw/Coccidiosis/cocci.121.jpg,0,Cluster 0 (Dark soil / concrete)
data/raw/Coccidiosis/cocci.1210.jpg,0,Cluster 0 (Dark soil / concrete)
data/raw/Coccidiosis/cocci.1211.jpg,3,Cluster 3 (Mixed straw / pen floor)
data/raw/Coccidiosis/cocci.1212.jpg,0,Cluster 0 (Dark soil / concrete)
data/raw/Coccidiosis/cocci.1213.jpg,2,Cluster 2 (Reddish-brown litter)
data/raw/Coccidiosis/cocci.1214.jpg,2,Cluster 2 (Reddish-brown litter)
data/raw/Coccidiosis/cocci.1215.jpg,0,Cluster 0 (Dark soil / concrete)
data/raw/Coccidiosis/cocci.1216.jpg,0,Cluster 0 (Dark soil / concrete)
data/raw/Coccidiosis/cocci.1217.jpg,0,Cluster 0 (Dark soil / concrete)
data/raw/Coccidiosis/cocci.1218.jpg,3,Cluster 3 (Mixed straw / pen floor)
data/raw/Coccidiosis/cocci.1219.jpg,2,Cluster 2 (Reddish-brown litter)
data/raw/Coccidiosis/cocci.122.jpg,0,Cluster 0 (Dark soil / concrete)
data/raw/Coccidiosis/cocci.1220.jpg,0,Cluster 0 (Dark soil / concrete)
data/raw/Coccidiosis/cocci.1221.jpg,0,Cluster 0 (Dark soil / concrete)
data/raw/Coccidiosis/cocci.1222.jpg,2,Cluster 2 (Reddish-brown litter)
data/raw/Coccidiosis/cocci.1223.jpg,0,Cluster 0 (Dark soil / concrete)
data/raw/Coccidiosis/cocci.1224.jpg,2,Cluster 2 (Reddish-brown litter)
data/raw/Coccidiosis/cocci.1225.jpg,0,Cluster 0 (Dark soil / concrete)
data/raw/Coccidiosis/cocci.1226.jpg,2,Cluster 2 (Reddish-brown litter)
data/raw/Coccidiosis/cocci.1227.jpg,2,Cluster 2 (Reddish-brown litter)
data/raw/Coccidiosis/cocci.1228.jpg,3,Cluster 3 (Mixed straw / pen floor)
data/raw/Coccidiosis/cocci.1229.jpg,1,Cluster 1 (Light wood shavings)
data/raw/Coccidiosis/cocci.123.jpg,0,Cluster 0 (Dark soil / concrete)
data/raw/Coccidiosis/cocci.1230.jpg,0,Cluster 0 (Dark soil / concrete)
data/raw/Coccidiosis/cocci.1231.jpg,2,Cluster 2 (Reddish-brown litter)
data/raw/Coccidiosis/cocci.1232.jpg,2,Cluster 2 (Reddish-brown litter)
data/raw/Coccidiosis/cocci.1233.jpg,3,Cluster 3 (Mixed straw / pen floor)
data/raw/Coccidiosis/cocci.1234.jpg,0,Cluster 0 (Dark soil / concrete)
data/raw/Coccidiosis/cocci.1235.jpg,0,Cluster 0 (Dark soil / concrete)
data/raw/Coccidiosis/cocci.1236.jpg,2,Cluster 2 (Reddish-brown litter)
data/raw/Coccidiosis/cocci.1237.jpg,0,Cluster 0 (Dark soil / concrete)
data/raw/Coccidiosis/cocci.1238.jpg,2,Cluster 2 (Reddish-brown litter)
data/raw/Coccidiosis/cocci.1239.jpg,1,Cluster 1 (Light wood shavings)
data/raw/Coccidiosis/cocci.124.jpg,0,Cluster 0 (Dark soil / concrete)
data/raw/Coccidiosis/cocci.1240.jpg,3,Cluster 3 (Mixed straw / pen floor)
data/raw/Coccidiosis/cocci.1241.jpg,0,Cluster 0 (Dark soil / concrete)
data/raw/Coccidiosis/cocci.1242.jpg,0,Cluster 0 (Dark soil / concrete)
data/raw/Coccidiosis/cocci.1243.jpg,1,Cluster 1 (Light wood shavings)
data/raw/Coccidiosis/cocci.1244.jpg,2,Cluster 2 (Reddish-brown litter)
data/raw/Coccidiosis/cocci.1245.jpg,2,Cluster 2 (Reddish-brown litter)
data/raw/Coccidiosis/cocci.1246.jpg,0,Cluster 0 (Dark soil / concrete)
data/raw/Coccidiosis/cocci.1247.jpg,2,Cluster 2 (Reddish-brown litter)
data/raw/Coccidiosis/cocci.1248.jpg,2,Cluster 2 (Reddish-brown litter)
data/raw/Coccidiosis/cocci.1249.jpg,3,Cluster 3 (Mixed straw / pen floor)
data/raw/Coccidiosis/cocci.125.jpg,2,Cluster 2 (Reddish-brown litter)
data/raw/Coccidiosis/cocci.1250.jpg,0,Cluster 0 (Dark soil / concrete)
data/raw/Coccidiosis/cocci.1251.jpg,0,Cluster 0 (Dark soil / concrete)
data/raw/Coccidiosis/cocci.1252.jpg,2,Cluster 2 (Reddish-brown litter)
data/raw/Coccidiosis/cocci.1253.jpg,0,Cluster 0 (Dark soil / concrete)
data/raw/Coccidiosis/cocci.1254.jpg,3,Cluster 3 (Mixed straw / pen floor)
data/raw/Coccidiosis/cocci.1255.jpg,0,Cluster 0 (Dark soil / concrete)
data/raw/Coccidiosis/cocci.1256.jpg,2,Cluster 2 (Reddish-brown litter)
data/raw/Coccidiosis/cocci.1257.jpg,0,Cluster 0 (Dark soil / concrete)
data/raw/Coccidiosis/cocci.1258.jpg,3,Cluster 3 (Mixed straw / pen floor)
data/raw/Coccidiosis/cocci.1259.jpg,2,Cluster 2 (Reddish-brown litter)
data/raw/Coccidiosis/cocci.126.jpg,2,Cluster 2 (Reddish-brown litter)
data/raw/Coccidiosis/cocci.1260.jpg,1,Cluster 1 (Light wood shavings)
data/raw/Coccidiosis/cocci.1261.jpg,1,Cluster 1 (Light wood shavings)
data/raw/Coccidiosis/cocci.1262.jpg,0,Cluster 0 (Dark soil / concrete)
data/raw/Coccidiosis/cocci.1263.jpg,3,Cluster 3 (Mixed straw / pen floor)
data/raw/Coccidiosis/cocci.1264.jpg,0,Cluster 0 (Dark soil / concrete)
data/raw/Coccidiosis/cocci.1265.jpg,2,Cluster 2 (Reddish-brown litter)
data/raw/Coccidiosis/cocci.1266.jpg,3,Cluster 3 (Mixed straw / pen floor)
data/raw/Coccidiosis/cocci.1267.jpg,3,Cluster 3 (Mixed straw / pen floor)
data/raw/Coccidiosis/cocci.1268.jpg,2,Cluster 2 (Reddish-brown litter)
data/raw/Coccidiosis/cocci.1269.jpg,0,Cluster 0 (Dark soil / concrete)
data/raw/Coccidiosis/cocci.127.jpg,0,Cluster 0 (Dark soil / concrete)
data/raw/Coccidiosis/cocci.1270.jpg,2,Cluster 2 (Reddish-brown litter)
data/raw/Coccidiosis/cocci.1271.jpg,3,Cluster 3 (Mixed straw / pen floor)
data/raw/Coccidiosis/cocci.1272.jpg,0,Cluster 0 (Dark soil / concrete)
data/raw/Coccidiosis/cocci.1273.jpg,1,Cluster 1 (Light wood shavings)
data/raw/Coccidiosis/cocci.1274.jpg,0,Cluster 0 (Dark soil / concrete)
data/raw/Coccidiosis/cocci.1275.jpg,2,Cluster 2 (Reddish-brown litter)
data/raw/Coccidiosis/cocci.1276.jpg,0,Cluster 0 (Dark soil / concrete)
data/raw/Coccidiosis/cocci.1277.jpg,0,Cluster 0 (Dark soil / concrete)
data/raw/Coccidiosis/cocci.1278.jpg,1,Cluster 1 (Light wood shavings)
data/raw/Coccidiosis/cocci.1279.jpg,2,Cluster 2 (Reddish-brown litter)
data/raw/Coccidiosis/cocci.128.jpg,1,Cluster 1 (Light wood shavings)
data/raw/Coccidiosis/cocci.1280.jpg,2,Cluster 2 (Reddish-brown litter)
data/raw/Coccidiosis/cocci.1281.jpg,0,Cluster 0 (Dark soil / concrete)
data/raw/Coccidiosis/cocci.1282.jpg,2,Cluster 2 (Reddish-brown litter)
data/raw/Coccidiosis/cocci.1283.jpg,0,Cluster 0 (Dark soil / concrete)
data/raw/Coccidiosis/cocci.1284.jpg,3,Cluster 3 (Mixed straw / pen floor)
data/raw/Coccidiosis/cocci.1285.jpg,3,Cluster 3 (Mixed straw / pen floor)
data/raw/Coccidiosis/cocci.1286.jpg,2,Cluster 2 (Reddish-brown litter)
data/raw/Coccidiosis/cocci.1287.jpg,3,Cluster 3 (Mixed straw / pen floor)
data/raw/Coccidiosis/cocci.1288.jpg,0,Cluster 0 (Dark soil / concrete)
data/raw/Coccidiosis/cocci.1289.jpg,2,Cluster 2 (Reddish-brown litter)
data/raw/Coccidiosis/cocci.129.jpg,0,Cluster 0 (Dark soil / concrete)
data/raw/Coccidiosis/cocci.1290.jpg,0,Cluster 0 (Dark soil / concrete)
data/raw/Coccidiosis/cocci.1291.jpg,0,Cluster 0 (Dark soil / concrete)
data/raw/Coccidiosis/cocci.1292.jpg,1,Cluster 1 (Light wood shavings)
data/raw/Coccidiosis/cocci.1293.jpg,0,Cluster 0 (Dark soil / concrete)
data/raw/Coccidiosis/cocci.1294.jpg,0,Cluster 0 (Dark soil / concrete)
data/raw/Coccidiosis/cocci.1295.jpg,2,Cluster 2 (Reddish-brown litter)
data/raw/Coccidiosis/cocci.1296.jpg,0,Cluster 0 (Dark soil / concrete)
data/raw/Coccidiosis/cocci.1297.jpg,2,Cluster 2 (Reddish-brown litter)
data/raw/Coccidiosis/cocci.1298.jpg,2,Cluster 2 (Reddish-brown litter)
data/raw/Coccidiosis/cocci.1299.jpg,2,Cluster 2 (Reddish-brown litter)
data/raw/Coccidiosis/cocci.13.jpg,0,Cluster 0 (Dark soil / concrete)
data/raw/Coccidiosis/cocci.130.jpg,0,Cluster 0 (Dark soil / concrete)
data/raw/Coccidiosis/cocci.1300.jpg,0,Cluster 0 (Dark soil / concrete)
data/raw/Coccidiosis/cocci.1301.jpg,0,Cluster 0 (Dark soil / concrete)
data/raw/Coccidiosis/cocci.1302.jpg,0,Cluster 0 (Dark soil / concrete)
data/raw/Coccidiosis/cocci.1303.jpg,0,Cluster 0 (Dark soil / concrete)
data/raw/Coccidiosis/cocci.1304.jpg,0,Cluster 0 (Dark soil / concrete)
data/raw/Coccidiosis/cocci.1305.jpg,2,Cluster 2 (Reddish-brown litter)
data/raw/Coccidiosis/cocci.1306.jpg,0,Cluster 0 (Dark soil / concrete)
data/raw/Coccidiosis/cocci.1307.jpg,0,Cluster 0 (Dark soil / concrete)
data/raw/Coccidiosis/cocci.1308.jpg,3,Cluster 3 (Mixed straw / pen floor)
data/raw/Coccidiosis/cocci.1309.jpg,0,Cluster 0 (Dark soil / concrete)
data/raw/Coccidiosis/cocci.131.jpg,2,Cluster 2 (Reddish-brown litter)
data/raw/Coccidiosis/cocci.1310.jpg,2,Cluster 2 (Reddish-brown litter)
data/raw/Coccidiosis/cocci.1311.jpg,0,Cluster 0 (Dark soil / concrete)
data/raw/Coccidiosis/cocci.1312.jpg,1,Cluster 1 (Light wood shavings)
data/raw/Coccidiosis/cocci.1313.jpg,2,Cluster 2 (Reddish-brown litter)
data/raw/Coccidiosis/cocci.1314.jpg,0,Cluster 0 (Dark soil / concrete)
data/raw/Coccidiosis/cocci.1315.jpg,1,Cluster 1 (Light wood shavings)
data/raw/Coccidiosis/cocci.1316.jpg,1,Cluster 1 (Light wood shavings)
data/raw/Coccidiosis/cocci.1317.jpg,2,Cluster 2 (Reddish-brown litter)
data/raw/Coccidiosis/cocci.1318.jpg,1,Cluster 1 (Light wood shavings)
data/raw/Coccidiosis/cocci.1319.jpg,0,Cluster 0 (Dark soil / concrete)
data/raw/Coccidiosis/cocci.132.jpg,0,Cluster 0 (Dark soil / concrete)
data/raw/Coccidiosis/cocci.1320.jpg,0,Cluster 0 (Dark soil / concrete)
data/raw/Coccidiosis/cocci.1321.jpg,2,Cluster 2 (Reddish-brown litter)
data/raw/Coccidiosis/cocci.1322.jpg,2,Cluster 2 (Reddish-brown litter)
data/raw/Coccidiosis/cocci.1323.jpg,2,Cluster 2 (Reddish-brown litter)
data/raw/Coccidiosis/cocci.1324.jpg,3,Cluster 3 (Mixed straw / pen floor)
data/raw/Coccidiosis/cocci.1325.jpg,2,Cluster 2 (Reddish-brown litter)
data/raw/Coccidiosis/cocci.1326.jpg,2,Cluster 2 (Reddish-brown litter)
data/raw/Coccidiosis/cocci.1327.jpg,2,Cluster 2 (Reddish-brown litter)
data/raw/Coccidiosis/cocci.1328.jpg,2,Cluster 2 (Reddish-brown litter)
data/raw/Coccidiosis/cocci.1329.jpg,3,Cluster 3 (Mixed straw / pen floor)
data/raw/Coccidiosis/cocci.133.jpg,0,Cluster 0 (Dark soil / concrete)
data/raw/Coccidiosis/cocci.1330.jpg,0,Cluster 0 (Dark soil / concrete)
data/raw/Coccidiosis/cocci.1331.jpg,2,Cluster 2 (Reddish-brown litter)
data/raw/Coccidiosis/cocci.1332.jpg,2,Cluster 2 (Reddish-brown litter)
data/raw/Coccidiosis/cocci.1333.jpg,0,Cluster 0 (Dark soil / concrete)
data/raw/Coccidiosis/cocci.1334.jpg,2,Cluster 2 (Reddish-brown litter)
data/raw/Coccidiosis/cocci.1335.jpg,2,Cluster 2 (Reddish-brown litter)
data/raw/Coccidiosis/cocci.1336.jpg,2,Cluster 2 (Reddish-brown litter)
data/raw/Coccidiosis/cocci.1337.jpg,2,Cluster 2 (Reddish-brown litter)
data/raw/Coccidiosis/cocci.1338.jpg,0,Cluster 0 (Dark soil / concrete)
data/raw/Coccidiosis/cocci.1339.jpg,2,Cluster 2 (Reddish-brown litter)
data/raw/Coccidiosis/cocci.134.jpg,0,Cluster 0 (Dark soil / concrete)
data/raw/Coccidiosis/cocci.1340.jpg,2,Cluster 2 (Reddish-brown litter)
data/raw/Coccidiosis/cocci.1341.jpg,2,Cluster 2 (Reddish-brown litter)
data/raw/Coccidiosis/cocci.1342.jpg,0,Cluster 0 (Dark soil / concrete)
data/raw/Coccidiosis/cocci.1343.jpg,2,Cluster 2 (Reddish-brown litter)
data/raw/Coccidiosis/cocci.1344.jpg,0,Cluster 0 (Dark soil / concrete)
data/raw/Coccidiosis/cocci.1345.jpg,0,Cluster 0 (Dark soil / concrete)
data/raw/Coccidiosis/cocci.1346.jpg,2,Cluster 2 (Reddish-brown litter)
data/raw/Coccidiosis/cocci.1347.jpg,0,Cluster 0 (Dark soil / concrete)
data/raw/Coccidiosis/cocci.1348.jpg,0,Cluster 0 (Dark soil / concrete)
data/raw/Coccidiosis/cocci.1349.jpg,0,Cluster 0 (Dark soil / concrete)
data/raw/Coccidiosis/cocci.135.jpg,0,Cluster 0 (Dark soil / concrete)
data/raw/Coccidiosis/cocci.1350.jpg,2,Cluster 2 (Reddish-brown litter)
data/raw/Coccidiosis/cocci.1351.jpg,0,Cluster 0 (Dark soil / concrete)
data/raw/Coccidiosis/cocci.1352.jpg,1,Cluster 1 (Light wood shavings)
data/raw/Coccidiosis/cocci.1353.jpg,2,Cluster 2 (Reddish-brown litter)
data/raw/Coccidiosis/cocci.1354.jpg,0,Cluster 0 (Dark soil / concrete)
data/raw/Coccidiosis/cocci.1355.jpg,2,Cluster 2 (Reddish-brown litter)
data/raw/Coccidiosis/cocci.1356.jpg,0,Cluster 0 (Dark soil / concrete)
data/raw/Coccidiosis/cocci.1357.jpg,2,Cluster 2 (Reddish-brown litter)
data/raw/Coccidiosis/cocci.1358.jpg,1,Cluster 1 (Light wood shavings)
data/raw/Coccidiosis/cocci.1359.jpg,0,Cluster 0 (Dark soil / concrete)
data/raw/Coccidiosis/cocci.136.jpg,2,Cluster 2 (Reddish-brown litter)
data/raw/Coccidiosis/cocci.1360.jpg,0,Cluster 0 (Dark soil / concrete)
data/raw/Coccidiosis/cocci.1361.jpg,2,Cluster 2 (Reddish-brown litter)
data/raw/Coccidiosis/cocci.1362.jpg,0,Cluster 0 (Dark soil / concrete)
data/raw/Coccidiosis/cocci.1363.jpg,3,Cluster 3 (Mixed straw / pen floor)
data/raw/Coccidiosis/cocci.1364.jpg,2,Cluster 2 (Reddish-brown litter)
data/raw/Coccidiosis/cocci.1365.jpg,0,Cluster 0 (Dark soil / concrete)
data/raw/Coccidiosis/cocci.1366.jpg,0,Cluster 0 (Dark soil / concrete)
data/raw/Coccidiosis/cocci.1367.jpg,2,Cluster 2 (Reddish-brown litter)
data/raw/Coccidiosis/cocci.1368.jpg,1,Cluster 1 (Light wood shavings)
data/raw/Coccidiosis/cocci.1369.jpg,2,Cluster 2 (Reddish-brown litter)
data/raw/Coccidiosis/cocci.137.jpg,3,Cluster 3 (Mixed straw / pen floor)
data/raw/Coccidiosis/cocci.1370.jpg,2,Cluster 2 (Reddish-brown litter)
data/raw/Coccidiosis/cocci.1371.jpg,0,Cluster 0 (Dark soil / concrete)
data/raw/Coccidiosis/cocci.1372.jpg,2,Cluster 2 (Reddish-brown litter)
data/raw/Coccidiosis/cocci.1373.jpg,2,Cluster 2 (Reddish-brown litter)
data/raw/Coccidiosis/cocci.1374.jpg,2,Cluster 2 (Reddish-brown litter)
data/raw/Coccidiosis/cocci.1375.jpg,2,Cluster 2 (Reddish-brown litter)
data/raw/Coccidiosis/cocci.1376.jpg,0,Cluster 0 (Dark soil / concrete)
data/raw/Coccidiosis/cocci.1377.jpg,0,Cluster 0 (Dark soil / concrete)
data/raw/Coccidiosis/cocci.1378.jpg,2,Cluster 2 (Reddish-brown litter)
data/raw/Coccidiosis/cocci.1379.jpg,3,Cluster 3 (Mixed straw / pen floor)
data/raw/Coccidiosis/cocci.138.jpg,0,Cluster 0 (Dark soil / concrete)
data/raw/Coccidiosis/cocci.1380.jpg,3,Cluster 3 (Mixed straw / pen floor)
data/raw/Coccidiosis/cocci.1381.jpg,1,Cluster 1 (Light wood shavings)
data/raw/Coccidiosis/cocci.1382.jpg,2,Cluster 2 (Reddish-brown litter)
data/raw/Coccidiosis/cocci.1383.jpg,1,Cluster 1 (Light wood shavings)
data/raw/Coccidiosis/cocci.1384.jpg,2,Cluster 2 (Reddish-brown litter)
data/raw/Coccidiosis/cocci.1385.jpg,1,Cluster 1 (Light wood shavings)
data/raw/Coccidiosis/cocci.1386.jpg,1,Cluster 1 (Light wood shavings)
data/raw/Coccidiosis/cocci.1387.jpg,2,Cluster 2 (Reddish-brown litter)
data/raw/Coccidiosis/cocci.1388.jpg,0,Cluster 0 (Dark soil / concrete)
data/raw/Coccidiosis/cocci.1389.jpg,0,Cluster 0 (Dark soil / concrete)
data/raw/Coccidiosis/cocci.139.jpg,0,Cluster 0 (Dark soil / concrete)
data/raw/Coccidiosis/cocci.1390.jpg,0,Cluster 0 (Dark soil / concrete)
data/raw/Coccidiosis/cocci.1391.jpg,2,Cluster 2 (Reddish-brown litter)
data/raw/Coccidiosis/cocci.1392.jpg,0,Cluster 0 (Dark soil / concrete)
data/raw/Coccidiosis/cocci.1393.jpg,2,Cluster 2 (Reddish-brown litter)
data/raw/Coccidiosis/cocci.1394.jpg,3,Cluster 3 (Mixed straw / pen floor)
data/raw/Coccidiosis/cocci.1395.jpg,2,Cluster 2 (Reddish-brown litter)
data/raw/Coccidiosis/cocci.1396.jpg,0,Cluster 0 (Dark soil / concrete)
data/raw/Coccidiosis/cocci.1397.jpg,0,Cluster 0 (Dark soil / concrete)
data/raw/Coccidiosis/cocci.1398.jpg,3,Cluster 3 (Mixed straw / pen floor)
data/raw/Coccidiosis/cocci.1399.jpg,2,Cluster 2 (Reddish-brown litter)
data/raw/Coccidiosis/cocci.14.jpg,2,Cluster 2 (Reddish-brown litter)
data/raw/Coccidiosis/cocci.140.jpg,3,Cluster 3 (Mixed straw / pen floor)
data/raw/Coccidiosis/cocci.1400.jpg,0,Cluster 0 (Dark soil / concrete)
data/raw/Coccidiosis/cocci.1401.jpg,1,Cluster 1 (Light wood shavings)
data/raw/Coccidiosis/cocci.1402.jpg,2,Cluster 2 (Reddish-brown litter)
data/raw/Coccidiosis/cocci.1403.jpg,1,Cluster 1 (Light wood shavings)
data/raw/Coccidiosis/cocci.1404.jpg,2,Cluster 2 (Reddish-brown litter)
data/raw/Coccidiosis/cocci.1405.jpg,0,Cluster 0 (Dark soil / concrete)
data/raw/Coccidiosis/cocci.1406.jpg,2,Cluster 2 (Reddish-brown litter)
data/raw/Coccidiosis/cocci.1407.jpg,0,Cluster 0 (Dark soil / concrete)
data/raw/Coccidiosis/cocci.1408.jpg,3,Cluster 3 (Mixed straw / pen floor)
data/raw/Coccidiosis/cocci.1409.jpg,2,Cluster 2 (Reddish-brown litter)
data/raw/Coccidiosis/cocci.141.jpg,3,Cluster 3 (Mixed straw / pen floor)
data/raw/Coccidiosis/cocci.1410.jpg,2,Cluster 2 (Reddish-brown litter)
data/raw/Coccidiosis/cocci.1411.jpg,0,Cluster 0 (Dark soil / concrete)
data/raw/Coccidiosis/cocci.1412.jpg,0,Cluster 0 (Dark soil / concrete)
data/raw/Coccidiosis/cocci.1413.jpg,2,Cluster 2 (Reddish-brown litter)
data/raw/Coccidiosis/cocci.1414.jpg,2,Cluster 2 (Reddish-brown litter)
data/raw/Coccidiosis/cocci.1415.jpg,1,Cluster 1 (Light wood shavings)
data/raw/Coccidiosis/cocci.1416.jpg,0,Cluster 0 (Dark soil / concrete)
data/raw/Coccidiosis/cocci.1417.jpg,0,Cluster 0 (Dark soil / concrete)
data/raw/Coccidiosis/cocci.1418.jpg,2,Cluster 2 (Reddish-brown litter)
data/raw/Coccidiosis/cocci.1419.jpg,0,Cluster 0 (Dark soil / concrete)
data/raw/Coccidiosis/cocci.142.jpg,0,Cluster 0 (Dark soil / concrete)
data/raw/Coccidiosis/cocci.1420.jpg,0,Cluster 0 (Dark soil / concrete)
data/raw/Coccidiosis/cocci.1421.jpg,3,Cluster 3 (Mixed straw / pen floor)
data/raw/Coccidiosis/cocci.1422.jpg,0,Cluster 0 (Dark soil / concrete)
data/raw/Coccidiosis/cocci.1423.jpg,0,Cluster 0 (Dark soil / concrete)
data/raw/Coccidiosis/cocci.1424.jpg,2,Cluster 2 (Reddish-brown litter)
data/raw/Coccidiosis/cocci.1425.jpg,3,Cluster 3 (Mixed straw / pen floor)
data/raw/Coccidiosis/cocci.1426.jpg,2,Cluster 2 (Reddish-brown litter)
data/raw/Coccidiosis/cocci.1427.jpg,1,Cluster 1 (Light wood shavings)
data/raw/Coccidiosis/cocci.1428.jpg,0,Cluster 0 (Dark soil / concrete)
data/raw/Coccidiosis/cocci.1429.jpg,0,Cluster 0 (Dark soil / concrete)
data/raw/Coccidiosis/cocci.143.jpg,3,Cluster 3 (Mixed straw / pen floor)
data/raw/Coccidiosis/cocci.1430.jpg,2,Cluster 2 (Reddish-brown litter)
data/raw/Coccidiosis/cocci.1431.jpg,0,Cluster 0 (Dark soil / concrete)
data/raw/Coccidiosis/cocci.1432.jpg,2,Cluster 2 (Reddish-brown litter)
data/raw/Coccidiosis/cocci.1433.jpg,2,Cluster 2 (Reddish-brown litter)
data/raw/Coccidiosis/cocci.1434.jpg,2,Cluster 2 (Reddish-brown litter)
data/raw/Coccidiosis/cocci.1435.jpg,3,Cluster 3 (Mixed straw / pen floor)
data/raw/Coccidiosis/cocci.1436.jpg,2,Cluster 2 (Reddish-brown litter)
data/raw/Coccidiosis/cocci.1437.jpg,2,Cluster 2 (Reddish-brown litter)
data/raw/Coccidiosis/cocci.1438.jpg,3,Cluster 3 (Mixed straw / pen floor)
data/raw/Coccidiosis/cocci.1439.jpg,2,Cluster 2 (Reddish-brown litter)
data/raw/Coccidiosis/cocci.144.jpg,2,Cluster 2 (Reddish-brown litter)
data/raw/Coccidiosis/cocci.1440.jpg,0,Cluster 0 (Dark soil / concrete)
data/raw/Coccidiosis/cocci.1441.jpg,1,Cluster 1 (Light wood shavings)
data/raw/Coccidiosis/cocci.1442.jpg,2,Cluster 2 (Reddish-brown litter)
data/raw/Coccidiosis/cocci.1443.jpg,2,Cluster 2 (Reddish-brown litter)
data/raw/Coccidiosis/cocci.1444.jpg,1,Cluster 1 (Light wood shavings)
data/raw/Coccidiosis/cocci.1445.jpg,2,Cluster 2 (Reddish-brown litter)
data/raw/Coccidiosis/cocci.1446.jpg,0,Cluster 0 (Dark soil / concrete)
data/raw/Coccidiosis/cocci.1447.jpg,3,Cluster 3 (Mixed straw / pen floor)
data/raw/Coccidiosis/cocci.1448.jpg,2,Cluster 2 (Reddish-brown litter)
data/raw/Coccidiosis/cocci.1449.jpg,2,Cluster 2 (Reddish-brown litter)
data/raw/Coccidiosis/cocci.145.jpg,0,Cluster 0 (Dark soil / concrete)
data/raw/Coccidiosis/cocci.1450.jpg,2,Cluster 2 (Reddish-brown litter)
data/raw/Coccidiosis/cocci.1451.jpg,2,Cluster 2 (Reddish-brown litter)
data/raw/Coccidiosis/cocci.1452.jpg,0,Cluster 0 (Dark soil / concrete)
data/raw/Coccidiosis/cocci.1453.jpg,2,Cluster 2 (Reddish-brown litter)
data/raw/Coccidiosis/cocci.1454.jpg,0,Cluster 0 (Dark soil / concrete)
data/raw/Coccidiosis/cocci.1455.jpg,2,Cluster 2 (Reddish-brown litter)
data/raw/Coccidiosis/cocci.1456.jpg,2,Cluster 2 (Reddish-brown litter)
data/raw/Coccidiosis/cocci.1457.jpg,2,Cluster 2 (Reddish-brown litter)
data/raw/Coccidiosis/cocci.1458.jpg,2,Cluster 2 (Reddish-brown litter)
data/raw/Coccidiosis/cocci.1459.jpg,0,Cluster 0 (Dark soil / concrete)
data/raw/Coccidiosis/cocci.146.jpg,2,Cluster 2 (Reddish-brown litter)
data/raw/Coccidiosis/cocci.1460.jpg,1,Cluster 1 (Light wood shavings)
data/raw/Coccidiosis/cocci.1461.jpg,3,Cluster 3 (Mixed straw / pen floor)
data/raw/Coccidiosis/cocci.1462.jpg,0,Cluster 0 (Dark soil / concrete)
data/raw/Coccidiosis/cocci.1463.jpg,2,Cluster 2 (Reddish-brown litter)
data/raw/Coccidiosis/cocci.1464.jpg,1,Cluster 1 (Light wood shavings)
data/raw/Coccidiosis/cocci.1465.jpg,0,Cluster 0 (Dark soil / concrete)
data/raw/Coccidiosis/cocci.1466.jpg,0,Cluster 0 (Dark soil / concrete)
data/raw/Coccidiosis/cocci.1467.jpg,2,Cluster 2 (Reddish-brown litter)
data/raw/Coccidiosis/cocci.1468.jpg,0,Cluster 0 (Dark soil / concrete)
data/raw/Coccidiosis/cocci.1469.jpg,2,Cluster 2 (Reddish-brown litter)
data/raw/Coccidiosis/cocci.147.jpg,2,Cluster 2 (Reddish-brown litter)
data/raw/Coccidiosis/cocci.1470.jpg,0,Cluster 0 (Dark soil / concrete)
data/raw/Coccidiosis/cocci.1471.jpg,3,Cluster 3 (Mixed straw / pen floor)
data/raw/Coccidiosis/cocci.1472.jpg,1,Cluster 1 (Light wood shavings)
data/raw/Coccidiosis/cocci.1473.jpg,2,Cluster 2 (Reddish-brown litter)
data/raw/Coccidiosis/cocci.1474.jpg,0,Cluster 0 (Dark soil / concrete)
data/raw/Coccidiosis/cocci.1475.jpg,2,Cluster 2 (Reddish-brown litter)
data/raw/Coccidiosis/cocci.1476.jpg,2,Cluster 2 (Reddish-brown litter)
data/raw/Coccidiosis/cocci.1477.jpg,2,Cluster 2 (Reddish-brown litter)
data/raw/Coccidiosis/cocci.1478.jpg,2,Cluster 2 (Reddish-brown litter)
data/raw/Coccidiosis/cocci.1479.jpg,2,Cluster 2 (Reddish-brown litter)
data/raw/Coccidiosis/cocci.148.jpg,2,Cluster 2 (Reddish-brown litter)
data/raw/Coccidiosis/cocci.1480.jpg,2,Cluster 2 (Reddish-brown litter)
data/raw/Coccidiosis/cocci.1481.jpg,0,Cluster 0 (Dark soil / concrete)
data/raw/Coccidiosis/cocci.1482.jpg,0,Cluster 0 (Dark soil / concrete)
data/raw/Coccidiosis/cocci.1483.jpg,2,Cluster 2 (Reddish-brown litter)
data/raw/Coccidiosis/cocci.1484.jpg,3,Cluster 3 (Mixed straw / pen floor)
data/raw/Coccidiosis/cocci.1485.jpg,2,Cluster 2 (Reddish-brown litter)
data/raw/Coccidiosis/cocci.1486.jpg,0,Cluster 0 (Dark soil / concrete)
data/raw/Coccidiosis/cocci.1487.jpg,1,Cluster 1 (Light wood shavings)
data/raw/Coccidiosis/cocci.1488.jpg,0,Cluster 0 (Dark soil / concrete)
data/raw/Coccidiosis/cocci.1489.jpg,1,Cluster 1 (Light wood shavings)
data/raw/Coccidiosis/cocci.149.jpg,2,Cluster 2 (Reddish-brown litter)
data/raw/Coccidiosis/cocci.1490.jpg,0,Cluster 0 (Dark soil / concrete)
data/raw/Coccidiosis/cocci.1491.jpg,1,Cluster 1 (Light wood shavings)
data/raw/Coccidiosis/cocci.1492.jpg,2,Cluster 2 (Reddish-brown litter)
data/raw/Coccidiosis/cocci.1493.jpg,0,Cluster 0 (Dark soil / concrete)
data/raw/Coccidiosis/cocci.1494.jpg,2,Cluster 2 (Reddish-brown litter)
data/raw/Coccidiosis/cocci.1495.jpg,0,Cluster 0 (Dark soil / concrete)
data/raw/Coccidiosis/cocci.1496.jpg,2,Cluster 2 (Reddish-brown litter)
data/raw/Coccidiosis/cocci.1497.jpg,0,Cluster 0 (Dark soil / concrete)
data/raw/Coccidiosis/cocci.1498.jpg,2,Cluster 2 (Reddish-brown litter)
data/raw/Coccidiosis/cocci.1499.jpg,2,Cluster 2 (Reddish-brown litter)
data/raw/Coccidiosis/cocci.15.jpg,0,Cluster 0 (Dark soil / concrete)
data/raw/Coccidiosis/cocci.150.jpg,2,Cluster 2 (Reddish-brown litter)
data/raw/Coccidiosis/cocci.1500.jpg,0,Cluster 0 (Dark soil / concrete)
data/raw/Coccidiosis/cocci.1501.jpg,0,Cluster 0 (Dark soil / concrete)
data/raw/Coccidiosis/cocci.1502.jpg,0,Cluster 0 (Dark soil / concrete)
data/raw/Coccidiosis/cocci.1503.jpg,0,Cluster 0 (Dark soil / concrete)
data/raw/Coccidiosis/cocci.1504.jpg,2,Cluster 2 (Reddish-brown litter)
data/raw/Coccidiosis/cocci.1505.jpg,0,Cluster 0 (Dark soil / concrete)
data/raw/Coccidiosis/cocci.1506.jpg,3,Cluster 3 (Mixed straw / pen floor)
data/raw/Coccidiosis/cocci.1507.jpg,2,Cluster 2 (Reddish-brown litter)
data/raw/Coccidiosis/cocci.1508.jpg,0,Cluster 0 (Dark soil / concrete)
data/raw/Coccidiosis/cocci.1509.jpg,0,Cluster 0 (Dark soil / concrete)
data/raw/Coccidiosis/cocci.151.jpg,0,Cluster 0 (Dark soil / concrete)
data/raw/Coccidiosis/cocci.1510.jpg,2,Cluster 2 (Reddish-brown litter)
data/raw/Coccidiosis/cocci.1511.jpg,2,Cluster 2 (Reddish-brown litter)
data/raw/Coccidiosis/cocci.1512.jpg,2,Cluster 2 (Reddish-brown litter)
data/raw/Coccidiosis/cocci.1513.jpg,0,Cluster 0 (Dark soil / concrete)
data/raw/Coccidiosis/cocci.1514.jpg,2,Cluster 2 (Reddish-brown litter)
data/raw/Coccidiosis/cocci.1515.jpg,2,Cluster 2 (Reddish-brown litter)
data/raw/Coccidiosis/cocci.1516.jpg,2,Cluster 2 (Reddish-brown litter)
data/raw/Coccidiosis/cocci.1517.jpg,2,Cluster 2 (Reddish-brown litter)
data/raw/Coccidiosis/cocci.1518.jpg,2,Cluster 2 (Reddish-brown litter)
data/raw/Coccidiosis/cocci.1519.jpg,3,Cluster 3 (Mixed straw / pen floor)
data/raw/Coccidiosis/cocci.152.jpg,1,Cluster 1 (Light wood shavings)
data/raw/Coccidiosis/cocci.1520.jpg,2,Cluster 2 (Reddish-brown litter)
data/raw/Coccidiosis/cocci.1521.jpg,3,Cluster 3 (Mixed straw / pen floor)
data/raw/Coccidiosis/cocci.1522.jpg,0,Cluster 0 (Dark soil / concrete)
data/raw/Coccidiosis/cocci.1523.jpg,0,Cluster 0 (Dark soil / concrete)
data/raw/Coccidiosis/cocci.1524.jpg,0,Cluster 0 (Dark soil / concrete)
data/raw/Coccidiosis/cocci.1525.jpg,2,Cluster 2 (Reddish-brown litter)
data/raw/Coccidiosis/cocci.1526.jpg,3,Cluster 3 (Mixed straw / pen floor)
data/raw/Coccidiosis/cocci.1527.jpg,0,Cluster 0 (Dark soil / concrete)
data/raw/Coccidiosis/cocci.1528.jpg,2,Cluster 2 (Reddish-brown litter)
data/raw/Coccidiosis/cocci.1529.jpg,0,Cluster 0 (Dark soil / concrete)
data/raw/Coccidiosis/cocci.153.jpg,2,Cluster 2 (Reddish-brown litter)
data/raw/Coccidiosis/cocci.1530.jpg,1,Cluster 1 (Light wood shavings)
data/raw/Coccidiosis/cocci.1531.jpg,0,Cluster 0 (Dark soil / concrete)
data/raw/Coccidiosis/cocci.1532.jpg,2,Cluster 2 (Reddish-brown litter)
data/raw/Coccidiosis/cocci.1533.jpg,2,Cluster 2 (Reddish-brown litter)
data/raw/Coccidiosis/cocci.1534.jpg,3,Cluster 3 (Mixed straw / pen floor)
data/raw/Coccidiosis/cocci.1535.jpg,2,Cluster 2 (Reddish-brown litter)
data/raw/Coccidiosis/cocci.1536.jpg,2,Cluster 2 (Reddish-brown litter)
data/raw/Coccidiosis/cocci.1537.jpg,2,Cluster 2 (Reddish-brown litter)
data/raw/Coccidiosis/cocci.1538.jpg,2,Cluster 2 (Reddish-brown litter)
data/raw/Coccidiosis/cocci.1539.jpg,2,Cluster 2 (Reddish-brown litter)
data/raw/Coccidiosis/cocci.154.jpg,2,Cluster 2 (Reddish-brown litter)
data/raw/Coccidiosis/cocci.1540.jpg,2,Cluster 2 (Reddish-brown litter)
data/raw/Coccidiosis/cocci.1541.jpg,2,Cluster 2 (Reddish-brown litter)
data/raw/Coccidiosis/cocci.1542.jpg,0,Cluster 0 (Dark soil / concrete)
data/raw/Coccidiosis/cocci.1543.jpg,2,Cluster 2 (Reddish-brown litter)
data/raw/Coccidiosis/cocci.1544.jpg,0,Cluster 0 (Dark soil / concrete)
data/raw/Coccidiosis/cocci.1545.jpg,2,Cluster 2 (Reddish-brown litter)
data/raw/Coccidiosis/cocci.1546.jpg,0,Cluster 0 (Dark soil / concrete)
data/raw/Coccidiosis/cocci.1547.jpg,2,Cluster 2 (Reddish-brown litter)
data/raw/Coccidiosis/cocci.1548.jpg,2,Cluster 2 (Reddish-brown litter)
data/raw/Coccidiosis/cocci.1549.jpg,2,Cluster 2 (Reddish-brown litter)
data/raw/Coccidiosis/cocci.155.jpg,2,Cluster 2 (Reddish-brown litter)
data/raw/Coccidiosis/cocci.1550.jpg,0,Cluster 0 (Dark soil / concrete)
data/raw/Coccidiosis/cocci.1551.jpg,2,Cluster 2 (Reddish-brown litter)
data/raw/Coccidiosis/cocci.1552.jpg,2,Cluster 2 (Reddish-brown litter)
data/raw/Coccidiosis/cocci.1553.jpg,2,Cluster 2 (Reddish-brown litter)
data/raw/Coccidiosis/cocci.1554.jpg,2,Cluster 2 (Reddish-brown litter)
data/raw/Coccidiosis/cocci.1555.jpg,0,Cluster 0 (Dark soil / concrete)
data/raw/Coccidiosis/cocci.1556.jpg,2,Cluster 2 (Reddish-brown litter)
data/raw/Coccidiosis/cocci.1557.jpg,1,Cluster 1 (Light wood shavings)
data/raw/Coccidiosis/cocci.1558.jpg,2,Cluster 2 (Reddish-brown litter)
data/raw/Coccidiosis/cocci.1559.jpg,0,Cluster 0 (Dark soil / concrete)
data/raw/Coccidiosis/cocci.156.jpg,2,Cluster 2 (Reddish-brown litter)
data/raw/Coccidiosis/cocci.1560.jpg,0,Cluster 0 (Dark soil / concrete)
data/raw/Coccidiosis/cocci.1561.jpg,2,Cluster 2 (Reddish-brown litter)
data/raw/Coccidiosis/cocci.1562.jpg,1,Cluster 1 (Light wood shavings)
data/raw/Coccidiosis/cocci.1563.jpg,1,Cluster 1 (Light wood shavings)
data/raw/Coccidiosis/cocci.1564.jpg,0,Cluster 0 (Dark soil / concrete)
data/raw/Coccidiosis/cocci.1565.jpg,0,Cluster 0 (Dark soil / concrete)
data/raw/Coccidiosis/cocci.1566.jpg,0,Cluster 0 (Dark soil / concrete)
data/raw/Coccidiosis/cocci.1567.jpg,2,Cluster 2 (Reddish-brown litter)
data/raw/Coccidiosis/cocci.1568.jpg,2,Cluster 2 (Reddish-brown litter)
data/raw/Coccidiosis/cocci.1569.jpg,1,Cluster 1 (Light wood shavings)
data/raw/Coccidiosis/cocci.157.jpg,2,Cluster 2 (Reddish-brown litter)
data/raw/Coccidiosis/cocci.1570.jpg,0,Cluster 0 (Dark soil / concrete)
data/raw/Coccidiosis/cocci.1571.jpg,2,Cluster 2 (Reddish-brown litter)
data/raw/Coccidiosis/cocci.1572.jpg,2,Cluster 2 (Reddish-brown litter)
data/raw/Coccidiosis/cocci.1573.jpg,2,Cluster 2 (Reddish-brown litter)
data/raw/Coccidiosis/cocci.1574.jpg,1,Cluster 1 (Light wood shavings)
data/raw/Coccidiosis/cocci.1575.jpg,2,Cluster 2 (Reddish-brown litter)
data/raw/Coccidiosis/cocci.1576.jpg,1,Cluster 1 (Light wood shavings)
data/raw/Coccidiosis/cocci.1577.jpg,0,Cluster 0 (Dark soil / concrete)
data/raw/Coccidiosis/cocci.1578.jpg,2,Cluster 2 (Reddish-brown litter)
data/raw/Coccidiosis/cocci.1579.jpg,0,Cluster 0 (Dark soil / concrete)
data/raw/Coccidiosis/cocci.158.jpg,2,Cluster 2 (Reddish-brown litter)
data/raw/Coccidiosis/cocci.1580.jpg,0,Cluster 0 (Dark soil / concrete)
data/raw/Coccidiosis/cocci.1581.jpg,3,Cluster 3 (Mixed straw / pen floor)
data/raw/Coccidiosis/cocci.1582.jpg,0,Cluster 0 (Dark soil / concrete)
data/raw/Coccidiosis/cocci.1583.jpg,2,Cluster 2 (Reddish-brown litter)
data/raw/Coccidiosis/cocci.1584.jpg,0,Cluster 0 (Dark soil / concrete)
data/raw/Coccidiosis/cocci.1585.jpg,0,Cluster 0 (Dark soil / concrete)
data/raw/Coccidiosis/cocci.1586.jpg,2,Cluster 2 (Reddish-brown litter)
data/raw/Coccidiosis/cocci.1587.jpg,3,Cluster 3 (Mixed straw / pen floor)
data/raw/Coccidiosis/cocci.1588.jpg,0,Cluster 0 (Dark soil / concrete)
data/raw/Coccidiosis/cocci.1589.jpg,0,Cluster 0 (Dark soil / concrete)
data/raw/Coccidiosis/cocci.159.jpg,2,Cluster 2 (Reddish-brown litter)
data/raw/Coccidiosis/cocci.1590.jpg,0,Cluster 0 (Dark soil / concrete)
data/raw/Coccidiosis/cocci.1591.jpg,1,Cluster 1 (Light wood shavings)
data/raw/Coccidiosis/cocci.1592.jpg,1,Cluster 1 (Light wood shavings)
data/raw/Coccidiosis/cocci.1593.jpg,2,Cluster 2 (Reddish-brown litter)
data/raw/Coccidiosis/cocci.1594.jpg,0,Cluster 0 (Dark soil / concrete)
data/raw/Coccidiosis/cocci.1595.jpg,2,Cluster 2 (Reddish-brown litter)
data/raw/Coccidiosis/cocci.1596.jpg,0,Cluster 0 (Dark soil / concrete)
data/raw/Coccidiosis/cocci.1597.jpg,2,Cluster 2 (Reddish-brown litter)
data/raw/Coccidiosis/cocci.1598.jpg,2,Cluster 2 (Reddish-brown litter)
data/raw/Coccidiosis/cocci.1599.jpg,2,Cluster 2 (Reddish-brown litter)
data/raw/Coccidiosis/cocci.16.jpg,3,Cluster 3 (Mixed straw / pen floor)
data/raw/Coccidiosis/cocci.160.jpg,0,Cluster 0 (Dark soil / concrete)
data/raw/Coccidiosis/cocci.1600.jpg,1,Cluster 1 (Light wood shavings)
data/raw/Coccidiosis/cocci.1601.jpg,0,Cluster 0 (Dark soil / concrete)
data/raw/Coccidiosis/cocci.1602.jpg,0,Cluster 0 (Dark soil / concrete)
data/raw/Coccidiosis/cocci.1603.jpg,0,Cluster 0 (Dark soil / concrete)
data/raw/Coccidiosis/cocci.1604.jpg,2,Cluster 2 (Reddish-brown litter)
data/raw/Coccidiosis/cocci.1605.jpg,0,Cluster 0 (Dark soil / concrete)
data/raw/Coccidiosis/cocci.1606.jpg,2,Cluster 2 (Reddish-brown litter)
data/raw/Coccidiosis/cocci.1607.jpg,2,Cluster 2 (Reddish-brown litter)
data/raw/Coccidiosis/cocci.1608.jpg,2,Cluster 2 (Reddish-brown litter)
data/raw/Coccidiosis/cocci.1609.jpg,0,Cluster 0 (Dark soil / concrete)
data/raw/Coccidiosis/cocci.161.jpg,2,Cluster 2 (Reddish-brown litter)
data/raw/Coccidiosis/cocci.1610.jpg,0,Cluster 0 (Dark soil / concrete)
data/raw/Coccidiosis/cocci.1611.jpg,2,Cluster 2 (Reddish-brown litter)
data/raw/Coccidiosis/cocci.1612.jpg,0,Cluster 0 (Dark soil / concrete)
data/raw/Coccidiosis/cocci.1613.jpg,3,Cluster 3 (Mixed straw / pen floor)
data/raw/Coccidiosis/cocci.1614.jpg,2,Cluster 2 (Reddish-brown litter)
data/raw/Coccidiosis/cocci.1615.jpg,0,Cluster 0 (Dark soil / concrete)
data/raw/Coccidiosis/cocci.1616.jpg,2,Cluster 2 (Reddish-brown litter)
data/raw/Coccidiosis/cocci.1617.jpg,0,Cluster 0 (Dark soil / concrete)
data/raw/Coccidiosis/cocci.1618.jpg,2,Cluster 2 (Reddish-brown litter)
data/raw/Coccidiosis/cocci.1619.jpg,1,Cluster 1 (Light wood shavings)
data/raw/Coccidiosis/cocci.162.jpg,3,Cluster 3 (Mixed straw / pen floor)
data/raw/Coccidiosis/cocci.1620.jpg,0,Cluster 0 (Dark soil / concrete)
data/raw/Coccidiosis/cocci.1621.jpg,0,Cluster 0 (Dark soil / concrete)
data/raw/Coccidiosis/cocci.1622.jpg,0,Cluster 0 (Dark soil / concrete)
data/raw/Coccidiosis/cocci.1623.jpg,0,Cluster 0 (Dark soil / concrete)
data/raw/Coccidiosis/cocci.1624.jpg,1,Cluster 1 (Light wood shavings)
data/raw/Coccidiosis/cocci.1625.jpg,2,Cluster 2 (Reddish-brown litter)
data/raw/Coccidiosis/cocci.1626.jpg,2,Cluster 2 (Reddish-brown litter)
data/raw/Coccidiosis/cocci.1627.jpg,2,Cluster 2 (Reddish-brown litter)
data/raw/Coccidiosis/cocci.1628.jpg,0,Cluster 0 (Dark soil / concrete)
data/raw/Coccidiosis/cocci.1629.jpg,2,Cluster 2 (Reddish-brown litter)
data/raw/Coccidiosis/cocci.163.jpg,1,Cluster 1 (Light wood shavings)
data/raw/Coccidiosis/cocci.1630.jpg,2,Cluster 2 (Reddish-brown litter)
data/raw/Coccidiosis/cocci.1631.jpg,0,Cluster 0 (Dark soil / concrete)
data/raw/Coccidiosis/cocci.1632.jpg,0,Cluster 0 (Dark soil / concrete)
data/raw/Coccidiosis/cocci.1633.jpg,2,Cluster 2 (Reddish-brown litter)
data/raw/Coccidiosis/cocci.1634.jpg,3,Cluster 3 (Mixed straw / pen floor)
data/raw/Coccidiosis/cocci.1635.jpg,2,Cluster 2 (Reddish-brown litter)
data/raw/Coccidiosis/cocci.1636.jpg,3,Cluster 3 (Mixed straw / pen floor)
data/raw/Coccidiosis/cocci.1637.jpg,2,Cluster 2 (Reddish-brown litter)
data/raw/Coccidiosis/cocci.1638.jpg,2,Cluster 2 (Reddish-brown litter)
data/raw/Coccidiosis/cocci.1639.jpg,2,Cluster 2 (Reddish-brown litter)
data/raw/Coccidiosis/cocci.164.jpg,0,Cluster 0 (Dark soil / concrete)
data/raw/Coccidiosis/cocci.1640.jpg,3,Cluster 3 (Mixed straw / pen floor)
data/raw/Coccidiosis/cocci.1641.jpg,0,Cluster 0 (Dark soil / concrete)
data/raw/Coccidiosis/cocci.1642.jpg,0,Cluster 0 (Dark soil / concrete)
data/raw/Coccidiosis/cocci.1643.jpg,2,Cluster 2 (Reddish-brown litter)
data/raw/Coccidiosis/cocci.1644.jpg,0,Cluster 0 (Dark soil / concrete)
data/raw/Coccidiosis/cocci.1645.jpg,0,Cluster 0 (Dark soil / concrete)
data/raw/Coccidiosis/cocci.1646.jpg,2,Cluster 2 (Reddish-brown litter)
data/raw/Coccidiosis/cocci.1647.jpg,2,Cluster 2 (Reddish-brown litter)
data/raw/Coccidiosis/cocci.1648.jpg,0,Cluster 0 (Dark soil / concrete)
data/raw/Coccidiosis/cocci.1649.jpg,0,Cluster 0 (Dark soil / concrete)
data/raw/Coccidiosis/cocci.165.jpg,0,Cluster 0 (Dark soil / concrete)
data/raw/Coccidiosis/cocci.1650.jpg,2,Cluster 2 (Reddish-brown litter)
data/raw/Coccidiosis/cocci.1651.jpg,2,Cluster 2 (Reddish-brown litter)
data/raw/Coccidiosis/cocci.1652.jpg,2,Cluster 2 (Reddish-brown litter)
data/raw/Coccidiosis/cocci.1653.jpg,2,Cluster 2 (Reddish-brown litter)
data/raw/Coccidiosis/cocci.1654.jpg,2,Cluster 2 (Reddish-brown litter)
data/raw/Coccidiosis/cocci.1655.jpg,2,Cluster 2 (Reddish-brown litter)
data/raw/Coccidiosis/cocci.1656.jpg,0,Cluster 0 (Dark soil / concrete)
data/raw/Coccidiosis/cocci.1657.jpg,3,Cluster 3 (Mixed straw / pen floor)
data/raw/Coccidiosis/cocci.1658.jpg,0,Cluster 0 (Dark soil / concrete)
data/raw/Coccidiosis/cocci.1659.jpg,0,Cluster 0 (Dark soil / concrete)
data/raw/Coccidiosis/cocci.166.jpg,2,Cluster 2 (Reddish-brown litter)
data/raw/Coccidiosis/cocci.1660.jpg,0,Cluster 0 (Dark soil / concrete)
data/raw/Coccidiosis/cocci.1661.jpg,0,Cluster 0 (Dark soil / concrete)
data/raw/Coccidiosis/cocci.1662.jpg,0,Cluster 0 (Dark soil / concrete)
data/raw/Coccidiosis/cocci.1663.jpg,0,Cluster 0 (Dark soil / concrete)
data/raw/Coccidiosis/cocci.1664.jpg,1,Cluster 1 (Light wood shavings)
data/raw/Coccidiosis/cocci.1665.jpg,3,Cluster 3 (Mixed straw / pen floor)
data/raw/Coccidiosis/cocci.1666.jpg,0,Cluster 0 (Dark soil / concrete)
data/raw/Coccidiosis/cocci.1667.jpg,0,Cluster 0 (Dark soil / concrete)
data/raw/Coccidiosis/cocci.1668.jpg,0,Cluster 0 (Dark soil / concrete)
data/raw/Coccidiosis/cocci.1669.jpg,0,Cluster 0 (Dark soil / concrete)
data/raw/Coccidiosis/cocci.167.jpg,2,Cluster 2 (Reddish-brown litter)
data/raw/Coccidiosis/cocci.1670.jpg,3,Cluster 3 (Mixed straw / pen floor)
data/raw/Coccidiosis/cocci.1671.jpg,2,Cluster 2 (Reddish-brown litter)
data/raw/Coccidiosis/cocci.1672.jpg,2,Cluster 2 (Reddish-brown litter)
data/raw/Coccidiosis/cocci.1673.jpg,0,Cluster 0 (Dark soil / concrete)
data/raw/Coccidiosis/cocci.1674.jpg,2,Cluster 2 (Reddish-brown litter)
data/raw/Coccidiosis/cocci.1675.jpg,2,Cluster 2 (Reddish-brown litter)
data/raw/Coccidiosis/cocci.1676.jpg,2,Cluster 2 (Reddish-brown litter)
data/raw/Coccidiosis/cocci.1677.jpg,2,Cluster 2 (Reddish-brown litter)
data/raw/Coccidiosis/cocci.1678.jpg,2,Cluster 2 (Reddish-brown litter)
data/raw/Coccidiosis/cocci.1679.jpg,1,Cluster 1 (Light wood shavings)
data/raw/Coccidiosis/cocci.168.jpg,2,Cluster 2 (Reddish-brown litter)
data/raw/Coccidiosis/cocci.1680.jpg,1,Cluster 1 (Light wood shavings)
data/raw/Coccidiosis/cocci.1681.jpg,2,Cluster 2 (Reddish-brown litter)
data/raw/Coccidiosis/cocci.1682.jpg,0,Cluster 0 (Dark soil / concrete)
data/raw/Coccidiosis/cocci.1683.jpg,2,Cluster 2 (Reddish-brown litter)
data/raw/Coccidiosis/cocci.1684.jpg,0,Cluster 0 (Dark soil / concrete)
data/raw/Coccidiosis/cocci.1685.jpg,1,Cluster 1 (Light wood shavings)
data/raw/Coccidiosis/cocci.1686.jpg,2,Cluster 2 (Reddish-brown litter)
data/raw/Coccidiosis/cocci.1687.jpg,0,Cluster 0 (Dark soil / concrete)
data/raw/Coccidiosis/cocci.1688.jpg,0,Cluster 0 (Dark soil / concrete)
data/raw/Coccidiosis/cocci.1689.jpg,0,Cluster 0 (Dark soil / concrete)
data/raw/Coccidiosis/cocci.169.jpg,0,Cluster 0 (Dark soil / concrete)
data/raw/Coccidiosis/cocci.1690.jpg,0,Cluster 0 (Dark soil / concrete)
data/raw/Coccidiosis/cocci.1691.jpg,2,Cluster 2 (Reddish-brown litter)
data/raw/Coccidiosis/cocci.1692.jpg,2,Cluster 2 (Reddish-brown litter)
data/raw/Coccidiosis/cocci.1693.jpg,1,Cluster 1 (Light wood shavings)
data/raw/Coccidiosis/cocci.1694.jpg,0,Cluster 0 (Dark soil / concrete)
data/raw/Coccidiosis/cocci.1695.jpg,2,Cluster 2 (Reddish-brown litter)
data/raw/Coccidiosis/cocci.1696.jpg,1,Cluster 1 (Light wood shavings)
data/raw/Coccidiosis/cocci.1697.jpg,2,Cluster 2 (Reddish-brown litter)
data/raw/Coccidiosis/cocci.1698.jpg,1,Cluster 1 (Light wood shavings)
data/raw/Coccidiosis/cocci.1699.jpg,2,Cluster 2 (Reddish-brown litter)
data/raw/Coccidiosis/cocci.17.jpg,0,Cluster 0 (Dark soil / concrete)
data/raw/Coccidiosis/cocci.170.jpg,3,Cluster 3 (Mixed straw / pen floor)
data/raw/Coccidiosis/cocci.1700.jpg,2,Cluster 2 (Reddish-brown litter)
data/raw/Coccidiosis/cocci.1701.jpg,0,Cluster 0 (Dark soil / concrete)
data/raw/Coccidiosis/cocci.1702.jpg,0,Cluster 0 (Dark soil / concrete)
data/raw/Coccidiosis/cocci.1703.jpg,1,Cluster 1 (Light wood shavings)
data/raw/Coccidiosis/cocci.1704.jpg,1,Cluster 1 (Light wood shavings)
data/raw/Coccidiosis/cocci.1705.jpg,2,Cluster 2 (Reddish-brown litter)
data/raw/Coccidiosis/cocci.1706.jpg,0,Cluster 0 (Dark soil / concrete)
data/raw/Coccidiosis/cocci.1707.jpg,2,Cluster 2 (Reddish-brown litter)
data/raw/Coccidiosis/cocci.1708.jpg,2,Cluster 2 (Reddish-brown litter)
data/raw/Coccidiosis/cocci.1709.jpg,0,Cluster 0 (Dark soil / concrete)
data/raw/Coccidiosis/cocci.171.jpg,2,Cluster 2 (Reddish-brown litter)
data/raw/Coccidiosis/cocci.1710.jpg,2,Cluster 2 (Reddish-brown litter)
data/raw/Coccidiosis/cocci.1711.jpg,0,Cluster 0 (Dark soil / concrete)
data/raw/Coccidiosis/cocci.1712.jpg,0,Cluster 0 (Dark soil / concrete)
data/raw/Coccidiosis/cocci.1713.jpg,3,Cluster 3 (Mixed straw / pen floor)
data/raw/Coccidiosis/cocci.1714.jpg,0,Cluster 0 (Dark soil / concrete)
data/raw/Coccidiosis/cocci.1715.jpg,0,Cluster 0 (Dark soil / concrete)
data/raw/Coccidiosis/cocci.1716.jpg,2,Cluster 2 (Reddish-brown litter)
data/raw/Coccidiosis/cocci.1717.jpg,0,Cluster 0 (Dark soil / concrete)
data/raw/Coccidiosis/cocci.1718.jpg,0,Cluster 0 (Dark soil / concrete)
data/raw/Coccidiosis/cocci.1719.jpg,0,Cluster 0 (Dark soil / concrete)
data/raw/Coccidiosis/cocci.172.jpg,0,Cluster 0 (Dark soil / concrete)
data/raw/Coccidiosis/cocci.1720.jpg,0,Cluster 0 (Dark soil / concrete)
data/raw/Coccidiosis/cocci.1721.jpg,2,Cluster 2 (Reddish-brown litter)
data/raw/Coccidiosis/cocci.1722.jpg,0,Cluster 0 (Dark soil / concrete)
data/raw/Coccidiosis/cocci.1723.jpg,0,Cluster 0 (Dark soil / concrete)
data/raw/Coccidiosis/cocci.1724.jpg,2,Cluster 2 (Reddish-brown litter)
data/raw/Coccidiosis/cocci.1725.jpg,0,Cluster 0 (Dark soil / concrete)
data/raw/Coccidiosis/cocci.1726.jpg,0,Cluster 0 (Dark soil / concrete)
data/raw/Coccidiosis/cocci.1727.jpg,3,Cluster 3 (Mixed straw / pen floor)
data/raw/Coccidiosis/cocci.1728.jpg,3,Cluster 3 (Mixed straw / pen floor)
data/raw/Coccidiosis/cocci.1729.jpg,0,Cluster 0 (Dark soil / concrete)
data/raw/Coccidiosis/cocci.173.jpg,3,Cluster 3 (Mixed straw / pen floor)
data/raw/Coccidiosis/cocci.1730.jpg,2,Cluster 2 (Reddish-brown litter)
data/raw/Coccidiosis/cocci.1731.jpg,2,Cluster 2 (Reddish-brown litter)
data/raw/Coccidiosis/cocci.1732.jpg,0,Cluster 0 (Dark soil / concrete)
data/raw/Coccidiosis/cocci.1733.jpg,0,Cluster 0 (Dark soil / concrete)
data/raw/Coccidiosis/cocci.1734.jpg,2,Cluster 2 (Reddish-brown litter)
data/raw/Coccidiosis/cocci.1735.jpg,0,Cluster 0 (Dark soil / concrete)
data/raw/Coccidiosis/cocci.1736.jpg,2,Cluster 2 (Reddish-brown litter)
data/raw/Coccidiosis/cocci.1737.jpg,2,Cluster 2 (Reddish-brown litter)
data/raw/Coccidiosis/cocci.1738.jpg,2,Cluster 2 (Reddish-brown litter)
data/raw/Coccidiosis/cocci.1739.jpg,2,Cluster 2 (Reddish-brown litter)
data/raw/Coccidiosis/cocci.174.jpg,0,Cluster 0 (Dark soil / concrete)
data/raw/Coccidiosis/cocci.1740.jpg,2,Cluster 2 (Reddish-brown litter)
data/raw/Coccidiosis/cocci.1741.jpg,2,Cluster 2 (Reddish-brown litter)
data/raw/Coccidiosis/cocci.1742.jpg,2,Cluster 2 (Reddish-brown litter)
data/raw/Coccidiosis/cocci.1743.jpg,0,Cluster 0 (Dark soil / concrete)
data/raw/Coccidiosis/cocci.1744.jpg,1,Cluster 1 (Light wood shavings)
data/raw/Coccidiosis/cocci.1745.jpg,1,Cluster 1 (Light wood shavings)
data/raw/Coccidiosis/cocci.1746.jpg,2,Cluster 2 (Reddish-brown litter)
data/raw/Coccidiosis/cocci.1747.jpg,3,Cluster 3 (Mixed straw / pen floor)
data/raw/Coccidiosis/cocci.1748.jpg,2,Cluster 2 (Reddish-brown litter)
data/raw/Coccidiosis/cocci.1749.jpg,3,Cluster 3 (Mixed straw / pen floor)
data/raw/Coccidiosis/cocci.175.jpg,0,Cluster 0 (Dark soil / concrete)
data/raw/Coccidiosis/cocci.1750.jpg,3,Cluster 3 (Mixed straw / pen floor)
data/raw/Coccidiosis/cocci.1751.jpg,0,Cluster 0 (Dark soil / concrete)
data/raw/Coccidiosis/cocci.1752.jpg,0,Cluster 0 (Dark soil / concrete)
data/raw/Coccidiosis/cocci.1753.jpg,2,Cluster 2 (Reddish-brown litter)
data/raw/Coccidiosis/cocci.1754.jpg,2,Cluster 2 (Reddish-brown litter)
data/raw/Coccidiosis/cocci.1755.jpg,0,Cluster 0 (Dark soil / concrete)
data/raw/Coccidiosis/cocci.1756.jpg,0,Cluster 0 (Dark soil / concrete)
data/raw/Coccidiosis/cocci.1757.jpg,0,Cluster 0 (Dark soil / concrete)
data/raw/Coccidiosis/cocci.1758.jpg,2,Cluster 2 (Reddish-brown litter)
data/raw/Coccidiosis/cocci.1759.jpg,2,Cluster 2 (Reddish-brown litter)
data/raw/Coccidiosis/cocci.176.jpg,0,Cluster 0 (Dark soil / concrete)
data/raw/Coccidiosis/cocci.1760.jpg,1,Cluster 1 (Light wood shavings)
data/raw/Coccidiosis/cocci.1761.jpg,3,Cluster 3 (Mixed straw / pen floor)
data/raw/Coccidiosis/cocci.1762.jpg,2,Cluster 2 (Reddish-brown litter)
data/raw/Coccidiosis/cocci.1763.jpg,2,Cluster 2 (Reddish-brown litter)
data/raw/Coccidiosis/cocci.1764.jpg,0,Cluster 0 (Dark soil / concrete)
data/raw/Coccidiosis/cocci.1765.jpg,2,Cluster 2 (Reddish-brown litter)
data/raw/Coccidiosis/cocci.1766.jpg,2,Cluster 2 (Reddish-brown litter)
data/raw/Coccidiosis/cocci.1767.jpg,2,Cluster 2 (Reddish-brown litter)
data/raw/Coccidiosis/cocci.1768.jpg,2,Cluster 2 (Reddish-brown litter)
data/raw/Coccidiosis/cocci.1769.jpg,0,Cluster 0 (Dark soil / concrete)
data/raw/Coccidiosis/cocci.177.jpg,2,Cluster 2 (Reddish-brown litter)
data/raw/Coccidiosis/cocci.1770.jpg,2,Cluster 2 (Reddish-brown litter)
data/raw/Coccidiosis/cocci.1771.jpg,2,Cluster 2 (Reddish-brown litter)
data/raw/Coccidiosis/cocci.1772.jpg,2,Cluster 2 (Reddish-brown litter)
data/raw/Coccidiosis/cocci.1773.jpg,2,Cluster 2 (Reddish-brown litter)
data/raw/Coccidiosis/cocci.1774.jpg,3,Cluster 3 (Mixed straw / pen floor)
data/raw/Coccidiosis/cocci.1775.jpg,1,Cluster 1 (Light wood shavings)
data/raw/Coccidiosis/cocci.1776.jpg,0,Cluster 0 (Dark soil / concrete)
data/raw/Coccidiosis/cocci.1777.jpg,2,Cluster 2 (Reddish-brown litter)
data/raw/Coccidiosis/cocci.1778.jpg,2,Cluster 2 (Reddish-brown litter)
data/raw/Coccidiosis/cocci.1779.jpg,2,Cluster 2 (Reddish-brown litter)
data/raw/Coccidiosis/cocci.178.jpg,0,Cluster 0 (Dark soil / concrete)
data/raw/Coccidiosis/cocci.1780.jpg,2,Cluster 2 (Reddish-brown litter)
data/raw/Coccidiosis/cocci.1781.jpg,2,Cluster 2 (Reddish-brown litter)
data/raw/Coccidiosis/cocci.1782.jpg,2,Cluster 2 (Reddish-brown litter)
data/raw/Coccidiosis/cocci.1783.jpg,2,Cluster 2 (Reddish-brown litter)
data/raw/Coccidiosis/cocci.1784.jpg,0,Cluster 0 (Dark soil / concrete)
data/raw/Coccidiosis/cocci.1785.jpg,2,Cluster 2 (Reddish-brown litter)
data/raw/Coccidiosis/cocci.1786.jpg,0,Cluster 0 (Dark soil / concrete)
data/raw/Coccidiosis/cocci.1787.jpg,1,Cluster 1 (Light wood shavings)
data/raw/Coccidiosis/cocci.1788.jpg,0,Cluster 0 (Dark soil / concrete)
data/raw/Coccidiosis/cocci.1789.jpg,1,Cluster 1 (Light wood shavings)
data/raw/Coccidiosis/cocci.179.jpg,2,Cluster 2 (Reddish-brown litter)
data/raw/Coccidiosis/cocci.1790.jpg,0,Cluster 0 (Dark soil / concrete)
data/raw/Coccidiosis/cocci.1791.jpg,0,Cluster 0 (Dark soil / concrete)
data/raw/Coccidiosis/cocci.1792.jpg,2,Cluster 2 (Reddish-brown litter)
data/raw/Coccidiosis/cocci.1793.jpg,2,Cluster 2 (Reddish-brown litter)
data/raw/Coccidiosis/cocci.1794.jpg,0,Cluster 0 (Dark soil / concrete)
data/raw/Coccidiosis/cocci.1795.jpg,2,Cluster 2 (Reddish-brown litter)
data/raw/Coccidiosis/cocci.1796.jpg,3,Cluster 3 (Mixed straw / pen floor)
data/raw/Coccidiosis/cocci.1797.jpg,2,Cluster 2 (Reddish-brown litter)
data/raw/Coccidiosis/cocci.1798.jpg,0,Cluster 0 (Dark soil / concrete)
data/raw/Coccidiosis/cocci.1799.jpg,2,Cluster 2 (Reddish-brown litter)
data/raw/Coccidiosis/cocci.18.jpg,2,Cluster 2 (Reddish-brown litter)
data/raw/Coccidiosis/cocci.180.jpg,0,Cluster 0 (Dark soil / concrete)
data/raw/Coccidiosis/cocci.1800.jpg,2,Cluster 2 (Reddish-brown litter)
data/raw/Coccidiosis/cocci.1801.jpg,0,Cluster 0 (Dark soil / concrete)
data/raw/Coccidiosis/cocci.1802.jpg,0,Cluster 0 (Dark soil / concrete)
data/raw/Coccidiosis/cocci.1803.jpg,2,Cluster 2 (Reddish-brown litter)
data/raw/Coccidiosis/cocci.1804.jpg,2,Cluster 2 (Reddish-brown litter)
data/raw/Coccidiosis/cocci.1805.jpg,0,Cluster 0 (Dark soil / concrete)
data/raw/Coccidiosis/cocci.1806.jpg,2,Cluster 2 (Reddish-brown litter)
data/raw/Coccidiosis/cocci.1807.jpg,0,Cluster 0 (Dark soil / concrete)
data/raw/Coccidiosis/cocci.1808.jpg,1,Cluster 1 (Light wood shavings)
data/raw/Coccidiosis/cocci.1809.jpg,0,Cluster 0 (Dark soil / concrete)
data/raw/Coccidiosis/cocci.181.jpg,0,Cluster 0 (Dark soil / concrete)
data/raw/Coccidiosis/cocci.1810.jpg,0,Cluster 0 (Dark soil / concrete)
data/raw/Coccidiosis/cocci.1811.jpg,0,Cluster 0 (Dark soil / concrete)
data/raw/Coccidiosis/cocci.1812.jpg,2,Cluster 2 (Reddish-brown litter)
data/raw/Coccidiosis/cocci.1813.jpg,0,Cluster 0 (Dark soil / concrete)
data/raw/Coccidiosis/cocci.1814.jpg,1,Cluster 1 (Light wood shavings)
data/raw/Coccidiosis/cocci.1815.jpg,2,Cluster 2 (Reddish-brown litter)
data/raw/Coccidiosis/cocci.1816.jpg,2,Cluster 2 (Reddish-brown litter)
data/raw/Coccidiosis/cocci.1817.jpg,3,Cluster 3 (Mixed straw / pen floor)
data/raw/Coccidiosis/cocci.1818.jpg,2,Cluster 2 (Reddish-brown litter)
data/raw/Coccidiosis/cocci.1819.jpg,0,Cluster 0 (Dark soil / concrete)
data/raw/Coccidiosis/cocci.182.jpg,2,Cluster 2 (Reddish-brown litter)
data/raw/Coccidiosis/cocci.1820.jpg,2,Cluster 2 (Reddish-brown litter)
data/raw/Coccidiosis/cocci.1821.jpg,2,Cluster 2 (Reddish-brown litter)
data/raw/Coccidiosis/cocci.1822.jpg,1,Cluster 1 (Light wood shavings)
data/raw/Coccidiosis/cocci.1823.jpg,1,Cluster 1 (Light wood shavings)
data/raw/Coccidiosis/cocci.1824.jpg,2,Cluster 2 (Reddish-brown litter)
data/raw/Coccidiosis/cocci.1825.jpg,3,Cluster 3 (Mixed straw / pen floor)
data/raw/Coccidiosis/cocci.1826.jpg,3,Cluster 3 (Mixed straw / pen floor)
data/raw/Coccidiosis/cocci.1827.jpg,2,Cluster 2 (Reddish-brown litter)
data/raw/Coccidiosis/cocci.1828.jpg,2,Cluster 2 (Reddish-brown litter)
data/raw/Coccidiosis/cocci.1829.jpg,0,Cluster 0 (Dark soil / concrete)
data/raw/Coccidiosis/cocci.183.jpg,0,Cluster 0 (Dark soil / concrete)
data/raw/Coccidiosis/cocci.1830.jpg,0,Cluster 0 (Dark soil / concrete)
data/raw/Coccidiosis/cocci.1831.jpg,0,Cluster 0 (Dark soil / concrete)
data/raw/Coccidiosis/cocci.1832.jpg,2,Cluster 2 (Reddish-brown litter)
data/raw/Coccidiosis/cocci.1833.jpg,2,Cluster 2 (Reddish-brown litter)
data/raw/Coccidiosis/cocci.1834.jpg,0,Cluster 0 (Dark soil / concrete)
data/raw/Coccidiosis/cocci.1835.jpg,2,Cluster 2 (Reddish-brown litter)
data/raw/Coccidiosis/cocci.1836.jpg,0,Cluster 0 (Dark soil / concrete)
data/raw/Coccidiosis/cocci.1837.jpg,0,Cluster 0 (Dark soil / concrete)
data/raw/Coccidiosis/cocci.1838.jpg,2,Cluster 2 (Reddish-brown litter)
data/raw/Coccidiosis/cocci.1839.jpg,3,Cluster 3 (Mixed straw / pen floor)
data/raw/Coccidiosis/cocci.184.jpg,2,Cluster 2 (Reddish-brown litter)
data/raw/Coccidiosis/cocci.1840.jpg,2,Cluster 2 (Reddish-brown litter)
data/raw/Coccidiosis/cocci.1841.jpg,2,Cluster 2 (Reddish-brown litter)
data/raw/Coccidiosis/cocci.1842.jpg,0,Cluster 0 (Dark soil / concrete)
data/raw/Coccidiosis/cocci.1843.jpg,0,Cluster 0 (Dark soil / concrete)
data/raw/Coccidiosis/cocci.1844.jpg,3,Cluster 3 (Mixed straw / pen floor)
data/raw/Coccidiosis/cocci.1845.jpg,0,Cluster 0 (Dark soil / concrete)
data/raw/Coccidiosis/cocci.1846.jpg,2,Cluster 2 (Reddish-brown litter)
data/raw/Coccidiosis/cocci.1847.jpg,1,Cluster 1 (Light wood shavings)
data/raw/Coccidiosis/cocci.1848.jpg,3,Cluster 3 (Mixed straw / pen floor)
data/raw/Coccidiosis/cocci.1849.jpg,2,Cluster 2 (Reddish-brown litter)
data/raw/Coccidiosis/cocci.185.jpg,2,Cluster 2 (Reddish-brown litter)
data/raw/Coccidiosis/cocci.1850.jpg,0,Cluster 0 (Dark soil / concrete)
data/raw/Coccidiosis/cocci.1851.jpg,2,Cluster 2 (Reddish-brown litter)
data/raw/Coccidiosis/cocci.1852.jpg,2,Cluster 2 (Reddish-brown litter)
data/raw/Coccidiosis/cocci.1853.jpg,0,Cluster 0 (Dark soil / concrete)
data/raw/Coccidiosis/cocci.1854.jpg,2,Cluster 2 (Reddish-brown litter)
data/raw/Coccidiosis/cocci.1855.jpg,2,Cluster 2 (Reddish-brown litter)
data/raw/Coccidiosis/cocci.1856.jpg,2,Cluster 2 (Reddish-brown litter)
data/raw/Coccidiosis/cocci.1857.jpg,2,Cluster 2 (Reddish-brown litter)
data/raw/Coccidiosis/cocci.1858.jpg,2,Cluster 2 (Reddish-brown litter)
data/raw/Coccidiosis/cocci.1859.jpg,2,Cluster 2 (Reddish-brown litter)
data/raw/Coccidiosis/cocci.186.jpg,0,Cluster 0 (Dark soil / concrete)
data/raw/Coccidiosis/cocci.1860.jpg,1,Cluster 1 (Light wood shavings)
data/raw/Coccidiosis/cocci.1861.jpg,2,Cluster 2 (Reddish-brown litter)
data/raw/Coccidiosis/cocci.1862.jpg,2,Cluster 2 (Reddish-brown litter)
data/raw/Coccidiosis/cocci.1863.jpg,0,Cluster 0 (Dark soil / concrete)
data/raw/Coccidiosis/cocci.1864.jpg,0,Cluster 0 (Dark soil / concrete)
data/raw/Coccidiosis/cocci.1865.jpg,3,Cluster 3 (Mixed straw / pen floor)
data/raw/Coccidiosis/cocci.1866.jpg,0,Cluster 0 (Dark soil / concrete)
data/raw/Coccidiosis/cocci.1867.jpg,0,Cluster 0 (Dark soil / concrete)
data/raw/Coccidiosis/cocci.1868.jpg,2,Cluster 2 (Reddish-brown litter)
data/raw/Coccidiosis/cocci.1869.jpg,1,Cluster 1 (Light wood shavings)
data/raw/Coccidiosis/cocci.187.jpg,0,Cluster 0 (Dark soil / concrete)
data/raw/Coccidiosis/cocci.1870.jpg,0,Cluster 0 (Dark soil / concrete)
data/raw/Coccidiosis/cocci.1871.jpg,0,Cluster 0 (Dark soil / concrete)
data/raw/Coccidiosis/cocci.1872.jpg,0,Cluster 0 (Dark soil / concrete)
data/raw/Coccidiosis/cocci.1873.jpg,2,Cluster 2 (Reddish-brown litter)
data/raw/Coccidiosis/cocci.1874.jpg,0,Cluster 0 (Dark soil / concrete)
data/raw/Coccidiosis/cocci.1875.jpg,0,Cluster 0 (Dark soil / concrete)
data/raw/Coccidiosis/cocci.1876.jpg,2,Cluster 2 (Reddish-brown litter)
data/raw/Coccidiosis/cocci.1877.jpg,0,Cluster 0 (Dark soil / concrete)
data/raw/Coccidiosis/cocci.1878.jpg,0,Cluster 0 (Dark soil / concrete)
data/raw/Coccidiosis/cocci.1879.jpg,0,Cluster 0 (Dark soil / concrete)
data/raw/Coccidiosis/cocci.188.jpg,0,Cluster 0 (Dark soil / concrete)
data/raw/Coccidiosis/cocci.1880.jpg,2,Cluster 2 (Reddish-brown litter)
data/raw/Coccidiosis/cocci.1881.jpg,2,Cluster 2 (Reddish-brown litter)
data/raw/Coccidiosis/cocci.1882.jpg,1,Cluster 1 (Light wood shavings)
data/raw/Coccidiosis/cocci.1883.jpg,0,Cluster 0 (Dark soil / concrete)
data/raw/Coccidiosis/cocci.1884.jpg,2,Cluster 2 (Reddish-brown litter)
data/raw/Coccidiosis/cocci.1885.jpg,1,Cluster 1 (Light wood shavings)
data/raw/Coccidiosis/cocci.1886.jpg,2,Cluster 2 (Reddish-brown litter)
data/raw/Coccidiosis/cocci.1887.jpg,0,Cluster 0 (Dark soil / concrete)
data/raw/Coccidiosis/cocci.1888.jpg,2,Cluster 2 (Reddish-brown litter)
data/raw/Coccidiosis/cocci.1889.jpg,0,Cluster 0 (Dark soil / concrete)
data/raw/Coccidiosis/cocci.189.jpg,2,Cluster 2 (Reddish-brown litter)
data/raw/Coccidiosis/cocci.1890.jpg,0,Cluster 0 (Dark soil / concrete)
data/raw/Coccidiosis/cocci.1891.jpg,2,Cluster 2 (Reddish-brown litter)
data/raw/Coccidiosis/cocci.1892.jpg,0,Cluster 0 (Dark soil / concrete)
data/raw/Coccidiosis/cocci.1893.jpg,0,Cluster 0 (Dark soil / concrete)
data/raw/Coccidiosis/cocci.1894.jpg,0,Cluster 0 (Dark soil / concrete)
data/raw/Coccidiosis/cocci.1895.jpg,1,Cluster 1 (Light wood shavings)
data/raw/Coccidiosis/cocci.1896.jpg,2,Cluster 2 (Reddish-brown litter)
data/raw/Coccidiosis/cocci.1897.jpg,3,Cluster 3 (Mixed straw / pen floor)
data/raw/Coccidiosis/cocci.1898.jpg,2,Cluster 2 (Reddish-brown litter)
data/raw/Coccidiosis/cocci.1899.jpg,2,Cluster 2 (Reddish-brown litter)
data/raw/Coccidiosis/cocci.19.jpg,0,Cluster 0 (Dark soil / concrete)
data/raw/Coccidiosis/cocci.190.jpg,0,Cluster 0 (Dark soil / concrete)
data/raw/Coccidiosis/cocci.1900.jpg,0,Cluster 0 (Dark soil / concrete)
data/raw/Coccidiosis/cocci.1901.jpg,2,Cluster 2 (Reddish-brown litter)
data/raw/Coccidiosis/cocci.1902.jpg,2,Cluster 2 (Reddish-brown litter)
data/raw/Coccidiosis/cocci.1903.jpg,0,Cluster 0 (Dark soil / concrete)
data/raw/Coccidiosis/cocci.1904.jpg,0,Cluster 0 (Dark soil / concrete)
data/raw/Coccidiosis/cocci.1905.jpg,0,Cluster 0 (Dark soil / concrete)
data/raw/Coccidiosis/cocci.1906.jpg,0,Cluster 0 (Dark soil / concrete)
data/raw/Coccidiosis/cocci.1907.jpg,1,Cluster 1 (Light wood shavings)
data/raw/Coccidiosis/cocci.1908.jpg,0,Cluster 0 (Dark soil / concrete)
data/raw/Coccidiosis/cocci.1909.jpg,0,Cluster 0 (Dark soil / concrete)
data/raw/Coccidiosis/cocci.191.jpg,2,Cluster 2 (Reddish-brown litter)
data/raw/Coccidiosis/cocci.1910.jpg,2,Cluster 2 (Reddish-brown litter)
data/raw/Coccidiosis/cocci.1911.jpg,2,Cluster 2 (Reddish-brown litter)
data/raw/Coccidiosis/cocci.1912.jpg,2,Cluster 2 (Reddish-brown litter)
data/raw/Coccidiosis/cocci.1913.jpg,0,Cluster 0 (Dark soil / concrete)
data/raw/Coccidiosis/cocci.1914.jpg,0,Cluster 0 (Dark soil / concrete)
data/raw/Coccidiosis/cocci.1915.jpg,0,Cluster 0 (Dark soil / concrete)
data/raw/Coccidiosis/cocci.1916.jpg,0,Cluster 0 (Dark soil / concrete)
data/raw/Coccidiosis/cocci.1917.jpg,0,Cluster 0 (Dark soil / concrete)
data/raw/Coccidiosis/cocci.1918.jpg,2,Cluster 2 (Reddish-brown litter)
data/raw/Coccidiosis/cocci.1919.jpg,0,Cluster 0 (Dark soil / concrete)
data/raw/Coccidiosis/cocci.192.jpg,0,Cluster 0 (Dark soil / concrete)
data/raw/Coccidiosis/cocci.1920.jpg,0,Cluster 0 (Dark soil / concrete)
data/raw/Coccidiosis/cocci.1921.jpg,2,Cluster 2 (Reddish-brown litter)
data/raw/Coccidiosis/cocci.1922.jpg,0,Cluster 0 (Dark soil / concrete)
data/raw/Coccidiosis/cocci.1923.jpg,0,Cluster 0 (Dark soil / concrete)
data/raw/Coccidiosis/cocci.1924.jpg,2,Cluster 2 (Reddish-brown litter)
data/raw/Coccidiosis/cocci.1925.jpg,0,Cluster 0 (Dark soil / concrete)
data/raw/Coccidiosis/cocci.1926.jpg,2,Cluster 2 (Reddish-brown litter)
data/raw/Coccidiosis/cocci.1927.jpg,2,Cluster 2 (Reddish-brown litter)
data/raw/Coccidiosis/cocci.1928.jpg,2,Cluster 2 (Reddish-brown litter)
data/raw/Coccidiosis/cocci.1929.jpg,3,Cluster 3 (Mixed straw / pen floor)
data/raw/Coccidiosis/cocci.193.jpg,2,Cluster 2 (Reddish-brown litter)
data/raw/Coccidiosis/cocci.1930.jpg,2,Cluster 2 (Reddish-brown litter)
data/raw/Coccidiosis/cocci.1931.jpg,2,Cluster 2 (Reddish-brown litter)
data/raw/Coccidiosis/cocci.1932.jpg,2,Cluster 2 (Reddish-brown litter)
data/raw/Coccidiosis/cocci.1933.jpg,0,Cluster 0 (Dark soil / concrete)
data/raw/Coccidiosis/cocci.1934.jpg,2,Cluster 2 (Reddish-brown litter)
data/raw/Coccidiosis/cocci.1935.jpg,0,Cluster 0 (Dark soil / concrete)
data/raw/Coccidiosis/cocci.1936.jpg,2,Cluster 2 (Reddish-brown litter)
data/raw/Coccidiosis/cocci.1937.jpg,3,Cluster 3 (Mixed straw / pen floor)
data/raw/Coccidiosis/cocci.1938.jpg,0,Cluster 0 (Dark soil / concrete)
data/raw/Coccidiosis/cocci.1939.jpg,0,Cluster 0 (Dark soil / concrete)
data/raw/Coccidiosis/cocci.194.jpg,2,Cluster 2 (Reddish-brown litter)
data/raw/Coccidiosis/cocci.1940.jpg,2,Cluster 2 (Reddish-brown litter)
data/raw/Coccidiosis/cocci.1941.jpg,2,Cluster 2 (Reddish-brown litter)
data/raw/Coccidiosis/cocci.1942.jpg,2,Cluster 2 (Reddish-brown litter)
data/raw/Coccidiosis/cocci.1943.jpg,0,Cluster 0 (Dark soil / concrete)
data/raw/Coccidiosis/cocci.1944.jpg,0,Cluster 0 (Dark soil / concrete)
data/raw/Coccidiosis/cocci.1945.jpg,0,Cluster 0 (Dark soil / concrete)
data/raw/Coccidiosis/cocci.1946.jpg,2,Cluster 2 (Reddish-brown litter)
data/raw/Coccidiosis/cocci.1947.jpg,0,Cluster 0 (Dark soil / concrete)
data/raw/Coccidiosis/cocci.1948.jpg,2,Cluster 2 (Reddish-brown litter)
data/raw/Coccidiosis/cocci.1949.jpg,0,Cluster 0 (Dark soil / concrete)
data/raw/Coccidiosis/cocci.195.jpg,2,Cluster 2 (Reddish-brown litter)
data/raw/Coccidiosis/cocci.1950.jpg,1,Cluster 1 (Light wood shavings)
data/raw/Coccidiosis/cocci.1951.jpg,2,Cluster 2 (Reddish-brown litter)
data/raw/Coccidiosis/cocci.1952.jpg,2,Cluster 2 (Reddish-brown litter)
data/raw/Coccidiosis/cocci.1953.jpg,0,Cluster 0 (Dark soil / concrete)
data/raw/Coccidiosis/cocci.1954.jpg,2,Cluster 2 (Reddish-brown litter)
data/raw/Coccidiosis/cocci.1955.jpg,0,Cluster 0 (Dark soil / concrete)
data/raw/Coccidiosis/cocci.1956.jpg,0,Cluster 0 (Dark soil / concrete)
data/raw/Coccidiosis/cocci.1957.jpg,2,Cluster 2 (Reddish-brown litter)
data/raw/Coccidiosis/cocci.1958.jpg,0,Cluster 0 (Dark soil / concrete)
data/raw/Coccidiosis/cocci.1959.jpg,3,Cluster 3 (Mixed straw / pen floor)
data/raw/Coccidiosis/cocci.196.jpg,2,Cluster 2 (Reddish-brown litter)
data/raw/Coccidiosis/cocci.1960.jpg,2,Cluster 2 (Reddish-brown litter)
data/raw/Coccidiosis/cocci.1961.jpg,0,Cluster 0 (Dark soil / concrete)
data/raw/Coccidiosis/cocci.1962.jpg,0,Cluster 0 (Dark soil / concrete)
data/raw/Coccidiosis/cocci.1963.jpg,3,Cluster 3 (Mixed straw / pen floor)
data/raw/Coccidiosis/cocci.1964.jpg,2,Cluster 2 (Reddish-brown litter)
data/raw/Coccidiosis/cocci.1965.jpg,0,Cluster 0 (Dark soil / concrete)
data/raw/Coccidiosis/cocci.1966.jpg,0,Cluster 0 (Dark soil / concrete)
data/raw/Coccidiosis/cocci.1967.jpg,2,Cluster 2 (Reddish-brown litter)
data/raw/Coccidiosis/cocci.1968.jpg,0,Cluster 0 (Dark soil / concrete)
data/raw/Coccidiosis/cocci.1969.jpg,2,Cluster 2 (Reddish-brown litter)
data/raw/Coccidiosis/cocci.197.jpg,1,Cluster 1 (Light wood shavings)
data/raw/Coccidiosis/cocci.1970.jpg,3,Cluster 3 (Mixed straw / pen floor)
data/raw/Coccidiosis/cocci.1971.jpg,0,Cluster 0 (Dark soil / concrete)
data/raw/Coccidiosis/cocci.1972.jpg,1,Cluster 1 (Light wood shavings)
data/raw/Coccidiosis/cocci.1973.jpg,2,Cluster 2 (Reddish-brown litter)
data/raw/Coccidiosis/cocci.1974.jpg,0,Cluster 0 (Dark soil / concrete)
data/raw/Coccidiosis/cocci.1975.jpg,2,Cluster 2 (Reddish-brown litter)
data/raw/Coccidiosis/cocci.1976.jpg,0,Cluster 0 (Dark soil / concrete)
data/raw/Coccidiosis/cocci.1977.jpg,0,Cluster 0 (Dark soil / concrete)
data/raw/Coccidiosis/cocci.1978.jpg,2,Cluster 2 (Reddish-brown litter)
data/raw/Coccidiosis/cocci.1979.jpg,2,Cluster 2 (Reddish-brown litter)
data/raw/Coccidiosis/cocci.198.jpg,2,Cluster 2 (Reddish-brown litter)
data/raw/Coccidiosis/cocci.1980.jpg,2,Cluster 2 (Reddish-brown litter)
data/raw/Coccidiosis/cocci.1981.jpg,1,Cluster 1 (Light wood shavings)
data/raw/Coccidiosis/cocci.1982.jpg,2,Cluster 2 (Reddish-brown litter)
data/raw/Coccidiosis/cocci.1983.jpg,1,Cluster 1 (Light wood shavings)
data/raw/Coccidiosis/cocci.1984.jpg,2,Cluster 2 (Reddish-brown litter)
data/raw/Coccidiosis/cocci.1985.jpg,2,Cluster 2 (Reddish-brown litter)
data/raw/Coccidiosis/cocci.1986.jpg,0,Cluster 0 (Dark soil / concrete)
data/raw/Coccidiosis/cocci.1987.jpg,3,Cluster 3 (Mixed straw / pen floor)
data/raw/Coccidiosis/cocci.1988.jpg,1,Cluster 1 (Light wood shavings)
data/raw/Coccidiosis/cocci.1989.jpg,0,Cluster 0 (Dark soil / concrete)
data/raw/Coccidiosis/cocci.199.jpg,0,Cluster 0 (Dark soil / concrete)
data/raw/Coccidiosis/cocci.1990.jpg,1,Cluster 1 (Light wood shavings)
data/raw/Coccidiosis/cocci.1991.jpg,2,Cluster 2 (Reddish-brown litter)
data/raw/Coccidiosis/cocci.1992.jpg,3,Cluster 3 (Mixed straw / pen floor)
data/raw/Coccidiosis/cocci.1993.jpg,0,Cluster 0 (Dark soil / concrete)
data/raw/Coccidiosis/cocci.1994.jpg,0,Cluster 0 (Dark soil / concrete)
data/raw/Coccidiosis/cocci.1995.jpg,0,Cluster 0 (Dark soil / concrete)
data/raw/Coccidiosis/cocci.1996.jpg,3,Cluster 3 (Mixed straw / pen floor)
data/raw/Coccidiosis/cocci.1997.jpg,2,Cluster 2 (Reddish-brown litter)
data/raw/Coccidiosis/cocci.1998.jpg,0,Cluster 0 (Dark soil / concrete)
data/raw/Coccidiosis/cocci.1999.jpg,2,Cluster 2 (Reddish-brown litter)
data/raw/Coccidiosis/cocci.2.jpg,2,Cluster 2 (Reddish-brown litter)
data/raw/Coccidiosis/cocci.20.jpg,0,Cluster 0 (Dark soil / concrete)
data/raw/Coccidiosis/cocci.200.jpg,0,Cluster 0 (Dark soil / concrete)
data/raw/Coccidiosis/cocci.2000.jpg,0,Cluster 0 (Dark soil / concrete)
data/raw/Coccidiosis/cocci.2001.jpg,0,Cluster 0 (Dark soil / concrete)
data/raw/Coccidiosis/cocci.2002.jpg,0,Cluster 0 (Dark soil / concrete)
data/raw/Coccidiosis/cocci.2003.jpg,0,Cluster 0 (Dark soil / concrete)
data/raw/Coccidiosis/cocci.2004.jpg,0,Cluster 0 (Dark soil / concrete)
data/raw/Coccidiosis/cocci.2005.jpg,1,Cluster 1 (Light wood shavings)
data/raw/Coccidiosis/cocci.2006.jpg,2,Cluster 2 (Reddish-brown litter)
data/raw/Coccidiosis/cocci.2007.jpg,2,Cluster 2 (Reddish-brown litter)
data/raw/Coccidiosis/cocci.2008.jpg,0,Cluster 0 (Dark soil / concrete)
data/raw/Coccidiosis/cocci.2009.jpg,2,Cluster 2 (Reddish-brown litter)
data/raw/Coccidiosis/cocci.201.jpg,1,Cluster 1 (Light wood shavings)
data/raw/Coccidiosis/cocci.2010.jpg,3,Cluster 3 (Mixed straw / pen floor)
data/raw/Coccidiosis/cocci.2011.jpg,0,Cluster 0 (Dark soil / concrete)
data/raw/Coccidiosis/cocci.2012.jpg,1,Cluster 1 (Light wood shavings)
data/raw/Coccidiosis/cocci.2013.jpg,2,Cluster 2 (Reddish-brown litter)
data/raw/Coccidiosis/cocci.2014.jpg,2,Cluster 2 (Reddish-brown litter)
data/raw/Coccidiosis/cocci.2015.jpg,2,Cluster 2 (Reddish-brown litter)
data/raw/Coccidiosis/cocci.2016.jpg,2,Cluster 2 (Reddish-brown litter)
data/raw/Coccidiosis/cocci.2017.jpg,2,Cluster 2 (Reddish-brown litter)
data/raw/Coccidiosis/cocci.2018.jpg,2,Cluster 2 (Reddish-brown litter)
data/raw/Coccidiosis/cocci.2019.jpg,2,Cluster 2 (Reddish-brown litter)
data/raw/Coccidiosis/cocci.202.jpg,2,Cluster 2 (Reddish-brown litter)
data/raw/Coccidiosis/cocci.2020.jpg,0,Cluster 0 (Dark soil / concrete)
data/raw/Coccidiosis/cocci.2021.jpg,0,Cluster 0 (Dark soil / concrete)
data/raw/Coccidiosis/cocci.2022.jpg,1,Cluster 1 (Light wood shavings)
data/raw/Coccidiosis/cocci.2023.jpg,1,Cluster 1 (Light wood shavings)
data/raw/Coccidiosis/cocci.2024.jpg,1,Cluster 1 (Light wood shavings)
data/raw/Coccidiosis/cocci.2025.jpg,2,Cluster 2 (Reddish-brown litter)
data/raw/Coccidiosis/cocci.2026.jpg,0,Cluster 0 (Dark soil / concrete)
data/raw/Coccidiosis/cocci.2027.jpg,1,Cluster 1 (Light wood shavings)
data/raw/Coccidiosis/cocci.2028.jpg,1,Cluster 1 (Light wood shavings)
data/raw/Coccidiosis/cocci.2029.jpg,2,Cluster 2 (Reddish-brown litter)
data/raw/Coccidiosis/cocci.203.jpg,0,Cluster 0 (Dark soil / concrete)
data/raw/Coccidiosis/cocci.2030.jpg,2,Cluster 2 (Reddish-brown litter)
data/raw/Coccidiosis/cocci.2031.jpg,0,Cluster 0 (Dark soil / concrete)
data/raw/Coccidiosis/cocci.2032.jpg,0,Cluster 0 (Dark soil / concrete)
data/raw/Coccidiosis/cocci.2033.jpg,0,Cluster 0 (Dark soil / concrete)
data/raw/Coccidiosis/cocci.2034.jpg,0,Cluster 0 (Dark soil / concrete)
data/raw/Coccidiosis/cocci.2035.jpg,0,Cluster 0 (Dark soil / concrete)
data/raw/Coccidiosis/cocci.2036.jpg,1,Cluster 1 (Light wood shavings)
data/raw/Coccidiosis/cocci.2037.jpg,2,Cluster 2 (Reddish-brown litter)
data/raw/Coccidiosis/cocci.2038.jpg,2,Cluster 2 (Reddish-brown litter)
data/raw/Coccidiosis/cocci.2039.jpg,0,Cluster 0 (Dark soil / concrete)
data/raw/Coccidiosis/cocci.204.jpg,0,Cluster 0 (Dark soil / concrete)
data/raw/Coccidiosis/cocci.2040.jpg,2,Cluster 2 (Reddish-brown litter)
data/raw/Coccidiosis/cocci.2041.jpg,0,Cluster 0 (Dark soil / concrete)
data/raw/Coccidiosis/cocci.2042.jpg,2,Cluster 2 (Reddish-brown litter)
data/raw/Coccidiosis/cocci.2043.jpg,3,Cluster 3 (Mixed straw / pen floor)
data/raw/Coccidiosis/cocci.2044.jpg,0,Cluster 0 (Dark soil / concrete)
data/raw/Coccidiosis/cocci.2045.jpg,0,Cluster 0 (Dark soil / concrete)
data/raw/Coccidiosis/cocci.2046.jpg,3,Cluster 3 (Mixed straw / pen floor)
data/raw/Coccidiosis/cocci.2047.jpg,2,Cluster 2 (Reddish-brown litter)
data/raw/Coccidiosis/cocci.2048.jpg,2,Cluster 2 (Reddish-brown litter)
data/raw/Coccidiosis/cocci.2049.jpg,2,Cluster 2 (Reddish-brown litter)
data/raw/Coccidiosis/cocci.205.jpg,0,Cluster 0 (Dark soil / concrete)
data/raw/Coccidiosis/cocci.2050.jpg,2,Cluster 2 (Reddish-brown litter)
data/raw/Coccidiosis/cocci.2051.jpg,0,Cluster 0 (Dark soil / concrete)
data/raw/Coccidiosis/cocci.2052.jpg,2,Cluster 2 (Reddish-brown litter)
data/raw/Coccidiosis/cocci.2053.jpg,3,Cluster 3 (Mixed straw / pen floor)
data/raw/Coccidiosis/cocci.2054.jpg,1,Cluster 1 (Light wood shavings)
data/raw/Coccidiosis/cocci.2055.jpg,2,Cluster 2 (Reddish-brown litter)
data/raw/Coccidiosis/cocci.2056.jpg,0,Cluster 0 (Dark soil / concrete)
data/raw/Coccidiosis/cocci.2057.jpg,2,Cluster 2 (Reddish-brown litter)
data/raw/Coccidiosis/cocci.2058.jpg,0,Cluster 0 (Dark soil / concrete)
data/raw/Coccidiosis/cocci.2059.jpg,2,Cluster 2 (Reddish-brown litter)
data/raw/Coccidiosis/cocci.206.jpg,0,Cluster 0 (Dark soil / concrete)
data/raw/Coccidiosis/cocci.2060.jpg,0,Cluster 0 (Dark soil / concrete)
data/raw/Coccidiosis/cocci.2061.jpg,1,Cluster 1 (Light wood shavings)
data/raw/Coccidiosis/cocci.2062.jpg,0,Cluster 0 (Dark soil / concrete)
data/raw/Coccidiosis/cocci.2063.jpg,2,Cluster 2 (Reddish-brown litter)
data/raw/Coccidiosis/cocci.2064.jpg,3,Cluster 3 (Mixed straw / pen floor)
data/raw/Coccidiosis/cocci.2065.jpg,1,Cluster 1 (Light wood shavings)
data/raw/Coccidiosis/cocci.2066.jpg,2,Cluster 2 (Reddish-brown litter)
data/raw/Coccidiosis/cocci.2067.jpg,0,Cluster 0 (Dark soil / concrete)
data/raw/Coccidiosis/cocci.2068.jpg,2,Cluster 2 (Reddish-brown litter)
data/raw/Coccidiosis/cocci.2069.jpg,0,Cluster 0 (Dark soil / concrete)
data/raw/Coccidiosis/cocci.207.jpg,3,Cluster 3 (Mixed straw / pen floor)
data/raw/Coccidiosis/cocci.2070.jpg,3,Cluster 3 (Mixed straw / pen floor)
data/raw/Coccidiosis/cocci.2071.jpg,0,Cluster 0 (Dark soil / concrete)
data/raw/Coccidiosis/cocci.2072.jpg,0,Cluster 0 (Dark soil / concrete)
data/raw/Coccidiosis/cocci.2073.jpg,1,Cluster 1 (Light wood shavings)
data/raw/Coccidiosis/cocci.2074.jpg,3,Cluster 3 (Mixed straw / pen floor)
data/raw/Coccidiosis/cocci.2075.jpg,2,Cluster 2 (Reddish-brown litter)
data/raw/Coccidiosis/cocci.2076.jpg,3,Cluster 3 (Mixed straw / pen floor)
data/raw/Coccidiosis/cocci.2077.jpg,0,Cluster 0 (Dark soil / concrete)
data/raw/Coccidiosis/cocci.2078.jpg,1,Cluster 1 (Light wood shavings)
data/raw/Coccidiosis/cocci.2079.jpg,0,Cluster 0 (Dark soil / concrete)
data/raw/Coccidiosis/cocci.208.jpg,0,Cluster 0 (Dark soil / concrete)
data/raw/Coccidiosis/cocci.2080.jpg,0,Cluster 0 (Dark soil / concrete)
data/raw/Coccidiosis/cocci.2081.jpg,2,Cluster 2 (Reddish-brown litter)
data/raw/Coccidiosis/cocci.2082.jpg,3,Cluster 3 (Mixed straw / pen floor)
data/raw/Coccidiosis/cocci.2083.jpg,2,Cluster 2 (Reddish-brown litter)
data/raw/Coccidiosis/cocci.2084.jpg,2,Cluster 2 (Reddish-brown litter)
data/raw/Coccidiosis/cocci.2085.jpg,2,Cluster 2 (Reddish-brown litter)
data/raw/Coccidiosis/cocci.2086.jpg,2,Cluster 2 (Reddish-brown litter)
data/raw/Coccidiosis/cocci.2087.jpg,2,Cluster 2 (Reddish-brown litter)
data/raw/Coccidiosis/cocci.2088.jpg,0,Cluster 0 (Dark soil / concrete)
data/raw/Coccidiosis/cocci.2089.jpg,2,Cluster 2 (Reddish-brown litter)
data/raw/Coccidiosis/cocci.209.jpg,0,Cluster 0 (Dark soil / concrete)
data/raw/Coccidiosis/cocci.2090.jpg,0,Cluster 0 (Dark soil / concrete)
data/raw/Coccidiosis/cocci.2091.jpg,2,Cluster 2 (Reddish-brown litter)
data/raw/Coccidiosis/cocci.2092.jpg,0,Cluster 0 (Dark soil / concrete)
data/raw/Coccidiosis/cocci.2093.jpg,0,Cluster 0 (Dark soil / concrete)
data/raw/Coccidiosis/cocci.2094.jpg,3,Cluster 3 (Mixed straw / pen floor)
data/raw/Coccidiosis/cocci.2095.jpg,2,Cluster 2 (Reddish-brown litter)
data/raw/Coccidiosis/cocci.2096.jpg,2,Cluster 2 (Reddish-brown litter)
data/raw/Coccidiosis/cocci.2097.jpg,3,Cluster 3 (Mixed straw / pen floor)
data/raw/Coccidiosis/cocci.2098.jpg,2,Cluster 2 (Reddish-brown litter)
data/raw/Coccidiosis/cocci.2099.jpg,2,Cluster 2 (Reddish-brown litter)
data/raw/Coccidiosis/cocci.21.jpg,2,Cluster 2 (Reddish-brown litter)
data/raw/Coccidiosis/cocci.210.jpg,0,Cluster 0 (Dark soil / concrete)
data/raw/Coccidiosis/cocci.2100.jpg,1,Cluster 1 (Light wood shavings)
data/raw/Coccidiosis/cocci.2101.jpg,3,Cluster 3 (Mixed straw / pen floor)
data/raw/Coccidiosis/cocci.2102.jpg,2,Cluster 2 (Reddish-brown litter)
data/raw/Coccidiosis/cocci.211.jpg,1,Cluster 1 (Light wood shavings)
data/raw/Coccidiosis/cocci.212.jpg,2,Cluster 2 (Reddish-brown litter)
data/raw/Coccidiosis/cocci.213.jpg,2,Cluster 2 (Reddish-brown litter)
data/raw/Coccidiosis/cocci.214.jpg,0,Cluster 0 (Dark soil / concrete)
data/raw/Coccidiosis/cocci.215.jpg,1,Cluster 1 (Light wood shavings)
data/raw/Coccidiosis/cocci.216.jpg,0,Cluster 0 (Dark soil / concrete)
data/raw/Coccidiosis/cocci.217.jpg,2,Cluster 2 (Reddish-brown litter)
data/raw/Coccidiosis/cocci.218.jpg,0,Cluster 0 (Dark soil / concrete)
data/raw/Coccidiosis/cocci.219.jpg,2,Cluster 2 (Reddish-brown litter)
data/raw/Coccidiosis/cocci.22.jpg,1,Cluster 1 (Light wood shavings)
data/raw/Coccidiosis/cocci.220.jpg,1,Cluster 1 (Light wood shavings)
data/raw/Coccidiosis/cocci.221.jpg,2,Cluster 2 (Reddish-brown litter)
data/raw/Coccidiosis/cocci.222.jpg,0,Cluster 0 (Dark soil / concrete)
data/raw/Coccidiosis/cocci.223.jpg,2,Cluster 2 (Reddish-brown litter)
data/raw/Coccidiosis/cocci.224.jpg,2,Cluster 2 (Reddish-brown litter)
data/raw/Coccidiosis/cocci.225.jpg,0,Cluster 0 (Dark soil / concrete)
data/raw/Coccidiosis/cocci.226.jpg,1,Cluster 1 (Light wood shavings)
data/raw/Coccidiosis/cocci.227.jpg,2,Cluster 2 (Reddish-brown litter)
data/raw/Coccidiosis/cocci.228.jpg,3,Cluster 3 (Mixed straw / pen floor)
data/raw/Coccidiosis/cocci.229.jpg,2,Cluster 2 (Reddish-brown litter)
data/raw/Coccidiosis/cocci.23.jpg,0,Cluster 0 (Dark soil / concrete)
data/raw/Coccidiosis/cocci.230.jpg,0,Cluster 0 (Dark soil / concrete)
data/raw/Coccidiosis/cocci.231.jpg,2,Cluster 2 (Reddish-brown litter)
data/raw/Coccidiosis/cocci.232.jpg,3,Cluster 3 (Mixed straw / pen floor)
data/raw/Coccidiosis/cocci.233.jpg,2,Cluster 2 (Reddish-brown litter)
data/raw/Coccidiosis/cocci.234.jpg,2,Cluster 2 (Reddish-brown litter)
data/raw/Coccidiosis/cocci.235.jpg,2,Cluster 2 (Reddish-brown litter)
data/raw/Coccidiosis/cocci.236.jpg,0,Cluster 0 (Dark soil / concrete)
data/raw/Coccidiosis/cocci.237.jpg,0,Cluster 0 (Dark soil / concrete)
data/raw/Coccidiosis/cocci.238.jpg,1,Cluster 1 (Light wood shavings)
data/raw/Coccidiosis/cocci.239.jpg,2,Cluster 2 (Reddish-brown litter)
data/raw/Coccidiosis/cocci.24.jpg,2,Cluster 2 (Reddish-brown litter)
data/raw/Coccidiosis/cocci.240.jpg,3,Cluster 3 (Mixed straw / pen floor)
data/raw/Coccidiosis/cocci.241.jpg,2,Cluster 2 (Reddish-brown litter)
data/raw/Coccidiosis/cocci.242.jpg,0,Cluster 0 (Dark soil / concrete)
data/raw/Coccidiosis/cocci.243.jpg,2,Cluster 2 (Reddish-brown litter)
data/raw/Coccidiosis/cocci.244.jpg,3,Cluster 3 (Mixed straw / pen floor)
data/raw/Coccidiosis/cocci.245.jpg,0,Cluster 0 (Dark soil / concrete)
data/raw/Coccidiosis/cocci.246.jpg,2,Cluster 2 (Reddish-brown litter)
data/raw/Coccidiosis/cocci.247.jpg,3,Cluster 3 (Mixed straw / pen floor)
data/raw/Coccidiosis/cocci.248.jpg,2,Cluster 2 (Reddish-brown litter)
data/raw/Coccidiosis/cocci.249.jpg,1,Cluster 1 (Light wood shavings)
data/raw/Coccidiosis/cocci.25.jpg,2,Cluster 2 (Reddish-brown litter)
data/raw/Coccidiosis/cocci.250.jpg,0,Cluster 0 (Dark soil / concrete)
data/raw/Coccidiosis/cocci.251.jpg,2,Cluster 2 (Reddish-brown litter)
data/raw/Coccidiosis/cocci.252.jpg,0,Cluster 0 (Dark soil / concrete)
data/raw/Coccidiosis/cocci.253.jpg,0,Cluster 0 (Dark soil / concrete)
data/raw/Coccidiosis/cocci.254.jpg,2,Cluster 2 (Reddish-brown litter)
data/raw/Coccidiosis/cocci.255.jpg,2,Cluster 2 (Reddish-brown litter)
data/raw/Coccidiosis/cocci.256.jpg,2,Cluster 2 (Reddish-brown litter)
data/raw/Coccidiosis/cocci.257.jpg,2,Cluster 2 (Reddish-brown litter)
data/raw/Coccidiosis/cocci.258.jpg,2,Cluster 2 (Reddish-brown litter)
data/raw/Coccidiosis/cocci.259.jpg,2,Cluster 2 (Reddish-brown litter)
data/raw/Coccidiosis/cocci.26.jpg,2,Cluster 2 (Reddish-brown litter)
data/raw/Coccidiosis/cocci.260.jpg,2,Cluster 2 (Reddish-brown litter)
data/raw/Coccidiosis/cocci.261.jpg,0,Cluster 0 (Dark soil / concrete)
data/raw/Coccidiosis/cocci.262.jpg,2,Cluster 2 (Reddish-brown litter)
data/raw/Coccidiosis/cocci.263.jpg,2,Cluster 2 (Reddish-brown litter)
data/raw/Coccidiosis/cocci.264.jpg,2,Cluster 2 (Reddish-brown litter)
data/raw/Coccidiosis/cocci.265.jpg,2,Cluster 2 (Reddish-brown litter)
data/raw/Coccidiosis/cocci.266.jpg,1,Cluster 1 (Light wood shavings)
data/raw/Coccidiosis/cocci.267.jpg,0,Cluster 0 (Dark soil / concrete)
data/raw/Coccidiosis/cocci.268.jpg,2,Cluster 2 (Reddish-brown litter)
data/raw/Coccidiosis/cocci.269.jpg,0,Cluster 0 (Dark soil / concrete)
data/raw/Coccidiosis/cocci.27.jpg,2,Cluster 2 (Reddish-brown litter)
data/raw/Coccidiosis/cocci.270.jpg,2,Cluster 2 (Reddish-brown litter)
data/raw/Coccidiosis/cocci.271.jpg,0,Cluster 0 (Dark soil / concrete)
data/raw/Coccidiosis/cocci.272.jpg,3,Cluster 3 (Mixed straw / pen floor)
data/raw/Coccidiosis/cocci.273.jpg,2,Cluster 2 (Reddish-brown litter)
data/raw/Coccidiosis/cocci.274.jpg,2,Cluster 2 (Reddish-brown litter)
data/raw/Coccidiosis/cocci.275.jpg,0,Cluster 0 (Dark soil / concrete)
data/raw/Coccidiosis/cocci.276.jpg,2,Cluster 2 (Reddish-brown litter)
data/raw/Coccidiosis/cocci.277.jpg,2,Cluster 2 (Reddish-brown litter)
data/raw/Coccidiosis/cocci.278.jpg,2,Cluster 2 (Reddish-brown litter)
data/raw/Coccidiosis/cocci.279.jpg,2,Cluster 2 (Reddish-brown litter)
data/raw/Coccidiosis/cocci.28.jpg,1,Cluster 1 (Light wood shavings)
data/raw/Coccidiosis/cocci.280.jpg,2,Cluster 2 (Reddish-brown litter)
data/raw/Coccidiosis/cocci.281.jpg,3,Cluster 3 (Mixed straw / pen floor)
data/raw/Coccidiosis/cocci.282.jpg,0,Cluster 0 (Dark soil / concrete)
data/raw/Coccidiosis/cocci.283.jpg,2,Cluster 2 (Reddish-brown litter)
data/raw/Coccidiosis/cocci.284.jpg,2,Cluster 2 (Reddish-brown litter)
data/raw/Coccidiosis/cocci.285.jpg,0,Cluster 0 (Dark soil / concrete)
data/raw/Coccidiosis/cocci.286.jpg,1,Cluster 1 (Light wood shavings)
data/raw/Coccidiosis/cocci.287.jpg,0,Cluster 0 (Dark soil / concrete)
data/raw/Coccidiosis/cocci.288.jpg,3,Cluster 3 (Mixed straw / pen floor)
data/raw/Coccidiosis/cocci.289.jpg,2,Cluster 2 (Reddish-brown litter)
data/raw/Coccidiosis/cocci.29.jpg,0,Cluster 0 (Dark soil / concrete)
data/raw/Coccidiosis/cocci.290.jpg,0,Cluster 0 (Dark soil / concrete)
data/raw/Coccidiosis/cocci.291.jpg,0,Cluster 0 (Dark soil / concrete)
data/raw/Coccidiosis/cocci.292.jpg,0,Cluster 0 (Dark soil / concrete)
data/raw/Coccidiosis/cocci.293.jpg,3,Cluster 3 (Mixed straw / pen floor)
data/raw/Coccidiosis/cocci.294.jpg,0,Cluster 0 (Dark soil / concrete)
data/raw/Coccidiosis/cocci.295.jpg,0,Cluster 0 (Dark soil / concrete)
data/raw/Coccidiosis/cocci.296.jpg,0,Cluster 0 (Dark soil / concrete)
data/raw/Coccidiosis/cocci.297.jpg,0,Cluster 0 (Dark soil / concrete)
data/raw/Coccidiosis/cocci.298.jpg,2,Cluster 2 (Reddish-brown litter)
data/raw/Coccidiosis/cocci.299.jpg,0,Cluster 0 (Dark soil / concrete)
data/raw/Coccidiosis/cocci.3.jpg,2,Cluster 2 (Reddish-brown litter)
data/raw/Coccidiosis/cocci.30.jpg,0,Cluster 0 (Dark soil / concrete)
data/raw/Coccidiosis/cocci.300.jpg,3,Cluster 3 (Mixed straw / pen floor)
data/raw/Coccidiosis/cocci.301.jpg,0,Cluster 0 (Dark soil / concrete)
data/raw/Coccidiosis/cocci.302.jpg,2,Cluster 2 (Reddish-brown litter)
data/raw/Coccidiosis/cocci.303.jpg,2,Cluster 2 (Reddish-brown litter)
data/raw/Coccidiosis/cocci.304.jpg,0,Cluster 0 (Dark soil / concrete)
data/raw/Coccidiosis/cocci.305.jpg,0,Cluster 0 (Dark soil / concrete)
data/raw/Coccidiosis/cocci.306.jpg,3,Cluster 3 (Mixed straw / pen floor)
data/raw/Coccidiosis/cocci.307.jpg,2,Cluster 2 (Reddish-brown litter)
data/raw/Coccidiosis/cocci.308.jpg,0,Cluster 0 (Dark soil / concrete)
data/raw/Coccidiosis/cocci.309.jpg,0,Cluster 0 (Dark soil / concrete)
data/raw/Coccidiosis/cocci.31.jpg,2,Cluster 2 (Reddish-brown litter)
data/raw/Coccidiosis/cocci.310.jpg,2,Cluster 2 (Reddish-brown litter)
data/raw/Coccidiosis/cocci.311.jpg,2,Cluster 2 (Reddish-brown litter)
data/raw/Coccidiosis/cocci.312.jpg,0,Cluster 0 (Dark soil / concrete)
data/raw/Coccidiosis/cocci.313.jpg,0,Cluster 0 (Dark soil / concrete)
data/raw/Coccidiosis/cocci.314.jpg,2,Cluster 2 (Reddish-brown litter)
data/raw/Coccidiosis/cocci.315.jpg,0,Cluster 0 (Dark soil / concrete)
data/raw/Coccidiosis/cocci.316.jpg,0,Cluster 0 (Dark soil / concrete)
data/raw/Coccidiosis/cocci.317.jpg,1,Cluster 1 (Light wood shavings)
data/raw/Coccidiosis/cocci.318.jpg,2,Cluster 2 (Reddish-brown litter)
data/raw/Coccidiosis/cocci.319.jpg,2,Cluster 2 (Reddish-brown litter)
data/raw/Coccidiosis/cocci.32.jpg,0,Cluster 0 (Dark soil / concrete)
data/raw/Coccidiosis/cocci.320.jpg,0,Cluster 0 (Dark soil / concrete)
data/raw/Coccidiosis/cocci.321.jpg,3,Cluster 3 (Mixed straw / pen floor)
data/raw/Coccidiosis/cocci.322.jpg,1,Cluster 1 (Light wood shavings)
data/raw/Coccidiosis/cocci.323.jpg,2,Cluster 2 (Reddish-brown litter)
data/raw/Coccidiosis/cocci.324.jpg,1,Cluster 1 (Light wood shavings)
data/raw/Coccidiosis/cocci.325.jpg,2,Cluster 2 (Reddish-brown litter)
data/raw/Coccidiosis/cocci.326.jpg,0,Cluster 0 (Dark soil / concrete)
data/raw/Coccidiosis/cocci.327.jpg,2,Cluster 2 (Reddish-brown litter)
data/raw/Coccidiosis/cocci.328.jpg,0,Cluster 0 (Dark soil / concrete)
data/raw/Coccidiosis/cocci.329.jpg,2,Cluster 2 (Reddish-brown litter)
data/raw/Coccidiosis/cocci.33.jpg,1,Cluster 1 (Light wood shavings)
data/raw/Coccidiosis/cocci.330.jpg,1,Cluster 1 (Light wood shavings)
data/raw/Coccidiosis/cocci.331.jpg,1,Cluster 1 (Light wood shavings)
data/raw/Coccidiosis/cocci.332.jpg,0,Cluster 0 (Dark soil / concrete)
data/raw/Coccidiosis/cocci.333.jpg,2,Cluster 2 (Reddish-brown litter)
data/raw/Coccidiosis/cocci.334.jpg,2,Cluster 2 (Reddish-brown litter)
data/raw/Coccidiosis/cocci.335.jpg,0,Cluster 0 (Dark soil / concrete)
data/raw/Coccidiosis/cocci.336.jpg,2,Cluster 2 (Reddish-brown litter)
data/raw/Coccidiosis/cocci.337.jpg,1,Cluster 1 (Light wood shavings)
data/raw/Coccidiosis/cocci.338.jpg,2,Cluster 2 (Reddish-brown litter)
data/raw/Coccidiosis/cocci.339.jpg,3,Cluster 3 (Mixed straw / pen floor)
data/raw/Coccidiosis/cocci.34.jpg,1,Cluster 1 (Light wood shavings)
data/raw/Coccidiosis/cocci.340.jpg,2,Cluster 2 (Reddish-brown litter)
data/raw/Coccidiosis/cocci.341.jpg,0,Cluster 0 (Dark soil / concrete)
data/raw/Coccidiosis/cocci.342.jpg,0,Cluster 0 (Dark soil / concrete)
data/raw/Coccidiosis/cocci.343.jpg,2,Cluster 2 (Reddish-brown litter)
data/raw/Coccidiosis/cocci.344.jpg,2,Cluster 2 (Reddish-brown litter)
data/raw/Coccidiosis/cocci.345.jpg,3,Cluster 3 (Mixed straw / pen floor)
data/raw/Coccidiosis/cocci.346.jpg,2,Cluster 2 (Reddish-brown litter)
data/raw/Coccidiosis/cocci.347.jpg,0,Cluster 0 (Dark soil / concrete)
data/raw/Coccidiosis/cocci.348.jpg,2,Cluster 2 (Reddish-brown litter)
data/raw/Coccidiosis/cocci.349.jpg,0,Cluster 0 (Dark soil / concrete)
data/raw/Coccidiosis/cocci.35.jpg,2,Cluster 2 (Reddish-brown litter)
data/raw/Coccidiosis/cocci.350.jpg,1,Cluster 1 (Light wood shavings)
data/raw/Coccidiosis/cocci.351.jpg,2,Cluster 2 (Reddish-brown litter)
data/raw/Coccidiosis/cocci.352.jpg,2,Cluster 2 (Reddish-brown litter)
data/raw/Coccidiosis/cocci.353.jpg,2,Cluster 2 (Reddish-brown litter)
data/raw/Coccidiosis/cocci.354.jpg,3,Cluster 3 (Mixed straw / pen floor)
data/raw/Coccidiosis/cocci.355.jpg,0,Cluster 0 (Dark soil / concrete)
data/raw/Coccidiosis/cocci.356.jpg,1,Cluster 1 (Light wood shavings)
data/raw/Coccidiosis/cocci.357.jpg,2,Cluster 2 (Reddish-brown litter)
data/raw/Coccidiosis/cocci.358.jpg,3,Cluster 3 (Mixed straw / pen floor)
data/raw/Coccidiosis/cocci.359.jpg,3,Cluster 3 (Mixed straw / pen floor)
data/raw/Coccidiosis/cocci.36.jpg,0,Cluster 0 (Dark soil / concrete)
data/raw/Coccidiosis/cocci.360.jpg,0,Cluster 0 (Dark soil / concrete)
data/raw/Coccidiosis/cocci.361.jpg,2,Cluster 2 (Reddish-brown litter)
data/raw/Coccidiosis/cocci.362.jpg,2,Cluster 2 (Reddish-brown litter)
data/raw/Coccidiosis/cocci.363.jpg,2,Cluster 2 (Reddish-brown litter)
data/raw/Coccidiosis/cocci.364.jpg,2,Cluster 2 (Reddish-brown litter)
data/raw/Coccidiosis/cocci.365.jpg,0,Cluster 0 (Dark soil / concrete)
data/raw/Coccidiosis/cocci.366.jpg,2,Cluster 2 (Reddish-brown litter)
data/raw/Coccidiosis/cocci.367.jpg,3,Cluster 3 (Mixed straw / pen floor)
data/raw/Coccidiosis/cocci.368.jpg,3,Cluster 3 (Mixed straw / pen floor)
data/raw/Coccidiosis/cocci.369.jpg,0,Cluster 0 (Dark soil / concrete)
data/raw/Coccidiosis/cocci.37.jpg,0,Cluster 0 (Dark soil / concrete)
data/raw/Coccidiosis/cocci.370.jpg,0,Cluster 0 (Dark soil / concrete)
data/raw/Coccidiosis/cocci.371.jpg,2,Cluster 2 (Reddish-brown litter)
data/raw/Coccidiosis/cocci.372.jpg,0,Cluster 0 (Dark soil / concrete)
data/raw/Coccidiosis/cocci.373.jpg,2,Cluster 2 (Reddish-brown litter)
data/raw/Coccidiosis/cocci.374.jpg,2,Cluster 2 (Reddish-brown litter)
data/raw/Coccidiosis/cocci.375.jpg,3,Cluster 3 (Mixed straw / pen floor)
data/raw/Coccidiosis/cocci.376.jpg,2,Cluster 2 (Reddish-brown litter)
data/raw/Coccidiosis/cocci.377.jpg,2,Cluster 2 (Reddish-brown litter)
data/raw/Coccidiosis/cocci.378.jpg,2,Cluster 2 (Reddish-brown litter)
data/raw/Coccidiosis/cocci.379.jpg,2,Cluster 2 (Reddish-brown litter)
data/raw/Coccidiosis/cocci.38.jpg,3,Cluster 3 (Mixed straw / pen floor)
data/raw/Coccidiosis/cocci.380.jpg,0,Cluster 0 (Dark soil / concrete)
data/raw/Coccidiosis/cocci.381.jpg,2,Cluster 2 (Reddish-brown litter)
data/raw/Coccidiosis/cocci.382.jpg,2,Cluster 2 (Reddish-brown litter)
data/raw/Coccidiosis/cocci.383.jpg,1,Cluster 1 (Light wood shavings)
data/raw/Coccidiosis/cocci.384.jpg,0,Cluster 0 (Dark soil / concrete)
data/raw/Coccidiosis/cocci.385.jpg,3,Cluster 3 (Mixed straw / pen floor)
data/raw/Coccidiosis/cocci.386.jpg,3,Cluster 3 (Mixed straw / pen floor)
data/raw/Coccidiosis/cocci.387.jpg,2,Cluster 2 (Reddish-brown litter)
data/raw/Coccidiosis/cocci.388.jpg,2,Cluster 2 (Reddish-brown litter)
data/raw/Coccidiosis/cocci.389.jpg,0,Cluster 0 (Dark soil / concrete)
data/raw/Coccidiosis/cocci.39.jpg,2,Cluster 2 (Reddish-brown litter)
data/raw/Coccidiosis/cocci.390.jpg,2,Cluster 2 (Reddish-brown litter)
data/raw/Coccidiosis/cocci.391.jpg,0,Cluster 0 (Dark soil / concrete)
data/raw/Coccidiosis/cocci.392.jpg,2,Cluster 2 (Reddish-brown litter)
data/raw/Coccidiosis/cocci.393.jpg,3,Cluster 3 (Mixed straw / pen floor)
data/raw/Coccidiosis/cocci.394.jpg,2,Cluster 2 (Reddish-brown litter)
data/raw/Coccidiosis/cocci.395.jpg,2,Cluster 2 (Reddish-brown litter)
data/raw/Coccidiosis/cocci.396.jpg,3,Cluster 3 (Mixed straw / pen floor)
data/raw/Coccidiosis/cocci.397.jpg,2,Cluster 2 (Reddish-brown litter)
data/raw/Coccidiosis/cocci.398.jpg,2,Cluster 2 (Reddish-brown litter)
data/raw/Coccidiosis/cocci.399.jpg,2,Cluster 2 (Reddish-brown litter)
data/raw/Coccidiosis/cocci.4.jpg,2,Cluster 2 (Reddish-brown litter)
data/raw/Coccidiosis/cocci.40.jpg,0,Cluster 0 (Dark soil / concrete)
data/raw/Coccidiosis/cocci.400.jpg,2,Cluster 2 (Reddish-brown litter)
data/raw/Coccidiosis/cocci.401.jpg,3,Cluster 3 (Mixed straw / pen floor)
data/raw/Coccidiosis/cocci.402.jpg,3,Cluster 3 (Mixed straw / pen floor)
data/raw/Coccidiosis/cocci.403.jpg,0,Cluster 0 (Dark soil / concrete)
data/raw/Coccidiosis/cocci.404.jpg,2,Cluster 2 (Reddish-brown litter)
data/raw/Coccidiosis/cocci.405.jpg,2,Cluster 2 (Reddish-brown litter)
data/raw/Coccidiosis/cocci.406.jpg,0,Cluster 0 (Dark soil / concrete)
data/raw/Coccidiosis/cocci.407.jpg,2,Cluster 2 (Reddish-brown litter)
data/raw/Coccidiosis/cocci.408.jpg,2,Cluster 2 (Reddish-brown litter)
data/raw/Coccidiosis/cocci.409.jpg,0,Cluster 0 (Dark soil / concrete)
data/raw/Coccidiosis/cocci.41.jpg,0,Cluster 0 (Dark soil / concrete)
data/raw/Coccidiosis/cocci.410.jpg,1,Cluster 1 (Light wood shavings)
data/raw/Coccidiosis/cocci.411.jpg,0,Cluster 0 (Dark soil / concrete)
data/raw/Coccidiosis/cocci.412.jpg,3,Cluster 3 (Mixed straw / pen floor)
data/raw/Coccidiosis/cocci.413.jpg,2,Cluster 2 (Reddish-brown litter)
data/raw/Coccidiosis/cocci.414.jpg,0,Cluster 0 (Dark soil / concrete)
data/raw/Coccidiosis/cocci.415.jpg,2,Cluster 2 (Reddish-brown litter)
data/raw/Coccidiosis/cocci.416.jpg,2,Cluster 2 (Reddish-brown litter)
data/raw/Coccidiosis/cocci.417.jpg,2,Cluster 2 (Reddish-brown litter)
data/raw/Coccidiosis/cocci.418.jpg,1,Cluster 1 (Light wood shavings)
data/raw/Coccidiosis/cocci.419.jpg,1,Cluster 1 (Light wood shavings)
data/raw/Coccidiosis/cocci.42.jpg,2,Cluster 2 (Reddish-brown litter)
data/raw/Coccidiosis/cocci.420.jpg,3,Cluster 3 (Mixed straw / pen floor)
data/raw/Coccidiosis/cocci.421.jpg,1,Cluster 1 (Light wood shavings)
data/raw/Coccidiosis/cocci.422.jpg,0,Cluster 0 (Dark soil / concrete)
data/raw/Coccidiosis/cocci.423.jpg,0,Cluster 0 (Dark soil / concrete)
data/raw/Coccidiosis/cocci.424.jpg,2,Cluster 2 (Reddish-brown litter)
data/raw/Coccidiosis/cocci.425.jpg,0,Cluster 0 (Dark soil / concrete)
data/raw/Coccidiosis/cocci.426.jpg,2,Cluster 2 (Reddish-brown litter)
data/raw/Coccidiosis/cocci.427.jpg,2,Cluster 2 (Reddish-brown litter)
data/raw/Coccidiosis/cocci.428.jpg,3,Cluster 3 (Mixed straw / pen floor)
data/raw/Coccidiosis/cocci.429.jpg,0,Cluster 0 (Dark soil / concrete)
data/raw/Coccidiosis/cocci.43.jpg,3,Cluster 3 (Mixed straw / pen floor)
data/raw/Coccidiosis/cocci.430.jpg,2,Cluster 2 (Reddish-brown litter)
data/raw/Coccidiosis/cocci.431.jpg,2,Cluster 2 (Reddish-brown litter)
data/raw/Coccidiosis/cocci.432.jpg,2,Cluster 2 (Reddish-brown litter)
data/raw/Coccidiosis/cocci.433.jpg,0,Cluster 0 (Dark soil / concrete)
data/raw/Coccidiosis/cocci.434.jpg,2,Cluster 2 (Reddish-brown litter)
data/raw/Coccidiosis/cocci.435.jpg,0,Cluster 0 (Dark soil / concrete)
data/raw/Coccidiosis/cocci.436.jpg,2,Cluster 2 (Reddish-brown litter)
data/raw/Coccidiosis/cocci.437.jpg,1,Cluster 1 (Light wood shavings)
data/raw/Coccidiosis/cocci.438.jpg,2,Cluster 2 (Reddish-brown litter)
data/raw/Coccidiosis/cocci.439.jpg,1,Cluster 1 (Light wood shavings)
data/raw/Coccidiosis/cocci.44.jpg,0,Cluster 0 (Dark soil / concrete)
data/raw/Coccidiosis/cocci.440.jpg,2,Cluster 2 (Reddish-brown litter)
data/raw/Coccidiosis/cocci.441.jpg,0,Cluster 0 (Dark soil / concrete)
data/raw/Coccidiosis/cocci.442.jpg,0,Cluster 0 (Dark soil / concrete)
data/raw/Coccidiosis/cocci.443.jpg,3,Cluster 3 (Mixed straw / pen floor)
data/raw/Coccidiosis/cocci.444.jpg,1,Cluster 1 (Light wood shavings)
data/raw/Coccidiosis/cocci.445.jpg,0,Cluster 0 (Dark soil / concrete)
data/raw/Coccidiosis/cocci.446.jpg,0,Cluster 0 (Dark soil / concrete)
data/raw/Coccidiosis/cocci.447.jpg,0,Cluster 0 (Dark soil / concrete)
data/raw/Coccidiosis/cocci.448.jpg,2,Cluster 2 (Reddish-brown litter)
data/raw/Coccidiosis/cocci.449.jpg,2,Cluster 2 (Reddish-brown litter)
data/raw/Coccidiosis/cocci.45.jpg,0,Cluster 0 (Dark soil / concrete)
data/raw/Coccidiosis/cocci.450.jpg,0,Cluster 0 (Dark soil / concrete)
data/raw/Coccidiosis/cocci.451.jpg,2,Cluster 2 (Reddish-brown litter)
data/raw/Coccidiosis/cocci.452.jpg,0,Cluster 0 (Dark soil / concrete)
data/raw/Coccidiosis/cocci.453.jpg,2,Cluster 2 (Reddish-brown litter)
data/raw/Coccidiosis/cocci.454.jpg,2,Cluster 2 (Reddish-brown litter)
data/raw/Coccidiosis/cocci.455.jpg,2,Cluster 2 (Reddish-brown litter)
data/raw/Coccidiosis/cocci.456.jpg,0,Cluster 0 (Dark soil / concrete)
data/raw/Coccidiosis/cocci.457.jpg,0,Cluster 0 (Dark soil / concrete)
data/raw/Coccidiosis/cocci.458.jpg,0,Cluster 0 (Dark soil / concrete)
data/raw/Coccidiosis/cocci.459.jpg,3,Cluster 3 (Mixed straw / pen floor)
data/raw/Coccidiosis/cocci.46.jpg,2,Cluster 2 (Reddish-brown litter)
data/raw/Coccidiosis/cocci.460.jpg,2,Cluster 2 (Reddish-brown litter)
data/raw/Coccidiosis/cocci.461.jpg,2,Cluster 2 (Reddish-brown litter)
data/raw/Coccidiosis/cocci.462.jpg,1,Cluster 1 (Light wood shavings)
data/raw/Coccidiosis/cocci.463.jpg,2,Cluster 2 (Reddish-brown litter)
data/raw/Coccidiosis/cocci.464.jpg,1,Cluster 1 (Light wood shavings)
data/raw/Coccidiosis/cocci.465.jpg,2,Cluster 2 (Reddish-brown litter)
data/raw/Coccidiosis/cocci.466.jpg,2,Cluster 2 (Reddish-brown litter)
data/raw/Coccidiosis/cocci.467.jpg,0,Cluster 0 (Dark soil / concrete)
data/raw/Coccidiosis/cocci.468.jpg,0,Cluster 0 (Dark soil / concrete)
data/raw/Coccidiosis/cocci.469.jpg,2,Cluster 2 (Reddish-brown litter)
data/raw/Coccidiosis/cocci.47.jpg,0,Cluster 0 (Dark soil / concrete)
data/raw/Coccidiosis/cocci.470.jpg,0,Cluster 0 (Dark soil / concrete)
data/raw/Coccidiosis/cocci.471.jpg,2,Cluster 2 (Reddish-brown litter)
data/raw/Coccidiosis/cocci.472.jpg,0,Cluster 0 (Dark soil / concrete)
data/raw/Coccidiosis/cocci.473.jpg,0,Cluster 0 (Dark soil / concrete)
data/raw/Coccidiosis/cocci.474.jpg,0,Cluster 0 (Dark soil / concrete)
data/raw/Coccidiosis/cocci.475.jpg,2,Cluster 2 (Reddish-brown litter)
data/raw/Coccidiosis/cocci.476.jpg,0,Cluster 0 (Dark soil / concrete)
data/raw/Coccidiosis/cocci.477.jpg,3,Cluster 3 (Mixed straw / pen floor)
data/raw/Coccidiosis/cocci.478.jpg,2,Cluster 2 (Reddish-brown litter)
data/raw/Coccidiosis/cocci.479.jpg,0,Cluster 0 (Dark soil / concrete)
data/raw/Coccidiosis/cocci.48.jpg,2,Cluster 2 (Reddish-brown litter)
data/raw/Coccidiosis/cocci.480.jpg,2,Cluster 2 (Reddish-brown litter)
data/raw/Coccidiosis/cocci.481.jpg,0,Cluster 0 (Dark soil / concrete)
data/raw/Coccidiosis/cocci.482.jpg,2,Cluster 2 (Reddish-brown litter)
data/raw/Coccidiosis/cocci.483.jpg,0,Cluster 0 (Dark soil / concrete)
data/raw/Coccidiosis/cocci.484.jpg,2,Cluster 2 (Reddish-brown litter)
data/raw/Coccidiosis/cocci.485.jpg,2,Cluster 2 (Reddish-brown litter)
data/raw/Coccidiosis/cocci.486.jpg,0,Cluster 0 (Dark soil / concrete)
data/raw/Coccidiosis/cocci.487.jpg,0,Cluster 0 (Dark soil / concrete)
data/raw/Coccidiosis/cocci.488.jpg,0,Cluster 0 (Dark soil / concrete)
data/raw/Coccidiosis/cocci.489.jpg,3,Cluster 3 (Mixed straw / pen floor)
data/raw/Coccidiosis/cocci.49.jpg,2,Cluster 2 (Reddish-brown litter)
data/raw/Coccidiosis/cocci.490.jpg,2,Cluster 2 (Reddish-brown litter)
data/raw/Coccidiosis/cocci.491.jpg,2,Cluster 2 (Reddish-brown litter)
data/raw/Coccidiosis/cocci.492.jpg,2,Cluster 2 (Reddish-brown litter)
data/raw/Coccidiosis/cocci.493.jpg,2,Cluster 2 (Reddish-brown litter)
data/raw/Coccidiosis/cocci.494.jpg,2,Cluster 2 (Reddish-brown litter)
data/raw/Coccidiosis/cocci.495.jpg,0,Cluster 0 (Dark soil / concrete)
data/raw/Coccidiosis/cocci.496.jpg,2,Cluster 2 (Reddish-brown litter)
data/raw/Coccidiosis/cocci.497.jpg,0,Cluster 0 (Dark soil / concrete)
data/raw/Coccidiosis/cocci.498.jpg,2,Cluster 2 (Reddish-brown litter)
data/raw/Coccidiosis/cocci.499.jpg,0,Cluster 0 (Dark soil / concrete)
data/raw/Coccidiosis/cocci.5.jpg,1,Cluster 1 (Light wood shavings)
data/raw/Coccidiosis/cocci.50.jpg,2,Cluster 2 (Reddish-brown litter)
data/raw/Coccidiosis/cocci.500.jpg,0,Cluster 0 (Dark soil / concrete)
data/raw/Coccidiosis/cocci.501.jpg,0,Cluster 0 (Dark soil / concrete)
data/raw/Coccidiosis/cocci.502.jpg,2,Cluster 2 (Reddish-brown litter)
data/raw/Coccidiosis/cocci.503.jpg,2,Cluster 2 (Reddish-brown litter)
data/raw/Coccidiosis/cocci.504.jpg,0,Cluster 0 (Dark soil / concrete)
data/raw/Coccidiosis/cocci.505.jpg,2,Cluster 2 (Reddish-brown litter)
data/raw/Coccidiosis/cocci.506.jpg,2,Cluster 2 (Reddish-brown litter)
data/raw/Coccidiosis/cocci.507.jpg,3,Cluster 3 (Mixed straw / pen floor)
data/raw/Coccidiosis/cocci.508.jpg,3,Cluster 3 (Mixed straw / pen floor)
data/raw/Coccidiosis/cocci.509.jpg,1,Cluster 1 (Light wood shavings)
data/raw/Coccidiosis/cocci.51.jpg,2,Cluster 2 (Reddish-brown litter)
data/raw/Coccidiosis/cocci.510.jpg,0,Cluster 0 (Dark soil / concrete)
data/raw/Coccidiosis/cocci.511.jpg,2,Cluster 2 (Reddish-brown litter)
data/raw/Coccidiosis/cocci.512.jpg,3,Cluster 3 (Mixed straw / pen floor)
data/raw/Coccidiosis/cocci.513.jpg,2,Cluster 2 (Reddish-brown litter)
data/raw/Coccidiosis/cocci.514.jpg,2,Cluster 2 (Reddish-brown litter)
data/raw/Coccidiosis/cocci.515.jpg,2,Cluster 2 (Reddish-brown litter)
data/raw/Coccidiosis/cocci.516.jpg,3,Cluster 3 (Mixed straw / pen floor)
data/raw/Coccidiosis/cocci.517.jpg,1,Cluster 1 (Light wood shavings)
data/raw/Coccidiosis/cocci.518.jpg,0,Cluster 0 (Dark soil / concrete)
data/raw/Coccidiosis/cocci.519.jpg,0,Cluster 0 (Dark soil / concrete)
data/raw/Coccidiosis/cocci.52.jpg,3,Cluster 3 (Mixed straw / pen floor)
data/raw/Coccidiosis/cocci.520.jpg,0,Cluster 0 (Dark soil / concrete)
data/raw/Coccidiosis/cocci.521.jpg,0,Cluster 0 (Dark soil / concrete)
data/raw/Coccidiosis/cocci.522.jpg,0,Cluster 0 (Dark soil / concrete)
data/raw/Coccidiosis/cocci.523.jpg,2,Cluster 2 (Reddish-brown litter)
data/raw/Coccidiosis/cocci.524.jpg,0,Cluster 0 (Dark soil / concrete)
data/raw/Coccidiosis/cocci.525.jpg,2,Cluster 2 (Reddish-brown litter)
data/raw/Coccidiosis/cocci.526.jpg,1,Cluster 1 (Light wood shavings)
data/raw/Coccidiosis/cocci.527.jpg,3,Cluster 3 (Mixed straw / pen floor)
data/raw/Coccidiosis/cocci.528.jpg,2,Cluster 2 (Reddish-brown litter)
data/raw/Coccidiosis/cocci.529.jpg,2,Cluster 2 (Reddish-brown litter)
data/raw/Coccidiosis/cocci.53.jpg,0,Cluster 0 (Dark soil / concrete)
data/raw/Coccidiosis/cocci.530.jpg,2,Cluster 2 (Reddish-brown litter)
data/raw/Coccidiosis/cocci.531.jpg,2,Cluster 2 (Reddish-brown litter)
data/raw/Coccidiosis/cocci.532.jpg,2,Cluster 2 (Reddish-brown litter)
data/raw/Coccidiosis/cocci.533.jpg,2,Cluster 2 (Reddish-brown litter)
data/raw/Coccidiosis/cocci.534.jpg,0,Cluster 0 (Dark soil / concrete)
data/raw/Coccidiosis/cocci.535.jpg,2,Cluster 2 (Reddish-brown litter)
data/raw/Coccidiosis/cocci.536.jpg,0,Cluster 0 (Dark soil / concrete)
data/raw/Coccidiosis/cocci.537.jpg,3,Cluster 3 (Mixed straw / pen floor)
data/raw/Coccidiosis/cocci.538.jpg,1,Cluster 1 (Light wood shavings)
data/raw/Coccidiosis/cocci.539.jpg,2,Cluster 2 (Reddish-brown litter)
data/raw/Coccidiosis/cocci.54.jpg,0,Cluster 0 (Dark soil / concrete)
data/raw/Coccidiosis/cocci.540.jpg,2,Cluster 2 (Reddish-brown litter)
data/raw/Coccidiosis/cocci.541.jpg,1,Cluster 1 (Light wood shavings)
data/raw/Coccidiosis/cocci.542.jpg,2,Cluster 2 (Reddish-brown litter)
data/raw/Coccidiosis/cocci.543.jpg,3,Cluster 3 (Mixed straw / pen floor)
data/raw/Coccidiosis/cocci.544.jpg,2,Cluster 2 (Reddish-brown litter)
data/raw/Coccidiosis/cocci.545.jpg,2,Cluster 2 (Reddish-brown litter)
data/raw/Coccidiosis/cocci.546.jpg,2,Cluster 2 (Reddish-brown litter)
data/raw/Coccidiosis/cocci.547.jpg,2,Cluster 2 (Reddish-brown litter)
data/raw/Coccidiosis/cocci.548.jpg,2,Cluster 2 (Reddish-brown litter)
data/raw/Coccidiosis/cocci.549.jpg,2,Cluster 2 (Reddish-brown litter)
data/raw/Coccidiosis/cocci.55.jpg,2,Cluster 2 (Reddish-brown litter)
data/raw/Coccidiosis/cocci.550.jpg,2,Cluster 2 (Reddish-brown litter)
data/raw/Coccidiosis/cocci.551.jpg,2,Cluster 2 (Reddish-brown litter)
data/raw/Coccidiosis/cocci.552.jpg,3,Cluster 3 (Mixed straw / pen floor)
data/raw/Coccidiosis/cocci.553.jpg,0,Cluster 0 (Dark soil / concrete)
data/raw/Coccidiosis/cocci.554.jpg,0,Cluster 0 (Dark soil / concrete)
data/raw/Coccidiosis/cocci.555.jpg,2,Cluster 2 (Reddish-brown litter)
data/raw/Coccidiosis/cocci.556.jpg,3,Cluster 3 (Mixed straw / pen floor)
data/raw/Coccidiosis/cocci.557.jpg,0,Cluster 0 (Dark soil / concrete)
data/raw/Coccidiosis/cocci.558.jpg,0,Cluster 0 (Dark soil / concrete)
data/raw/Coccidiosis/cocci.559.jpg,3,Cluster 3 (Mixed straw / pen floor)
data/raw/Coccidiosis/cocci.56.jpg,2,Cluster 2 (Reddish-brown litter)
data/raw/Coccidiosis/cocci.560.jpg,0,Cluster 0 (Dark soil / concrete)
data/raw/Coccidiosis/cocci.561.jpg,0,Cluster 0 (Dark soil / concrete)
data/raw/Coccidiosis/cocci.562.jpg,2,Cluster 2 (Reddish-brown litter)
data/raw/Coccidiosis/cocci.563.jpg,2,Cluster 2 (Reddish-brown litter)
data/raw/Coccidiosis/cocci.564.jpg,3,Cluster 3 (Mixed straw / pen floor)
data/raw/Coccidiosis/cocci.565.jpg,2,Cluster 2 (Reddish-brown litter)
data/raw/Coccidiosis/cocci.566.jpg,3,Cluster 3 (Mixed straw / pen floor)
data/raw/Coccidiosis/cocci.567.jpg,0,Cluster 0 (Dark soil / concrete)
data/raw/Coccidiosis/cocci.568.jpg,1,Cluster 1 (Light wood shavings)
data/raw/Coccidiosis/cocci.569.jpg,0,Cluster 0 (Dark soil / concrete)
data/raw/Coccidiosis/cocci.57.jpg,2,Cluster 2 (Reddish-brown litter)
data/raw/Coccidiosis/cocci.570.jpg,0,Cluster 0 (Dark soil / concrete)
data/raw/Coccidiosis/cocci.571.jpg,0,Cluster 0 (Dark soil / concrete)
data/raw/Coccidiosis/cocci.572.jpg,0,Cluster 0 (Dark soil / concrete)
data/raw/Coccidiosis/cocci.573.jpg,0,Cluster 0 (Dark soil / concrete)
data/raw/Coccidiosis/cocci.574.jpg,0,Cluster 0 (Dark soil / concrete)
data/raw/Coccidiosis/cocci.575.jpg,0,Cluster 0 (Dark soil / concrete)
data/raw/Coccidiosis/cocci.576.jpg,3,Cluster 3 (Mixed straw / pen floor)
data/raw/Coccidiosis/cocci.577.jpg,0,Cluster 0 (Dark soil / concrete)
data/raw/Coccidiosis/cocci.578.jpg,1,Cluster 1 (Light wood shavings)
data/raw/Coccidiosis/cocci.579.jpg,0,Cluster 0 (Dark soil / concrete)
data/raw/Coccidiosis/cocci.58.jpg,3,Cluster 3 (Mixed straw / pen floor)
data/raw/Coccidiosis/cocci.580.jpg,2,Cluster 2 (Reddish-brown litter)
data/raw/Coccidiosis/cocci.581.jpg,0,Cluster 0 (Dark soil / concrete)
data/raw/Coccidiosis/cocci.582.jpg,0,Cluster 0 (Dark soil / concrete)
data/raw/Coccidiosis/cocci.583.jpg,1,Cluster 1 (Light wood shavings)
data/raw/Coccidiosis/cocci.584.jpg,0,Cluster 0 (Dark soil / concrete)
data/raw/Coccidiosis/cocci.585.jpg,2,Cluster 2 (Reddish-brown litter)
data/raw/Coccidiosis/cocci.586.jpg,0,Cluster 0 (Dark soil / concrete)
data/raw/Coccidiosis/cocci.587.jpg,0,Cluster 0 (Dark soil / concrete)
data/raw/Coccidiosis/cocci.588.jpg,0,Cluster 0 (Dark soil / concrete)
data/raw/Coccidiosis/cocci.589.jpg,2,Cluster 2 (Reddish-brown litter)
data/raw/Coccidiosis/cocci.59.jpg,2,Cluster 2 (Reddish-brown litter)
data/raw/Coccidiosis/cocci.590.jpg,2,Cluster 2 (Reddish-brown litter)
data/raw/Coccidiosis/cocci.591.jpg,0,Cluster 0 (Dark soil / concrete)
data/raw/Coccidiosis/cocci.592.jpg,2,Cluster 2 (Reddish-brown litter)
data/raw/Coccidiosis/cocci.593.jpg,0,Cluster 0 (Dark soil / concrete)
data/raw/Coccidiosis/cocci.594.jpg,0,Cluster 0 (Dark soil / concrete)
data/raw/Coccidiosis/cocci.595.jpg,2,Cluster 2 (Reddish-brown litter)
data/raw/Coccidiosis/cocci.596.jpg,0,Cluster 0 (Dark soil / concrete)
data/raw/Coccidiosis/cocci.597.jpg,2,Cluster 2 (Reddish-brown litter)
data/raw/Coccidiosis/cocci.598.jpg,2,Cluster 2 (Reddish-brown litter)
data/raw/Coccidiosis/cocci.599.jpg,3,Cluster 3 (Mixed straw / pen floor)
data/raw/Coccidiosis/cocci.6.jpg,3,Cluster 3 (Mixed straw / pen floor)
data/raw/Coccidiosis/cocci.60.jpg,2,Cluster 2 (Reddish-brown litter)
data/raw/Coccidiosis/cocci.600.jpg,2,Cluster 2 (Reddish-brown litter)
data/raw/Coccidiosis/cocci.601.jpg,0,Cluster 0 (Dark soil / concrete)
data/raw/Coccidiosis/cocci.602.jpg,2,Cluster 2 (Reddish-brown litter)
data/raw/Coccidiosis/cocci.603.jpg,1,Cluster 1 (Light wood shavings)
data/raw/Coccidiosis/cocci.604.jpg,3,Cluster 3 (Mixed straw / pen floor)
data/raw/Coccidiosis/cocci.605.jpg,0,Cluster 0 (Dark soil / concrete)
data/raw/Coccidiosis/cocci.606.jpg,2,Cluster 2 (Reddish-brown litter)
data/raw/Coccidiosis/cocci.607.jpg,0,Cluster 0 (Dark soil / concrete)
data/raw/Coccidiosis/cocci.608.jpg,0,Cluster 0 (Dark soil / concrete)
data/raw/Coccidiosis/cocci.609.jpg,2,Cluster 2 (Reddish-brown litter)
data/raw/Coccidiosis/cocci.61.jpg,1,Cluster 1 (Light wood shavings)
data/raw/Coccidiosis/cocci.610.jpg,2,Cluster 2 (Reddish-brown litter)
data/raw/Coccidiosis/cocci.611.jpg,2,Cluster 2 (Reddish-brown litter)
data/raw/Coccidiosis/cocci.612.jpg,1,Cluster 1 (Light wood shavings)
data/raw/Coccidiosis/cocci.613.jpg,2,Cluster 2 (Reddish-brown litter)
data/raw/Coccidiosis/cocci.614.jpg,0,Cluster 0 (Dark soil / concrete)
data/raw/Coccidiosis/cocci.615.jpg,2,Cluster 2 (Reddish-brown litter)
data/raw/Coccidiosis/cocci.616.jpg,2,Cluster 2 (Reddish-brown litter)
data/raw/Coccidiosis/cocci.617.jpg,0,Cluster 0 (Dark soil / concrete)
data/raw/Coccidiosis/cocci.618.jpg,2,Cluster 2 (Reddish-brown litter)
data/raw/Coccidiosis/cocci.619.jpg,2,Cluster 2 (Reddish-brown litter)
data/raw/Coccidiosis/cocci.62.jpg,3,Cluster 3 (Mixed straw / pen floor)
data/raw/Coccidiosis/cocci.620.jpg,2,Cluster 2 (Reddish-brown litter)
data/raw/Coccidiosis/cocci.621.jpg,0,Cluster 0 (Dark soil / concrete)
data/raw/Coccidiosis/cocci.622.jpg,1,Cluster 1 (Light wood shavings)
data/raw/Coccidiosis/cocci.623.jpg,0,Cluster 0 (Dark soil / concrete)
data/raw/Coccidiosis/cocci.624.jpg,2,Cluster 2 (Reddish-brown litter)
data/raw/Coccidiosis/cocci.625.jpg,0,Cluster 0 (Dark soil / concrete)
data/raw/Coccidiosis/cocci.626.jpg,0,Cluster 0 (Dark soil / concrete)
data/raw/Coccidiosis/cocci.627.jpg,2,Cluster 2 (Reddish-brown litter)
data/raw/Coccidiosis/cocci.628.jpg,0,Cluster 0 (Dark soil / concrete)
data/raw/Coccidiosis/cocci.629.jpg,1,Cluster 1 (Light wood shavings)
data/raw/Coccidiosis/cocci.63.jpg,0,Cluster 0 (Dark soil / concrete)
data/raw/Coccidiosis/cocci.630.jpg,2,Cluster 2 (Reddish-brown litter)
data/raw/Coccidiosis/cocci.631.jpg,3,Cluster 3 (Mixed straw / pen floor)
data/raw/Coccidiosis/cocci.632.jpg,1,Cluster 1 (Light wood shavings)
data/raw/Coccidiosis/cocci.633.jpg,1,Cluster 1 (Light wood shavings)
data/raw/Coccidiosis/cocci.634.jpg,2,Cluster 2 (Reddish-brown litter)
data/raw/Coccidiosis/cocci.635.jpg,2,Cluster 2 (Reddish-brown litter)
data/raw/Coccidiosis/cocci.636.jpg,0,Cluster 0 (Dark soil / concrete)
data/raw/Coccidiosis/cocci.637.jpg,2,Cluster 2 (Reddish-brown litter)
data/raw/Coccidiosis/cocci.638.jpg,2,Cluster 2 (Reddish-brown litter)
data/raw/Coccidiosis/cocci.639.jpg,2,Cluster 2 (Reddish-brown litter)
data/raw/Coccidiosis/cocci.64.jpg,0,Cluster 0 (Dark soil / concrete)
data/raw/Coccidiosis/cocci.640.jpg,2,Cluster 2 (Reddish-brown litter)
data/raw/Coccidiosis/cocci.641.jpg,1,Cluster 1 (Light wood shavings)
data/raw/Coccidiosis/cocci.642.jpg,2,Cluster 2 (Reddish-brown litter)
data/raw/Coccidiosis/cocci.643.jpg,0,Cluster 0 (Dark soil / concrete)
data/raw/Coccidiosis/cocci.644.jpg,2,Cluster 2 (Reddish-brown litter)
data/raw/Coccidiosis/cocci.645.jpg,2,Cluster 2 (Reddish-brown litter)
data/raw/Coccidiosis/cocci.646.jpg,3,Cluster 3 (Mixed straw / pen floor)
data/raw/Coccidiosis/cocci.647.jpg,0,Cluster 0 (Dark soil / concrete)
data/raw/Coccidiosis/cocci.648.jpg,0,Cluster 0 (Dark soil / concrete)
data/raw/Coccidiosis/cocci.649.jpg,2,Cluster 2 (Reddish-brown litter)
data/raw/Coccidiosis/cocci.65.jpg,2,Cluster 2 (Reddish-brown litter)
data/raw/Coccidiosis/cocci.650.jpg,2,Cluster 2 (Reddish-brown litter)
data/raw/Coccidiosis/cocci.651.jpg,0,Cluster 0 (Dark soil / concrete)
data/raw/Coccidiosis/cocci.652.jpg,1,Cluster 1 (Light wood shavings)
data/raw/Coccidiosis/cocci.653.jpg,0,Cluster 0 (Dark soil / concrete)
data/raw/Coccidiosis/cocci.654.jpg,2,Cluster 2 (Reddish-brown litter)
data/raw/Coccidiosis/cocci.655.jpg,1,Cluster 1 (Light wood shavings)
data/raw/Coccidiosis/cocci.656.jpg,3,Cluster 3 (Mixed straw / pen floor)
data/raw/Coccidiosis/cocci.657.jpg,0,Cluster 0 (Dark soil / concrete)
data/raw/Coccidiosis/cocci.658.jpg,0,Cluster 0 (Dark soil / concrete)
data/raw/Coccidiosis/cocci.659.jpg,2,Cluster 2 (Reddish-brown litter)
data/raw/Coccidiosis/cocci.66.jpg,3,Cluster 3 (Mixed straw / pen floor)
data/raw/Coccidiosis/cocci.660.jpg,2,Cluster 2 (Reddish-brown litter)
data/raw/Coccidiosis/cocci.661.jpg,0,Cluster 0 (Dark soil / concrete)
data/raw/Coccidiosis/cocci.662.jpg,3,Cluster 3 (Mixed straw / pen floor)
data/raw/Coccidiosis/cocci.663.jpg,2,Cluster 2 (Reddish-brown litter)
data/raw/Coccidiosis/cocci.664.jpg,2,Cluster 2 (Reddish-brown litter)
data/raw/Coccidiosis/cocci.665.jpg,0,Cluster 0 (Dark soil / concrete)
data/raw/Coccidiosis/cocci.666.jpg,2,Cluster 2 (Reddish-brown litter)
data/raw/Coccidiosis/cocci.667.jpg,2,Cluster 2 (Reddish-brown litter)
data/raw/Coccidiosis/cocci.668.jpg,2,Cluster 2 (Reddish-brown litter)
data/raw/Coccidiosis/cocci.669.jpg,2,Cluster 2 (Reddish-brown litter)
data/raw/Coccidiosis/cocci.67.jpg,2,Cluster 2 (Reddish-brown litter)
data/raw/Coccidiosis/cocci.670.jpg,2,Cluster 2 (Reddish-brown litter)
data/raw/Coccidiosis/cocci.671.jpg,2,Cluster 2 (Reddish-brown litter)
data/raw/Coccidiosis/cocci.672.jpg,0,Cluster 0 (Dark soil / concrete)
data/raw/Coccidiosis/cocci.673.jpg,2,Cluster 2 (Reddish-brown litter)
data/raw/Coccidiosis/cocci.674.jpg,1,Cluster 1 (Light wood shavings)
data/raw/Coccidiosis/cocci.675.jpg,3,Cluster 3 (Mixed straw / pen floor)
data/raw/Coccidiosis/cocci.676.jpg,3,Cluster 3 (Mixed straw / pen floor)
data/raw/Coccidiosis/cocci.677.jpg,2,Cluster 2 (Reddish-brown litter)
data/raw/Coccidiosis/cocci.678.jpg,2,Cluster 2 (Reddish-brown litter)
data/raw/Coccidiosis/cocci.679.jpg,0,Cluster 0 (Dark soil / concrete)
data/raw/Coccidiosis/cocci.68.jpg,0,Cluster 0 (Dark soil / concrete)
data/raw/Coccidiosis/cocci.680.jpg,2,Cluster 2 (Reddish-brown litter)
data/raw/Coccidiosis/cocci.681.jpg,0,Cluster 0 (Dark soil / concrete)
data/raw/Coccidiosis/cocci.682.jpg,2,Cluster 2 (Reddish-brown litter)
data/raw/Coccidiosis/cocci.683.jpg,0,Cluster 0 (Dark soil / concrete)
data/raw/Coccidiosis/cocci.684.jpg,3,Cluster 3 (Mixed straw / pen floor)
data/raw/Coccidiosis/cocci.685.jpg,2,Cluster 2 (Reddish-brown litter)
data/raw/Coccidiosis/cocci.686.jpg,0,Cluster 0 (Dark soil / concrete)
data/raw/Coccidiosis/cocci.687.jpg,2,Cluster 2 (Reddish-brown litter)
data/raw/Coccidiosis/cocci.688.jpg,0,Cluster 0 (Dark soil / concrete)
data/raw/Coccidiosis/cocci.689.jpg,0,Cluster 0 (Dark soil / concrete)
data/raw/Coccidiosis/cocci.69.jpg,0,Cluster 0 (Dark soil / concrete)
data/raw/Coccidiosis/cocci.690.jpg,1,Cluster 1 (Light wood shavings)
data/raw/Coccidiosis/cocci.691.jpg,0,Cluster 0 (Dark soil / concrete)
data/raw/Coccidiosis/cocci.692.jpg,0,Cluster 0 (Dark soil / concrete)
data/raw/Coccidiosis/cocci.693.jpg,0,Cluster 0 (Dark soil / concrete)
data/raw/Coccidiosis/cocci.694.jpg,0,Cluster 0 (Dark soil / concrete)
data/raw/Coccidiosis/cocci.695.jpg,2,Cluster 2 (Reddish-brown litter)
data/raw/Coccidiosis/cocci.696.jpg,2,Cluster 2 (Reddish-brown litter)
data/raw/Coccidiosis/cocci.697.jpg,0,Cluster 0 (Dark soil / concrete)
data/raw/Coccidiosis/cocci.698.jpg,2,Cluster 2 (Reddish-brown litter)
data/raw/Coccidiosis/cocci.699.jpg,0,Cluster 0 (Dark soil / concrete)
data/raw/Coccidiosis/cocci.7.jpg,0,Cluster 0 (Dark soil / concrete)
data/raw/Coccidiosis/cocci.70.jpg,2,Cluster 2 (Reddish-brown litter)
data/raw/Coccidiosis/cocci.700.jpg,2,Cluster 2 (Reddish-brown litter)
data/raw/Coccidiosis/cocci.701.jpg,0,Cluster 0 (Dark soil / concrete)
data/raw/Coccidiosis/cocci.702.jpg,3,Cluster 3 (Mixed straw / pen floor)
data/raw/Coccidiosis/cocci.703.jpg,2,Cluster 2 (Reddish-brown litter)
data/raw/Coccidiosis/cocci.704.jpg,2,Cluster 2 (Reddish-brown litter)
data/raw/Coccidiosis/cocci.705.jpg,2,Cluster 2 (Reddish-brown litter)
data/raw/Coccidiosis/cocci.706.jpg,2,Cluster 2 (Reddish-brown litter)
data/raw/Coccidiosis/cocci.707.jpg,1,Cluster 1 (Light wood shavings)
data/raw/Coccidiosis/cocci.708.jpg,2,Cluster 2 (Reddish-brown litter)
data/raw/Coccidiosis/cocci.709.jpg,2,Cluster 2 (Reddish-brown litter)
data/raw/Coccidiosis/cocci.71.jpg,0,Cluster 0 (Dark soil / concrete)
data/raw/Coccidiosis/cocci.710.jpg,2,Cluster 2 (Reddish-brown litter)
data/raw/Coccidiosis/cocci.711.jpg,3,Cluster 3 (Mixed straw / pen floor)
data/raw/Coccidiosis/cocci.712.jpg,2,Cluster 2 (Reddish-brown litter)
data/raw/Coccidiosis/cocci.713.jpg,2,Cluster 2 (Reddish-brown litter)
data/raw/Coccidiosis/cocci.714.jpg,3,Cluster 3 (Mixed straw / pen floor)
data/raw/Coccidiosis/cocci.715.jpg,1,Cluster 1 (Light wood shavings)
data/raw/Coccidiosis/cocci.716.jpg,2,Cluster 2 (Reddish-brown litter)
data/raw/Coccidiosis/cocci.717.jpg,2,Cluster 2 (Reddish-brown litter)
data/raw/Coccidiosis/cocci.718.jpg,2,Cluster 2 (Reddish-brown litter)
data/raw/Coccidiosis/cocci.719.jpg,3,Cluster 3 (Mixed straw / pen floor)
data/raw/Coccidiosis/cocci.72.jpg,0,Cluster 0 (Dark soil / concrete)
data/raw/Coccidiosis/cocci.720.jpg,0,Cluster 0 (Dark soil / concrete)
data/raw/Coccidiosis/cocci.721.jpg,0,Cluster 0 (Dark soil / concrete)
data/raw/Coccidiosis/cocci.722.jpg,2,Cluster 2 (Reddish-brown litter)
data/raw/Coccidiosis/cocci.723.jpg,2,Cluster 2 (Reddish-brown litter)
data/raw/Coccidiosis/cocci.724.jpg,0,Cluster 0 (Dark soil / concrete)
data/raw/Coccidiosis/cocci.725.jpg,3,Cluster 3 (Mixed straw / pen floor)
data/raw/Coccidiosis/cocci.726.jpg,0,Cluster 0 (Dark soil / concrete)
data/raw/Coccidiosis/cocci.727.jpg,2,Cluster 2 (Reddish-brown litter)
data/raw/Coccidiosis/cocci.728.jpg,2,Cluster 2 (Reddish-brown litter)
data/raw/Coccidiosis/cocci.729.jpg,2,Cluster 2 (Reddish-brown litter)
data/raw/Coccidiosis/cocci.73.jpg,0,Cluster 0 (Dark soil / concrete)
data/raw/Coccidiosis/cocci.730.jpg,1,Cluster 1 (Light wood shavings)
data/raw/Coccidiosis/cocci.731.jpg,2,Cluster 2 (Reddish-brown litter)
data/raw/Coccidiosis/cocci.732.jpg,0,Cluster 0 (Dark soil / concrete)
data/raw/Coccidiosis/cocci.733.jpg,2,Cluster 2 (Reddish-brown litter)
data/raw/Coccidiosis/cocci.734.jpg,2,Cluster 2 (Reddish-brown litter)
data/raw/Coccidiosis/cocci.735.jpg,2,Cluster 2 (Reddish-brown litter)
data/raw/Coccidiosis/cocci.736.jpg,2,Cluster 2 (Reddish-brown litter)
data/raw/Coccidiosis/cocci.737.jpg,0,Cluster 0 (Dark soil / concrete)
data/raw/Coccidiosis/cocci.738.jpg,1,Cluster 1 (Light wood shavings)
data/raw/Coccidiosis/cocci.739.jpg,2,Cluster 2 (Reddish-brown litter)
data/raw/Coccidiosis/cocci.74.jpg,1,Cluster 1 (Light wood shavings)
data/raw/Coccidiosis/cocci.740.jpg,0,Cluster 0 (Dark soil / concrete)
data/raw/Coccidiosis/cocci.741.jpg,0,Cluster 0 (Dark soil / concrete)
data/raw/Coccidiosis/cocci.742.jpg,3,Cluster 3 (Mixed straw / pen floor)
data/raw/Coccidiosis/cocci.743.jpg,2,Cluster 2 (Reddish-brown litter)
data/raw/Coccidiosis/cocci.744.jpg,0,Cluster 0 (Dark soil / concrete)
data/raw/Coccidiosis/cocci.745.jpg,2,Cluster 2 (Reddish-brown litter)
data/raw/Coccidiosis/cocci.746.jpg,2,Cluster 2 (Reddish-brown litter)
data/raw/Coccidiosis/cocci.747.jpg,0,Cluster 0 (Dark soil / concrete)
data/raw/Coccidiosis/cocci.748.jpg,2,Cluster 2 (Reddish-brown litter)
data/raw/Coccidiosis/cocci.749.jpg,2,Cluster 2 (Reddish-brown litter)
data/raw/Coccidiosis/cocci.75.jpg,2,Cluster 2 (Reddish-brown litter)
data/raw/Coccidiosis/cocci.750.jpg,2,Cluster 2 (Reddish-brown litter)
data/raw/Coccidiosis/cocci.751.jpg,2,Cluster 2 (Reddish-brown litter)
data/raw/Coccidiosis/cocci.752.jpg,0,Cluster 0 (Dark soil / concrete)
data/raw/Coccidiosis/cocci.753.jpg,1,Cluster 1 (Light wood shavings)
data/raw/Coccidiosis/cocci.754.jpg,2,Cluster 2 (Reddish-brown litter)
data/raw/Coccidiosis/cocci.755.jpg,0,Cluster 0 (Dark soil / concrete)
data/raw/Coccidiosis/cocci.756.jpg,2,Cluster 2 (Reddish-brown litter)
data/raw/Coccidiosis/cocci.757.jpg,2,Cluster 2 (Reddish-brown litter)
data/raw/Coccidiosis/cocci.758.jpg,2,Cluster 2 (Reddish-brown litter)
data/raw/Coccidiosis/cocci.759.jpg,2,Cluster 2 (Reddish-brown litter)
data/raw/Coccidiosis/cocci.76.jpg,2,Cluster 2 (Reddish-brown litter)
data/raw/Coccidiosis/cocci.760.jpg,2,Cluster 2 (Reddish-brown litter)
data/raw/Coccidiosis/cocci.761.jpg,0,Cluster 0 (Dark soil / concrete)
data/raw/Coccidiosis/cocci.762.jpg,0,Cluster 0 (Dark soil / concrete)
data/raw/Coccidiosis/cocci.763.jpg,2,Cluster 2 (Reddish-brown litter)
data/raw/Coccidiosis/cocci.764.jpg,0,Cluster 0 (Dark soil / concrete)
data/raw/Coccidiosis/cocci.765.jpg,2,Cluster 2 (Reddish-brown litter)
data/raw/Coccidiosis/cocci.766.jpg,3,Cluster 3 (Mixed straw / pen floor)
data/raw/Coccidiosis/cocci.767.jpg,2,Cluster 2 (Reddish-brown litter)
data/raw/Coccidiosis/cocci.768.jpg,2,Cluster 2 (Reddish-brown litter)
data/raw/Coccidiosis/cocci.769.jpg,2,Cluster 2 (Reddish-brown litter)
data/raw/Coccidiosis/cocci.77.jpg,2,Cluster 2 (Reddish-brown litter)
data/raw/Coccidiosis/cocci.770.jpg,2,Cluster 2 (Reddish-brown litter)
data/raw/Coccidiosis/cocci.771.jpg,0,Cluster 0 (Dark soil / concrete)
data/raw/Coccidiosis/cocci.772.jpg,2,Cluster 2 (Reddish-brown litter)
data/raw/Coccidiosis/cocci.773.jpg,2,Cluster 2 (Reddish-brown litter)
data/raw/Coccidiosis/cocci.774.jpg,0,Cluster 0 (Dark soil / concrete)
data/raw/Coccidiosis/cocci.775.jpg,2,Cluster 2 (Reddish-brown litter)
data/raw/Coccidiosis/cocci.776.jpg,0,Cluster 0 (Dark soil / concrete)
data/raw/Coccidiosis/cocci.777.jpg,1,Cluster 1 (Light wood shavings)
data/raw/Coccidiosis/cocci.778.jpg,0,Cluster 0 (Dark soil / concrete)
data/raw/Coccidiosis/cocci.779.jpg,2,Cluster 2 (Reddish-brown litter)
data/raw/Coccidiosis/cocci.78.jpg,2,Cluster 2 (Reddish-brown litter)
data/raw/Coccidiosis/cocci.780.jpg,0,Cluster 0 (Dark soil / concrete)
data/raw/Coccidiosis/cocci.781.jpg,0,Cluster 0 (Dark soil / concrete)
data/raw/Coccidiosis/cocci.782.jpg,0,Cluster 0 (Dark soil / concrete)
data/raw/Coccidiosis/cocci.783.jpg,2,Cluster 2 (Reddish-brown litter)
data/raw/Coccidiosis/cocci.784.jpg,2,Cluster 2 (Reddish-brown litter)
data/raw/Coccidiosis/cocci.785.jpg,2,Cluster 2 (Reddish-brown litter)
data/raw/Coccidiosis/cocci.786.jpg,0,Cluster 0 (Dark soil / concrete)
data/raw/Coccidiosis/cocci.787.jpg,2,Cluster 2 (Reddish-brown litter)
data/raw/Coccidiosis/cocci.788.jpg,2,Cluster 2 (Reddish-brown litter)
data/raw/Coccidiosis/cocci.789.jpg,0,Cluster 0 (Dark soil / concrete)
data/raw/Coccidiosis/cocci.79.jpg,0,Cluster 0 (Dark soil / concrete)
data/raw/Coccidiosis/cocci.790.jpg,1,Cluster 1 (Light wood shavings)
data/raw/Coccidiosis/cocci.791.jpg,2,Cluster 2 (Reddish-brown litter)
data/raw/Coccidiosis/cocci.792.jpg,0,Cluster 0 (Dark soil / concrete)
data/raw/Coccidiosis/cocci.793.jpg,2,Cluster 2 (Reddish-brown litter)
data/raw/Coccidiosis/cocci.794.jpg,0,Cluster 0 (Dark soil / concrete)
data/raw/Coccidiosis/cocci.795.jpg,1,Cluster 1 (Light wood shavings)
data/raw/Coccidiosis/cocci.796.jpg,2,Cluster 2 (Reddish-brown litter)
data/raw/Coccidiosis/cocci.797.jpg,0,Cluster 0 (Dark soil / concrete)
data/raw/Coccidiosis/cocci.798.jpg,2,Cluster 2 (Reddish-brown litter)
data/raw/Coccidiosis/cocci.799.jpg,0,Cluster 0 (Dark soil / concrete)
data/raw/Coccidiosis/cocci.8.jpg,2,Cluster 2 (Reddish-brown litter)
data/raw/Coccidiosis/cocci.80.jpg,0,Cluster 0 (Dark soil / concrete)
data/raw/Coccidiosis/cocci.800.jpg,2,Cluster 2 (Reddish-brown litter)
data/raw/Coccidiosis/cocci.801.jpg,2,Cluster 2 (Reddish-brown litter)
data/raw/Coccidiosis/cocci.802.jpg,2,Cluster 2 (Reddish-brown litter)
data/raw/Coccidiosis/cocci.803.jpg,0,Cluster 0 (Dark soil / concrete)
data/raw/Coccidiosis/cocci.804.jpg,1,Cluster 1 (Light wood shavings)
data/raw/Coccidiosis/cocci.805.jpg,2,Cluster 2 (Reddish-brown litter)
data/raw/Coccidiosis/cocci.806.jpg,2,Cluster 2 (Reddish-brown litter)
data/raw/Coccidiosis/cocci.807.jpg,3,Cluster 3 (Mixed straw / pen floor)
data/raw/Coccidiosis/cocci.808.jpg,0,Cluster 0 (Dark soil / concrete)
data/raw/Coccidiosis/cocci.809.jpg,2,Cluster 2 (Reddish-brown litter)
data/raw/Coccidiosis/cocci.81.jpg,2,Cluster 2 (Reddish-brown litter)
data/raw/Coccidiosis/cocci.810.jpg,2,Cluster 2 (Reddish-brown litter)
data/raw/Coccidiosis/cocci.811.jpg,3,Cluster 3 (Mixed straw / pen floor)
data/raw/Coccidiosis/cocci.812.jpg,1,Cluster 1 (Light wood shavings)
data/raw/Coccidiosis/cocci.813.jpg,2,Cluster 2 (Reddish-brown litter)
data/raw/Coccidiosis/cocci.814.jpg,3,Cluster 3 (Mixed straw / pen floor)
data/raw/Coccidiosis/cocci.815.jpg,2,Cluster 2 (Reddish-brown litter)
data/raw/Coccidiosis/cocci.816.jpg,2,Cluster 2 (Reddish-brown litter)
data/raw/Coccidiosis/cocci.817.jpg,2,Cluster 2 (Reddish-brown litter)
data/raw/Coccidiosis/cocci.818.jpg,2,Cluster 2 (Reddish-brown litter)
data/raw/Coccidiosis/cocci.819.jpg,2,Cluster 2 (Reddish-brown litter)
data/raw/Coccidiosis/cocci.82.jpg,2,Cluster 2 (Reddish-brown litter)
data/raw/Coccidiosis/cocci.820.jpg,0,Cluster 0 (Dark soil / concrete)
data/raw/Coccidiosis/cocci.821.jpg,0,Cluster 0 (Dark soil / concrete)
data/raw/Coccidiosis/cocci.822.jpg,3,Cluster 3 (Mixed straw / pen floor)
data/raw/Coccidiosis/cocci.823.jpg,2,Cluster 2 (Reddish-brown litter)
data/raw/Coccidiosis/cocci.824.jpg,2,Cluster 2 (Reddish-brown litter)
data/raw/Coccidiosis/cocci.825.jpg,2,Cluster 2 (Reddish-brown litter)
data/raw/Coccidiosis/cocci.826.jpg,0,Cluster 0 (Dark soil / concrete)
data/raw/Coccidiosis/cocci.827.jpg,0,Cluster 0 (Dark soil / concrete)
data/raw/Coccidiosis/cocci.828.jpg,2,Cluster 2 (Reddish-brown litter)
data/raw/Coccidiosis/cocci.829.jpg,2,Cluster 2 (Reddish-brown litter)
data/raw/Coccidiosis/cocci.83.jpg,2,Cluster 2 (Reddish-brown litter)
data/raw/Coccidiosis/cocci.830.jpg,0,Cluster 0 (Dark soil / concrete)
data/raw/Coccidiosis/cocci.831.jpg,2,Cluster 2 (Reddish-brown litter)
data/raw/Coccidiosis/cocci.832.jpg,0,Cluster 0 (Dark soil / concrete)
data/raw/Coccidiosis/cocci.833.jpg,2,Cluster 2 (Reddish-brown litter)
data/raw/Coccidiosis/cocci.834.jpg,2,Cluster 2 (Reddish-brown litter)
data/raw/Coccidiosis/cocci.835.jpg,0,Cluster 0 (Dark soil / concrete)
data/raw/Coccidiosis/cocci.836.jpg,0,Cluster 0 (Dark soil / concrete)
data/raw/Coccidiosis/cocci.837.jpg,0,Cluster 0 (Dark soil / concrete)
data/raw/Coccidiosis/cocci.838.jpg,2,Cluster 2 (Reddish-brown litter)
data/raw/Coccidiosis/cocci.839.jpg,0,Cluster 0 (Dark soil / concrete)
data/raw/Coccidiosis/cocci.84.jpg,0,Cluster 0 (Dark soil / concrete)
data/raw/Coccidiosis/cocci.840.jpg,0,Cluster 0 (Dark soil / concrete)
data/raw/Coccidiosis/cocci.841.jpg,0,Cluster 0 (Dark soil / concrete)
data/raw/Coccidiosis/cocci.842.jpg,2,Cluster 2 (Reddish-brown litter)
data/raw/Coccidiosis/cocci.843.jpg,0,Cluster 0 (Dark soil / concrete)
data/raw/Coccidiosis/cocci.844.jpg,0,Cluster 0 (Dark soil / concrete)
data/raw/Coccidiosis/cocci.845.jpg,3,Cluster 3 (Mixed straw / pen floor)
data/raw/Coccidiosis/cocci.846.jpg,0,Cluster 0 (Dark soil / concrete)
data/raw/Coccidiosis/cocci.847.jpg,2,Cluster 2 (Reddish-brown litter)
data/raw/Coccidiosis/cocci.848.jpg,2,Cluster 2 (Reddish-brown litter)
data/raw/Coccidiosis/cocci.849.jpg,1,Cluster 1 (Light wood shavings)
data/raw/Coccidiosis/cocci.85.jpg,0,Cluster 0 (Dark soil / concrete)
data/raw/Coccidiosis/cocci.850.jpg,2,Cluster 2 (Reddish-brown litter)
data/raw/Coccidiosis/cocci.851.jpg,0,Cluster 0 (Dark soil / concrete)
data/raw/Coccidiosis/cocci.852.jpg,3,Cluster 3 (Mixed straw / pen floor)
data/raw/Coccidiosis/cocci.853.jpg,3,Cluster 3 (Mixed straw / pen floor)
data/raw/Coccidiosis/cocci.854.jpg,2,Cluster 2 (Reddish-brown litter)
data/raw/Coccidiosis/cocci.855.jpg,0,Cluster 0 (Dark soil / concrete)
data/raw/Coccidiosis/cocci.856.jpg,2,Cluster 2 (Reddish-brown litter)
data/raw/Coccidiosis/cocci.857.jpg,0,Cluster 0 (Dark soil / concrete)
data/raw/Coccidiosis/cocci.858.jpg,0,Cluster 0 (Dark soil / concrete)
data/raw/Coccidiosis/cocci.859.jpg,0,Cluster 0 (Dark soil / concrete)
data/raw/Coccidiosis/cocci.86.jpg,0,Cluster 0 (Dark soil / concrete)
data/raw/Coccidiosis/cocci.860.jpg,2,Cluster 2 (Reddish-brown litter)
data/raw/Coccidiosis/cocci.861.jpg,1,Cluster 1 (Light wood shavings)
data/raw/Coccidiosis/cocci.862.jpg,0,Cluster 0 (Dark soil / concrete)
data/raw/Coccidiosis/cocci.863.jpg,1,Cluster 1 (Light wood shavings)
data/raw/Coccidiosis/cocci.864.jpg,2,Cluster 2 (Reddish-brown litter)
data/raw/Coccidiosis/cocci.865.jpg,0,Cluster 0 (Dark soil / concrete)
data/raw/Coccidiosis/cocci.866.jpg,2,Cluster 2 (Reddish-brown litter)
data/raw/Coccidiosis/cocci.867.jpg,2,Cluster 2 (Reddish-brown litter)
data/raw/Coccidiosis/cocci.868.jpg,1,Cluster 1 (Light wood shavings)
data/raw/Coccidiosis/cocci.869.jpg,0,Cluster 0 (Dark soil / concrete)
data/raw/Coccidiosis/cocci.87.jpg,2,Cluster 2 (Reddish-brown litter)
data/raw/Coccidiosis/cocci.870.jpg,0,Cluster 0 (Dark soil / concrete)
data/raw/Coccidiosis/cocci.871.jpg,2,Cluster 2 (Reddish-brown litter)
data/raw/Coccidiosis/cocci.872.jpg,2,Cluster 2 (Reddish-brown litter)
data/raw/Coccidiosis/cocci.873.jpg,0,Cluster 0 (Dark soil / concrete)
data/raw/Coccidiosis/cocci.874.jpg,2,Cluster 2 (Reddish-brown litter)
data/raw/Coccidiosis/cocci.875.jpg,0,Cluster 0 (Dark soil / concrete)
data/raw/Coccidiosis/cocci.876.jpg,0,Cluster 0 (Dark soil / concrete)
data/raw/Coccidiosis/cocci.877.jpg,0,Cluster 0 (Dark soil / concrete)
data/raw/Coccidiosis/cocci.878.jpg,0,Cluster 0 (Dark soil / concrete)
data/raw/Coccidiosis/cocci.879.jpg,2,Cluster 2 (Reddish-brown litter)
data/raw/Coccidiosis/cocci.88.jpg,0,Cluster 0 (Dark soil / concrete)
data/raw/Coccidiosis/cocci.880.jpg,2,Cluster 2 (Reddish-brown litter)
data/raw/Coccidiosis/cocci.881.jpg,2,Cluster 2 (Reddish-brown litter)
data/raw/Coccidiosis/cocci.882.jpg,0,Cluster 0 (Dark soil / concrete)
data/raw/Coccidiosis/cocci.883.jpg,1,Cluster 1 (Light wood shavings)
data/raw/Coccidiosis/cocci.884.jpg,0,Cluster 0 (Dark soil / concrete)
data/raw/Coccidiosis/cocci.885.jpg,2,Cluster 2 (Reddish-brown litter)
data/raw/Coccidiosis/cocci.886.jpg,2,Cluster 2 (Reddish-brown litter)
data/raw/Coccidiosis/cocci.887.jpg,2,Cluster 2 (Reddish-brown litter)
data/raw/Coccidiosis/cocci.888.jpg,3,Cluster 3 (Mixed straw / pen floor)
data/raw/Coccidiosis/cocci.889.jpg,2,Cluster 2 (Reddish-brown litter)
data/raw/Coccidiosis/cocci.89.jpg,2,Cluster 2 (Reddish-brown litter)
data/raw/Coccidiosis/cocci.890.jpg,2,Cluster 2 (Reddish-brown litter)
data/raw/Coccidiosis/cocci.891.jpg,2,Cluster 2 (Reddish-brown litter)
data/raw/Coccidiosis/cocci.892.jpg,0,Cluster 0 (Dark soil / concrete)
data/raw/Coccidiosis/cocci.893.jpg,0,Cluster 0 (Dark soil / concrete)
data/raw/Coccidiosis/cocci.894.jpg,1,Cluster 1 (Light wood shavings)
data/raw/Coccidiosis/cocci.895.jpg,1,Cluster 1 (Light wood shavings)
data/raw/Coccidiosis/cocci.896.jpg,1,Cluster 1 (Light wood shavings)
data/raw/Coccidiosis/cocci.897.jpg,0,Cluster 0 (Dark soil / concrete)
data/raw/Coccidiosis/cocci.898.jpg,2,Cluster 2 (Reddish-brown litter)
data/raw/Coccidiosis/cocci.899.jpg,3,Cluster 3 (Mixed straw / pen floor)
data/raw/Coccidiosis/cocci.9.jpg,3,Cluster 3 (Mixed straw / pen floor)
data/raw/Coccidiosis/cocci.90.jpg,0,Cluster 0 (Dark soil / concrete)
data/raw/Coccidiosis/cocci.900.jpg,0,Cluster 0 (Dark soil / concrete)
data/raw/Coccidiosis/cocci.901.jpg,0,Cluster 0 (Dark soil / concrete)
data/raw/Coccidiosis/cocci.902.jpg,0,Cluster 0 (Dark soil / concrete)
data/raw/Coccidiosis/cocci.903.jpg,2,Cluster 2 (Reddish-brown litter)
data/raw/Coccidiosis/cocci.904.jpg,2,Cluster 2 (Reddish-brown litter)
data/raw/Coccidiosis/cocci.905.jpg,0,Cluster 0 (Dark soil / concrete)
data/raw/Coccidiosis/cocci.906.jpg,3,Cluster 3 (Mixed straw / pen floor)
data/raw/Coccidiosis/cocci.907.jpg,2,Cluster 2 (Reddish-brown litter)
data/raw/Coccidiosis/cocci.908.jpg,0,Cluster 0 (Dark soil / concrete)
data/raw/Coccidiosis/cocci.909.jpg,2,Cluster 2 (Reddish-brown litter)
data/raw/Coccidiosis/cocci.91.jpg,0,Cluster 0 (Dark soil / concrete)
data/raw/Coccidiosis/cocci.910.jpg,0,Cluster 0 (Dark soil / concrete)
data/raw/Coccidiosis/cocci.911.jpg,0,Cluster 0 (Dark soil / concrete)
data/raw/Coccidiosis/cocci.912.jpg,0,Cluster 0 (Dark soil / concrete)
data/raw/Coccidiosis/cocci.913.jpg,1,Cluster 1 (Light wood shavings)
data/raw/Coccidiosis/cocci.914.jpg,2,Cluster 2 (Reddish-brown litter)
data/raw/Coccidiosis/cocci.915.jpg,3,Cluster 3 (Mixed straw / pen floor)
data/raw/Coccidiosis/cocci.916.jpg,2,Cluster 2 (Reddish-brown litter)
data/raw/Coccidiosis/cocci.917.jpg,0,Cluster 0 (Dark soil / concrete)
data/raw/Coccidiosis/cocci.918.jpg,2,Cluster 2 (Reddish-brown litter)
data/raw/Coccidiosis/cocci.919.jpg,0,Cluster 0 (Dark soil / concrete)
data/raw/Coccidiosis/cocci.92.jpg,0,Cluster 0 (Dark soil / concrete)
data/raw/Coccidiosis/cocci.920.jpg,0,Cluster 0 (Dark soil / concrete)
data/raw/Coccidiosis/cocci.921.jpg,2,Cluster 2 (Reddish-brown litter)
data/raw/Coccidiosis/cocci.922.jpg,2,Cluster 2 (Reddish-brown litter)
data/raw/Coccidiosis/cocci.923.jpg,2,Cluster 2 (Reddish-brown litter)
data/raw/Coccidiosis/cocci.924.jpg,2,Cluster 2 (Reddish-brown litter)
data/raw/Coccidiosis/cocci.925.jpg,0,Cluster 0 (Dark soil / concrete)
data/raw/Coccidiosis/cocci.926.jpg,1,Cluster 1 (Light wood shavings)
data/raw/Coccidiosis/cocci.927.jpg,1,Cluster 1 (Light wood shavings)
data/raw/Coccidiosis/cocci.928.jpg,1,Cluster 1 (Light wood shavings)
data/raw/Coccidiosis/cocci.929.jpg,2,Cluster 2 (Reddish-brown litter)
data/raw/Coccidiosis/cocci.93.jpg,0,Cluster 0 (Dark soil / concrete)
data/raw/Coccidiosis/cocci.930.jpg,3,Cluster 3 (Mixed straw / pen floor)
data/raw/Coccidiosis/cocci.931.jpg,2,Cluster 2 (Reddish-brown litter)
data/raw/Coccidiosis/cocci.932.jpg,2,Cluster 2 (Reddish-brown litter)
data/raw/Coccidiosis/cocci.933.jpg,0,Cluster 0 (Dark soil / concrete)
data/raw/Coccidiosis/cocci.934.jpg,0,Cluster 0 (Dark soil / concrete)
data/raw/Coccidiosis/cocci.935.jpg,0,Cluster 0 (Dark soil / concrete)
data/raw/Coccidiosis/cocci.936.jpg,2,Cluster 2 (Reddish-brown litter)
data/raw/Coccidiosis/cocci.937.jpg,0,Cluster 0 (Dark soil / concrete)
data/raw/Coccidiosis/cocci.938.jpg,2,Cluster 2 (Reddish-brown litter)
data/raw/Coccidiosis/cocci.939.jpg,2,Cluster 2 (Reddish-brown litter)
data/raw/Coccidiosis/cocci.94.jpg,3,Cluster 3 (Mixed straw / pen floor)
data/raw/Coccidiosis/cocci.940.jpg,0,Cluster 0 (Dark soil / concrete)
data/raw/Coccidiosis/cocci.941.jpg,1,Cluster 1 (Light wood shavings)
data/raw/Coccidiosis/cocci.942.jpg,3,Cluster 3 (Mixed straw / pen floor)
data/raw/Coccidiosis/cocci.943.jpg,2,Cluster 2 (Reddish-brown litter)
data/raw/Coccidiosis/cocci.944.jpg,1,Cluster 1 (Light wood shavings)
data/raw/Coccidiosis/cocci.945.jpg,3,Cluster 3 (Mixed straw / pen floor)
data/raw/Coccidiosis/cocci.946.jpg,0,Cluster 0 (Dark soil / concrete)
data/raw/Coccidiosis/cocci.947.jpg,0,Cluster 0 (Dark soil / concrete)
data/raw/Coccidiosis/cocci.948.jpg,2,Cluster 2 (Reddish-brown litter)
data/raw/Coccidiosis/cocci.949.jpg,2,Cluster 2 (Reddish-brown litter)
data/raw/Coccidiosis/cocci.95.jpg,2,Cluster 2 (Reddish-brown litter)
data/raw/Coccidiosis/cocci.950.jpg,0,Cluster 0 (Dark soil / concrete)
data/raw/Coccidiosis/cocci.951.jpg,0,Cluster 0 (Dark soil / concrete)
data/raw/Coccidiosis/cocci.952.jpg,0,Cluster 0 (Dark soil / concrete)
data/raw/Coccidiosis/cocci.953.jpg,1,Cluster 1 (Light wood shavings)
data/raw/Coccidiosis/cocci.954.jpg,0,Cluster 0 (Dark soil / concrete)
data/raw/Coccidiosis/cocci.955.jpg,0,Cluster 0 (Dark soil / concrete)
data/raw/Coccidiosis/cocci.956.jpg,0,Cluster 0 (Dark soil / concrete)
data/raw/Coccidiosis/cocci.957.jpg,1,Cluster 1 (Light wood shavings)
data/raw/Coccidiosis/cocci.958.jpg,0,Cluster 0 (Dark soil / concrete)
data/raw/Coccidiosis/cocci.959.jpg,2,Cluster 2 (Reddish-brown litter)
data/raw/Coccidiosis/cocci.96.jpg,1,Cluster 1 (Light wood shavings)
data/raw/Coccidiosis/cocci.960.jpg,3,Cluster 3 (Mixed straw / pen floor)
data/raw/Coccidiosis/cocci.961.jpg,0,Cluster 0 (Dark soil / concrete)
data/raw/Coccidiosis/cocci.962.jpg,2,Cluster 2 (Reddish-brown litter)
data/raw/Coccidiosis/cocci.963.jpg,2,Cluster 2 (Reddish-brown litter)
data/raw/Coccidiosis/cocci.964.jpg,2,Cluster 2 (Reddish-brown litter)
data/raw/Coccidiosis/cocci.965.jpg,0,Cluster 0 (Dark soil / concrete)
data/raw/Coccidiosis/cocci.966.jpg,1,Cluster 1 (Light wood shavings)
data/raw/Coccidiosis/cocci.967.jpg,0,Cluster 0 (Dark soil / concrete)
data/raw/Coccidiosis/cocci.968.jpg,1,Cluster 1 (Light wood shavings)
data/raw/Coccidiosis/cocci.969.jpg,3,Cluster 3 (Mixed straw / pen floor)
data/raw/Coccidiosis/cocci.97.jpg,2,Cluster 2 (Reddish-brown litter)
data/raw/Coccidiosis/cocci.970.jpg,0,Cluster 0 (Dark soil / concrete)
data/raw/Coccidiosis/cocci.971.jpg,2,Cluster 2 (Reddish-brown litter)
data/raw/Coccidiosis/cocci.972.jpg,2,Cluster 2 (Reddish-brown litter)
data/raw/Coccidiosis/cocci.973.jpg,0,Cluster 0 (Dark soil / concrete)
data/raw/Coccidiosis/cocci.974.jpg,1,Cluster 1 (Light wood shavings)
data/raw/Coccidiosis/cocci.975.jpg,3,Cluster 3 (Mixed straw / pen floor)
data/raw/Coccidiosis/cocci.976.jpg,1,Cluster 1 (Light wood shavings)
data/raw/Coccidiosis/cocci.977.jpg,3,Cluster 3 (Mixed straw / pen floor)
data/raw/Coccidiosis/cocci.978.jpg,2,Cluster 2 (Reddish-brown litter)
data/raw/Coccidiosis/cocci.979.jpg,0,Cluster 0 (Dark soil / concrete)
data/raw/Coccidiosis/cocci.98.jpg,0,Cluster 0 (Dark soil / concrete)
data/raw/Coccidiosis/cocci.980.jpg,2,Cluster 2 (Reddish-brown litter)
data/raw/Coccidiosis/cocci.981.jpg,2,Cluster 2 (Reddish-brown litter)
data/raw/Coccidiosis/cocci.982.jpg,3,Cluster 3 (Mixed straw / pen floor)
data/raw/Coccidiosis/cocci.983.jpg,2,Cluster 2 (Reddish-brown litter)
data/raw/Coccidiosis/cocci.984.jpg,2,Cluster 2 (Reddish-brown litter)
data/raw/Coccidiosis/cocci.985.jpg,2,Cluster 2 (Reddish-brown litter)
data/raw/Coccidiosis/cocci.986.jpg,1,Cluster 1 (Light wood shavings)
data/raw/Coccidiosis/cocci.987.jpg,0,Cluster 0 (Dark soil / concrete)
data/raw/Coccidiosis/cocci.988.jpg,2,Cluster 2 (Reddish-brown litter)
data/raw/Coccidiosis/cocci.989.jpg,0,Cluster 0 (Dark soil / concrete)
data/raw/Coccidiosis/cocci.99.jpg,1,Cluster 1 (Light wood shavings)
data/raw/Coccidiosis/cocci.990.jpg,2,Cluster 2 (Reddish-brown litter)
data/raw/Coccidiosis/cocci.991.jpg,0,Cluster 0 (Dark soil / concrete)
data/raw/Coccidiosis/cocci.992.jpg,2,Cluster 2 (Reddish-brown litter)
data/raw/Coccidiosis/cocci.993.jpg,2,Cluster 2 (Reddish-brown litter)
data/raw/Coccidiosis/cocci.994.jpg,0,Cluster 0 (Dark soil / concrete)
data/raw/Coccidiosis/cocci.995.jpg,2,Cluster 2 (Reddish-brown litter)
data/raw/Coccidiosis/cocci.996.jpg,2,Cluster 2 (Reddish-brown litter)
data/raw/Coccidiosis/cocci.997.jpg,0,Cluster 0 (Dark soil / concrete)
data/raw/Coccidiosis/cocci.998.jpg,2,Cluster 2 (Reddish-brown litter)
data/raw/Coccidiosis/cocci.999.jpg,2,Cluster 2 (Reddish-brown litter)
data/raw/Coccidiosis/pcrcocci.0.jpg,0,Cluster 0 (Dark soil / concrete)
data/raw/Coccidiosis/pcrcocci.1.jpg,1,Cluster 1 (Light wood shavings)
data/raw/Coccidiosis/pcrcocci.10.jpg,3,Cluster 3 (Mixed straw / pen floor)
data/raw/Coccidiosis/pcrcocci.100.jpg,1,Cluster 1 (Light wood shavings)
data/raw/Coccidiosis/pcrcocci.101.jpg,1,Cluster 1 (Light wood shavings)
data/raw/Coccidiosis/pcrcocci.102.jpg,3,Cluster 3 (Mixed straw / pen floor)
data/raw/Coccidiosis/pcrcocci.103.jpg,3,Cluster 3 (Mixed straw / pen floor)
data/raw/Coccidiosis/pcrcocci.104.jpg,3,Cluster 3 (Mixed straw / pen floor)
data/raw/Coccidiosis/pcrcocci.105.jpg,1,Cluster 1 (Light wood shavings)
data/raw/Coccidiosis/pcrcocci.106.jpg,0,Cluster 0 (Dark soil / concrete)
data/raw/Coccidiosis/pcrcocci.107.jpg,0,Cluster 0 (Dark soil / concrete)
data/raw/Coccidiosis/pcrcocci.108.jpg,2,Cluster 2 (Reddish-brown litter)
data/raw/Coccidiosis/pcrcocci.109.jpg,3,Cluster 3 (Mixed straw / pen floor)
data/raw/Coccidiosis/pcrcocci.11.jpg,3,Cluster 3 (Mixed straw / pen floor)
data/raw/Coccidiosis/pcrcocci.110.jpg,1,Cluster 1 (Light wood shavings)
data/raw/Coccidiosis/pcrcocci.111.jpg,3,Cluster 3 (Mixed straw / pen floor)
data/raw/Coccidiosis/pcrcocci.112.jpg,1,Cluster 1 (Light wood shavings)
data/raw/Coccidiosis/pcrcocci.113.jpg,1,Cluster 1 (Light wood shavings)
data/raw/Coccidiosis/pcrcocci.114.jpg,3,Cluster 3 (Mixed straw / pen floor)
data/raw/Coccidiosis/pcrcocci.115.jpg,1,Cluster 1 (Light wood shavings)
data/raw/Coccidiosis/pcrcocci.116.jpg,0,Cluster 0 (Dark soil / concrete)
data/raw/Coccidiosis/pcrcocci.117.jpg,3,Cluster 3 (Mixed straw / pen floor)
data/raw/Coccidiosis/pcrcocci.118.jpg,3,Cluster 3 (Mixed straw / pen floor)
data/raw/Coccidiosis/pcrcocci.119.jpg,0,Cluster 0 (Dark soil / concrete)
data/raw/Coccidiosis/pcrcocci.12.jpg,3,Cluster 3 (Mixed straw / pen floor)
data/raw/Coccidiosis/pcrcocci.120.jpg,1,Cluster 1 (Light wood shavings)
data/raw/Coccidiosis/pcrcocci.121.jpg,1,Cluster 1 (Light wood shavings)
data/raw/Coccidiosis/pcrcocci.122.jpg,3,Cluster 3 (Mixed straw / pen floor)
data/raw/Coccidiosis/pcrcocci.123.jpg,3,Cluster 3 (Mixed straw / pen floor)
data/raw/Coccidiosis/pcrcocci.124.jpg,1,Cluster 1 (Light wood shavings)
data/raw/Coccidiosis/pcrcocci.125.jpg,0,Cluster 0 (Dark soil / concrete)
data/raw/Coccidiosis/pcrcocci.126.jpg,3,Cluster 3 (Mixed straw / pen floor)
data/raw/Coccidiosis/pcrcocci.127.jpg,3,Cluster 3 (Mixed straw / pen floor)
data/raw/Coccidiosis/pcrcocci.128.jpg,1,Cluster 1 (Light wood shavings)
data/raw/Coccidiosis/pcrcocci.129.jpg,3,Cluster 3 (Mixed straw / pen floor)
data/raw/Coccidiosis/pcrcocci.13.jpg,1,Cluster 1 (Light wood shavings)
data/raw/Coccidiosis/pcrcocci.130.jpg,0,Cluster 0 (Dark soil / concrete)
data/raw/Coccidiosis/pcrcocci.131.jpg,3,Cluster 3 (Mixed straw / pen floor)
data/raw/Coccidiosis/pcrcocci.132.jpg,1,Cluster 1 (Light wood shavings)
data/raw/Coccidiosis/pcrcocci.133.jpg,3,Cluster 3 (Mixed straw / pen floor)
data/raw/Coccidiosis/pcrcocci.134.jpg,3,Cluster 3 (Mixed straw / pen floor)
data/raw/Coccidiosis/pcrcocci.135.jpg,1,Cluster 1 (Light wood shavings)
data/raw/Coccidiosis/pcrcocci.136.jpg,1,Cluster 1 (Light wood shavings)
data/raw/Coccidiosis/pcrcocci.137.jpg,1,Cluster 1 (Light wood shavings)
data/raw/Coccidiosis/pcrcocci.138.jpg,1,Cluster 1 (Light wood shavings)
data/raw/Coccidiosis/pcrcocci.139.jpg,3,Cluster 3 (Mixed straw / pen floor)
data/raw/Coccidiosis/pcrcocci.14.jpg,1,Cluster 1 (Light wood shavings)
data/raw/Coccidiosis/pcrcocci.140.jpg,1,Cluster 1 (Light wood shavings)
data/raw/Coccidiosis/pcrcocci.141.jpg,2,Cluster 2 (Reddish-brown litter)
data/raw/Coccidiosis/pcrcocci.142.jpg,0,Cluster 0 (Dark soil / concrete)
data/raw/Coccidiosis/pcrcocci.143.jpg,2,Cluster 2 (Reddish-brown litter)
data/raw/Coccidiosis/pcrcocci.144.jpg,1,Cluster 1 (Light wood shavings)
data/raw/Coccidiosis/pcrcocci.145.jpg,1,Cluster 1 (Light wood shavings)
data/raw/Coccidiosis/pcrcocci.146.jpg,3,Cluster 3 (Mixed straw / pen floor)
data/raw/Coccidiosis/pcrcocci.147.jpg,3,Cluster 3 (Mixed straw / pen floor)
data/raw/Coccidiosis/pcrcocci.148.jpg,1,Cluster 1 (Light wood shavings)
data/raw/Coccidiosis/pcrcocci.149.jpg,3,Cluster 3 (Mixed straw / pen floor)
data/raw/Coccidiosis/pcrcocci.15.jpg,3,Cluster 3 (Mixed straw / pen floor)
data/raw/Coccidiosis/pcrcocci.150.jpg,3,Cluster 3 (Mixed straw / pen floor)
data/raw/Coccidiosis/pcrcocci.151.jpg,0,Cluster 0 (Dark soil / concrete)
data/raw/Coccidiosis/pcrcocci.152.jpg,3,Cluster 3 (Mixed straw / pen floor)
data/raw/Coccidiosis/pcrcocci.153.jpg,1,Cluster 1 (Light wood shavings)
data/raw/Coccidiosis/pcrcocci.154.jpg,3,Cluster 3 (Mixed straw / pen floor)
data/raw/Coccidiosis/pcrcocci.155.jpg,3,Cluster 3 (Mixed straw / pen floor)
data/raw/Coccidiosis/pcrcocci.156.jpg,0,Cluster 0 (Dark soil / concrete)
data/raw/Coccidiosis/pcrcocci.157.jpg,1,Cluster 1 (Light wood shavings)
data/raw/Coccidiosis/pcrcocci.158.jpg,1,Cluster 1 (Light wood shavings)
data/raw/Coccidiosis/pcrcocci.159.jpg,3,Cluster 3 (Mixed straw / pen floor)
data/raw/Coccidiosis/pcrcocci.16.jpg,3,Cluster 3 (Mixed straw / pen floor)
data/raw/Coccidiosis/pcrcocci.160.jpg,2,Cluster 2 (Reddish-brown litter)
data/raw/Coccidiosis/pcrcocci.161.jpg,3,Cluster 3 (Mixed straw / pen floor)
data/raw/Coccidiosis/pcrcocci.162.jpg,3,Cluster 3 (Mixed straw / pen floor)
data/raw/Coccidiosis/pcrcocci.163.jpg,1,Cluster 1 (Light wood shavings)
data/raw/Coccidiosis/pcrcocci.164.jpg,1,Cluster 1 (Light wood shavings)
data/raw/Coccidiosis/pcrcocci.165.jpg,0,Cluster 0 (Dark soil / concrete)
data/raw/Coccidiosis/pcrcocci.166.jpg,1,Cluster 1 (Light wood shavings)
data/raw/Coccidiosis/pcrcocci.167.jpg,1,Cluster 1 (Light wood shavings)
data/raw/Coccidiosis/pcrcocci.168.jpg,0,Cluster 0 (Dark soil / concrete)
data/raw/Coccidiosis/pcrcocci.169.jpg,1,Cluster 1 (Light wood shavings)
data/raw/Coccidiosis/pcrcocci.17.jpg,1,Cluster 1 (Light wood shavings)
data/raw/Coccidiosis/pcrcocci.170.jpg,0,Cluster 0 (Dark soil / concrete)
data/raw/Coccidiosis/pcrcocci.171.jpg,1,Cluster 1 (Light wood shavings)
data/raw/Coccidiosis/pcrcocci.172.jpg,3,Cluster 3 (Mixed straw / pen floor)
data/raw/Coccidiosis/pcrcocci.173.jpg,0,Cluster 0 (Dark soil / concrete)
data/raw/Coccidiosis/pcrcocci.174.jpg,3,Cluster 3 (Mixed straw / pen floor)
data/raw/Coccidiosis/pcrcocci.175.jpg,1,Cluster 1 (Light wood shavings)
data/raw/Coccidiosis/pcrcocci.176.jpg,3,Cluster 3 (Mixed straw / pen floor)
data/raw/Coccidiosis/pcrcocci.177.jpg,1,Cluster 1 (Light wood shavings)
data/raw/Coccidiosis/pcrcocci.178.jpg,1,Cluster 1 (Light wood shavings)
data/raw/Coccidiosis/pcrcocci.179.jpg,1,Cluster 1 (Light wood shavings)
data/raw/Coccidiosis/pcrcocci.18.jpg,3,Cluster 3 (Mixed straw / pen floor)
data/raw/Coccidiosis/pcrcocci.180.jpg,1,Cluster 1 (Light wood shavings)
data/raw/Coccidiosis/pcrcocci.181.jpg,3,Cluster 3 (Mixed straw / pen floor)
data/raw/Coccidiosis/pcrcocci.182.jpg,3,Cluster 3 (Mixed straw / pen floor)
data/raw/Coccidiosis/pcrcocci.183.jpg,3,Cluster 3 (Mixed straw / pen floor)
data/raw/Coccidiosis/pcrcocci.184.jpg,1,Cluster 1 (Light wood shavings)
data/raw/Coccidiosis/pcrcocci.185.jpg,3,Cluster 3 (Mixed straw / pen floor)
data/raw/Coccidiosis/pcrcocci.186.jpg,3,Cluster 3 (Mixed straw / pen floor)
data/raw/Coccidiosis/pcrcocci.187.jpg,1,Cluster 1 (Light wood shavings)
data/raw/Coccidiosis/pcrcocci.188.jpg,0,Cluster 0 (Dark soil / concrete)
data/raw/Coccidiosis/pcrcocci.189.jpg,2,Cluster 2 (Reddish-brown litter)
data/raw/Coccidiosis/pcrcocci.19.jpg,1,Cluster 1 (Light wood shavings)
data/raw/Coccidiosis/pcrcocci.190.jpg,2,Cluster 2 (Reddish-brown litter)
data/raw/Coccidiosis/pcrcocci.191.jpg,3,Cluster 3 (Mixed straw / pen floor)
data/raw/Coccidiosis/pcrcocci.192.jpg,2,Cluster 2 (Reddish-brown litter)
data/raw/Coccidiosis/pcrcocci.193.jpg,3,Cluster 3 (Mixed straw / pen floor)
data/raw/Coccidiosis/pcrcocci.194.jpg,3,Cluster 3 (Mixed straw / pen floor)
data/raw/Coccidiosis/pcrcocci.195.jpg,1,Cluster 1 (Light wood shavings)
data/raw/Coccidiosis/pcrcocci.196.jpg,1,Cluster 1 (Light wood shavings)
data/raw/Coccidiosis/pcrcocci.197.jpg,3,Cluster 3 (Mixed straw / pen floor)
data/raw/Coccidiosis/pcrcocci.198.jpg,3,Cluster 3 (Mixed straw / pen floor)
data/raw/Coccidiosis/pcrcocci.199.jpg,3,Cluster 3 (Mixed straw / pen floor)
data/raw/Coccidiosis/pcrcocci.2.jpg,1,Cluster 1 (Light wood shavings)
data/raw/Coccidiosis/pcrcocci.20.jpg,1,Cluster 1 (Light wood shavings)
data/raw/Coccidiosis/pcrcocci.200.jpg,3,Cluster 3 (Mixed straw / pen floor)
data/raw/Coccidiosis/pcrcocci.201.jpg,1,Cluster 1 (Light wood shavings)
data/raw/Coccidiosis/pcrcocci.202.jpg,3,Cluster 3 (Mixed straw / pen floor)
data/raw/Coccidiosis/pcrcocci.203.jpg,1,Cluster 1 (Light wood shavings)
data/raw/Coccidiosis/pcrcocci.204.jpg,1,Cluster 1 (Light wood shavings)
data/raw/Coccidiosis/pcrcocci.205.jpg,3,Cluster 3 (Mixed straw / pen floor)
data/raw/Coccidiosis/pcrcocci.206.jpg,0,Cluster 0 (Dark soil / concrete)
data/raw/Coccidiosis/pcrcocci.207.jpg,1,Cluster 1 (Light wood shavings)
data/raw/Coccidiosis/pcrcocci.208.jpg,3,Cluster 3 (Mixed straw / pen floor)
data/raw/Coccidiosis/pcrcocci.209.jpg,3,Cluster 3 (Mixed straw / pen floor)
data/raw/Coccidiosis/pcrcocci.21.jpg,0,Cluster 0 (Dark soil / concrete)
data/raw/Coccidiosis/pcrcocci.210.jpg,0,Cluster 0 (Dark soil / concrete)
data/raw/Coccidiosis/pcrcocci.211.jpg,1,Cluster 1 (Light wood shavings)
data/raw/Coccidiosis/pcrcocci.212.jpg,1,Cluster 1 (Light wood shavings)
data/raw/Coccidiosis/pcrcocci.213.jpg,0,Cluster 0 (Dark soil / concrete)
data/raw/Coccidiosis/pcrcocci.214.jpg,2,Cluster 2 (Reddish-brown litter)
data/raw/Coccidiosis/pcrcocci.215.jpg,1,Cluster 1 (Light wood shavings)
data/raw/Coccidiosis/pcrcocci.216.jpg,1,Cluster 1 (Light wood shavings)
data/raw/Coccidiosis/pcrcocci.217.jpg,3,Cluster 3 (Mixed straw / pen floor)
data/raw/Coccidiosis/pcrcocci.218.jpg,1,Cluster 1 (Light wood shavings)
data/raw/Coccidiosis/pcrcocci.219.jpg,3,Cluster 3 (Mixed straw / pen floor)
data/raw/Coccidiosis/pcrcocci.22.jpg,3,Cluster 3 (Mixed straw / pen floor)
data/raw/Coccidiosis/pcrcocci.220.jpg,3,Cluster 3 (Mixed straw / pen floor)
data/raw/Coccidiosis/pcrcocci.221.jpg,3,Cluster 3 (Mixed straw / pen floor)
data/raw/Coccidiosis/pcrcocci.222.jpg,1,Cluster 1 (Light wood shavings)
data/raw/Coccidiosis/pcrcocci.223.jpg,3,Cluster 3 (Mixed straw / pen floor)
data/raw/Coccidiosis/pcrcocci.224.jpg,0,Cluster 0 (Dark soil / concrete)
data/raw/Coccidiosis/pcrcocci.225.jpg,3,Cluster 3 (Mixed straw / pen floor)
data/raw/Coccidiosis/pcrcocci.226.jpg,1,Cluster 1 (Light wood shavings)
data/raw/Coccidiosis/pcrcocci.227.jpg,0,Cluster 0 (Dark soil / concrete)
data/raw/Coccidiosis/pcrcocci.228.jpg,3,Cluster 3 (Mixed straw / pen floor)
data/raw/Coccidiosis/pcrcocci.229.jpg,1,Cluster 1 (Light wood shavings)
data/raw/Coccidiosis/pcrcocci.23.jpg,3,Cluster 3 (Mixed straw / pen floor)
data/raw/Coccidiosis/pcrcocci.230.jpg,3,Cluster 3 (Mixed straw / pen floor)
data/raw/Coccidiosis/pcrcocci.231.jpg,0,Cluster 0 (Dark soil / concrete)
data/raw/Coccidiosis/pcrcocci.232.jpg,1,Cluster 1 (Light wood shavings)
data/raw/Coccidiosis/pcrcocci.233.jpg,3,Cluster 3 (Mixed straw / pen floor)
data/raw/Coccidiosis/pcrcocci.234.jpg,0,Cluster 0 (Dark soil / concrete)
data/raw/Coccidiosis/pcrcocci.235.jpg,3,Cluster 3 (Mixed straw / pen floor)
data/raw/Coccidiosis/pcrcocci.236.jpg,3,Cluster 3 (Mixed straw / pen floor)
data/raw/Coccidiosis/pcrcocci.237.jpg,1,Cluster 1 (Light wood shavings)
data/raw/Coccidiosis/pcrcocci.238.jpg,2,Cluster 2 (Reddish-brown litter)
data/raw/Coccidiosis/pcrcocci.239.jpg,3,Cluster 3 (Mixed straw / pen floor)
data/raw/Coccidiosis/pcrcocci.24.jpg,1,Cluster 1 (Light wood shavings)
data/raw/Coccidiosis/pcrcocci.240.jpg,1,Cluster 1 (Light wood shavings)
data/raw/Coccidiosis/pcrcocci.241.jpg,3,Cluster 3 (Mixed straw / pen floor)
data/raw/Coccidiosis/pcrcocci.242.jpg,1,Cluster 1 (Light wood shavings)
data/raw/Coccidiosis/pcrcocci.243.jpg,3,Cluster 3 (Mixed straw / pen floor)
data/raw/Coccidiosis/pcrcocci.244.jpg,2,Cluster 2 (Reddish-brown litter)
data/raw/Coccidiosis/pcrcocci.245.jpg,3,Cluster 3 (Mixed straw / pen floor)
data/raw/Coccidiosis/pcrcocci.246.jpg,2,Cluster 2 (Reddish-brown litter)
data/raw/Coccidiosis/pcrcocci.247.jpg,1,Cluster 1 (Light wood shavings)
data/raw/Coccidiosis/pcrcocci.248.jpg,0,Cluster 0 (Dark soil / concrete)
data/raw/Coccidiosis/pcrcocci.249.jpg,3,Cluster 3 (Mixed straw / pen floor)
data/raw/Coccidiosis/pcrcocci.25.jpg,1,Cluster 1 (Light wood shavings)
data/raw/Coccidiosis/pcrcocci.250.jpg,3,Cluster 3 (Mixed straw / pen floor)
data/raw/Coccidiosis/pcrcocci.251.jpg,1,Cluster 1 (Light wood shavings)
data/raw/Coccidiosis/pcrcocci.252.jpg,3,Cluster 3 (Mixed straw / pen floor)
data/raw/Coccidiosis/pcrcocci.253.jpg,3,Cluster 3 (Mixed straw / pen floor)
data/raw/Coccidiosis/pcrcocci.254.jpg,1,Cluster 1 (Light wood shavings)
data/raw/Coccidiosis/pcrcocci.255.jpg,3,Cluster 3 (Mixed straw / pen floor)
data/raw/Coccidiosis/pcrcocci.256.jpg,1,Cluster 1 (Light wood shavings)
data/raw/Coccidiosis/pcrcocci.257.jpg,1,Cluster 1 (Light wood shavings)
data/raw/Coccidiosis/pcrcocci.258.jpg,1,Cluster 1 (Light wood shavings)
data/raw/Coccidiosis/pcrcocci.259.jpg,3,Cluster 3 (Mixed straw / pen floor)
data/raw/Coccidiosis/pcrcocci.26.jpg,1,Cluster 1 (Light wood shavings)
data/raw/Coccidiosis/pcrcocci.260.jpg,0,Cluster 0 (Dark soil / concrete)
data/raw/Coccidiosis/pcrcocci.261.jpg,2,Cluster 2 (Reddish-brown litter)
data/raw/Coccidiosis/pcrcocci.262.jpg,3,Cluster 3 (Mixed straw / pen floor)
data/raw/Coccidiosis/pcrcocci.263.jpg,1,Cluster 1 (Light wood shavings)
data/raw/Coccidiosis/pcrcocci.264.jpg,3,Cluster 3 (Mixed straw / pen floor)
data/raw/Coccidiosis/pcrcocci.265.jpg,3,Cluster 3 (Mixed straw / pen floor)
data/raw/Coccidiosis/pcrcocci.266.jpg,1,Cluster 1 (Light wood shavings)
data/raw/Coccidiosis/pcrcocci.267.jpg,3,Cluster 3 (Mixed straw / pen floor)
data/raw/Coccidiosis/pcrcocci.268.jpg,3,Cluster 3 (Mixed straw / pen floor)
data/raw/Coccidiosis/pcrcocci.269.jpg,1,Cluster 1 (Light wood shavings)
data/raw/Coccidiosis/pcrcocci.27.jpg,3,Cluster 3 (Mixed straw / pen floor)
data/raw/Coccidiosis/pcrcocci.270.jpg,1,Cluster 1 (Light wood shavings)
data/raw/Coccidiosis/pcrcocci.271.jpg,3,Cluster 3 (Mixed straw / pen floor)
data/raw/Coccidiosis/pcrcocci.272.jpg,3,Cluster 3 (Mixed straw / pen floor)
data/raw/Coccidiosis/pcrcocci.273.jpg,1,Cluster 1 (Light wood shavings)
data/raw/Coccidiosis/pcrcocci.274.jpg,3,Cluster 3 (Mixed straw / pen floor)
data/raw/Coccidiosis/pcrcocci.275.jpg,3,Cluster 3 (Mixed straw / pen floor)
data/raw/Coccidiosis/pcrcocci.276.jpg,3,Cluster 3 (Mixed straw / pen floor)
data/raw/Coccidiosis/pcrcocci.277.jpg,0,Cluster 0 (Dark soil / concrete)
data/raw/Coccidiosis/pcrcocci.278.jpg,1,Cluster 1 (Light wood shavings)
data/raw/Coccidiosis/pcrcocci.279.jpg,1,Cluster 1 (Light wood shavings)
data/raw/Coccidiosis/pcrcocci.28.jpg,1,Cluster 1 (Light wood shavings)
data/raw/Coccidiosis/pcrcocci.280.jpg,1,Cluster 1 (Light wood shavings)
data/raw/Coccidiosis/pcrcocci.281.jpg,2,Cluster 2 (Reddish-brown litter)
data/raw/Coccidiosis/pcrcocci.282.jpg,2,Cluster 2 (Reddish-brown litter)
data/raw/Coccidiosis/pcrcocci.283.jpg,3,Cluster 3 (Mixed straw / pen floor)
data/raw/Coccidiosis/pcrcocci.284.jpg,3,Cluster 3 (Mixed straw / pen floor)
data/raw/Coccidiosis/pcrcocci.285.jpg,3,Cluster 3 (Mixed straw / pen floor)
data/raw/Coccidiosis/pcrcocci.286.jpg,3,Cluster 3 (Mixed straw / pen floor)
data/raw/Coccidiosis/pcrcocci.287.jpg,3,Cluster 3 (Mixed straw / pen floor)
data/raw/Coccidiosis/pcrcocci.288.jpg,0,Cluster 0 (Dark soil / concrete)
data/raw/Coccidiosis/pcrcocci.289.jpg,0,Cluster 0 (Dark soil / concrete)
data/raw/Coccidiosis/pcrcocci.29.jpg,3,Cluster 3 (Mixed straw / pen floor)
data/raw/Coccidiosis/pcrcocci.290.jpg,0,Cluster 0 (Dark soil / concrete)
data/raw/Coccidiosis/pcrcocci.291.jpg,1,Cluster 1 (Light wood shavings)
data/raw/Coccidiosis/pcrcocci.292.jpg,0,Cluster 0 (Dark soil / concrete)
data/raw/Coccidiosis/pcrcocci.293.jpg,1,Cluster 1 (Light wood shavings)
data/raw/Coccidiosis/pcrcocci.294.jpg,1,Cluster 1 (Light wood shavings)
data/raw/Coccidiosis/pcrcocci.295.jpg,3,Cluster 3 (Mixed straw / pen floor)
data/raw/Coccidiosis/pcrcocci.296.jpg,3,Cluster 3 (Mixed straw / pen floor)
data/raw/Coccidiosis/pcrcocci.297.jpg,2,Cluster 2 (Reddish-brown litter)
data/raw/Coccidiosis/pcrcocci.298.jpg,1,Cluster 1 (Light wood shavings)
data/raw/Coccidiosis/pcrcocci.299.jpg,0,Cluster 0 (Dark soil / concrete)
data/raw/Coccidiosis/pcrcocci.3.jpg,1,Cluster 1 (Light wood shavings)
data/raw/Coccidiosis/pcrcocci.30.jpg,1,Cluster 1 (Light wood shavings)
data/raw/Coccidiosis/pcrcocci.300.jpg,3,Cluster 3 (Mixed straw / pen floor)
data/raw/Coccidiosis/pcrcocci.301.jpg,3,Cluster 3 (Mixed straw / pen floor)
data/raw/Coccidiosis/pcrcocci.302.jpg,3,Cluster 3 (Mixed straw / pen floor)
data/raw/Coccidiosis/pcrcocci.303.jpg,3,Cluster 3 (Mixed straw / pen floor)
data/raw/Coccidiosis/pcrcocci.304.jpg,1,Cluster 1 (Light wood shavings)
data/raw/Coccidiosis/pcrcocci.305.jpg,3,Cluster 3 (Mixed straw / pen floor)
data/raw/Coccidiosis/pcrcocci.306.jpg,1,Cluster 1 (Light wood shavings)
data/raw/Coccidiosis/pcrcocci.307.jpg,1,Cluster 1 (Light wood shavings)
data/raw/Coccidiosis/pcrcocci.308.jpg,3,Cluster 3 (Mixed straw / pen floor)
data/raw/Coccidiosis/pcrcocci.309.jpg,1,Cluster 1 (Light wood shavings)
data/raw/Coccidiosis/pcrcocci.31.jpg,3,Cluster 3 (Mixed straw / pen floor)
data/raw/Coccidiosis/pcrcocci.310.jpg,3,Cluster 3 (Mixed straw / pen floor)
data/raw/Coccidiosis/pcrcocci.311.jpg,1,Cluster 1 (Light wood shavings)
data/raw/Coccidiosis/pcrcocci.312.jpg,3,Cluster 3 (Mixed straw / pen floor)
data/raw/Coccidiosis/pcrcocci.313.jpg,1,Cluster 1 (Light wood shavings)
data/raw/Coccidiosis/pcrcocci.314.jpg,2,Cluster 2 (Reddish-brown litter)
data/raw/Coccidiosis/pcrcocci.315.jpg,3,Cluster 3 (Mixed straw / pen floor)
data/raw/Coccidiosis/pcrcocci.316.jpg,3,Cluster 3 (Mixed straw / pen floor)
data/raw/Coccidiosis/pcrcocci.317.jpg,1,Cluster 1 (Light wood shavings)
data/raw/Coccidiosis/pcrcocci.318.jpg,3,Cluster 3 (Mixed straw / pen floor)
data/raw/Coccidiosis/pcrcocci.319.jpg,1,Cluster 1 (Light wood shavings)
data/raw/Coccidiosis/pcrcocci.32.jpg,3,Cluster 3 (Mixed straw / pen floor)
data/raw/Coccidiosis/pcrcocci.320.jpg,3,Cluster 3 (Mixed straw / pen floor)
data/raw/Coccidiosis/pcrcocci.321.jpg,2,Cluster 2 (Reddish-brown litter)
data/raw/Coccidiosis/pcrcocci.322.jpg,3,Cluster 3 (Mixed straw / pen floor)
data/raw/Coccidiosis/pcrcocci.323.jpg,3,Cluster 3 (Mixed straw / pen floor)
data/raw/Coccidiosis/pcrcocci.324.jpg,1,Cluster 1 (Light wood shavings)
data/raw/Coccidiosis/pcrcocci.325.jpg,1,Cluster 1 (Light wood shavings)
data/raw/Coccidiosis/pcrcocci.326.jpg,1,Cluster 1 (Light wood shavings)
data/raw/Coccidiosis/pcrcocci.327.jpg,1,Cluster 1 (Light wood shavings)
data/raw/Coccidiosis/pcrcocci.328.jpg,1,Cluster 1 (Light wood shavings)
data/raw/Coccidiosis/pcrcocci.329.jpg,1,Cluster 1 (Light wood shavings)
data/raw/Coccidiosis/pcrcocci.33.jpg,3,Cluster 3 (Mixed straw / pen floor)
data/raw/Coccidiosis/pcrcocci.330.jpg,1,Cluster 1 (Light wood shavings)
data/raw/Coccidiosis/pcrcocci.331.jpg,3,Cluster 3 (Mixed straw / pen floor)
data/raw/Coccidiosis/pcrcocci.332.jpg,3,Cluster 3 (Mixed straw / pen floor)
data/raw/Coccidiosis/pcrcocci.333.jpg,1,Cluster 1 (Light wood shavings)
data/raw/Coccidiosis/pcrcocci.334.jpg,0,Cluster 0 (Dark soil / concrete)
data/raw/Coccidiosis/pcrcocci.335.jpg,0,Cluster 0 (Dark soil / concrete)
data/raw/Coccidiosis/pcrcocci.336.jpg,1,Cluster 1 (Light wood shavings)
data/raw/Coccidiosis/pcrcocci.337.jpg,1,Cluster 1 (Light wood shavings)
data/raw/Coccidiosis/pcrcocci.338.jpg,3,Cluster 3 (Mixed straw / pen floor)
data/raw/Coccidiosis/pcrcocci.339.jpg,0,Cluster 0 (Dark soil / concrete)
data/raw/Coccidiosis/pcrcocci.34.jpg,3,Cluster 3 (Mixed straw / pen floor)
data/raw/Coccidiosis/pcrcocci.340.jpg,1,Cluster 1 (Light wood shavings)
data/raw/Coccidiosis/pcrcocci.341.jpg,1,Cluster 1 (Light wood shavings)
data/raw/Coccidiosis/pcrcocci.342.jpg,3,Cluster 3 (Mixed straw / pen floor)
data/raw/Coccidiosis/pcrcocci.343.jpg,1,Cluster 1 (Light wood shavings)
data/raw/Coccidiosis/pcrcocci.344.jpg,3,Cluster 3 (Mixed straw / pen floor)
data/raw/Coccidiosis/pcrcocci.345.jpg,1,Cluster 1 (Light wood shavings)
data/raw/Coccidiosis/pcrcocci.346.jpg,3,Cluster 3 (Mixed straw / pen floor)
data/raw/Coccidiosis/pcrcocci.347.jpg,3,Cluster 3 (Mixed straw / pen floor)
data/raw/Coccidiosis/pcrcocci.348.jpg,2,Cluster 2 (Reddish-brown litter)
data/raw/Coccidiosis/pcrcocci.349.jpg,3,Cluster 3 (Mixed straw / pen floor)
data/raw/Coccidiosis/pcrcocci.35.jpg,1,Cluster 1 (Light wood shavings)
data/raw/Coccidiosis/pcrcocci.350.jpg,3,Cluster 3 (Mixed straw / pen floor)
data/raw/Coccidiosis/pcrcocci.351.jpg,1,Cluster 1 (Light wood shavings)
data/raw/Coccidiosis/pcrcocci.352.jpg,3,Cluster 3 (Mixed straw / pen floor)
data/raw/Coccidiosis/pcrcocci.353.jpg,0,Cluster 0 (Dark soil / concrete)
data/raw/Coccidiosis/pcrcocci.354.jpg,3,Cluster 3 (Mixed straw / pen floor)
data/raw/Coccidiosis/pcrcocci.355.jpg,1,Cluster 1 (Light wood shavings)
data/raw/Coccidiosis/pcrcocci.356.jpg,1,Cluster 1 (Light wood shavings)
data/raw/Coccidiosis/pcrcocci.357.jpg,3,Cluster 3 (Mixed straw / pen floor)
data/raw/Coccidiosis/pcrcocci.358.jpg,1,Cluster 1 (Light wood shavings)
data/raw/Coccidiosis/pcrcocci.359.jpg,3,Cluster 3 (Mixed straw / pen floor)
data/raw/Coccidiosis/pcrcocci.36.jpg,3,Cluster 3 (Mixed straw / pen floor)
data/raw/Coccidiosis/pcrcocci.360.jpg,0,Cluster 0 (Dark soil / concrete)
data/raw/Coccidiosis/pcrcocci.361.jpg,3,Cluster 3 (Mixed straw / pen floor)
data/raw/Coccidiosis/pcrcocci.362.jpg,3,Cluster 3 (Mixed straw / pen floor)
data/raw/Coccidiosis/pcrcocci.363.jpg,0,Cluster 0 (Dark soil / concrete)
data/raw/Coccidiosis/pcrcocci.364.jpg,1,Cluster 1 (Light wood shavings)
data/raw/Coccidiosis/pcrcocci.365.jpg,1,Cluster 1 (Light wood shavings)
data/raw/Coccidiosis/pcrcocci.366.jpg,1,Cluster 1 (Light wood shavings)
data/raw/Coccidiosis/pcrcocci.367.jpg,3,Cluster 3 (Mixed straw / pen floor)
data/raw/Coccidiosis/pcrcocci.368.jpg,1,Cluster 1 (Light wood shavings)
data/raw/Coccidiosis/pcrcocci.369.jpg,1,Cluster 1 (Light wood shavings)
data/raw/Coccidiosis/pcrcocci.37.jpg,1,Cluster 1 (Light wood shavings)
data/raw/Coccidiosis/pcrcocci.370.jpg,1,Cluster 1 (Light wood shavings)
data/raw/Coccidiosis/pcrcocci.371.jpg,3,Cluster 3 (Mixed straw / pen floor)
data/raw/Coccidiosis/pcrcocci.372.jpg,1,Cluster 1 (Light wood shavings)
data/raw/Coccidiosis/pcrcocci.38.jpg,3,Cluster 3 (Mixed straw / pen floor)
data/raw/Coccidiosis/pcrcocci.39.jpg,1,Cluster 1 (Light wood shavings)
data/raw/Coccidiosis/pcrcocci.4.jpg,1,Cluster 1 (Light wood shavings)
data/raw/Coccidiosis/pcrcocci.40.jpg,3,Cluster 3 (Mixed straw / pen floor)
data/raw/Coccidiosis/pcrcocci.41.jpg,3,Cluster 3 (Mixed straw / pen floor)
data/raw/Coccidiosis/pcrcocci.42.jpg,3,Cluster 3 (Mixed straw / pen floor)
data/raw/Coccidiosis/pcrcocci.43.jpg,2,Cluster 2 (Reddish-brown litter)
data/raw/Coccidiosis/pcrcocci.44.jpg,3,Cluster 3 (Mixed straw / pen floor)
data/raw/Coccidiosis/pcrcocci.45.jpg,1,Cluster 1 (Light wood shavings)
data/raw/Coccidiosis/pcrcocci.46.jpg,1,Cluster 1 (Light wood shavings)
data/raw/Coccidiosis/pcrcocci.47.jpg,3,Cluster 3 (Mixed straw / pen floor)
data/raw/Coccidiosis/pcrcocci.48.jpg,3,Cluster 3 (Mixed straw / pen floor)
data/raw/Coccidiosis/pcrcocci.49.jpg,1,Cluster 1 (Light wood shavings)
data/raw/Coccidiosis/pcrcocci.5.jpg,3,Cluster 3 (Mixed straw / pen floor)
data/raw/Coccidiosis/pcrcocci.50.jpg,1,Cluster 1 (Light wood shavings)
data/raw/Coccidiosis/pcrcocci.51.jpg,1,Cluster 1 (Light wood shavings)
data/raw/Coccidiosis/pcrcocci.52.jpg,1,Cluster 1 (Light wood shavings)
data/raw/Coccidiosis/pcrcocci.53.jpg,0,Cluster 0 (Dark soil / concrete)
data/raw/Coccidiosis/pcrcocci.54.jpg,0,Cluster 0 (Dark soil / concrete)
data/raw/Coccidiosis/pcrcocci.55.jpg,2,Cluster 2 (Reddish-brown litter)
data/raw/Coccidiosis/pcrcocci.56.jpg,3,Cluster 3 (Mixed straw / pen floor)
data/raw/Coccidiosis/pcrcocci.57.jpg,0,Cluster 0 (Dark soil / concrete)
data/raw/Coccidiosis/pcrcocci.58.jpg,3,Cluster 3 (Mixed straw / pen floor)
data/raw/Coccidiosis/pcrcocci.59.jpg,1,Cluster 1 (Light wood shavings)
data/raw/Coccidiosis/pcrcocci.6.jpg,3,Cluster 3 (Mixed straw / pen floor)
data/raw/Coccidiosis/pcrcocci.60.jpg,2,Cluster 2 (Reddish-brown litter)
data/raw/Coccidiosis/pcrcocci.61.jpg,1,Cluster 1 (Light wood shavings)
data/raw/Coccidiosis/pcrcocci.62.jpg,1,Cluster 1 (Light wood shavings)
data/raw/Coccidiosis/pcrcocci.63.jpg,3,Cluster 3 (Mixed straw / pen floor)
data/raw/Coccidiosis/pcrcocci.64.jpg,3,Cluster 3 (Mixed straw / pen floor)
data/raw/Coccidiosis/pcrcocci.65.jpg,1,Cluster 1 (Light wood shavings)
data/raw/Coccidiosis/pcrcocci.66.jpg,1,Cluster 1 (Light wood shavings)
data/raw/Coccidiosis/pcrcocci.67.jpg,1,Cluster 1 (Light wood shavings)
data/raw/Coccidiosis/pcrcocci.68.jpg,3,Cluster 3 (Mixed straw / pen floor)
data/raw/Coccidiosis/pcrcocci.69.jpg,0,Cluster 0 (Dark soil / concrete)
data/raw/Coccidiosis/pcrcocci.7.jpg,3,Cluster 3 (Mixed straw / pen floor)
data/raw/Coccidiosis/pcrcocci.70.jpg,3,Cluster 3 (Mixed straw / pen floor)
data/raw/Coccidiosis/pcrcocci.71.jpg,3,Cluster 3 (Mixed straw / pen floor)
data/raw/Coccidiosis/pcrcocci.72.jpg,3,Cluster 3 (Mixed straw / pen floor)
data/raw/Coccidiosis/pcrcocci.73.jpg,3,Cluster 3 (Mixed straw / pen floor)
data/raw/Coccidiosis/pcrcocci.74.jpg,1,Cluster 1 (Light wood shavings)
data/raw/Coccidiosis/pcrcocci.75.jpg,1,Cluster 1 (Light wood shavings)
data/raw/Coccidiosis/pcrcocci.76.jpg,1,Cluster 1 (Light wood shavings)
data/raw/Coccidiosis/pcrcocci.77.jpg,0,Cluster 0 (Dark soil / concrete)
data/raw/Coccidiosis/pcrcocci.78.jpg,1,Cluster 1 (Light wood shavings)
data/raw/Coccidiosis/pcrcocci.79.jpg,2,Cluster 2 (Reddish-brown litter)
data/raw/Coccidiosis/pcrcocci.8.jpg,0,Cluster 0 (Dark soil / concrete)
data/raw/Coccidiosis/pcrcocci.80.jpg,1,Cluster 1 (Light wood shavings)
data/raw/Coccidiosis/pcrcocci.81.jpg,0,Cluster 0 (Dark soil / concrete)
data/raw/Coccidiosis/pcrcocci.82.jpg,1,Cluster 1 (Light wood shavings)
data/raw/Coccidiosis/pcrcocci.83.jpg,0,Cluster 0 (Dark soil / concrete)
data/raw/Coccidiosis/pcrcocci.84.jpg,3,Cluster 3 (Mixed straw / pen floor)
data/raw/Coccidiosis/pcrcocci.85.jpg,1,Cluster 1 (Light wood shavings)
data/raw/Coccidiosis/pcrcocci.86.jpg,1,Cluster 1 (Light wood shavings)
data/raw/Coccidiosis/pcrcocci.87.jpg,2,Cluster 2 (Reddish-brown litter)
data/raw/Coccidiosis/pcrcocci.88.jpg,0,Cluster 0 (Dark soil / concrete)
data/raw/Coccidiosis/pcrcocci.89.jpg,3,Cluster 3 (Mixed straw / pen floor)
data/raw/Coccidiosis/pcrcocci.9.jpg,1,Cluster 1 (Light wood shavings)
data/raw/Coccidiosis/pcrcocci.90.jpg,3,Cluster 3 (Mixed straw / pen floor)
data/raw/Coccidiosis/pcrcocci.91.jpg,1,Cluster 1 (Light wood shavings)
data/raw/Coccidiosis/pcrcocci.92.jpg,3,Cluster 3 (Mixed straw / pen floor)
data/raw/Coccidiosis/pcrcocci.93.jpg,1,Cluster 1 (Light wood shavings)
data/raw/Coccidiosis/pcrcocci.94.jpg,1,Cluster 1 (Light wood shavings)
data/raw/Coccidiosis/pcrcocci.95.jpg,3,Cluster 3 (Mixed straw / pen floor)
data/raw/Coccidiosis/pcrcocci.96.jpg,1,Cluster 1 (Light wood shavings)
data/raw/Coccidiosis/pcrcocci.97.jpg,3,Cluster 3 (Mixed straw / pen floor)
data/raw/Coccidiosis/pcrcocci.98.jpg,3,Cluster 3 (Mixed straw / pen floor)
data/raw/Coccidiosis/pcrcocci.99.jpg,3,Cluster 3 (Mixed straw / pen floor)
data/raw/Healthy/healthy.0.jpg,1,Cluster 1 (Light wood shavings)
data/raw/Healthy/healthy.1.jpg,1,Cluster 1 (Light wood shavings)
data/raw/Healthy/healthy.10.jpg,1,Cluster 1 (Light wood shavings)
data/raw/Healthy/healthy.100.jpg,1,Cluster 1 (Light wood shavings)
data/raw/Healthy/healthy.1000.jpg,1,Cluster 1 (Light wood shavings)
data/raw/Healthy/healthy.1001.jpg,3,Cluster 3 (Mixed straw / pen floor)
data/raw/Healthy/healthy.1002.jpg,1,Cluster 1 (Light wood shavings)
data/raw/Healthy/healthy.1003.jpg,1,Cluster 1 (Light wood shavings)
data/raw/Healthy/healthy.1004.jpg,1,Cluster 1 (Light wood shavings)
data/raw/Healthy/healthy.1005.jpg,1,Cluster 1 (Light wood shavings)
data/raw/Healthy/healthy.1006.jpg,1,Cluster 1 (Light wood shavings)
data/raw/Healthy/healthy.1007.jpg,1,Cluster 1 (Light wood shavings)
data/raw/Healthy/healthy.1008.jpg,1,Cluster 1 (Light wood shavings)
data/raw/Healthy/healthy.1009.jpg,1,Cluster 1 (Light wood shavings)
data/raw/Healthy/healthy.101.jpg,1,Cluster 1 (Light wood shavings)
data/raw/Healthy/healthy.1010.jpg,1,Cluster 1 (Light wood shavings)
data/raw/Healthy/healthy.1011.jpg,1,Cluster 1 (Light wood shavings)
data/raw/Healthy/healthy.1012.jpg,2,Cluster 2 (Reddish-brown litter)
data/raw/Healthy/healthy.1013.jpg,1,Cluster 1 (Light wood shavings)
data/raw/Healthy/healthy.1014.jpg,1,Cluster 1 (Light wood shavings)
data/raw/Healthy/healthy.1015.jpg,1,Cluster 1 (Light wood shavings)
data/raw/Healthy/healthy.1016.jpg,1,Cluster 1 (Light wood shavings)
data/raw/Healthy/healthy.1017.jpg,1,Cluster 1 (Light wood shavings)
data/raw/Healthy/healthy.1018.jpg,1,Cluster 1 (Light wood shavings)
data/raw/Healthy/healthy.1019.jpg,3,Cluster 3 (Mixed straw / pen floor)
data/raw/Healthy/healthy.102.jpg,1,Cluster 1 (Light wood shavings)
data/raw/Healthy/healthy.1020.jpg,1,Cluster 1 (Light wood shavings)
data/raw/Healthy/healthy.1021.jpg,1,Cluster 1 (Light wood shavings)
data/raw/Healthy/healthy.1022.jpg,1,Cluster 1 (Light wood shavings)
data/raw/Healthy/healthy.1023.jpg,1,Cluster 1 (Light wood shavings)
data/raw/Healthy/healthy.1024.jpg,1,Cluster 1 (Light wood shavings)
data/raw/Healthy/healthy.1025.jpg,3,Cluster 3 (Mixed straw / pen floor)
data/raw/Healthy/healthy.1026.jpg,1,Cluster 1 (Light wood shavings)
data/raw/Healthy/healthy.1027.jpg,1,Cluster 1 (Light wood shavings)
data/raw/Healthy/healthy.1028.jpg,1,Cluster 1 (Light wood shavings)
data/raw/Healthy/healthy.1029.jpg,1,Cluster 1 (Light wood shavings)
data/raw/Healthy/healthy.103.jpg,1,Cluster 1 (Light wood shavings)
data/raw/Healthy/healthy.1030.jpg,1,Cluster 1 (Light wood shavings)
data/raw/Healthy/healthy.1031.jpg,1,Cluster 1 (Light wood shavings)
data/raw/Healthy/healthy.1032.jpg,1,Cluster 1 (Light wood shavings)
data/raw/Healthy/healthy.1033.jpg,1,Cluster 1 (Light wood shavings)
data/raw/Healthy/healthy.1034.jpg,1,Cluster 1 (Light wood shavings)
data/raw/Healthy/healthy.1035.jpg,1,Cluster 1 (Light wood shavings)
data/raw/Healthy/healthy.1036.jpg,1,Cluster 1 (Light wood shavings)
data/raw/Healthy/healthy.1037.jpg,1,Cluster 1 (Light wood shavings)
data/raw/Healthy/healthy.1038.jpg,1,Cluster 1 (Light wood shavings)
data/raw/Healthy/healthy.1039.jpg,1,Cluster 1 (Light wood shavings)
data/raw/Healthy/healthy.104.jpg,1,Cluster 1 (Light wood shavings)
data/raw/Healthy/healthy.1040.jpg,1,Cluster 1 (Light wood shavings)
data/raw/Healthy/healthy.1041.jpg,1,Cluster 1 (Light wood shavings)
data/raw/Healthy/healthy.1042.jpg,1,Cluster 1 (Light wood shavings)
data/raw/Healthy/healthy.1043.jpg,1,Cluster 1 (Light wood shavings)
data/raw/Healthy/healthy.1044.jpg,1,Cluster 1 (Light wood shavings)
data/raw/Healthy/healthy.1045.jpg,3,Cluster 3 (Mixed straw / pen floor)
data/raw/Healthy/healthy.1046.jpg,1,Cluster 1 (Light wood shavings)
data/raw/Healthy/healthy.1047.jpg,1,Cluster 1 (Light wood shavings)
data/raw/Healthy/healthy.1048.jpg,1,Cluster 1 (Light wood shavings)
data/raw/Healthy/healthy.1049.jpg,1,Cluster 1 (Light wood shavings)
data/raw/Healthy/healthy.105.jpg,1,Cluster 1 (Light wood shavings)
data/raw/Healthy/healthy.1050.jpg,1,Cluster 1 (Light wood shavings)
data/raw/Healthy/healthy.1051.jpg,1,Cluster 1 (Light wood shavings)
data/raw/Healthy/healthy.1052.jpg,1,Cluster 1 (Light wood shavings)
data/raw/Healthy/healthy.1053.jpg,3,Cluster 3 (Mixed straw / pen floor)
data/raw/Healthy/healthy.1054.jpg,1,Cluster 1 (Light wood shavings)
data/raw/Healthy/healthy.1055.jpg,1,Cluster 1 (Light wood shavings)
data/raw/Healthy/healthy.1056.jpg,1,Cluster 1 (Light wood shavings)
data/raw/Healthy/healthy.1057.jpg,1,Cluster 1 (Light wood shavings)
data/raw/Healthy/healthy.1058.jpg,1,Cluster 1 (Light wood shavings)
data/raw/Healthy/healthy.1059.jpg,1,Cluster 1 (Light wood shavings)
data/raw/Healthy/healthy.106.jpg,1,Cluster 1 (Light wood shavings)
data/raw/Healthy/healthy.1060.jpg,1,Cluster 1 (Light wood shavings)
data/raw/Healthy/healthy.1061.jpg,1,Cluster 1 (Light wood shavings)
data/raw/Healthy/healthy.1062.jpg,1,Cluster 1 (Light wood shavings)
data/raw/Healthy/healthy.1063.jpg,1,Cluster 1 (Light wood shavings)
data/raw/Healthy/healthy.1064.jpg,1,Cluster 1 (Light wood shavings)
data/raw/Healthy/healthy.1065.jpg,1,Cluster 1 (Light wood shavings)
data/raw/Healthy/healthy.1066.jpg,1,Cluster 1 (Light wood shavings)
data/raw/Healthy/healthy.1067.jpg,1,Cluster 1 (Light wood shavings)
data/raw/Healthy/healthy.1068.jpg,1,Cluster 1 (Light wood shavings)
data/raw/Healthy/healthy.1069.jpg,3,Cluster 3 (Mixed straw / pen floor)
data/raw/Healthy/healthy.107.jpg,1,Cluster 1 (Light wood shavings)
data/raw/Healthy/healthy.1070.jpg,3,Cluster 3 (Mixed straw / pen floor)
data/raw/Healthy/healthy.1071.jpg,1,Cluster 1 (Light wood shavings)
data/raw/Healthy/healthy.1072.jpg,1,Cluster 1 (Light wood shavings)
data/raw/Healthy/healthy.1073.jpg,3,Cluster 3 (Mixed straw / pen floor)
data/raw/Healthy/healthy.1074.jpg,1,Cluster 1 (Light wood shavings)
data/raw/Healthy/healthy.1075.jpg,2,Cluster 2 (Reddish-brown litter)
data/raw/Healthy/healthy.1076.jpg,1,Cluster 1 (Light wood shavings)
data/raw/Healthy/healthy.1077.jpg,1,Cluster 1 (Light wood shavings)
data/raw/Healthy/healthy.1078.jpg,1,Cluster 1 (Light wood shavings)
data/raw/Healthy/healthy.1079.jpg,1,Cluster 1 (Light wood shavings)
data/raw/Healthy/healthy.108.jpg,1,Cluster 1 (Light wood shavings)
data/raw/Healthy/healthy.1080.jpg,1,Cluster 1 (Light wood shavings)
data/raw/Healthy/healthy.1081.jpg,2,Cluster 2 (Reddish-brown litter)
data/raw/Healthy/healthy.1082.jpg,1,Cluster 1 (Light wood shavings)
data/raw/Healthy/healthy.1083.jpg,1,Cluster 1 (Light wood shavings)
data/raw/Healthy/healthy.1084.jpg,1,Cluster 1 (Light wood shavings)
data/raw/Healthy/healthy.1085.jpg,1,Cluster 1 (Light wood shavings)
data/raw/Healthy/healthy.1086.jpg,1,Cluster 1 (Light wood shavings)
data/raw/Healthy/healthy.1087.jpg,1,Cluster 1 (Light wood shavings)
data/raw/Healthy/healthy.1088.jpg,1,Cluster 1 (Light wood shavings)
data/raw/Healthy/healthy.1089.jpg,1,Cluster 1 (Light wood shavings)
data/raw/Healthy/healthy.109.jpg,1,Cluster 1 (Light wood shavings)
data/raw/Healthy/healthy.1090.jpg,3,Cluster 3 (Mixed straw / pen floor)
data/raw/Healthy/healthy.1091.jpg,1,Cluster 1 (Light wood shavings)
data/raw/Healthy/healthy.1092.jpg,1,Cluster 1 (Light wood shavings)
data/raw/Healthy/healthy.1093.jpg,1,Cluster 1 (Light wood shavings)
data/raw/Healthy/healthy.1094.jpg,2,Cluster 2 (Reddish-brown litter)
data/raw/Healthy/healthy.1095.jpg,1,Cluster 1 (Light wood shavings)
data/raw/Healthy/healthy.1096.jpg,1,Cluster 1 (Light wood shavings)
data/raw/Healthy/healthy.1097.jpg,1,Cluster 1 (Light wood shavings)
data/raw/Healthy/healthy.1098.jpg,0,Cluster 0 (Dark soil / concrete)
data/raw/Healthy/healthy.1099.jpg,1,Cluster 1 (Light wood shavings)
data/raw/Healthy/healthy.11.jpg,3,Cluster 3 (Mixed straw / pen floor)
data/raw/Healthy/healthy.110.jpg,1,Cluster 1 (Light wood shavings)
data/raw/Healthy/healthy.1100.jpg,1,Cluster 1 (Light wood shavings)
data/raw/Healthy/healthy.1101.jpg,1,Cluster 1 (Light wood shavings)
data/raw/Healthy/healthy.1102.jpg,3,Cluster 3 (Mixed straw / pen floor)
data/raw/Healthy/healthy.1103.jpg,1,Cluster 1 (Light wood shavings)
data/raw/Healthy/healthy.1104.jpg,0,Cluster 0 (Dark soil / concrete)
data/raw/Healthy/healthy.1105.jpg,1,Cluster 1 (Light wood shavings)
data/raw/Healthy/healthy.1106.jpg,1,Cluster 1 (Light wood shavings)
data/raw/Healthy/healthy.1107.jpg,1,Cluster 1 (Light wood shavings)
data/raw/Healthy/healthy.1108.jpg,1,Cluster 1 (Light wood shavings)
data/raw/Healthy/healthy.1109.jpg,2,Cluster 2 (Reddish-brown litter)
data/raw/Healthy/healthy.111.jpg,1,Cluster 1 (Light wood shavings)
data/raw/Healthy/healthy.1110.jpg,1,Cluster 1 (Light wood shavings)
data/raw/Healthy/healthy.1111.jpg,1,Cluster 1 (Light wood shavings)
data/raw/Healthy/healthy.1112.jpg,1,Cluster 1 (Light wood shavings)
data/raw/Healthy/healthy.1113.jpg,1,Cluster 1 (Light wood shavings)
data/raw/Healthy/healthy.1114.jpg,1,Cluster 1 (Light wood shavings)
data/raw/Healthy/healthy.1115.jpg,1,Cluster 1 (Light wood shavings)
data/raw/Healthy/healthy.1116.jpg,1,Cluster 1 (Light wood shavings)
data/raw/Healthy/healthy.1117.jpg,1,Cluster 1 (Light wood shavings)
data/raw/Healthy/healthy.1118.jpg,1,Cluster 1 (Light wood shavings)
data/raw/Healthy/healthy.1119.jpg,1,Cluster 1 (Light wood shavings)
data/raw/Healthy/healthy.112.jpg,1,Cluster 1 (Light wood shavings)
data/raw/Healthy/healthy.1120.jpg,1,Cluster 1 (Light wood shavings)
data/raw/Healthy/healthy.1121.jpg,1,Cluster 1 (Light wood shavings)
data/raw/Healthy/healthy.1122.jpg,1,Cluster 1 (Light wood shavings)
data/raw/Healthy/healthy.1123.jpg,1,Cluster 1 (Light wood shavings)
data/raw/Healthy/healthy.1124.jpg,1,Cluster 1 (Light wood shavings)
data/raw/Healthy/healthy.1125.jpg,1,Cluster 1 (Light wood shavings)
data/raw/Healthy/healthy.1126.jpg,1,Cluster 1 (Light wood shavings)
data/raw/Healthy/healthy.1127.jpg,1,Cluster 1 (Light wood shavings)
data/raw/Healthy/healthy.1128.jpg,1,Cluster 1 (Light wood shavings)
data/raw/Healthy/healthy.1129.jpg,1,Cluster 1 (Light wood shavings)
data/raw/Healthy/healthy.113.jpg,1,Cluster 1 (Light wood shavings)
data/raw/Healthy/healthy.1130.jpg,1,Cluster 1 (Light wood shavings)
data/raw/Healthy/healthy.1131.jpg,1,Cluster 1 (Light wood shavings)
data/raw/Healthy/healthy.1132.jpg,1,Cluster 1 (Light wood shavings)
data/raw/Healthy/healthy.1133.jpg,0,Cluster 0 (Dark soil / concrete)
data/raw/Healthy/healthy.1134.jpg,1,Cluster 1 (Light wood shavings)
data/raw/Healthy/healthy.1135.jpg,1,Cluster 1 (Light wood shavings)
data/raw/Healthy/healthy.1136.jpg,1,Cluster 1 (Light wood shavings)
data/raw/Healthy/healthy.1137.jpg,1,Cluster 1 (Light wood shavings)
data/raw/Healthy/healthy.1138.jpg,1,Cluster 1 (Light wood shavings)
data/raw/Healthy/healthy.1139.jpg,3,Cluster 3 (Mixed straw / pen floor)
data/raw/Healthy/healthy.114.jpg,1,Cluster 1 (Light wood shavings)
data/raw/Healthy/healthy.1140.jpg,1,Cluster 1 (Light wood shavings)
data/raw/Healthy/healthy.1141.jpg,1,Cluster 1 (Light wood shavings)
data/raw/Healthy/healthy.1142.jpg,1,Cluster 1 (Light wood shavings)
data/raw/Healthy/healthy.1143.jpg,1,Cluster 1 (Light wood shavings)
data/raw/Healthy/healthy.1144.jpg,1,Cluster 1 (Light wood shavings)
data/raw/Healthy/healthy.1145.jpg,1,Cluster 1 (Light wood shavings)
data/raw/Healthy/healthy.1146.jpg,1,Cluster 1 (Light wood shavings)
data/raw/Healthy/healthy.1147.jpg,1,Cluster 1 (Light wood shavings)
data/raw/Healthy/healthy.1148.jpg,1,Cluster 1 (Light wood shavings)
data/raw/Healthy/healthy.1149.jpg,3,Cluster 3 (Mixed straw / pen floor)
data/raw/Healthy/healthy.115.jpg,1,Cluster 1 (Light wood shavings)
data/raw/Healthy/healthy.1150.jpg,1,Cluster 1 (Light wood shavings)
data/raw/Healthy/healthy.1151.jpg,1,Cluster 1 (Light wood shavings)
data/raw/Healthy/healthy.1152.jpg,1,Cluster 1 (Light wood shavings)
data/raw/Healthy/healthy.1153.jpg,1,Cluster 1 (Light wood shavings)
data/raw/Healthy/healthy.1154.jpg,3,Cluster 3 (Mixed straw / pen floor)
data/raw/Healthy/healthy.1155.jpg,1,Cluster 1 (Light wood shavings)
data/raw/Healthy/healthy.1156.jpg,1,Cluster 1 (Light wood shavings)
data/raw/Healthy/healthy.1157.jpg,2,Cluster 2 (Reddish-brown litter)
data/raw/Healthy/healthy.1158.jpg,1,Cluster 1 (Light wood shavings)
data/raw/Healthy/healthy.1159.jpg,1,Cluster 1 (Light wood shavings)
data/raw/Healthy/healthy.116.jpg,1,Cluster 1 (Light wood shavings)
data/raw/Healthy/healthy.1160.jpg,1,Cluster 1 (Light wood shavings)
data/raw/Healthy/healthy.1161.jpg,1,Cluster 1 (Light wood shavings)
data/raw/Healthy/healthy.1162.jpg,1,Cluster 1 (Light wood shavings)
data/raw/Healthy/healthy.1163.jpg,1,Cluster 1 (Light wood shavings)
data/raw/Healthy/healthy.1164.jpg,1,Cluster 1 (Light wood shavings)
data/raw/Healthy/healthy.1165.jpg,1,Cluster 1 (Light wood shavings)
data/raw/Healthy/healthy.1166.jpg,1,Cluster 1 (Light wood shavings)
data/raw/Healthy/healthy.1167.jpg,1,Cluster 1 (Light wood shavings)
data/raw/Healthy/healthy.1168.jpg,1,Cluster 1 (Light wood shavings)
data/raw/Healthy/healthy.1169.jpg,1,Cluster 1 (Light wood shavings)
data/raw/Healthy/healthy.117.jpg,1,Cluster 1 (Light wood shavings)
data/raw/Healthy/healthy.1170.jpg,1,Cluster 1 (Light wood shavings)
data/raw/Healthy/healthy.1171.jpg,1,Cluster 1 (Light wood shavings)
data/raw/Healthy/healthy.1172.jpg,1,Cluster 1 (Light wood shavings)
data/raw/Healthy/healthy.1173.jpg,1,Cluster 1 (Light wood shavings)
data/raw/Healthy/healthy.1174.jpg,1,Cluster 1 (Light wood shavings)
data/raw/Healthy/healthy.1175.jpg,1,Cluster 1 (Light wood shavings)
data/raw/Healthy/healthy.1176.jpg,1,Cluster 1 (Light wood shavings)
data/raw/Healthy/healthy.1177.jpg,1,Cluster 1 (Light wood shavings)
data/raw/Healthy/healthy.1178.jpg,1,Cluster 1 (Light wood shavings)
data/raw/Healthy/healthy.1179.jpg,1,Cluster 1 (Light wood shavings)
data/raw/Healthy/healthy.118.jpg,1,Cluster 1 (Light wood shavings)
data/raw/Healthy/healthy.1180.jpg,1,Cluster 1 (Light wood shavings)
data/raw/Healthy/healthy.1181.jpg,1,Cluster 1 (Light wood shavings)
data/raw/Healthy/healthy.1182.jpg,1,Cluster 1 (Light wood shavings)
data/raw/Healthy/healthy.1183.jpg,1,Cluster 1 (Light wood shavings)
data/raw/Healthy/healthy.1184.jpg,1,Cluster 1 (Light wood shavings)
data/raw/Healthy/healthy.1185.jpg,1,Cluster 1 (Light wood shavings)
data/raw/Healthy/healthy.1186.jpg,1,Cluster 1 (Light wood shavings)
data/raw/Healthy/healthy.1187.jpg,1,Cluster 1 (Light wood shavings)
data/raw/Healthy/healthy.1188.jpg,1,Cluster 1 (Light wood shavings)
data/raw/Healthy/healthy.1189.jpg,1,Cluster 1 (Light wood shavings)
data/raw/Healthy/healthy.119.jpg,2,Cluster 2 (Reddish-brown litter)
data/raw/Healthy/healthy.1190.jpg,1,Cluster 1 (Light wood shavings)
data/raw/Healthy/healthy.1191.jpg,2,Cluster 2 (Reddish-brown litter)
data/raw/Healthy/healthy.1192.jpg,1,Cluster 1 (Light wood shavings)
data/raw/Healthy/healthy.1193.jpg,1,Cluster 1 (Light wood shavings)
data/raw/Healthy/healthy.1194.jpg,1,Cluster 1 (Light wood shavings)
data/raw/Healthy/healthy.1195.jpg,1,Cluster 1 (Light wood shavings)
data/raw/Healthy/healthy.1196.jpg,1,Cluster 1 (Light wood shavings)
data/raw/Healthy/healthy.1197.jpg,1,Cluster 1 (Light wood shavings)
data/raw/Healthy/healthy.1198.jpg,1,Cluster 1 (Light wood shavings)
data/raw/Healthy/healthy.1199.jpg,1,Cluster 1 (Light wood shavings)
data/raw/Healthy/healthy.12.jpg,1,Cluster 1 (Light wood shavings)
data/raw/Healthy/healthy.120.jpg,2,Cluster 2 (Reddish-brown litter)
data/raw/Healthy/healthy.1200.jpg,1,Cluster 1 (Light wood shavings)
data/raw/Healthy/healthy.1201.jpg,1,Cluster 1 (Light wood shavings)
data/raw/Healthy/healthy.1202.jpg,1,Cluster 1 (Light wood shavings)
data/raw/Healthy/healthy.1203.jpg,1,Cluster 1 (Light wood shavings)
data/raw/Healthy/healthy.1204.jpg,1,Cluster 1 (Light wood shavings)
data/raw/Healthy/healthy.1205.jpg,1,Cluster 1 (Light wood shavings)
data/raw/Healthy/healthy.1206.jpg,1,Cluster 1 (Light wood shavings)
data/raw/Healthy/healthy.1207.jpg,1,Cluster 1 (Light wood shavings)
data/raw/Healthy/healthy.1208.jpg,1,Cluster 1 (Light wood shavings)
data/raw/Healthy/healthy.1209.jpg,1,Cluster 1 (Light wood shavings)
data/raw/Healthy/healthy.121.jpg,1,Cluster 1 (Light wood shavings)
data/raw/Healthy/healthy.1210.jpg,1,Cluster 1 (Light wood shavings)
data/raw/Healthy/healthy.1211.jpg,1,Cluster 1 (Light wood shavings)
data/raw/Healthy/healthy.1212.jpg,1,Cluster 1 (Light wood shavings)
data/raw/Healthy/healthy.1213.jpg,1,Cluster 1 (Light wood shavings)
data/raw/Healthy/healthy.1214.jpg,1,Cluster 1 (Light wood shavings)
data/raw/Healthy/healthy.1215.jpg,1,Cluster 1 (Light wood shavings)
data/raw/Healthy/healthy.1216.jpg,3,Cluster 3 (Mixed straw / pen floor)
data/raw/Healthy/healthy.1217.jpg,1,Cluster 1 (Light wood shavings)
data/raw/Healthy/healthy.1218.jpg,1,Cluster 1 (Light wood shavings)
data/raw/Healthy/healthy.1219.jpg,1,Cluster 1 (Light wood shavings)
data/raw/Healthy/healthy.122.jpg,1,Cluster 1 (Light wood shavings)
data/raw/Healthy/healthy.1220.jpg,1,Cluster 1 (Light wood shavings)
data/raw/Healthy/healthy.1221.jpg,1,Cluster 1 (Light wood shavings)
data/raw/Healthy/healthy.1222.jpg,1,Cluster 1 (Light wood shavings)
data/raw/Healthy/healthy.1223.jpg,1,Cluster 1 (Light wood shavings)
data/raw/Healthy/healthy.1224.jpg,1,Cluster 1 (Light wood shavings)
data/raw/Healthy/healthy.1225.jpg,3,Cluster 3 (Mixed straw / pen floor)
data/raw/Healthy/healthy.1226.jpg,1,Cluster 1 (Light wood shavings)
data/raw/Healthy/healthy.1227.jpg,1,Cluster 1 (Light wood shavings)
data/raw/Healthy/healthy.1228.jpg,1,Cluster 1 (Light wood shavings)
data/raw/Healthy/healthy.1229.jpg,1,Cluster 1 (Light wood shavings)
data/raw/Healthy/healthy.123.jpg,1,Cluster 1 (Light wood shavings)
data/raw/Healthy/healthy.1230.jpg,1,Cluster 1 (Light wood shavings)
data/raw/Healthy/healthy.1231.jpg,1,Cluster 1 (Light wood shavings)
data/raw/Healthy/healthy.1232.jpg,1,Cluster 1 (Light wood shavings)
data/raw/Healthy/healthy.1233.jpg,1,Cluster 1 (Light wood shavings)
data/raw/Healthy/healthy.1234.jpg,1,Cluster 1 (Light wood shavings)
data/raw/Healthy/healthy.1235.jpg,1,Cluster 1 (Light wood shavings)
data/raw/Healthy/healthy.1236.jpg,1,Cluster 1 (Light wood shavings)
data/raw/Healthy/healthy.1237.jpg,1,Cluster 1 (Light wood shavings)
data/raw/Healthy/healthy.1238.jpg,1,Cluster 1 (Light wood shavings)
data/raw/Healthy/healthy.1239.jpg,1,Cluster 1 (Light wood shavings)
data/raw/Healthy/healthy.124.jpg,1,Cluster 1 (Light wood shavings)
data/raw/Healthy/healthy.1240.jpg,1,Cluster 1 (Light wood shavings)
data/raw/Healthy/healthy.1241.jpg,2,Cluster 2 (Reddish-brown litter)
data/raw/Healthy/healthy.1242.jpg,1,Cluster 1 (Light wood shavings)
data/raw/Healthy/healthy.1243.jpg,1,Cluster 1 (Light wood shavings)
data/raw/Healthy/healthy.1244.jpg,1,Cluster 1 (Light wood shavings)
data/raw/Healthy/healthy.1245.jpg,1,Cluster 1 (Light wood shavings)
data/raw/Healthy/healthy.1246.jpg,1,Cluster 1 (Light wood shavings)
data/raw/Healthy/healthy.1247.jpg,1,Cluster 1 (Light wood shavings)
data/raw/Healthy/healthy.1248.jpg,1,Cluster 1 (Light wood shavings)
data/raw/Healthy/healthy.1249.jpg,1,Cluster 1 (Light wood shavings)
data/raw/Healthy/healthy.125.jpg,1,Cluster 1 (Light wood shavings)
data/raw/Healthy/healthy.1250.jpg,1,Cluster 1 (Light wood shavings)
data/raw/Healthy/healthy.1251.jpg,1,Cluster 1 (Light wood shavings)
data/raw/Healthy/healthy.1252.jpg,1,Cluster 1 (Light wood shavings)
data/raw/Healthy/healthy.1253.jpg,1,Cluster 1 (Light wood shavings)
data/raw/Healthy/healthy.1254.jpg,1,Cluster 1 (Light wood shavings)
data/raw/Healthy/healthy.1255.jpg,1,Cluster 1 (Light wood shavings)
data/raw/Healthy/healthy.1256.jpg,1,Cluster 1 (Light wood shavings)
data/raw/Healthy/healthy.1257.jpg,1,Cluster 1 (Light wood shavings)
data/raw/Healthy/healthy.1258.jpg,1,Cluster 1 (Light wood shavings)
data/raw/Healthy/healthy.1259.jpg,1,Cluster 1 (Light wood shavings)
data/raw/Healthy/healthy.126.jpg,1,Cluster 1 (Light wood shavings)
data/raw/Healthy/healthy.1260.jpg,1,Cluster 1 (Light wood shavings)
data/raw/Healthy/healthy.1261.jpg,1,Cluster 1 (Light wood shavings)
data/raw/Healthy/healthy.1262.jpg,1,Cluster 1 (Light wood shavings)
data/raw/Healthy/healthy.1263.jpg,1,Cluster 1 (Light wood shavings)
data/raw/Healthy/healthy.1264.jpg,1,Cluster 1 (Light wood shavings)
data/raw/Healthy/healthy.1265.jpg,0,Cluster 0 (Dark soil / concrete)
data/raw/Healthy/healthy.1266.jpg,1,Cluster 1 (Light wood shavings)
data/raw/Healthy/healthy.1267.jpg,1,Cluster 1 (Light wood shavings)
data/raw/Healthy/healthy.1268.jpg,1,Cluster 1 (Light wood shavings)
data/raw/Healthy/healthy.1269.jpg,1,Cluster 1 (Light wood shavings)
data/raw/Healthy/healthy.127.jpg,3,Cluster 3 (Mixed straw / pen floor)
data/raw/Healthy/healthy.1270.jpg,1,Cluster 1 (Light wood shavings)
data/raw/Healthy/healthy.1271.jpg,2,Cluster 2 (Reddish-brown litter)
data/raw/Healthy/healthy.1272.jpg,1,Cluster 1 (Light wood shavings)
data/raw/Healthy/healthy.1273.jpg,1,Cluster 1 (Light wood shavings)
data/raw/Healthy/healthy.1274.jpg,1,Cluster 1 (Light wood shavings)
data/raw/Healthy/healthy.1275.jpg,1,Cluster 1 (Light wood shavings)
data/raw/Healthy/healthy.1276.jpg,1,Cluster 1 (Light wood shavings)
data/raw/Healthy/healthy.1277.jpg,1,Cluster 1 (Light wood shavings)
data/raw/Healthy/healthy.1278.jpg,1,Cluster 1 (Light wood shavings)
data/raw/Healthy/healthy.1279.jpg,1,Cluster 1 (Light wood shavings)
data/raw/Healthy/healthy.128.jpg,1,Cluster 1 (Light wood shavings)
data/raw/Healthy/healthy.1280.jpg,1,Cluster 1 (Light wood shavings)
data/raw/Healthy/healthy.1281.jpg,1,Cluster 1 (Light wood shavings)
data/raw/Healthy/healthy.1282.jpg,1,Cluster 1 (Light wood shavings)
data/raw/Healthy/healthy.1283.jpg,1,Cluster 1 (Light wood shavings)
data/raw/Healthy/healthy.1284.jpg,1,Cluster 1 (Light wood shavings)
data/raw/Healthy/healthy.1285.jpg,1,Cluster 1 (Light wood shavings)
data/raw/Healthy/healthy.1286.jpg,1,Cluster 1 (Light wood shavings)
data/raw/Healthy/healthy.1287.jpg,3,Cluster 3 (Mixed straw / pen floor)
data/raw/Healthy/healthy.1288.jpg,1,Cluster 1 (Light wood shavings)
data/raw/Healthy/healthy.1289.jpg,1,Cluster 1 (Light wood shavings)
data/raw/Healthy/healthy.129.jpg,1,Cluster 1 (Light wood shavings)
data/raw/Healthy/healthy.1290.jpg,1,Cluster 1 (Light wood shavings)
data/raw/Healthy/healthy.1291.jpg,1,Cluster 1 (Light wood shavings)
data/raw/Healthy/healthy.1292.jpg,1,Cluster 1 (Light wood shavings)
data/raw/Healthy/healthy.1293.jpg,1,Cluster 1 (Light wood shavings)
data/raw/Healthy/healthy.1294.jpg,1,Cluster 1 (Light wood shavings)
data/raw/Healthy/healthy.1295.jpg,1,Cluster 1 (Light wood shavings)
data/raw/Healthy/healthy.1296.jpg,1,Cluster 1 (Light wood shavings)
data/raw/Healthy/healthy.1297.jpg,1,Cluster 1 (Light wood shavings)
data/raw/Healthy/healthy.1298.jpg,2,Cluster 2 (Reddish-brown litter)
data/raw/Healthy/healthy.1299.jpg,1,Cluster 1 (Light wood shavings)
data/raw/Healthy/healthy.13.jpg,1,Cluster 1 (Light wood shavings)
data/raw/Healthy/healthy.130.jpg,1,Cluster 1 (Light wood shavings)
data/raw/Healthy/healthy.1300.jpg,3,Cluster 3 (Mixed straw / pen floor)
data/raw/Healthy/healthy.1301.jpg,2,Cluster 2 (Reddish-brown litter)
data/raw/Healthy/healthy.1302.jpg,1,Cluster 1 (Light wood shavings)
data/raw/Healthy/healthy.1303.jpg,1,Cluster 1 (Light wood shavings)
data/raw/Healthy/healthy.1304.jpg,1,Cluster 1 (Light wood shavings)
data/raw/Healthy/healthy.1305.jpg,1,Cluster 1 (Light wood shavings)
data/raw/Healthy/healthy.1306.jpg,1,Cluster 1 (Light wood shavings)
data/raw/Healthy/healthy.1307.jpg,1,Cluster 1 (Light wood shavings)
data/raw/Healthy/healthy.1308.jpg,1,Cluster 1 (Light wood shavings)
data/raw/Healthy/healthy.1309.jpg,1,Cluster 1 (Light wood shavings)
data/raw/Healthy/healthy.131.jpg,1,Cluster 1 (Light wood shavings)
data/raw/Healthy/healthy.1310.jpg,1,Cluster 1 (Light wood shavings)
data/raw/Healthy/healthy.1311.jpg,1,Cluster 1 (Light wood shavings)
data/raw/Healthy/healthy.1312.jpg,1,Cluster 1 (Light wood shavings)
data/raw/Healthy/healthy.1313.jpg,1,Cluster 1 (Light wood shavings)
data/raw/Healthy/healthy.1314.jpg,1,Cluster 1 (Light wood shavings)
data/raw/Healthy/healthy.1315.jpg,1,Cluster 1 (Light wood shavings)
data/raw/Healthy/healthy.1316.jpg,1,Cluster 1 (Light wood shavings)
data/raw/Healthy/healthy.1317.jpg,1,Cluster 1 (Light wood shavings)
data/raw/Healthy/healthy.1318.jpg,1,Cluster 1 (Light wood shavings)
data/raw/Healthy/healthy.1319.jpg,1,Cluster 1 (Light wood shavings)
data/raw/Healthy/healthy.132.jpg,1,Cluster 1 (Light wood shavings)
data/raw/Healthy/healthy.1320.jpg,1,Cluster 1 (Light wood shavings)
data/raw/Healthy/healthy.1321.jpg,1,Cluster 1 (Light wood shavings)
data/raw/Healthy/healthy.1322.jpg,1,Cluster 1 (Light wood shavings)
data/raw/Healthy/healthy.1323.jpg,1,Cluster 1 (Light wood shavings)
data/raw/Healthy/healthy.1324.jpg,1,Cluster 1 (Light wood shavings)
data/raw/Healthy/healthy.1325.jpg,1,Cluster 1 (Light wood shavings)
data/raw/Healthy/healthy.1326.jpg,1,Cluster 1 (Light wood shavings)
data/raw/Healthy/healthy.1327.jpg,1,Cluster 1 (Light wood shavings)
data/raw/Healthy/healthy.1328.jpg,3,Cluster 3 (Mixed straw / pen floor)
data/raw/Healthy/healthy.1329.jpg,1,Cluster 1 (Light wood shavings)
data/raw/Healthy/healthy.133.jpg,1,Cluster 1 (Light wood shavings)
data/raw/Healthy/healthy.1330.jpg,1,Cluster 1 (Light wood shavings)
data/raw/Healthy/healthy.1331.jpg,2,Cluster 2 (Reddish-brown litter)
data/raw/Healthy/healthy.1332.jpg,1,Cluster 1 (Light wood shavings)
data/raw/Healthy/healthy.1333.jpg,1,Cluster 1 (Light wood shavings)
data/raw/Healthy/healthy.1334.jpg,1,Cluster 1 (Light wood shavings)
data/raw/Healthy/healthy.1335.jpg,1,Cluster 1 (Light wood shavings)
data/raw/Healthy/healthy.1336.jpg,1,Cluster 1 (Light wood shavings)
data/raw/Healthy/healthy.1337.jpg,1,Cluster 1 (Light wood shavings)
data/raw/Healthy/healthy.1338.jpg,1,Cluster 1 (Light wood shavings)
data/raw/Healthy/healthy.1339.jpg,1,Cluster 1 (Light wood shavings)
data/raw/Healthy/healthy.134.jpg,1,Cluster 1 (Light wood shavings)
data/raw/Healthy/healthy.1340.jpg,1,Cluster 1 (Light wood shavings)
data/raw/Healthy/healthy.1341.jpg,1,Cluster 1 (Light wood shavings)
data/raw/Healthy/healthy.1342.jpg,1,Cluster 1 (Light wood shavings)
data/raw/Healthy/healthy.1343.jpg,1,Cluster 1 (Light wood shavings)
data/raw/Healthy/healthy.1344.jpg,1,Cluster 1 (Light wood shavings)
data/raw/Healthy/healthy.1345.jpg,1,Cluster 1 (Light wood shavings)
data/raw/Healthy/healthy.1346.jpg,1,Cluster 1 (Light wood shavings)
data/raw/Healthy/healthy.1347.jpg,1,Cluster 1 (Light wood shavings)
data/raw/Healthy/healthy.1348.jpg,1,Cluster 1 (Light wood shavings)
data/raw/Healthy/healthy.1349.jpg,1,Cluster 1 (Light wood shavings)
data/raw/Healthy/healthy.135.jpg,1,Cluster 1 (Light wood shavings)
data/raw/Healthy/healthy.1350.jpg,1,Cluster 1 (Light wood shavings)
data/raw/Healthy/healthy.1351.jpg,1,Cluster 1 (Light wood shavings)
data/raw/Healthy/healthy.1352.jpg,0,Cluster 0 (Dark soil / concrete)
data/raw/Healthy/healthy.1353.jpg,1,Cluster 1 (Light wood shavings)
data/raw/Healthy/healthy.1354.jpg,1,Cluster 1 (Light wood shavings)
data/raw/Healthy/healthy.1355.jpg,1,Cluster 1 (Light wood shavings)
data/raw/Healthy/healthy.1356.jpg,1,Cluster 1 (Light wood shavings)
data/raw/Healthy/healthy.1357.jpg,1,Cluster 1 (Light wood shavings)
data/raw/Healthy/healthy.1358.jpg,1,Cluster 1 (Light wood shavings)
data/raw/Healthy/healthy.1359.jpg,2,Cluster 2 (Reddish-brown litter)
data/raw/Healthy/healthy.136.jpg,1,Cluster 1 (Light wood shavings)
data/raw/Healthy/healthy.1360.jpg,1,Cluster 1 (Light wood shavings)
data/raw/Healthy/healthy.1361.jpg,1,Cluster 1 (Light wood shavings)
data/raw/Healthy/healthy.1362.jpg,1,Cluster 1 (Light wood shavings)
data/raw/Healthy/healthy.1363.jpg,1,Cluster 1 (Light wood shavings)
data/raw/Healthy/healthy.1364.jpg,1,Cluster 1 (Light wood shavings)
data/raw/Healthy/healthy.1365.jpg,1,Cluster 1 (Light wood shavings)
data/raw/Healthy/healthy.1366.jpg,1,Cluster 1 (Light wood shavings)
data/raw/Healthy/healthy.1367.jpg,1,Cluster 1 (Light wood shavings)
data/raw/Healthy/healthy.1368.jpg,3,Cluster 3 (Mixed straw / pen floor)
data/raw/Healthy/healthy.1369.jpg,1,Cluster 1 (Light wood shavings)
data/raw/Healthy/healthy.137.jpg,1,Cluster 1 (Light wood shavings)
data/raw/Healthy/healthy.1370.jpg,1,Cluster 1 (Light wood shavings)
data/raw/Healthy/healthy.1371.jpg,2,Cluster 2 (Reddish-brown litter)
data/raw/Healthy/healthy.1372.jpg,1,Cluster 1 (Light wood shavings)
data/raw/Healthy/healthy.1373.jpg,1,Cluster 1 (Light wood shavings)
data/raw/Healthy/healthy.1374.jpg,1,Cluster 1 (Light wood shavings)
data/raw/Healthy/healthy.1375.jpg,1,Cluster 1 (Light wood shavings)
data/raw/Healthy/healthy.1376.jpg,1,Cluster 1 (Light wood shavings)
data/raw/Healthy/healthy.1377.jpg,1,Cluster 1 (Light wood shavings)
data/raw/Healthy/healthy.1378.jpg,1,Cluster 1 (Light wood shavings)
data/raw/Healthy/healthy.1379.jpg,1,Cluster 1 (Light wood shavings)
data/raw/Healthy/healthy.138.jpg,1,Cluster 1 (Light wood shavings)
data/raw/Healthy/healthy.1380.jpg,0,Cluster 0 (Dark soil / concrete)
data/raw/Healthy/healthy.1381.jpg,1,Cluster 1 (Light wood shavings)
data/raw/Healthy/healthy.1382.jpg,1,Cluster 1 (Light wood shavings)
data/raw/Healthy/healthy.1383.jpg,1,Cluster 1 (Light wood shavings)
data/raw/Healthy/healthy.1384.jpg,1,Cluster 1 (Light wood shavings)
data/raw/Healthy/healthy.1385.jpg,1,Cluster 1 (Light wood shavings)
data/raw/Healthy/healthy.1386.jpg,1,Cluster 1 (Light wood shavings)
data/raw/Healthy/healthy.1387.jpg,1,Cluster 1 (Light wood shavings)
data/raw/Healthy/healthy.1388.jpg,1,Cluster 1 (Light wood shavings)
data/raw/Healthy/healthy.1389.jpg,1,Cluster 1 (Light wood shavings)
data/raw/Healthy/healthy.139.jpg,1,Cluster 1 (Light wood shavings)
data/raw/Healthy/healthy.1390.jpg,1,Cluster 1 (Light wood shavings)
data/raw/Healthy/healthy.1391.jpg,1,Cluster 1 (Light wood shavings)
data/raw/Healthy/healthy.1392.jpg,1,Cluster 1 (Light wood shavings)
data/raw/Healthy/healthy.1393.jpg,1,Cluster 1 (Light wood shavings)
data/raw/Healthy/healthy.1394.jpg,1,Cluster 1 (Light wood shavings)
data/raw/Healthy/healthy.1395.jpg,1,Cluster 1 (Light wood shavings)
data/raw/Healthy/healthy.1396.jpg,1,Cluster 1 (Light wood shavings)
data/raw/Healthy/healthy.1397.jpg,1,Cluster 1 (Light wood shavings)
data/raw/Healthy/healthy.1398.jpg,1,Cluster 1 (Light wood shavings)
data/raw/Healthy/healthy.1399.jpg,1,Cluster 1 (Light wood shavings)
data/raw/Healthy/healthy.14.jpg,1,Cluster 1 (Light wood shavings)
data/raw/Healthy/healthy.140.jpg,1,Cluster 1 (Light wood shavings)
data/raw/Healthy/healthy.1400.jpg,1,Cluster 1 (Light wood shavings)
data/raw/Healthy/healthy.1401.jpg,1,Cluster 1 (Light wood shavings)
data/raw/Healthy/healthy.1402.jpg,1,Cluster 1 (Light wood shavings)
data/raw/Healthy/healthy.1403.jpg,1,Cluster 1 (Light wood shavings)
data/raw/Healthy/healthy.1404.jpg,1,Cluster 1 (Light wood shavings)
data/raw/Healthy/healthy.1405.jpg,1,Cluster 1 (Light wood shavings)
data/raw/Healthy/healthy.1406.jpg,1,Cluster 1 (Light wood shavings)
data/raw/Healthy/healthy.1407.jpg,1,Cluster 1 (Light wood shavings)
data/raw/Healthy/healthy.1408.jpg,1,Cluster 1 (Light wood shavings)
data/raw/Healthy/healthy.1409.jpg,1,Cluster 1 (Light wood shavings)
data/raw/Healthy/healthy.141.jpg,1,Cluster 1 (Light wood shavings)
data/raw/Healthy/healthy.1410.jpg,1,Cluster 1 (Light wood shavings)
data/raw/Healthy/healthy.1411.jpg,1,Cluster 1 (Light wood shavings)
data/raw/Healthy/healthy.1412.jpg,1,Cluster 1 (Light wood shavings)
data/raw/Healthy/healthy.1413.jpg,1,Cluster 1 (Light wood shavings)
data/raw/Healthy/healthy.1414.jpg,1,Cluster 1 (Light wood shavings)
data/raw/Healthy/healthy.1415.jpg,0,Cluster 0 (Dark soil / concrete)
data/raw/Healthy/healthy.1416.jpg,1,Cluster 1 (Light wood shavings)
data/raw/Healthy/healthy.1417.jpg,1,Cluster 1 (Light wood shavings)
data/raw/Healthy/healthy.1418.jpg,1,Cluster 1 (Light wood shavings)
data/raw/Healthy/healthy.1419.jpg,1,Cluster 1 (Light wood shavings)
data/raw/Healthy/healthy.142.jpg,1,Cluster 1 (Light wood shavings)
data/raw/Healthy/healthy.1420.jpg,3,Cluster 3 (Mixed straw / pen floor)
data/raw/Healthy/healthy.1421.jpg,1,Cluster 1 (Light wood shavings)
data/raw/Healthy/healthy.1422.jpg,1,Cluster 1 (Light wood shavings)
data/raw/Healthy/healthy.1423.jpg,1,Cluster 1 (Light wood shavings)
data/raw/Healthy/healthy.1424.jpg,1,Cluster 1 (Light wood shavings)
data/raw/Healthy/healthy.1425.jpg,1,Cluster 1 (Light wood shavings)
data/raw/Healthy/healthy.1426.jpg,1,Cluster 1 (Light wood shavings)
data/raw/Healthy/healthy.1427.jpg,1,Cluster 1 (Light wood shavings)
data/raw/Healthy/healthy.1428.jpg,1,Cluster 1 (Light wood shavings)
data/raw/Healthy/healthy.1429.jpg,1,Cluster 1 (Light wood shavings)
data/raw/Healthy/healthy.143.jpg,1,Cluster 1 (Light wood shavings)
data/raw/Healthy/healthy.1430.jpg,1,Cluster 1 (Light wood shavings)
data/raw/Healthy/healthy.1431.jpg,1,Cluster 1 (Light wood shavings)
data/raw/Healthy/healthy.1432.jpg,1,Cluster 1 (Light wood shavings)
data/raw/Healthy/healthy.1433.jpg,1,Cluster 1 (Light wood shavings)
data/raw/Healthy/healthy.1434.jpg,1,Cluster 1 (Light wood shavings)
data/raw/Healthy/healthy.1435.jpg,1,Cluster 1 (Light wood shavings)
data/raw/Healthy/healthy.1436.jpg,1,Cluster 1 (Light wood shavings)
data/raw/Healthy/healthy.1437.jpg,1,Cluster 1 (Light wood shavings)
data/raw/Healthy/healthy.1438.jpg,1,Cluster 1 (Light wood shavings)
data/raw/Healthy/healthy.1439.jpg,1,Cluster 1 (Light wood shavings)
data/raw/Healthy/healthy.144.jpg,1,Cluster 1 (Light wood shavings)
data/raw/Healthy/healthy.1440.jpg,1,Cluster 1 (Light wood shavings)
data/raw/Healthy/healthy.1441.jpg,1,Cluster 1 (Light wood shavings)
data/raw/Healthy/healthy.1442.jpg,1,Cluster 1 (Light wood shavings)
data/raw/Healthy/healthy.1443.jpg,1,Cluster 1 (Light wood shavings)
data/raw/Healthy/healthy.1444.jpg,1,Cluster 1 (Light wood shavings)
data/raw/Healthy/healthy.1445.jpg,1,Cluster 1 (Light wood shavings)
data/raw/Healthy/healthy.1446.jpg,1,Cluster 1 (Light wood shavings)
data/raw/Healthy/healthy.1447.jpg,1,Cluster 1 (Light wood shavings)
data/raw/Healthy/healthy.1448.jpg,1,Cluster 1 (Light wood shavings)
data/raw/Healthy/healthy.1449.jpg,1,Cluster 1 (Light wood shavings)
data/raw/Healthy/healthy.145.jpg,1,Cluster 1 (Light wood shavings)
data/raw/Healthy/healthy.1450.jpg,1,Cluster 1 (Light wood shavings)
data/raw/Healthy/healthy.1451.jpg,1,Cluster 1 (Light wood shavings)
data/raw/Healthy/healthy.1452.jpg,1,Cluster 1 (Light wood shavings)
data/raw/Healthy/healthy.1453.jpg,1,Cluster 1 (Light wood shavings)
data/raw/Healthy/healthy.1454.jpg,3,Cluster 3 (Mixed straw / pen floor)
data/raw/Healthy/healthy.1455.jpg,1,Cluster 1 (Light wood shavings)
data/raw/Healthy/healthy.1456.jpg,1,Cluster 1 (Light wood shavings)
data/raw/Healthy/healthy.1457.jpg,1,Cluster 1 (Light wood shavings)
data/raw/Healthy/healthy.1458.jpg,1,Cluster 1 (Light wood shavings)
data/raw/Healthy/healthy.1459.jpg,1,Cluster 1 (Light wood shavings)
data/raw/Healthy/healthy.146.jpg,1,Cluster 1 (Light wood shavings)
data/raw/Healthy/healthy.1460.jpg,1,Cluster 1 (Light wood shavings)
data/raw/Healthy/healthy.1461.jpg,1,Cluster 1 (Light wood shavings)
data/raw/Healthy/healthy.1462.jpg,1,Cluster 1 (Light wood shavings)
data/raw/Healthy/healthy.1463.jpg,1,Cluster 1 (Light wood shavings)
data/raw/Healthy/healthy.1464.jpg,1,Cluster 1 (Light wood shavings)
data/raw/Healthy/healthy.1465.jpg,1,Cluster 1 (Light wood shavings)
data/raw/Healthy/healthy.1466.jpg,1,Cluster 1 (Light wood shavings)
data/raw/Healthy/healthy.1467.jpg,1,Cluster 1 (Light wood shavings)
data/raw/Healthy/healthy.1468.jpg,2,Cluster 2 (Reddish-brown litter)
data/raw/Healthy/healthy.1469.jpg,1,Cluster 1 (Light wood shavings)
data/raw/Healthy/healthy.147.jpg,1,Cluster 1 (Light wood shavings)
data/raw/Healthy/healthy.1470.jpg,1,Cluster 1 (Light wood shavings)
data/raw/Healthy/healthy.1471.jpg,1,Cluster 1 (Light wood shavings)
data/raw/Healthy/healthy.1472.jpg,1,Cluster 1 (Light wood shavings)
data/raw/Healthy/healthy.1473.jpg,1,Cluster 1 (Light wood shavings)
data/raw/Healthy/healthy.1474.jpg,1,Cluster 1 (Light wood shavings)
data/raw/Healthy/healthy.1475.jpg,1,Cluster 1 (Light wood shavings)
data/raw/Healthy/healthy.1476.jpg,1,Cluster 1 (Light wood shavings)
data/raw/Healthy/healthy.1477.jpg,1,Cluster 1 (Light wood shavings)
data/raw/Healthy/healthy.1478.jpg,1,Cluster 1 (Light wood shavings)
data/raw/Healthy/healthy.1479.jpg,1,Cluster 1 (Light wood shavings)
data/raw/Healthy/healthy.148.jpg,1,Cluster 1 (Light wood shavings)
data/raw/Healthy/healthy.1480.jpg,1,Cluster 1 (Light wood shavings)
data/raw/Healthy/healthy.1481.jpg,1,Cluster 1 (Light wood shavings)
data/raw/Healthy/healthy.1482.jpg,1,Cluster 1 (Light wood shavings)
data/raw/Healthy/healthy.1483.jpg,1,Cluster 1 (Light wood shavings)
data/raw/Healthy/healthy.1484.jpg,1,Cluster 1 (Light wood shavings)
data/raw/Healthy/healthy.1485.jpg,1,Cluster 1 (Light wood shavings)
data/raw/Healthy/healthy.1486.jpg,1,Cluster 1 (Light wood shavings)
data/raw/Healthy/healthy.1487.jpg,1,Cluster 1 (Light wood shavings)
data/raw/Healthy/healthy.1488.jpg,1,Cluster 1 (Light wood shavings)
data/raw/Healthy/healthy.1489.jpg,1,Cluster 1 (Light wood shavings)
data/raw/Healthy/healthy.149.jpg,1,Cluster 1 (Light wood shavings)
data/raw/Healthy/healthy.1490.jpg,1,Cluster 1 (Light wood shavings)
data/raw/Healthy/healthy.1491.jpg,1,Cluster 1 (Light wood shavings)
data/raw/Healthy/healthy.1492.jpg,1,Cluster 1 (Light wood shavings)
data/raw/Healthy/healthy.1493.jpg,1,Cluster 1 (Light wood shavings)
data/raw/Healthy/healthy.1494.jpg,1,Cluster 1 (Light wood shavings)
data/raw/Healthy/healthy.1495.jpg,1,Cluster 1 (Light wood shavings)
data/raw/Healthy/healthy.1496.jpg,1,Cluster 1 (Light wood shavings)
data/raw/Healthy/healthy.1497.jpg,1,Cluster 1 (Light wood shavings)
data/raw/Healthy/healthy.1498.jpg,1,Cluster 1 (Light wood shavings)
data/raw/Healthy/healthy.1499.jpg,1,Cluster 1 (Light wood shavings)
data/raw/Healthy/healthy.15.jpg,1,Cluster 1 (Light wood shavings)
data/raw/Healthy/healthy.150.jpg,1,Cluster 1 (Light wood shavings)
data/raw/Healthy/healthy.1500.jpg,1,Cluster 1 (Light wood shavings)
data/raw/Healthy/healthy.1501.jpg,1,Cluster 1 (Light wood shavings)
data/raw/Healthy/healthy.1502.jpg,1,Cluster 1 (Light wood shavings)
data/raw/Healthy/healthy.1503.jpg,1,Cluster 1 (Light wood shavings)
data/raw/Healthy/healthy.1504.jpg,1,Cluster 1 (Light wood shavings)
data/raw/Healthy/healthy.1505.jpg,1,Cluster 1 (Light wood shavings)
data/raw/Healthy/healthy.1506.jpg,1,Cluster 1 (Light wood shavings)
data/raw/Healthy/healthy.1507.jpg,1,Cluster 1 (Light wood shavings)
data/raw/Healthy/healthy.1508.jpg,1,Cluster 1 (Light wood shavings)
data/raw/Healthy/healthy.1509.jpg,1,Cluster 1 (Light wood shavings)
data/raw/Healthy/healthy.151.jpg,1,Cluster 1 (Light wood shavings)
data/raw/Healthy/healthy.1510.jpg,1,Cluster 1 (Light wood shavings)
data/raw/Healthy/healthy.1511.jpg,1,Cluster 1 (Light wood shavings)
data/raw/Healthy/healthy.1512.jpg,1,Cluster 1 (Light wood shavings)
data/raw/Healthy/healthy.1513.jpg,1,Cluster 1 (Light wood shavings)
data/raw/Healthy/healthy.1514.jpg,0,Cluster 0 (Dark soil / concrete)
data/raw/Healthy/healthy.1515.jpg,1,Cluster 1 (Light wood shavings)
data/raw/Healthy/healthy.1516.jpg,1,Cluster 1 (Light wood shavings)
data/raw/Healthy/healthy.1517.jpg,1,Cluster 1 (Light wood shavings)
data/raw/Healthy/healthy.1518.jpg,1,Cluster 1 (Light wood shavings)
data/raw/Healthy/healthy.1519.jpg,1,Cluster 1 (Light wood shavings)
data/raw/Healthy/healthy.152.jpg,1,Cluster 1 (Light wood shavings)
data/raw/Healthy/healthy.1520.jpg,1,Cluster 1 (Light wood shavings)
data/raw/Healthy/healthy.1521.jpg,1,Cluster 1 (Light wood shavings)
data/raw/Healthy/healthy.1522.jpg,1,Cluster 1 (Light wood shavings)
data/raw/Healthy/healthy.1523.jpg,3,Cluster 3 (Mixed straw / pen floor)
data/raw/Healthy/healthy.1524.jpg,1,Cluster 1 (Light wood shavings)
data/raw/Healthy/healthy.1525.jpg,1,Cluster 1 (Light wood shavings)
data/raw/Healthy/healthy.1526.jpg,1,Cluster 1 (Light wood shavings)
data/raw/Healthy/healthy.1527.jpg,1,Cluster 1 (Light wood shavings)
data/raw/Healthy/healthy.1528.jpg,1,Cluster 1 (Light wood shavings)
data/raw/Healthy/healthy.1529.jpg,1,Cluster 1 (Light wood shavings)
data/raw/Healthy/healthy.153.jpg,1,Cluster 1 (Light wood shavings)
data/raw/Healthy/healthy.1530.jpg,1,Cluster 1 (Light wood shavings)
data/raw/Healthy/healthy.1531.jpg,1,Cluster 1 (Light wood shavings)
data/raw/Healthy/healthy.1532.jpg,3,Cluster 3 (Mixed straw / pen floor)
data/raw/Healthy/healthy.1533.jpg,1,Cluster 1 (Light wood shavings)
data/raw/Healthy/healthy.1534.jpg,1,Cluster 1 (Light wood shavings)
data/raw/Healthy/healthy.1535.jpg,1,Cluster 1 (Light wood shavings)
data/raw/Healthy/healthy.1536.jpg,3,Cluster 3 (Mixed straw / pen floor)
data/raw/Healthy/healthy.1537.jpg,1,Cluster 1 (Light wood shavings)
data/raw/Healthy/healthy.1538.jpg,1,Cluster 1 (Light wood shavings)
data/raw/Healthy/healthy.1539.jpg,1,Cluster 1 (Light wood shavings)
data/raw/Healthy/healthy.154.jpg,2,Cluster 2 (Reddish-brown litter)
data/raw/Healthy/healthy.1540.jpg,1,Cluster 1 (Light wood shavings)
data/raw/Healthy/healthy.1541.jpg,1,Cluster 1 (Light wood shavings)
data/raw/Healthy/healthy.1542.jpg,1,Cluster 1 (Light wood shavings)
data/raw/Healthy/healthy.1543.jpg,1,Cluster 1 (Light wood shavings)
data/raw/Healthy/healthy.1544.jpg,1,Cluster 1 (Light wood shavings)
data/raw/Healthy/healthy.1545.jpg,1,Cluster 1 (Light wood shavings)
data/raw/Healthy/healthy.1546.jpg,2,Cluster 2 (Reddish-brown litter)
data/raw/Healthy/healthy.1547.jpg,1,Cluster 1 (Light wood shavings)
data/raw/Healthy/healthy.1548.jpg,1,Cluster 1 (Light wood shavings)
data/raw/Healthy/healthy.1549.jpg,1,Cluster 1 (Light wood shavings)
data/raw/Healthy/healthy.155.jpg,1,Cluster 1 (Light wood shavings)
data/raw/Healthy/healthy.1550.jpg,1,Cluster 1 (Light wood shavings)
data/raw/Healthy/healthy.1551.jpg,1,Cluster 1 (Light wood shavings)
data/raw/Healthy/healthy.1552.jpg,1,Cluster 1 (Light wood shavings)
data/raw/Healthy/healthy.1553.jpg,1,Cluster 1 (Light wood shavings)
data/raw/Healthy/healthy.1554.jpg,1,Cluster 1 (Light wood shavings)
data/raw/Healthy/healthy.1555.jpg,1,Cluster 1 (Light wood shavings)
data/raw/Healthy/healthy.1556.jpg,1,Cluster 1 (Light wood shavings)
data/raw/Healthy/healthy.1557.jpg,1,Cluster 1 (Light wood shavings)
data/raw/Healthy/healthy.1558.jpg,1,Cluster 1 (Light wood shavings)
data/raw/Healthy/healthy.1559.jpg,1,Cluster 1 (Light wood shavings)
data/raw/Healthy/healthy.156.jpg,1,Cluster 1 (Light wood shavings)
data/raw/Healthy/healthy.1560.jpg,1,Cluster 1 (Light wood shavings)
data/raw/Healthy/healthy.1561.jpg,1,Cluster 1 (Light wood shavings)
data/raw/Healthy/healthy.1562.jpg,1,Cluster 1 (Light wood shavings)
data/raw/Healthy/healthy.1563.jpg,1,Cluster 1 (Light wood shavings)
data/raw/Healthy/healthy.1564.jpg,1,Cluster 1 (Light wood shavings)
data/raw/Healthy/healthy.1565.jpg,1,Cluster 1 (Light wood shavings)
data/raw/Healthy/healthy.1566.jpg,1,Cluster 1 (Light wood shavings)
data/raw/Healthy/healthy.1567.jpg,1,Cluster 1 (Light wood shavings)
data/raw/Healthy/healthy.1568.jpg,1,Cluster 1 (Light wood shavings)
data/raw/Healthy/healthy.1569.jpg,1,Cluster 1 (Light wood shavings)
data/raw/Healthy/healthy.157.jpg,1,Cluster 1 (Light wood shavings)
data/raw/Healthy/healthy.1570.jpg,1,Cluster 1 (Light wood shavings)
data/raw/Healthy/healthy.1571.jpg,1,Cluster 1 (Light wood shavings)
data/raw/Healthy/healthy.1572.jpg,3,Cluster 3 (Mixed straw / pen floor)
data/raw/Healthy/healthy.1573.jpg,1,Cluster 1 (Light wood shavings)
data/raw/Healthy/healthy.1574.jpg,1,Cluster 1 (Light wood shavings)
data/raw/Healthy/healthy.1575.jpg,1,Cluster 1 (Light wood shavings)
data/raw/Healthy/healthy.1576.jpg,1,Cluster 1 (Light wood shavings)
data/raw/Healthy/healthy.1577.jpg,1,Cluster 1 (Light wood shavings)
data/raw/Healthy/healthy.1578.jpg,1,Cluster 1 (Light wood shavings)
data/raw/Healthy/healthy.1579.jpg,1,Cluster 1 (Light wood shavings)
data/raw/Healthy/healthy.158.jpg,1,Cluster 1 (Light wood shavings)
data/raw/Healthy/healthy.1580.jpg,1,Cluster 1 (Light wood shavings)
data/raw/Healthy/healthy.1581.jpg,1,Cluster 1 (Light wood shavings)
data/raw/Healthy/healthy.1582.jpg,1,Cluster 1 (Light wood shavings)
data/raw/Healthy/healthy.1583.jpg,1,Cluster 1 (Light wood shavings)
data/raw/Healthy/healthy.1584.jpg,1,Cluster 1 (Light wood shavings)
data/raw/Healthy/healthy.1585.jpg,1,Cluster 1 (Light wood shavings)
data/raw/Healthy/healthy.1586.jpg,1,Cluster 1 (Light wood shavings)
data/raw/Healthy/healthy.1587.jpg,1,Cluster 1 (Light wood shavings)
data/raw/Healthy/healthy.1588.jpg,1,Cluster 1 (Light wood shavings)
data/raw/Healthy/healthy.1589.jpg,1,Cluster 1 (Light wood shavings)
data/raw/Healthy/healthy.159.jpg,1,Cluster 1 (Light wood shavings)
data/raw/Healthy/healthy.1590.jpg,1,Cluster 1 (Light wood shavings)
data/raw/Healthy/healthy.1591.jpg,1,Cluster 1 (Light wood shavings)
data/raw/Healthy/healthy.1592.jpg,1,Cluster 1 (Light wood shavings)
data/raw/Healthy/healthy.1593.jpg,1,Cluster 1 (Light wood shavings)
data/raw/Healthy/healthy.1594.jpg,1,Cluster 1 (Light wood shavings)
data/raw/Healthy/healthy.1595.jpg,1,Cluster 1 (Light wood shavings)
data/raw/Healthy/healthy.1596.jpg,1,Cluster 1 (Light wood shavings)
data/raw/Healthy/healthy.1597.jpg,2,Cluster 2 (Reddish-brown litter)
data/raw/Healthy/healthy.1598.jpg,1,Cluster 1 (Light wood shavings)
data/raw/Healthy/healthy.1599.jpg,1,Cluster 1 (Light wood shavings)
data/raw/Healthy/healthy.16.jpg,1,Cluster 1 (Light wood shavings)
data/raw/Healthy/healthy.160.jpg,3,Cluster 3 (Mixed straw / pen floor)
data/raw/Healthy/healthy.1600.jpg,1,Cluster 1 (Light wood shavings)
data/raw/Healthy/healthy.1601.jpg,1,Cluster 1 (Light wood shavings)
data/raw/Healthy/healthy.1602.jpg,1,Cluster 1 (Light wood shavings)
data/raw/Healthy/healthy.1603.jpg,1,Cluster 1 (Light wood shavings)
data/raw/Healthy/healthy.1604.jpg,1,Cluster 1 (Light wood shavings)
data/raw/Healthy/healthy.1605.jpg,1,Cluster 1 (Light wood shavings)
data/raw/Healthy/healthy.1606.jpg,1,Cluster 1 (Light wood shavings)
data/raw/Healthy/healthy.1607.jpg,1,Cluster 1 (Light wood shavings)
data/raw/Healthy/healthy.1608.jpg,1,Cluster 1 (Light wood shavings)
data/raw/Healthy/healthy.1609.jpg,1,Cluster 1 (Light wood shavings)
data/raw/Healthy/healthy.161.jpg,1,Cluster 1 (Light wood shavings)
data/raw/Healthy/healthy.1610.jpg,1,Cluster 1 (Light wood shavings)
data/raw/Healthy/healthy.1611.jpg,1,Cluster 1 (Light wood shavings)
data/raw/Healthy/healthy.1612.jpg,1,Cluster 1 (Light wood shavings)
data/raw/Healthy/healthy.1613.jpg,1,Cluster 1 (Light wood shavings)
data/raw/Healthy/healthy.1614.jpg,1,Cluster 1 (Light wood shavings)
data/raw/Healthy/healthy.1615.jpg,1,Cluster 1 (Light wood shavings)
data/raw/Healthy/healthy.1616.jpg,1,Cluster 1 (Light wood shavings)
data/raw/Healthy/healthy.1617.jpg,1,Cluster 1 (Light wood shavings)
data/raw/Healthy/healthy.1618.jpg,1,Cluster 1 (Light wood shavings)
data/raw/Healthy/healthy.1619.jpg,1,Cluster 1 (Light wood shavings)
data/raw/Healthy/healthy.162.jpg,1,Cluster 1 (Light wood shavings)
data/raw/Healthy/healthy.1620.jpg,1,Cluster 1 (Light wood shavings)
data/raw/Healthy/healthy.1621.jpg,1,Cluster 1 (Light wood shavings)
data/raw/Healthy/healthy.1622.jpg,1,Cluster 1 (Light wood shavings)
data/raw/Healthy/healthy.1623.jpg,1,Cluster 1 (Light wood shavings)
data/raw/Healthy/healthy.1624.jpg,1,Cluster 1 (Light wood shavings)
data/raw/Healthy/healthy.1625.jpg,1,Cluster 1 (Light wood shavings)
data/raw/Healthy/healthy.1626.jpg,1,Cluster 1 (Light wood shavings)
data/raw/Healthy/healthy.1627.jpg,1,Cluster 1 (Light wood shavings)
data/raw/Healthy/healthy.1628.jpg,1,Cluster 1 (Light wood shavings)
data/raw/Healthy/healthy.1629.jpg,1,Cluster 1 (Light wood shavings)
data/raw/Healthy/healthy.163.jpg,1,Cluster 1 (Light wood shavings)
data/raw/Healthy/healthy.1630.jpg,1,Cluster 1 (Light wood shavings)
data/raw/Healthy/healthy.1631.jpg,1,Cluster 1 (Light wood shavings)
data/raw/Healthy/healthy.1632.jpg,1,Cluster 1 (Light wood shavings)
data/raw/Healthy/healthy.1633.jpg,1,Cluster 1 (Light wood shavings)
data/raw/Healthy/healthy.1634.jpg,1,Cluster 1 (Light wood shavings)
data/raw/Healthy/healthy.1635.jpg,1,Cluster 1 (Light wood shavings)
data/raw/Healthy/healthy.1636.jpg,1,Cluster 1 (Light wood shavings)
data/raw/Healthy/healthy.1637.jpg,1,Cluster 1 (Light wood shavings)
data/raw/Healthy/healthy.1638.jpg,1,Cluster 1 (Light wood shavings)
data/raw/Healthy/healthy.1639.jpg,1,Cluster 1 (Light wood shavings)
data/raw/Healthy/healthy.164.jpg,1,Cluster 1 (Light wood shavings)
data/raw/Healthy/healthy.1640.jpg,1,Cluster 1 (Light wood shavings)
data/raw/Healthy/healthy.1641.jpg,1,Cluster 1 (Light wood shavings)
data/raw/Healthy/healthy.1642.jpg,1,Cluster 1 (Light wood shavings)
data/raw/Healthy/healthy.1643.jpg,1,Cluster 1 (Light wood shavings)
data/raw/Healthy/healthy.1644.jpg,1,Cluster 1 (Light wood shavings)
data/raw/Healthy/healthy.1645.jpg,1,Cluster 1 (Light wood shavings)
data/raw/Healthy/healthy.1646.jpg,1,Cluster 1 (Light wood shavings)
data/raw/Healthy/healthy.1647.jpg,1,Cluster 1 (Light wood shavings)
data/raw/Healthy/healthy.1648.jpg,1,Cluster 1 (Light wood shavings)
data/raw/Healthy/healthy.1649.jpg,1,Cluster 1 (Light wood shavings)
data/raw/Healthy/healthy.165.jpg,1,Cluster 1 (Light wood shavings)
data/raw/Healthy/healthy.1650.jpg,1,Cluster 1 (Light wood shavings)
data/raw/Healthy/healthy.1651.jpg,1,Cluster 1 (Light wood shavings)
data/raw/Healthy/healthy.1652.jpg,0,Cluster 0 (Dark soil / concrete)
data/raw/Healthy/healthy.1653.jpg,1,Cluster 1 (Light wood shavings)
data/raw/Healthy/healthy.1654.jpg,1,Cluster 1 (Light wood shavings)
data/raw/Healthy/healthy.1655.jpg,1,Cluster 1 (Light wood shavings)
data/raw/Healthy/healthy.1656.jpg,1,Cluster 1 (Light wood shavings)
data/raw/Healthy/healthy.1657.jpg,2,Cluster 2 (Reddish-brown litter)
data/raw/Healthy/healthy.1658.jpg,1,Cluster 1 (Light wood shavings)
data/raw/Healthy/healthy.1659.jpg,1,Cluster 1 (Light wood shavings)
data/raw/Healthy/healthy.166.jpg,1,Cluster 1 (Light wood shavings)
data/raw/Healthy/healthy.1660.jpg,1,Cluster 1 (Light wood shavings)
data/raw/Healthy/healthy.1661.jpg,1,Cluster 1 (Light wood shavings)
data/raw/Healthy/healthy.1662.jpg,1,Cluster 1 (Light wood shavings)
data/raw/Healthy/healthy.1663.jpg,1,Cluster 1 (Light wood shavings)
data/raw/Healthy/healthy.1664.jpg,1,Cluster 1 (Light wood shavings)
data/raw/Healthy/healthy.1665.jpg,1,Cluster 1 (Light wood shavings)
data/raw/Healthy/healthy.1666.jpg,1,Cluster 1 (Light wood shavings)
data/raw/Healthy/healthy.1667.jpg,1,Cluster 1 (Light wood shavings)
data/raw/Healthy/healthy.1668.jpg,1,Cluster 1 (Light wood shavings)
data/raw/Healthy/healthy.1669.jpg,2,Cluster 2 (Reddish-brown litter)
data/raw/Healthy/healthy.167.jpg,1,Cluster 1 (Light wood shavings)
data/raw/Healthy/healthy.1670.jpg,1,Cluster 1 (Light wood shavings)
data/raw/Healthy/healthy.1671.jpg,1,Cluster 1 (Light wood shavings)
data/raw/Healthy/healthy.1672.jpg,1,Cluster 1 (Light wood shavings)
data/raw/Healthy/healthy.1673.jpg,1,Cluster 1 (Light wood shavings)
data/raw/Healthy/healthy.1674.jpg,1,Cluster 1 (Light wood shavings)
data/raw/Healthy/healthy.1675.jpg,1,Cluster 1 (Light wood shavings)
data/raw/Healthy/healthy.1676.jpg,1,Cluster 1 (Light wood shavings)
data/raw/Healthy/healthy.1677.jpg,1,Cluster 1 (Light wood shavings)
data/raw/Healthy/healthy.1678.jpg,1,Cluster 1 (Light wood shavings)
data/raw/Healthy/healthy.1679.jpg,1,Cluster 1 (Light wood shavings)
data/raw/Healthy/healthy.168.jpg,1,Cluster 1 (Light wood shavings)
data/raw/Healthy/healthy.1680.jpg,1,Cluster 1 (Light wood shavings)
data/raw/Healthy/healthy.1681.jpg,1,Cluster 1 (Light wood shavings)
data/raw/Healthy/healthy.1682.jpg,1,Cluster 1 (Light wood shavings)
data/raw/Healthy/healthy.1683.jpg,0,Cluster 0 (Dark soil / concrete)
data/raw/Healthy/healthy.1684.jpg,1,Cluster 1 (Light wood shavings)
data/raw/Healthy/healthy.1685.jpg,1,Cluster 1 (Light wood shavings)
data/raw/Healthy/healthy.1686.jpg,1,Cluster 1 (Light wood shavings)
data/raw/Healthy/healthy.1687.jpg,1,Cluster 1 (Light wood shavings)
data/raw/Healthy/healthy.1688.jpg,1,Cluster 1 (Light wood shavings)
data/raw/Healthy/healthy.1689.jpg,3,Cluster 3 (Mixed straw / pen floor)
data/raw/Healthy/healthy.169.jpg,1,Cluster 1 (Light wood shavings)
data/raw/Healthy/healthy.1690.jpg,1,Cluster 1 (Light wood shavings)
data/raw/Healthy/healthy.1691.jpg,1,Cluster 1 (Light wood shavings)
data/raw/Healthy/healthy.1692.jpg,1,Cluster 1 (Light wood shavings)
data/raw/Healthy/healthy.1693.jpg,1,Cluster 1 (Light wood shavings)
data/raw/Healthy/healthy.1694.jpg,1,Cluster 1 (Light wood shavings)
data/raw/Healthy/healthy.1695.jpg,1,Cluster 1 (Light wood shavings)
data/raw/Healthy/healthy.1696.jpg,1,Cluster 1 (Light wood shavings)
data/raw/Healthy/healthy.1697.jpg,1,Cluster 1 (Light wood shavings)
data/raw/Healthy/healthy.1698.jpg,1,Cluster 1 (Light wood shavings)
data/raw/Healthy/healthy.1699.jpg,1,Cluster 1 (Light wood shavings)
data/raw/Healthy/healthy.17.jpg,3,Cluster 3 (Mixed straw / pen floor)
data/raw/Healthy/healthy.170.jpg,1,Cluster 1 (Light wood shavings)
data/raw/Healthy/healthy.1700.jpg,1,Cluster 1 (Light wood shavings)
data/raw/Healthy/healthy.1701.jpg,1,Cluster 1 (Light wood shavings)
data/raw/Healthy/healthy.1702.jpg,1,Cluster 1 (Light wood shavings)
data/raw/Healthy/healthy.1703.jpg,1,Cluster 1 (Light wood shavings)
data/raw/Healthy/healthy.1704.jpg,1,Cluster 1 (Light wood shavings)
data/raw/Healthy/healthy.1705.jpg,1,Cluster 1 (Light wood shavings)
data/raw/Healthy/healthy.1706.jpg,1,Cluster 1 (Light wood shavings)
data/raw/Healthy/healthy.1707.jpg,1,Cluster 1 (Light wood shavings)
data/raw/Healthy/healthy.1708.jpg,1,Cluster 1 (Light wood shavings)
data/raw/Healthy/healthy.1709.jpg,1,Cluster 1 (Light wood shavings)
data/raw/Healthy/healthy.171.jpg,1,Cluster 1 (Light wood shavings)
data/raw/Healthy/healthy.1710.jpg,2,Cluster 2 (Reddish-brown litter)
data/raw/Healthy/healthy.1711.jpg,1,Cluster 1 (Light wood shavings)
data/raw/Healthy/healthy.1712.jpg,1,Cluster 1 (Light wood shavings)
data/raw/Healthy/healthy.1713.jpg,1,Cluster 1 (Light wood shavings)
data/raw/Healthy/healthy.1714.jpg,1,Cluster 1 (Light wood shavings)
data/raw/Healthy/healthy.1715.jpg,1,Cluster 1 (Light wood shavings)
data/raw/Healthy/healthy.1716.jpg,1,Cluster 1 (Light wood shavings)
data/raw/Healthy/healthy.1717.jpg,1,Cluster 1 (Light wood shavings)
data/raw/Healthy/healthy.1718.jpg,1,Cluster 1 (Light wood shavings)
data/raw/Healthy/healthy.1719.jpg,1,Cluster 1 (Light wood shavings)
data/raw/Healthy/healthy.172.jpg,1,Cluster 1 (Light wood shavings)
data/raw/Healthy/healthy.1720.jpg,1,Cluster 1 (Light wood shavings)
data/raw/Healthy/healthy.1721.jpg,1,Cluster 1 (Light wood shavings)
data/raw/Healthy/healthy.1722.jpg,1,Cluster 1 (Light wood shavings)
data/raw/Healthy/healthy.1723.jpg,1,Cluster 1 (Light wood shavings)
data/raw/Healthy/healthy.1724.jpg,1,Cluster 1 (Light wood shavings)
data/raw/Healthy/healthy.1725.jpg,2,Cluster 2 (Reddish-brown litter)
data/raw/Healthy/healthy.1726.jpg,1,Cluster 1 (Light wood shavings)
data/raw/Healthy/healthy.1727.jpg,1,Cluster 1 (Light wood shavings)
data/raw/Healthy/healthy.1728.jpg,1,Cluster 1 (Light wood shavings)
data/raw/Healthy/healthy.1729.jpg,1,Cluster 1 (Light wood shavings)
data/raw/Healthy/healthy.173.jpg,1,Cluster 1 (Light wood shavings)
data/raw/Healthy/healthy.1730.jpg,1,Cluster 1 (Light wood shavings)
data/raw/Healthy/healthy.1731.jpg,1,Cluster 1 (Light wood shavings)
data/raw/Healthy/healthy.1732.jpg,1,Cluster 1 (Light wood shavings)
data/raw/Healthy/healthy.1733.jpg,2,Cluster 2 (Reddish-brown litter)
data/raw/Healthy/healthy.1734.jpg,1,Cluster 1 (Light wood shavings)
data/raw/Healthy/healthy.1735.jpg,1,Cluster 1 (Light wood shavings)
data/raw/Healthy/healthy.1736.jpg,1,Cluster 1 (Light wood shavings)
data/raw/Healthy/healthy.1737.jpg,1,Cluster 1 (Light wood shavings)
data/raw/Healthy/healthy.1738.jpg,1,Cluster 1 (Light wood shavings)
data/raw/Healthy/healthy.1739.jpg,1,Cluster 1 (Light wood shavings)
data/raw/Healthy/healthy.174.jpg,1,Cluster 1 (Light wood shavings)
data/raw/Healthy/healthy.1740.jpg,1,Cluster 1 (Light wood shavings)
data/raw/Healthy/healthy.1741.jpg,1,Cluster 1 (Light wood shavings)
data/raw/Healthy/healthy.1742.jpg,1,Cluster 1 (Light wood shavings)
data/raw/Healthy/healthy.1743.jpg,1,Cluster 1 (Light wood shavings)
data/raw/Healthy/healthy.1744.jpg,1,Cluster 1 (Light wood shavings)
data/raw/Healthy/healthy.1745.jpg,1,Cluster 1 (Light wood shavings)
data/raw/Healthy/healthy.1746.jpg,1,Cluster 1 (Light wood shavings)
data/raw/Healthy/healthy.1747.jpg,1,Cluster 1 (Light wood shavings)
data/raw/Healthy/healthy.1748.jpg,1,Cluster 1 (Light wood shavings)
data/raw/Healthy/healthy.1749.jpg,1,Cluster 1 (Light wood shavings)
data/raw/Healthy/healthy.175.jpg,1,Cluster 1 (Light wood shavings)
data/raw/Healthy/healthy.1750.jpg,1,Cluster 1 (Light wood shavings)
data/raw/Healthy/healthy.1751.jpg,1,Cluster 1 (Light wood shavings)
data/raw/Healthy/healthy.1752.jpg,1,Cluster 1 (Light wood shavings)
data/raw/Healthy/healthy.1753.jpg,1,Cluster 1 (Light wood shavings)
data/raw/Healthy/healthy.1754.jpg,0,Cluster 0 (Dark soil / concrete)
data/raw/Healthy/healthy.1755.jpg,1,Cluster 1 (Light wood shavings)
data/raw/Healthy/healthy.1756.jpg,1,Cluster 1 (Light wood shavings)
data/raw/Healthy/healthy.1757.jpg,1,Cluster 1 (Light wood shavings)
data/raw/Healthy/healthy.1758.jpg,1,Cluster 1 (Light wood shavings)
data/raw/Healthy/healthy.1759.jpg,2,Cluster 2 (Reddish-brown litter)
data/raw/Healthy/healthy.176.jpg,1,Cluster 1 (Light wood shavings)
data/raw/Healthy/healthy.1760.jpg,1,Cluster 1 (Light wood shavings)
data/raw/Healthy/healthy.1761.jpg,1,Cluster 1 (Light wood shavings)
data/raw/Healthy/healthy.1762.jpg,2,Cluster 2 (Reddish-brown litter)
data/raw/Healthy/healthy.1763.jpg,1,Cluster 1 (Light wood shavings)
data/raw/Healthy/healthy.1764.jpg,1,Cluster 1 (Light wood shavings)
data/raw/Healthy/healthy.1765.jpg,1,Cluster 1 (Light wood shavings)
data/raw/Healthy/healthy.1766.jpg,1,Cluster 1 (Light wood shavings)
data/raw/Healthy/healthy.1767.jpg,1,Cluster 1 (Light wood shavings)
data/raw/Healthy/healthy.1768.jpg,1,Cluster 1 (Light wood shavings)
data/raw/Healthy/healthy.1769.jpg,1,Cluster 1 (Light wood shavings)
data/raw/Healthy/healthy.177.jpg,1,Cluster 1 (Light wood shavings)
data/raw/Healthy/healthy.1770.jpg,1,Cluster 1 (Light wood shavings)
data/raw/Healthy/healthy.1771.jpg,3,Cluster 3 (Mixed straw / pen floor)
data/raw/Healthy/healthy.1772.jpg,1,Cluster 1 (Light wood shavings)
data/raw/Healthy/healthy.1773.jpg,1,Cluster 1 (Light wood shavings)
data/raw/Healthy/healthy.1774.jpg,1,Cluster 1 (Light wood shavings)
data/raw/Healthy/healthy.1775.jpg,2,Cluster 2 (Reddish-brown litter)
data/raw/Healthy/healthy.1776.jpg,1,Cluster 1 (Light wood shavings)
data/raw/Healthy/healthy.1777.jpg,1,Cluster 1 (Light wood shavings)
data/raw/Healthy/healthy.1778.jpg,1,Cluster 1 (Light wood shavings)
data/raw/Healthy/healthy.1779.jpg,1,Cluster 1 (Light wood shavings)
data/raw/Healthy/healthy.178.jpg,1,Cluster 1 (Light wood shavings)
data/raw/Healthy/healthy.1780.jpg,1,Cluster 1 (Light wood shavings)
data/raw/Healthy/healthy.1781.jpg,1,Cluster 1 (Light wood shavings)
data/raw/Healthy/healthy.1782.jpg,1,Cluster 1 (Light wood shavings)
data/raw/Healthy/healthy.1783.jpg,1,Cluster 1 (Light wood shavings)
data/raw/Healthy/healthy.1784.jpg,1,Cluster 1 (Light wood shavings)
data/raw/Healthy/healthy.1785.jpg,2,Cluster 2 (Reddish-brown litter)
data/raw/Healthy/healthy.1786.jpg,1,Cluster 1 (Light wood shavings)
data/raw/Healthy/healthy.1787.jpg,1,Cluster 1 (Light wood shavings)
data/raw/Healthy/healthy.1788.jpg,1,Cluster 1 (Light wood shavings)
data/raw/Healthy/healthy.1789.jpg,1,Cluster 1 (Light wood shavings)
data/raw/Healthy/healthy.179.jpg,1,Cluster 1 (Light wood shavings)
data/raw/Healthy/healthy.1790.jpg,1,Cluster 1 (Light wood shavings)
data/raw/Healthy/healthy.1791.jpg,1,Cluster 1 (Light wood shavings)
data/raw/Healthy/healthy.1792.jpg,1,Cluster 1 (Light wood shavings)
data/raw/Healthy/healthy.1793.jpg,2,Cluster 2 (Reddish-brown litter)
data/raw/Healthy/healthy.1794.jpg,1,Cluster 1 (Light wood shavings)
data/raw/Healthy/healthy.1795.jpg,2,Cluster 2 (Reddish-brown litter)
data/raw/Healthy/healthy.1796.jpg,1,Cluster 1 (Light wood shavings)
data/raw/Healthy/healthy.1797.jpg,1,Cluster 1 (Light wood shavings)
data/raw/Healthy/healthy.1798.jpg,1,Cluster 1 (Light wood shavings)
data/raw/Healthy/healthy.1799.jpg,1,Cluster 1 (Light wood shavings)
data/raw/Healthy/healthy.18.jpg,1,Cluster 1 (Light wood shavings)
data/raw/Healthy/healthy.180.jpg,1,Cluster 1 (Light wood shavings)
data/raw/Healthy/healthy.1800.jpg,1,Cluster 1 (Light wood shavings)
data/raw/Healthy/healthy.1801.jpg,1,Cluster 1 (Light wood shavings)
data/raw/Healthy/healthy.1802.jpg,1,Cluster 1 (Light wood shavings)
data/raw/Healthy/healthy.1803.jpg,1,Cluster 1 (Light wood shavings)
data/raw/Healthy/healthy.1804.jpg,1,Cluster 1 (Light wood shavings)
data/raw/Healthy/healthy.1805.jpg,1,Cluster 1 (Light wood shavings)
data/raw/Healthy/healthy.1806.jpg,1,Cluster 1 (Light wood shavings)
data/raw/Healthy/healthy.1807.jpg,1,Cluster 1 (Light wood shavings)
data/raw/Healthy/healthy.1808.jpg,1,Cluster 1 (Light wood shavings)
data/raw/Healthy/healthy.1809.jpg,1,Cluster 1 (Light wood shavings)
data/raw/Healthy/healthy.181.jpg,1,Cluster 1 (Light wood shavings)
data/raw/Healthy/healthy.1810.jpg,1,Cluster 1 (Light wood shavings)
data/raw/Healthy/healthy.1811.jpg,1,Cluster 1 (Light wood shavings)
data/raw/Healthy/healthy.1812.jpg,1,Cluster 1 (Light wood shavings)
data/raw/Healthy/healthy.1813.jpg,1,Cluster 1 (Light wood shavings)
data/raw/Healthy/healthy.1814.jpg,1,Cluster 1 (Light wood shavings)
data/raw/Healthy/healthy.1815.jpg,1,Cluster 1 (Light wood shavings)
data/raw/Healthy/healthy.1816.jpg,1,Cluster 1 (Light wood shavings)
data/raw/Healthy/healthy.1817.jpg,1,Cluster 1 (Light wood shavings)
data/raw/Healthy/healthy.1818.jpg,1,Cluster 1 (Light wood shavings)
data/raw/Healthy/healthy.1819.jpg,1,Cluster 1 (Light wood shavings)
data/raw/Healthy/healthy.182.jpg,1,Cluster 1 (Light wood shavings)
data/raw/Healthy/healthy.1820.jpg,1,Cluster 1 (Light wood shavings)
data/raw/Healthy/healthy.1821.jpg,1,Cluster 1 (Light wood shavings)
data/raw/Healthy/healthy.1822.jpg,1,Cluster 1 (Light wood shavings)
data/raw/Healthy/healthy.1823.jpg,3,Cluster 3 (Mixed straw / pen floor)
data/raw/Healthy/healthy.1824.jpg,1,Cluster 1 (Light wood shavings)
data/raw/Healthy/healthy.1825.jpg,1,Cluster 1 (Light wood shavings)
data/raw/Healthy/healthy.1826.jpg,1,Cluster 1 (Light wood shavings)
data/raw/Healthy/healthy.1827.jpg,1,Cluster 1 (Light wood shavings)
data/raw/Healthy/healthy.1828.jpg,1,Cluster 1 (Light wood shavings)
data/raw/Healthy/healthy.1829.jpg,1,Cluster 1 (Light wood shavings)
data/raw/Healthy/healthy.183.jpg,1,Cluster 1 (Light wood shavings)
data/raw/Healthy/healthy.1830.jpg,1,Cluster 1 (Light wood shavings)
data/raw/Healthy/healthy.1831.jpg,1,Cluster 1 (Light wood shavings)
data/raw/Healthy/healthy.1832.jpg,1,Cluster 1 (Light wood shavings)
data/raw/Healthy/healthy.1833.jpg,1,Cluster 1 (Light wood shavings)
data/raw/Healthy/healthy.1834.jpg,1,Cluster 1 (Light wood shavings)
data/raw/Healthy/healthy.1835.jpg,2,Cluster 2 (Reddish-brown litter)
data/raw/Healthy/healthy.1836.jpg,1,Cluster 1 (Light wood shavings)
data/raw/Healthy/healthy.1837.jpg,1,Cluster 1 (Light wood shavings)
data/raw/Healthy/healthy.1838.jpg,1,Cluster 1 (Light wood shavings)
data/raw/Healthy/healthy.1839.jpg,1,Cluster 1 (Light wood shavings)
data/raw/Healthy/healthy.184.jpg,1,Cluster 1 (Light wood shavings)
data/raw/Healthy/healthy.1840.jpg,1,Cluster 1 (Light wood shavings)
data/raw/Healthy/healthy.1841.jpg,1,Cluster 1 (Light wood shavings)
data/raw/Healthy/healthy.1842.jpg,1,Cluster 1 (Light wood shavings)
data/raw/Healthy/healthy.1843.jpg,1,Cluster 1 (Light wood shavings)
data/raw/Healthy/healthy.1844.jpg,1,Cluster 1 (Light wood shavings)
data/raw/Healthy/healthy.1845.jpg,1,Cluster 1 (Light wood shavings)
data/raw/Healthy/healthy.1846.jpg,1,Cluster 1 (Light wood shavings)
data/raw/Healthy/healthy.1847.jpg,1,Cluster 1 (Light wood shavings)
data/raw/Healthy/healthy.1848.jpg,1,Cluster 1 (Light wood shavings)
data/raw/Healthy/healthy.1849.jpg,1,Cluster 1 (Light wood shavings)
data/raw/Healthy/healthy.185.jpg,3,Cluster 3 (Mixed straw / pen floor)
data/raw/Healthy/healthy.1850.jpg,1,Cluster 1 (Light wood shavings)
data/raw/Healthy/healthy.1851.jpg,1,Cluster 1 (Light wood shavings)
data/raw/Healthy/healthy.1852.jpg,1,Cluster 1 (Light wood shavings)
data/raw/Healthy/healthy.1853.jpg,1,Cluster 1 (Light wood shavings)
data/raw/Healthy/healthy.1854.jpg,1,Cluster 1 (Light wood shavings)
data/raw/Healthy/healthy.1855.jpg,1,Cluster 1 (Light wood shavings)
data/raw/Healthy/healthy.1856.jpg,1,Cluster 1 (Light wood shavings)
data/raw/Healthy/healthy.1857.jpg,1,Cluster 1 (Light wood shavings)
data/raw/Healthy/healthy.1858.jpg,1,Cluster 1 (Light wood shavings)
data/raw/Healthy/healthy.1859.jpg,1,Cluster 1 (Light wood shavings)
data/raw/Healthy/healthy.186.jpg,1,Cluster 1 (Light wood shavings)
data/raw/Healthy/healthy.1860.jpg,1,Cluster 1 (Light wood shavings)
data/raw/Healthy/healthy.1861.jpg,1,Cluster 1 (Light wood shavings)
data/raw/Healthy/healthy.1862.jpg,1,Cluster 1 (Light wood shavings)
data/raw/Healthy/healthy.1863.jpg,1,Cluster 1 (Light wood shavings)
data/raw/Healthy/healthy.1864.jpg,1,Cluster 1 (Light wood shavings)
data/raw/Healthy/healthy.1865.jpg,3,Cluster 3 (Mixed straw / pen floor)
data/raw/Healthy/healthy.1866.jpg,1,Cluster 1 (Light wood shavings)
data/raw/Healthy/healthy.1867.jpg,1,Cluster 1 (Light wood shavings)
data/raw/Healthy/healthy.1868.jpg,1,Cluster 1 (Light wood shavings)
data/raw/Healthy/healthy.1869.jpg,1,Cluster 1 (Light wood shavings)
data/raw/Healthy/healthy.187.jpg,1,Cluster 1 (Light wood shavings)
data/raw/Healthy/healthy.1870.jpg,1,Cluster 1 (Light wood shavings)
data/raw/Healthy/healthy.1871.jpg,2,Cluster 2 (Reddish-brown litter)
data/raw/Healthy/healthy.1872.jpg,1,Cluster 1 (Light wood shavings)
data/raw/Healthy/healthy.1873.jpg,1,Cluster 1 (Light wood shavings)
data/raw/Healthy/healthy.1874.jpg,1,Cluster 1 (Light wood shavings)
data/raw/Healthy/healthy.1875.jpg,1,Cluster 1 (Light wood shavings)
data/raw/Healthy/healthy.1876.jpg,1,Cluster 1 (Light wood shavings)
data/raw/Healthy/healthy.1877.jpg,1,Cluster 1 (Light wood shavings)
data/raw/Healthy/healthy.1878.jpg,1,Cluster 1 (Light wood shavings)
data/raw/Healthy/healthy.1879.jpg,1,Cluster 1 (Light wood shavings)
data/raw/Healthy/healthy.188.jpg,1,Cluster 1 (Light wood shavings)
data/raw/Healthy/healthy.1880.jpg,1,Cluster 1 (Light wood shavings)
data/raw/Healthy/healthy.1881.jpg,1,Cluster 1 (Light wood shavings)
data/raw/Healthy/healthy.1882.jpg,1,Cluster 1 (Light wood shavings)
data/raw/Healthy/healthy.1883.jpg,1,Cluster 1 (Light wood shavings)
data/raw/Healthy/healthy.1884.jpg,1,Cluster 1 (Light wood shavings)
data/raw/Healthy/healthy.1885.jpg,1,Cluster 1 (Light wood shavings)
data/raw/Healthy/healthy.1886.jpg,1,Cluster 1 (Light wood shavings)
data/raw/Healthy/healthy.1887.jpg,1,Cluster 1 (Light wood shavings)
data/raw/Healthy/healthy.1888.jpg,1,Cluster 1 (Light wood shavings)
data/raw/Healthy/healthy.1889.jpg,1,Cluster 1 (Light wood shavings)
data/raw/Healthy/healthy.189.jpg,1,Cluster 1 (Light wood shavings)
data/raw/Healthy/healthy.1890.jpg,1,Cluster 1 (Light wood shavings)
data/raw/Healthy/healthy.1891.jpg,1,Cluster 1 (Light wood shavings)
data/raw/Healthy/healthy.1892.jpg,3,Cluster 3 (Mixed straw / pen floor)
data/raw/Healthy/healthy.1893.jpg,0,Cluster 0 (Dark soil / concrete)
data/raw/Healthy/healthy.1894.jpg,1,Cluster 1 (Light wood shavings)
data/raw/Healthy/healthy.1895.jpg,1,Cluster 1 (Light wood shavings)
data/raw/Healthy/healthy.1896.jpg,1,Cluster 1 (Light wood shavings)
data/raw/Healthy/healthy.1897.jpg,1,Cluster 1 (Light wood shavings)
data/raw/Healthy/healthy.1898.jpg,1,Cluster 1 (Light wood shavings)
data/raw/Healthy/healthy.1899.jpg,1,Cluster 1 (Light wood shavings)
data/raw/Healthy/healthy.19.jpg,1,Cluster 1 (Light wood shavings)
data/raw/Healthy/healthy.190.jpg,1,Cluster 1 (Light wood shavings)
data/raw/Healthy/healthy.1900.jpg,1,Cluster 1 (Light wood shavings)
data/raw/Healthy/healthy.1901.jpg,1,Cluster 1 (Light wood shavings)
data/raw/Healthy/healthy.1902.jpg,1,Cluster 1 (Light wood shavings)
data/raw/Healthy/healthy.1903.jpg,1,Cluster 1 (Light wood shavings)
data/raw/Healthy/healthy.1904.jpg,1,Cluster 1 (Light wood shavings)
data/raw/Healthy/healthy.1905.jpg,1,Cluster 1 (Light wood shavings)
data/raw/Healthy/healthy.1906.jpg,1,Cluster 1 (Light wood shavings)
data/raw/Healthy/healthy.1907.jpg,1,Cluster 1 (Light wood shavings)
data/raw/Healthy/healthy.1908.jpg,1,Cluster 1 (Light wood shavings)
data/raw/Healthy/healthy.1909.jpg,1,Cluster 1 (Light wood shavings)
data/raw/Healthy/healthy.191.jpg,1,Cluster 1 (Light wood shavings)
data/raw/Healthy/healthy.1910.jpg,1,Cluster 1 (Light wood shavings)
data/raw/Healthy/healthy.1911.jpg,1,Cluster 1 (Light wood shavings)
data/raw/Healthy/healthy.1912.jpg,1,Cluster 1 (Light wood shavings)
data/raw/Healthy/healthy.1913.jpg,1,Cluster 1 (Light wood shavings)
data/raw/Healthy/healthy.1914.jpg,1,Cluster 1 (Light wood shavings)
data/raw/Healthy/healthy.1915.jpg,1,Cluster 1 (Light wood shavings)
data/raw/Healthy/healthy.1916.jpg,1,Cluster 1 (Light wood shavings)
data/raw/Healthy/healthy.1917.jpg,1,Cluster 1 (Light wood shavings)
data/raw/Healthy/healthy.1918.jpg,1,Cluster 1 (Light wood shavings)
data/raw/Healthy/healthy.1919.jpg,1,Cluster 1 (Light wood shavings)
data/raw/Healthy/healthy.192.jpg,1,Cluster 1 (Light wood shavings)
data/raw/Healthy/healthy.1920.jpg,1,Cluster 1 (Light wood shavings)
data/raw/Healthy/healthy.1921.jpg,1,Cluster 1 (Light wood shavings)
data/raw/Healthy/healthy.1922.jpg,1,Cluster 1 (Light wood shavings)
data/raw/Healthy/healthy.1923.jpg,1,Cluster 1 (Light wood shavings)
data/raw/Healthy/healthy.1924.jpg,1,Cluster 1 (Light wood shavings)
data/raw/Healthy/healthy.1925.jpg,1,Cluster 1 (Light wood shavings)
data/raw/Healthy/healthy.1926.jpg,1,Cluster 1 (Light wood shavings)
data/raw/Healthy/healthy.1927.jpg,1,Cluster 1 (Light wood shavings)
data/raw/Healthy/healthy.1928.jpg,1,Cluster 1 (Light wood shavings)
data/raw/Healthy/healthy.1929.jpg,1,Cluster 1 (Light wood shavings)
data/raw/Healthy/healthy.193.jpg,1,Cluster 1 (Light wood shavings)
data/raw/Healthy/healthy.1930.jpg,1,Cluster 1 (Light wood shavings)
data/raw/Healthy/healthy.1931.jpg,1,Cluster 1 (Light wood shavings)
data/raw/Healthy/healthy.1932.jpg,1,Cluster 1 (Light wood shavings)
data/raw/Healthy/healthy.1933.jpg,1,Cluster 1 (Light wood shavings)
data/raw/Healthy/healthy.1934.jpg,1,Cluster 1 (Light wood shavings)
data/raw/Healthy/healthy.1935.jpg,1,Cluster 1 (Light wood shavings)
data/raw/Healthy/healthy.1936.jpg,1,Cluster 1 (Light wood shavings)
data/raw/Healthy/healthy.1937.jpg,1,Cluster 1 (Light wood shavings)
data/raw/Healthy/healthy.1938.jpg,1,Cluster 1 (Light wood shavings)
data/raw/Healthy/healthy.1939.jpg,1,Cluster 1 (Light wood shavings)
data/raw/Healthy/healthy.194.jpg,3,Cluster 3 (Mixed straw / pen floor)
data/raw/Healthy/healthy.1940.jpg,1,Cluster 1 (Light wood shavings)
data/raw/Healthy/healthy.1941.jpg,1,Cluster 1 (Light wood shavings)
data/raw/Healthy/healthy.1942.jpg,1,Cluster 1 (Light wood shavings)
data/raw/Healthy/healthy.1943.jpg,1,Cluster 1 (Light wood shavings)
data/raw/Healthy/healthy.1944.jpg,3,Cluster 3 (Mixed straw / pen floor)
data/raw/Healthy/healthy.1945.jpg,1,Cluster 1 (Light wood shavings)
data/raw/Healthy/healthy.1946.jpg,1,Cluster 1 (Light wood shavings)
data/raw/Healthy/healthy.1947.jpg,1,Cluster 1 (Light wood shavings)
data/raw/Healthy/healthy.1948.jpg,1,Cluster 1 (Light wood shavings)
data/raw/Healthy/healthy.1949.jpg,2,Cluster 2 (Reddish-brown litter)
data/raw/Healthy/healthy.195.jpg,1,Cluster 1 (Light wood shavings)
data/raw/Healthy/healthy.1950.jpg,1,Cluster 1 (Light wood shavings)
data/raw/Healthy/healthy.1951.jpg,1,Cluster 1 (Light wood shavings)
data/raw/Healthy/healthy.1952.jpg,1,Cluster 1 (Light wood shavings)
data/raw/Healthy/healthy.1953.jpg,1,Cluster 1 (Light wood shavings)
data/raw/Healthy/healthy.1954.jpg,1,Cluster 1 (Light wood shavings)
data/raw/Healthy/healthy.1955.jpg,1,Cluster 1 (Light wood shavings)
data/raw/Healthy/healthy.1956.jpg,1,Cluster 1 (Light wood shavings)
data/raw/Healthy/healthy.1957.jpg,1,Cluster 1 (Light wood shavings)
data/raw/Healthy/healthy.1958.jpg,1,Cluster 1 (Light wood shavings)
data/raw/Healthy/healthy.1959.jpg,1,Cluster 1 (Light wood shavings)
data/raw/Healthy/healthy.196.jpg,1,Cluster 1 (Light wood shavings)
data/raw/Healthy/healthy.1960.jpg,1,Cluster 1 (Light wood shavings)
data/raw/Healthy/healthy.1961.jpg,1,Cluster 1 (Light wood shavings)
data/raw/Healthy/healthy.1962.jpg,1,Cluster 1 (Light wood shavings)
data/raw/Healthy/healthy.1963.jpg,1,Cluster 1 (Light wood shavings)
data/raw/Healthy/healthy.1964.jpg,1,Cluster 1 (Light wood shavings)
data/raw/Healthy/healthy.1965.jpg,1,Cluster 1 (Light wood shavings)
data/raw/Healthy/healthy.1966.jpg,1,Cluster 1 (Light wood shavings)
data/raw/Healthy/healthy.1967.jpg,1,Cluster 1 (Light wood shavings)
data/raw/Healthy/healthy.1968.jpg,1,Cluster 1 (Light wood shavings)
data/raw/Healthy/healthy.1969.jpg,1,Cluster 1 (Light wood shavings)
data/raw/Healthy/healthy.197.jpg,1,Cluster 1 (Light wood shavings)
data/raw/Healthy/healthy.1970.jpg,0,Cluster 0 (Dark soil / concrete)
data/raw/Healthy/healthy.1971.jpg,1,Cluster 1 (Light wood shavings)
data/raw/Healthy/healthy.1972.jpg,1,Cluster 1 (Light wood shavings)
data/raw/Healthy/healthy.1973.jpg,1,Cluster 1 (Light wood shavings)
data/raw/Healthy/healthy.1974.jpg,2,Cluster 2 (Reddish-brown litter)
data/raw/Healthy/healthy.1975.jpg,1,Cluster 1 (Light wood shavings)
data/raw/Healthy/healthy.1976.jpg,1,Cluster 1 (Light wood shavings)
data/raw/Healthy/healthy.1977.jpg,1,Cluster 1 (Light wood shavings)
data/raw/Healthy/healthy.1978.jpg,1,Cluster 1 (Light wood shavings)
data/raw/Healthy/healthy.1979.jpg,1,Cluster 1 (Light wood shavings)
data/raw/Healthy/healthy.198.jpg,1,Cluster 1 (Light wood shavings)
data/raw/Healthy/healthy.1980.jpg,1,Cluster 1 (Light wood shavings)
data/raw/Healthy/healthy.1981.jpg,1,Cluster 1 (Light wood shavings)
data/raw/Healthy/healthy.1982.jpg,1,Cluster 1 (Light wood shavings)
data/raw/Healthy/healthy.1983.jpg,1,Cluster 1 (Light wood shavings)
data/raw/Healthy/healthy.1984.jpg,1,Cluster 1 (Light wood shavings)
data/raw/Healthy/healthy.1985.jpg,1,Cluster 1 (Light wood shavings)
data/raw/Healthy/healthy.1986.jpg,0,Cluster 0 (Dark soil / concrete)
data/raw/Healthy/healthy.1987.jpg,1,Cluster 1 (Light wood shavings)
data/raw/Healthy/healthy.1988.jpg,1,Cluster 1 (Light wood shavings)
data/raw/Healthy/healthy.1989.jpg,1,Cluster 1 (Light wood shavings)
data/raw/Healthy/healthy.199.jpg,1,Cluster 1 (Light wood shavings)
data/raw/Healthy/healthy.1990.jpg,1,Cluster 1 (Light wood shavings)
data/raw/Healthy/healthy.1991.jpg,1,Cluster 1 (Light wood shavings)
data/raw/Healthy/healthy.1992.jpg,1,Cluster 1 (Light wood shavings)
data/raw/Healthy/healthy.1993.jpg,1,Cluster 1 (Light wood shavings)
data/raw/Healthy/healthy.1994.jpg,1,Cluster 1 (Light wood shavings)
data/raw/Healthy/healthy.1995.jpg,2,Cluster 2 (Reddish-brown litter)
data/raw/Healthy/healthy.1996.jpg,1,Cluster 1 (Light wood shavings)
data/raw/Healthy/healthy.1997.jpg,1,Cluster 1 (Light wood shavings)
data/raw/Healthy/healthy.1998.jpg,1,Cluster 1 (Light wood shavings)
data/raw/Healthy/healthy.1999.jpg,1,Cluster 1 (Light wood shavings)
data/raw/Healthy/healthy.2.jpg,1,Cluster 1 (Light wood shavings)
data/raw/Healthy/healthy.20.jpg,1,Cluster 1 (Light wood shavings)
data/raw/Healthy/healthy.200.jpg,1,Cluster 1 (Light wood shavings)
data/raw/Healthy/healthy.2000.jpg,1,Cluster 1 (Light wood shavings)
data/raw/Healthy/healthy.2001.jpg,1,Cluster 1 (Light wood shavings)
data/raw/Healthy/healthy.2002.jpg,2,Cluster 2 (Reddish-brown litter)
data/raw/Healthy/healthy.2003.jpg,1,Cluster 1 (Light wood shavings)
data/raw/Healthy/healthy.2004.jpg,1,Cluster 1 (Light wood shavings)
data/raw/Healthy/healthy.2005.jpg,1,Cluster 1 (Light wood shavings)
data/raw/Healthy/healthy.2006.jpg,1,Cluster 1 (Light wood shavings)
data/raw/Healthy/healthy.2007.jpg,1,Cluster 1 (Light wood shavings)
data/raw/Healthy/healthy.2008.jpg,1,Cluster 1 (Light wood shavings)
data/raw/Healthy/healthy.2009.jpg,1,Cluster 1 (Light wood shavings)
data/raw/Healthy/healthy.201.jpg,1,Cluster 1 (Light wood shavings)
data/raw/Healthy/healthy.2010.jpg,1,Cluster 1 (Light wood shavings)
data/raw/Healthy/healthy.2011.jpg,1,Cluster 1 (Light wood shavings)
data/raw/Healthy/healthy.2012.jpg,1,Cluster 1 (Light wood shavings)
data/raw/Healthy/healthy.2013.jpg,1,Cluster 1 (Light wood shavings)
data/raw/Healthy/healthy.2014.jpg,1,Cluster 1 (Light wood shavings)
data/raw/Healthy/healthy.2015.jpg,1,Cluster 1 (Light wood shavings)
data/raw/Healthy/healthy.2016.jpg,1,Cluster 1 (Light wood shavings)
data/raw/Healthy/healthy.2017.jpg,1,Cluster 1 (Light wood shavings)
data/raw/Healthy/healthy.2018.jpg,1,Cluster 1 (Light wood shavings)
data/raw/Healthy/healthy.2019.jpg,1,Cluster 1 (Light wood shavings)
data/raw/Healthy/healthy.202.jpg,1,Cluster 1 (Light wood shavings)
data/raw/Healthy/healthy.2020.jpg,1,Cluster 1 (Light wood shavings)
data/raw/Healthy/healthy.2021.jpg,1,Cluster 1 (Light wood shavings)
data/raw/Healthy/healthy.2022.jpg,1,Cluster 1 (Light wood shavings)
data/raw/Healthy/healthy.2023.jpg,1,Cluster 1 (Light wood shavings)
data/raw/Healthy/healthy.2024.jpg,1,Cluster 1 (Light wood shavings)
data/raw/Healthy/healthy.2025.jpg,1,Cluster 1 (Light wood shavings)
data/raw/Healthy/healthy.2026.jpg,1,Cluster 1 (Light wood shavings)
data/raw/Healthy/healthy.2027.jpg,1,Cluster 1 (Light wood shavings)
data/raw/Healthy/healthy.2028.jpg,1,Cluster 1 (Light wood shavings)
data/raw/Healthy/healthy.2029.jpg,1,Cluster 1 (Light wood shavings)
data/raw/Healthy/healthy.203.jpg,1,Cluster 1 (Light wood shavings)
data/raw/Healthy/healthy.2030.jpg,1,Cluster 1 (Light wood shavings)
data/raw/Healthy/healthy.2031.jpg,1,Cluster 1 (Light wood shavings)
data/raw/Healthy/healthy.2032.jpg,1,Cluster 1 (Light wood shavings)
data/raw/Healthy/healthy.2033.jpg,1,Cluster 1 (Light wood shavings)
data/raw/Healthy/healthy.2034.jpg,1,Cluster 1 (Light wood shavings)
data/raw/Healthy/healthy.2035.jpg,1,Cluster 1 (Light wood shavings)
data/raw/Healthy/healthy.2036.jpg,1,Cluster 1 (Light wood shavings)
data/raw/Healthy/healthy.2037.jpg,1,Cluster 1 (Light wood shavings)
data/raw/Healthy/healthy.2038.jpg,1,Cluster 1 (Light wood shavings)
data/raw/Healthy/healthy.2039.jpg,1,Cluster 1 (Light wood shavings)
data/raw/Healthy/healthy.204.jpg,1,Cluster 1 (Light wood shavings)
data/raw/Healthy/healthy.2040.jpg,1,Cluster 1 (Light wood shavings)
data/raw/Healthy/healthy.2041.jpg,1,Cluster 1 (Light wood shavings)
data/raw/Healthy/healthy.2042.jpg,1,Cluster 1 (Light wood shavings)
data/raw/Healthy/healthy.2043.jpg,1,Cluster 1 (Light wood shavings)
data/raw/Healthy/healthy.2044.jpg,1,Cluster 1 (Light wood shavings)
data/raw/Healthy/healthy.2045.jpg,1,Cluster 1 (Light wood shavings)
data/raw/Healthy/healthy.2046.jpg,1,Cluster 1 (Light wood shavings)
data/raw/Healthy/healthy.2047.jpg,1,Cluster 1 (Light wood shavings)
data/raw/Healthy/healthy.2048.jpg,1,Cluster 1 (Light wood shavings)
data/raw/Healthy/healthy.2049.jpg,2,Cluster 2 (Reddish-brown litter)
data/raw/Healthy/healthy.205.jpg,1,Cluster 1 (Light wood shavings)
data/raw/Healthy/healthy.2050.jpg,1,Cluster 1 (Light wood shavings)
data/raw/Healthy/healthy.2051.jpg,1,Cluster 1 (Light wood shavings)
data/raw/Healthy/healthy.2052.jpg,1,Cluster 1 (Light wood shavings)
data/raw/Healthy/healthy.2053.jpg,1,Cluster 1 (Light wood shavings)
data/raw/Healthy/healthy.2054.jpg,1,Cluster 1 (Light wood shavings)
data/raw/Healthy/healthy.2055.jpg,1,Cluster 1 (Light wood shavings)
data/raw/Healthy/healthy.2056.jpg,1,Cluster 1 (Light wood shavings)
data/raw/Healthy/healthy.206.jpg,1,Cluster 1 (Light wood shavings)
data/raw/Healthy/healthy.207.jpg,3,Cluster 3 (Mixed straw / pen floor)
data/raw/Healthy/healthy.208.jpg,1,Cluster 1 (Light wood shavings)
data/raw/Healthy/healthy.209.jpg,1,Cluster 1 (Light wood shavings)
data/raw/Healthy/healthy.21.jpg,1,Cluster 1 (Light wood shavings)
data/raw/Healthy/healthy.210.jpg,1,Cluster 1 (Light wood shavings)
data/raw/Healthy/healthy.211.jpg,1,Cluster 1 (Light wood shavings)
data/raw/Healthy/healthy.212.jpg,1,Cluster 1 (Light wood shavings)
data/raw/Healthy/healthy.213.jpg,3,Cluster 3 (Mixed straw / pen floor)
data/raw/Healthy/healthy.214.jpg,1,Cluster 1 (Light wood shavings)
data/raw/Healthy/healthy.215.jpg,1,Cluster 1 (Light wood shavings)
data/raw/Healthy/healthy.216.jpg,1,Cluster 1 (Light wood shavings)
data/raw/Healthy/healthy.217.jpg,1,Cluster 1 (Light wood shavings)
data/raw/Healthy/healthy.218.jpg,1,Cluster 1 (Light wood shavings)
data/raw/Healthy/healthy.219.jpg,1,Cluster 1 (Light wood shavings)
data/raw/Healthy/healthy.22.jpg,1,Cluster 1 (Light wood shavings)
data/raw/Healthy/healthy.220.jpg,1,Cluster 1 (Light wood shavings)
data/raw/Healthy/healthy.221.jpg,1,Cluster 1 (Light wood shavings)
data/raw/Healthy/healthy.222.jpg,1,Cluster 1 (Light wood shavings)
data/raw/Healthy/healthy.223.jpg,1,Cluster 1 (Light wood shavings)
data/raw/Healthy/healthy.224.jpg,1,Cluster 1 (Light wood shavings)
data/raw/Healthy/healthy.225.jpg,1,Cluster 1 (Light wood shavings)
data/raw/Healthy/healthy.226.jpg,1,Cluster 1 (Light wood shavings)
data/raw/Healthy/healthy.227.jpg,1,Cluster 1 (Light wood shavings)
data/raw/Healthy/healthy.228.jpg,1,Cluster 1 (Light wood shavings)
data/raw/Healthy/healthy.229.jpg,1,Cluster 1 (Light wood shavings)
data/raw/Healthy/healthy.23.jpg,1,Cluster 1 (Light wood shavings)
data/raw/Healthy/healthy.230.jpg,0,Cluster 0 (Dark soil / concrete)
data/raw/Healthy/healthy.231.jpg,1,Cluster 1 (Light wood shavings)
data/raw/Healthy/healthy.232.jpg,1,Cluster 1 (Light wood shavings)
data/raw/Healthy/healthy.233.jpg,1,Cluster 1 (Light wood shavings)
data/raw/Healthy/healthy.234.jpg,1,Cluster 1 (Light wood shavings)
data/raw/Healthy/healthy.235.jpg,1,Cluster 1 (Light wood shavings)
data/raw/Healthy/healthy.236.jpg,2,Cluster 2 (Reddish-brown litter)
data/raw/Healthy/healthy.237.jpg,1,Cluster 1 (Light wood shavings)
data/raw/Healthy/healthy.238.jpg,1,Cluster 1 (Light wood shavings)
data/raw/Healthy/healthy.239.jpg,1,Cluster 1 (Light wood shavings)
data/raw/Healthy/healthy.24.jpg,1,Cluster 1 (Light wood shavings)
data/raw/Healthy/healthy.240.jpg,1,Cluster 1 (Light wood shavings)
data/raw/Healthy/healthy.241.jpg,1,Cluster 1 (Light wood shavings)
data/raw/Healthy/healthy.242.jpg,1,Cluster 1 (Light wood shavings)
data/raw/Healthy/healthy.243.jpg,1,Cluster 1 (Light wood shavings)
data/raw/Healthy/healthy.244.jpg,1,Cluster 1 (Light wood shavings)
data/raw/Healthy/healthy.245.jpg,1,Cluster 1 (Light wood shavings)
data/raw/Healthy/healthy.246.jpg,1,Cluster 1 (Light wood shavings)
data/raw/Healthy/healthy.247.jpg,1,Cluster 1 (Light wood shavings)
data/raw/Healthy/healthy.248.jpg,1,Cluster 1 (Light wood shavings)
data/raw/Healthy/healthy.249.jpg,1,Cluster 1 (Light wood shavings)
data/raw/Healthy/healthy.25.jpg,1,Cluster 1 (Light wood shavings)
data/raw/Healthy/healthy.250.jpg,1,Cluster 1 (Light wood shavings)
data/raw/Healthy/healthy.251.jpg,1,Cluster 1 (Light wood shavings)
data/raw/Healthy/healthy.252.jpg,1,Cluster 1 (Light wood shavings)
data/raw/Healthy/healthy.253.jpg,3,Cluster 3 (Mixed straw / pen floor)
data/raw/Healthy/healthy.254.jpg,1,Cluster 1 (Light wood shavings)
data/raw/Healthy/healthy.255.jpg,1,Cluster 1 (Light wood shavings)
data/raw/Healthy/healthy.256.jpg,1,Cluster 1 (Light wood shavings)
data/raw/Healthy/healthy.257.jpg,1,Cluster 1 (Light wood shavings)
data/raw/Healthy/healthy.258.jpg,1,Cluster 1 (Light wood shavings)
data/raw/Healthy/healthy.259.jpg,1,Cluster 1 (Light wood shavings)
data/raw/Healthy/healthy.26.jpg,1,Cluster 1 (Light wood shavings)
data/raw/Healthy/healthy.260.jpg,1,Cluster 1 (Light wood shavings)
data/raw/Healthy/healthy.261.jpg,1,Cluster 1 (Light wood shavings)
data/raw/Healthy/healthy.262.jpg,1,Cluster 1 (Light wood shavings)
data/raw/Healthy/healthy.263.jpg,1,Cluster 1 (Light wood shavings)
data/raw/Healthy/healthy.264.jpg,1,Cluster 1 (Light wood shavings)
data/raw/Healthy/healthy.265.jpg,1,Cluster 1 (Light wood shavings)
data/raw/Healthy/healthy.266.jpg,1,Cluster 1 (Light wood shavings)
data/raw/Healthy/healthy.267.jpg,1,Cluster 1 (Light wood shavings)
data/raw/Healthy/healthy.268.jpg,1,Cluster 1 (Light wood shavings)
data/raw/Healthy/healthy.269.jpg,1,Cluster 1 (Light wood shavings)
data/raw/Healthy/healthy.27.jpg,2,Cluster 2 (Reddish-brown litter)
data/raw/Healthy/healthy.270.jpg,1,Cluster 1 (Light wood shavings)
data/raw/Healthy/healthy.271.jpg,1,Cluster 1 (Light wood shavings)
data/raw/Healthy/healthy.272.jpg,1,Cluster 1 (Light wood shavings)
data/raw/Healthy/healthy.273.jpg,1,Cluster 1 (Light wood shavings)
data/raw/Healthy/healthy.274.jpg,1,Cluster 1 (Light wood shavings)
data/raw/Healthy/healthy.275.jpg,1,Cluster 1 (Light wood shavings)
data/raw/Healthy/healthy.276.jpg,1,Cluster 1 (Light wood shavings)
data/raw/Healthy/healthy.277.jpg,1,Cluster 1 (Light wood shavings)
data/raw/Healthy/healthy.278.jpg,1,Cluster 1 (Light wood shavings)
data/raw/Healthy/healthy.279.jpg,1,Cluster 1 (Light wood shavings)
data/raw/Healthy/healthy.28.jpg,1,Cluster 1 (Light wood shavings)
data/raw/Healthy/healthy.280.jpg,1,Cluster 1 (Light wood shavings)
data/raw/Healthy/healthy.281.jpg,3,Cluster 3 (Mixed straw / pen floor)
data/raw/Healthy/healthy.282.jpg,1,Cluster 1 (Light wood shavings)
data/raw/Healthy/healthy.283.jpg,1,Cluster 1 (Light wood shavings)
data/raw/Healthy/healthy.284.jpg,1,Cluster 1 (Light wood shavings)
data/raw/Healthy/healthy.285.jpg,1,Cluster 1 (Light wood shavings)
data/raw/Healthy/healthy.286.jpg,1,Cluster 1 (Light wood shavings)
data/raw/Healthy/healthy.287.jpg,1,Cluster 1 (Light wood shavings)
data/raw/Healthy/healthy.288.jpg,1,Cluster 1 (Light wood shavings)
data/raw/Healthy/healthy.289.jpg,1,Cluster 1 (Light wood shavings)
data/raw/Healthy/healthy.29.jpg,1,Cluster 1 (Light wood shavings)
data/raw/Healthy/healthy.290.jpg,1,Cluster 1 (Light wood shavings)
data/raw/Healthy/healthy.291.jpg,1,Cluster 1 (Light wood shavings)
data/raw/Healthy/healthy.292.jpg,1,Cluster 1 (Light wood shavings)
data/raw/Healthy/healthy.293.jpg,1,Cluster 1 (Light wood shavings)
data/raw/Healthy/healthy.294.jpg,1,Cluster 1 (Light wood shavings)
data/raw/Healthy/healthy.295.jpg,1,Cluster 1 (Light wood shavings)
data/raw/Healthy/healthy.296.jpg,1,Cluster 1 (Light wood shavings)
data/raw/Healthy/healthy.297.jpg,3,Cluster 3 (Mixed straw / pen floor)
data/raw/Healthy/healthy.298.jpg,1,Cluster 1 (Light wood shavings)
data/raw/Healthy/healthy.299.jpg,1,Cluster 1 (Light wood shavings)
data/raw/Healthy/healthy.3.jpg,1,Cluster 1 (Light wood shavings)
data/raw/Healthy/healthy.30.jpg,1,Cluster 1 (Light wood shavings)
data/raw/Healthy/healthy.300.jpg,1,Cluster 1 (Light wood shavings)
data/raw/Healthy/healthy.301.jpg,1,Cluster 1 (Light wood shavings)
data/raw/Healthy/healthy.302.jpg,1,Cluster 1 (Light wood shavings)
data/raw/Healthy/healthy.303.jpg,1,Cluster 1 (Light wood shavings)
data/raw/Healthy/healthy.304.jpg,1,Cluster 1 (Light wood shavings)
data/raw/Healthy/healthy.305.jpg,1,Cluster 1 (Light wood shavings)
data/raw/Healthy/healthy.306.jpg,1,Cluster 1 (Light wood shavings)
data/raw/Healthy/healthy.307.jpg,1,Cluster 1 (Light wood shavings)
data/raw/Healthy/healthy.308.jpg,1,Cluster 1 (Light wood shavings)
data/raw/Healthy/healthy.309.jpg,1,Cluster 1 (Light wood shavings)
data/raw/Healthy/healthy.31.jpg,1,Cluster 1 (Light wood shavings)
data/raw/Healthy/healthy.310.jpg,1,Cluster 1 (Light wood shavings)
data/raw/Healthy/healthy.311.jpg,1,Cluster 1 (Light wood shavings)
data/raw/Healthy/healthy.312.jpg,1,Cluster 1 (Light wood shavings)
data/raw/Healthy/healthy.313.jpg,1,Cluster 1 (Light wood shavings)
data/raw/Healthy/healthy.314.jpg,1,Cluster 1 (Light wood shavings)
data/raw/Healthy/healthy.315.jpg,1,Cluster 1 (Light wood shavings)
data/raw/Healthy/healthy.316.jpg,1,Cluster 1 (Light wood shavings)
data/raw/Healthy/healthy.317.jpg,1,Cluster 1 (Light wood shavings)
data/raw/Healthy/healthy.318.jpg,1,Cluster 1 (Light wood shavings)
data/raw/Healthy/healthy.319.jpg,1,Cluster 1 (Light wood shavings)
data/raw/Healthy/healthy.32.jpg,1,Cluster 1 (Light wood shavings)
data/raw/Healthy/healthy.320.jpg,1,Cluster 1 (Light wood shavings)
data/raw/Healthy/healthy.321.jpg,1,Cluster 1 (Light wood shavings)
data/raw/Healthy/healthy.322.jpg,1,Cluster 1 (Light wood shavings)
data/raw/Healthy/healthy.323.jpg,1,Cluster 1 (Light wood shavings)
data/raw/Healthy/healthy.324.jpg,1,Cluster 1 (Light wood shavings)
data/raw/Healthy/healthy.325.jpg,1,Cluster 1 (Light wood shavings)
data/raw/Healthy/healthy.326.jpg,1,Cluster 1 (Light wood shavings)
data/raw/Healthy/healthy.327.jpg,1,Cluster 1 (Light wood shavings)
data/raw/Healthy/healthy.328.jpg,1,Cluster 1 (Light wood shavings)
data/raw/Healthy/healthy.329.jpg,1,Cluster 1 (Light wood shavings)
data/raw/Healthy/healthy.33.jpg,1,Cluster 1 (Light wood shavings)
data/raw/Healthy/healthy.330.jpg,1,Cluster 1 (Light wood shavings)
data/raw/Healthy/healthy.331.jpg,1,Cluster 1 (Light wood shavings)
data/raw/Healthy/healthy.332.jpg,1,Cluster 1 (Light wood shavings)
data/raw/Healthy/healthy.333.jpg,1,Cluster 1 (Light wood shavings)
data/raw/Healthy/healthy.334.jpg,1,Cluster 1 (Light wood shavings)
data/raw/Healthy/healthy.335.jpg,1,Cluster 1 (Light wood shavings)
data/raw/Healthy/healthy.336.jpg,1,Cluster 1 (Light wood shavings)
data/raw/Healthy/healthy.337.jpg,1,Cluster 1 (Light wood shavings)
data/raw/Healthy/healthy.338.jpg,1,Cluster 1 (Light wood shavings)
data/raw/Healthy/healthy.339.jpg,1,Cluster 1 (Light wood shavings)
data/raw/Healthy/healthy.34.jpg,1,Cluster 1 (Light wood shavings)
data/raw/Healthy/healthy.340.jpg,1,Cluster 1 (Light wood shavings)
data/raw/Healthy/healthy.341.jpg,1,Cluster 1 (Light wood shavings)
data/raw/Healthy/healthy.342.jpg,1,Cluster 1 (Light wood shavings)
data/raw/Healthy/healthy.343.jpg,1,Cluster 1 (Light wood shavings)
data/raw/Healthy/healthy.344.jpg,1,Cluster 1 (Light wood shavings)
data/raw/Healthy/healthy.345.jpg,1,Cluster 1 (Light wood shavings)
data/raw/Healthy/healthy.346.jpg,1,Cluster 1 (Light wood shavings)
data/raw/Healthy/healthy.347.jpg,1,Cluster 1 (Light wood shavings)
data/raw/Healthy/healthy.348.jpg,1,Cluster 1 (Light wood shavings)
data/raw/Healthy/healthy.349.jpg,1,Cluster 1 (Light wood shavings)
data/raw/Healthy/healthy.35.jpg,1,Cluster 1 (Light wood shavings)
data/raw/Healthy/healthy.350.jpg,1,Cluster 1 (Light wood shavings)
data/raw/Healthy/healthy.351.jpg,1,Cluster 1 (Light wood shavings)
data/raw/Healthy/healthy.352.jpg,1,Cluster 1 (Light wood shavings)
data/raw/Healthy/healthy.353.jpg,1,Cluster 1 (Light wood shavings)
data/raw/Healthy/healthy.354.jpg,1,Cluster 1 (Light wood shavings)
data/raw/Healthy/healthy.355.jpg,1,Cluster 1 (Light wood shavings)
data/raw/Healthy/healthy.356.jpg,1,Cluster 1 (Light wood shavings)
data/raw/Healthy/healthy.357.jpg,1,Cluster 1 (Light wood shavings)
data/raw/Healthy/healthy.358.jpg,0,Cluster 0 (Dark soil / concrete)
data/raw/Healthy/healthy.359.jpg,1,Cluster 1 (Light wood shavings)
data/raw/Healthy/healthy.36.jpg,1,Cluster 1 (Light wood shavings)
data/raw/Healthy/healthy.360.jpg,1,Cluster 1 (Light wood shavings)
data/raw/Healthy/healthy.361.jpg,1,Cluster 1 (Light wood shavings)
data/raw/Healthy/healthy.362.jpg,1,Cluster 1 (Light wood shavings)
data/raw/Healthy/healthy.363.jpg,1,Cluster 1 (Light wood shavings)
data/raw/Healthy/healthy.364.jpg,1,Cluster 1 (Light wood shavings)
data/raw/Healthy/healthy.365.jpg,1,Cluster 1 (Light wood shavings)
data/raw/Healthy/healthy.366.jpg,1,Cluster 1 (Light wood shavings)
data/raw/Healthy/healthy.367.jpg,1,Cluster 1 (Light wood shavings)
data/raw/Healthy/healthy.368.jpg,1,Cluster 1 (Light wood shavings)
data/raw/Healthy/healthy.369.jpg,1,Cluster 1 (Light wood shavings)
data/raw/Healthy/healthy.37.jpg,1,Cluster 1 (Light wood shavings)
data/raw/Healthy/healthy.370.jpg,1,Cluster 1 (Light wood shavings)
data/raw/Healthy/healthy.371.jpg,1,Cluster 1 (Light wood shavings)
data/raw/Healthy/healthy.372.jpg,1,Cluster 1 (Light wood shavings)
data/raw/Healthy/healthy.373.jpg,1,Cluster 1 (Light wood shavings)
data/raw/Healthy/healthy.374.jpg,1,Cluster 1 (Light wood shavings)
data/raw/Healthy/healthy.375.jpg,1,Cluster 1 (Light wood shavings)
data/raw/Healthy/healthy.376.jpg,1,Cluster 1 (Light wood shavings)
data/raw/Healthy/healthy.377.jpg,1,Cluster 1 (Light wood shavings)
data/raw/Healthy/healthy.378.jpg,1,Cluster 1 (Light wood shavings)
data/raw/Healthy/healthy.379.jpg,1,Cluster 1 (Light wood shavings)
data/raw/Healthy/healthy.38.jpg,1,Cluster 1 (Light wood shavings)
data/raw/Healthy/healthy.380.jpg,1,Cluster 1 (Light wood shavings)
data/raw/Healthy/healthy.381.jpg,1,Cluster 1 (Light wood shavings)
data/raw/Healthy/healthy.382.jpg,1,Cluster 1 (Light wood shavings)
data/raw/Healthy/healthy.383.jpg,1,Cluster 1 (Light wood shavings)
data/raw/Healthy/healthy.384.jpg,1,Cluster 1 (Light wood shavings)
data/raw/Healthy/healthy.385.jpg,1,Cluster 1 (Light wood shavings)
data/raw/Healthy/healthy.386.jpg,2,Cluster 2 (Reddish-brown litter)
data/raw/Healthy/healthy.387.jpg,1,Cluster 1 (Light wood shavings)
data/raw/Healthy/healthy.388.jpg,1,Cluster 1 (Light wood shavings)
data/raw/Healthy/healthy.389.jpg,1,Cluster 1 (Light wood shavings)
data/raw/Healthy/healthy.39.jpg,3,Cluster 3 (Mixed straw / pen floor)
data/raw/Healthy/healthy.390.jpg,3,Cluster 3 (Mixed straw / pen floor)
data/raw/Healthy/healthy.391.jpg,1,Cluster 1 (Light wood shavings)
data/raw/Healthy/healthy.392.jpg,1,Cluster 1 (Light wood shavings)
data/raw/Healthy/healthy.393.jpg,1,Cluster 1 (Light wood shavings)
data/raw/Healthy/healthy.394.jpg,1,Cluster 1 (Light wood shavings)
data/raw/Healthy/healthy.395.jpg,3,Cluster 3 (Mixed straw / pen floor)
data/raw/Healthy/healthy.396.jpg,1,Cluster 1 (Light wood shavings)
data/raw/Healthy/healthy.397.jpg,1,Cluster 1 (Light wood shavings)
data/raw/Healthy/healthy.398.jpg,1,Cluster 1 (Light wood shavings)
data/raw/Healthy/healthy.399.jpg,1,Cluster 1 (Light wood shavings)
data/raw/Healthy/healthy.4.jpg,1,Cluster 1 (Light wood shavings)
data/raw/Healthy/healthy.40.jpg,1,Cluster 1 (Light wood shavings)
data/raw/Healthy/healthy.400.jpg,1,Cluster 1 (Light wood shavings)
data/raw/Healthy/healthy.401.jpg,1,Cluster 1 (Light wood shavings)
data/raw/Healthy/healthy.402.jpg,1,Cluster 1 (Light wood shavings)
data/raw/Healthy/healthy.403.jpg,1,Cluster 1 (Light wood shavings)
data/raw/Healthy/healthy.404.jpg,1,Cluster 1 (Light wood shavings)
data/raw/Healthy/healthy.405.jpg,1,Cluster 1 (Light wood shavings)
data/raw/Healthy/healthy.406.jpg,1,Cluster 1 (Light wood shavings)
data/raw/Healthy/healthy.407.jpg,1,Cluster 1 (Light wood shavings)
data/raw/Healthy/healthy.408.jpg,1,Cluster 1 (Light wood shavings)
data/raw/Healthy/healthy.409.jpg,1,Cluster 1 (Light wood shavings)
data/raw/Healthy/healthy.41.jpg,1,Cluster 1 (Light wood shavings)
data/raw/Healthy/healthy.410.jpg,1,Cluster 1 (Light wood shavings)
data/raw/Healthy/healthy.411.jpg,1,Cluster 1 (Light wood shavings)
data/raw/Healthy/healthy.412.jpg,1,Cluster 1 (Light wood shavings)
data/raw/Healthy/healthy.413.jpg,1,Cluster 1 (Light wood shavings)
data/raw/Healthy/healthy.414.jpg,1,Cluster 1 (Light wood shavings)
data/raw/Healthy/healthy.415.jpg,2,Cluster 2 (Reddish-brown litter)
data/raw/Healthy/healthy.416.jpg,1,Cluster 1 (Light wood shavings)
data/raw/Healthy/healthy.417.jpg,1,Cluster 1 (Light wood shavings)
data/raw/Healthy/healthy.418.jpg,2,Cluster 2 (Reddish-brown litter)
data/raw/Healthy/healthy.419.jpg,1,Cluster 1 (Light wood shavings)
data/raw/Healthy/healthy.42.jpg,1,Cluster 1 (Light wood shavings)
data/raw/Healthy/healthy.420.jpg,1,Cluster 1 (Light wood shavings)
data/raw/Healthy/healthy.421.jpg,1,Cluster 1 (Light wood shavings)
data/raw/Healthy/healthy.422.jpg,1,Cluster 1 (Light wood shavings)
data/raw/Healthy/healthy.423.jpg,3,Cluster 3 (Mixed straw / pen floor)
data/raw/Healthy/healthy.424.jpg,1,Cluster 1 (Light wood shavings)
data/raw/Healthy/healthy.425.jpg,1,Cluster 1 (Light wood shavings)
data/raw/Healthy/healthy.426.jpg,1,Cluster 1 (Light wood shavings)
data/raw/Healthy/healthy.427.jpg,1,Cluster 1 (Light wood shavings)
data/raw/Healthy/healthy.428.jpg,2,Cluster 2 (Reddish-brown litter)
data/raw/Healthy/healthy.429.jpg,1,Cluster 1 (Light wood shavings)
data/raw/Healthy/healthy.43.jpg,1,Cluster 1 (Light wood shavings)
data/raw/Healthy/healthy.430.jpg,1,Cluster 1 (Light wood shavings)
data/raw/Healthy/healthy.431.jpg,1,Cluster 1 (Light wood shavings)
data/raw/Healthy/healthy.432.jpg,1,Cluster 1 (Light wood shavings)
data/raw/Healthy/healthy.433.jpg,1,Cluster 1 (Light wood shavings)
data/raw/Healthy/healthy.434.jpg,1,Cluster 1 (Light wood shavings)
data/raw/Healthy/healthy.435.jpg,1,Cluster 1 (Light wood shavings)
data/raw/Healthy/healthy.436.jpg,1,Cluster 1 (Light wood shavings)
data/raw/Healthy/healthy.437.jpg,1,Cluster 1 (Light wood shavings)
data/raw/Healthy/healthy.438.jpg,1,Cluster 1 (Light wood shavings)
data/raw/Healthy/healthy.439.jpg,1,Cluster 1 (Light wood shavings)
data/raw/Healthy/healthy.44.jpg,1,Cluster 1 (Light wood shavings)
data/raw/Healthy/healthy.440.jpg,1,Cluster 1 (Light wood shavings)
data/raw/Healthy/healthy.441.jpg,1,Cluster 1 (Light wood shavings)
data/raw/Healthy/healthy.442.jpg,1,Cluster 1 (Light wood shavings)
data/raw/Healthy/healthy.443.jpg,1,Cluster 1 (Light wood shavings)
data/raw/Healthy/healthy.444.jpg,1,Cluster 1 (Light wood shavings)
data/raw/Healthy/healthy.445.jpg,1,Cluster 1 (Light wood shavings)
data/raw/Healthy/healthy.446.jpg,1,Cluster 1 (Light wood shavings)
data/raw/Healthy/healthy.447.jpg,1,Cluster 1 (Light wood shavings)
data/raw/Healthy/healthy.448.jpg,1,Cluster 1 (Light wood shavings)
data/raw/Healthy/healthy.449.jpg,1,Cluster 1 (Light wood shavings)
data/raw/Healthy/healthy.45.jpg,1,Cluster 1 (Light wood shavings)
data/raw/Healthy/healthy.450.jpg,1,Cluster 1 (Light wood shavings)
data/raw/Healthy/healthy.451.jpg,1,Cluster 1 (Light wood shavings)
data/raw/Healthy/healthy.452.jpg,1,Cluster 1 (Light wood shavings)
data/raw/Healthy/healthy.453.jpg,2,Cluster 2 (Reddish-brown litter)
data/raw/Healthy/healthy.454.jpg,1,Cluster 1 (Light wood shavings)
data/raw/Healthy/healthy.455.jpg,1,Cluster 1 (Light wood shavings)
data/raw/Healthy/healthy.456.jpg,1,Cluster 1 (Light wood shavings)
data/raw/Healthy/healthy.457.jpg,1,Cluster 1 (Light wood shavings)
data/raw/Healthy/healthy.458.jpg,1,Cluster 1 (Light wood shavings)
data/raw/Healthy/healthy.459.jpg,1,Cluster 1 (Light wood shavings)
data/raw/Healthy/healthy.46.jpg,1,Cluster 1 (Light wood shavings)
data/raw/Healthy/healthy.460.jpg,1,Cluster 1 (Light wood shavings)
data/raw/Healthy/healthy.461.jpg,1,Cluster 1 (Light wood shavings)
data/raw/Healthy/healthy.462.jpg,1,Cluster 1 (Light wood shavings)
data/raw/Healthy/healthy.463.jpg,1,Cluster 1 (Light wood shavings)
data/raw/Healthy/healthy.464.jpg,1,Cluster 1 (Light wood shavings)
data/raw/Healthy/healthy.465.jpg,1,Cluster 1 (Light wood shavings)
data/raw/Healthy/healthy.466.jpg,1,Cluster 1 (Light wood shavings)
data/raw/Healthy/healthy.467.jpg,1,Cluster 1 (Light wood shavings)
data/raw/Healthy/healthy.468.jpg,1,Cluster 1 (Light wood shavings)
data/raw/Healthy/healthy.469.jpg,1,Cluster 1 (Light wood shavings)
data/raw/Healthy/healthy.47.jpg,1,Cluster 1 (Light wood shavings)
data/raw/Healthy/healthy.470.jpg,1,Cluster 1 (Light wood shavings)
data/raw/Healthy/healthy.471.jpg,1,Cluster 1 (Light wood shavings)
data/raw/Healthy/healthy.472.jpg,1,Cluster 1 (Light wood shavings)
data/raw/Healthy/healthy.473.jpg,1,Cluster 1 (Light wood shavings)
data/raw/Healthy/healthy.474.jpg,1,Cluster 1 (Light wood shavings)
data/raw/Healthy/healthy.475.jpg,1,Cluster 1 (Light wood shavings)
data/raw/Healthy/healthy.476.jpg,1,Cluster 1 (Light wood shavings)
data/raw/Healthy/healthy.477.jpg,1,Cluster 1 (Light wood shavings)
data/raw/Healthy/healthy.478.jpg,1,Cluster 1 (Light wood shavings)
data/raw/Healthy/healthy.479.jpg,1,Cluster 1 (Light wood shavings)
data/raw/Healthy/healthy.48.jpg,1,Cluster 1 (Light wood shavings)
data/raw/Healthy/healthy.480.jpg,1,Cluster 1 (Light wood shavings)
data/raw/Healthy/healthy.481.jpg,1,Cluster 1 (Light wood shavings)
data/raw/Healthy/healthy.482.jpg,1,Cluster 1 (Light wood shavings)
data/raw/Healthy/healthy.483.jpg,1,Cluster 1 (Light wood shavings)
data/raw/Healthy/healthy.484.jpg,1,Cluster 1 (Light wood shavings)
data/raw/Healthy/healthy.485.jpg,1,Cluster 1 (Light wood shavings)
data/raw/Healthy/healthy.486.jpg,3,Cluster 3 (Mixed straw / pen floor)
data/raw/Healthy/healthy.487.jpg,1,Cluster 1 (Light wood shavings)
data/raw/Healthy/healthy.488.jpg,1,Cluster 1 (Light wood shavings)
data/raw/Healthy/healthy.489.jpg,1,Cluster 1 (Light wood shavings)
data/raw/Healthy/healthy.49.jpg,1,Cluster 1 (Light wood shavings)
data/raw/Healthy/healthy.490.jpg,1,Cluster 1 (Light wood shavings)
data/raw/Healthy/healthy.491.jpg,1,Cluster 1 (Light wood shavings)
data/raw/Healthy/healthy.492.jpg,1,Cluster 1 (Light wood shavings)
data/raw/Healthy/healthy.493.jpg,1,Cluster 1 (Light wood shavings)
data/raw/Healthy/healthy.494.jpg,1,Cluster 1 (Light wood shavings)
data/raw/Healthy/healthy.495.jpg,1,Cluster 1 (Light wood shavings)
data/raw/Healthy/healthy.496.jpg,1,Cluster 1 (Light wood shavings)
data/raw/Healthy/healthy.497.jpg,1,Cluster 1 (Light wood shavings)
data/raw/Healthy/healthy.498.jpg,1,Cluster 1 (Light wood shavings)
data/raw/Healthy/healthy.499.jpg,1,Cluster 1 (Light wood shavings)
data/raw/Healthy/healthy.5.jpg,1,Cluster 1 (Light wood shavings)
data/raw/Healthy/healthy.50.jpg,1,Cluster 1 (Light wood shavings)
data/raw/Healthy/healthy.500.jpg,1,Cluster 1 (Light wood shavings)
data/raw/Healthy/healthy.501.jpg,1,Cluster 1 (Light wood shavings)
data/raw/Healthy/healthy.502.jpg,1,Cluster 1 (Light wood shavings)
data/raw/Healthy/healthy.503.jpg,1,Cluster 1 (Light wood shavings)
data/raw/Healthy/healthy.504.jpg,1,Cluster 1 (Light wood shavings)
data/raw/Healthy/healthy.505.jpg,1,Cluster 1 (Light wood shavings)
data/raw/Healthy/healthy.506.jpg,1,Cluster 1 (Light wood shavings)
data/raw/Healthy/healthy.507.jpg,1,Cluster 1 (Light wood shavings)
data/raw/Healthy/healthy.508.jpg,1,Cluster 1 (Light wood shavings)
data/raw/Healthy/healthy.509.jpg,1,Cluster 1 (Light wood shavings)
data/raw/Healthy/healthy.51.jpg,1,Cluster 1 (Light wood shavings)
data/raw/Healthy/healthy.510.jpg,1,Cluster 1 (Light wood shavings)
data/raw/Healthy/healthy.511.jpg,1,Cluster 1 (Light wood shavings)
data/raw/Healthy/healthy.512.jpg,1,Cluster 1 (Light wood shavings)
data/raw/Healthy/healthy.513.jpg,1,Cluster 1 (Light wood shavings)
data/raw/Healthy/healthy.514.jpg,1,Cluster 1 (Light wood shavings)
data/raw/Healthy/healthy.515.jpg,1,Cluster 1 (Light wood shavings)
data/raw/Healthy/healthy.516.jpg,1,Cluster 1 (Light wood shavings)
data/raw/Healthy/healthy.517.jpg,1,Cluster 1 (Light wood shavings)
data/raw/Healthy/healthy.518.jpg,1,Cluster 1 (Light wood shavings)
data/raw/Healthy/healthy.519.jpg,1,Cluster 1 (Light wood shavings)
data/raw/Healthy/healthy.52.jpg,1,Cluster 1 (Light wood shavings)
data/raw/Healthy/healthy.520.jpg,3,Cluster 3 (Mixed straw / pen floor)
data/raw/Healthy/healthy.521.jpg,1,Cluster 1 (Light wood shavings)
data/raw/Healthy/healthy.522.jpg,1,Cluster 1 (Light wood shavings)
data/raw/Healthy/healthy.523.jpg,1,Cluster 1 (Light wood shavings)
data/raw/Healthy/healthy.524.jpg,1,Cluster 1 (Light wood shavings)
data/raw/Healthy/healthy.525.jpg,1,Cluster 1 (Light wood shavings)
data/raw/Healthy/healthy.526.jpg,1,Cluster 1 (Light wood shavings)
data/raw/Healthy/healthy.527.jpg,1,Cluster 1 (Light wood shavings)
data/raw/Healthy/healthy.528.jpg,1,Cluster 1 (Light wood shavings)
data/raw/Healthy/healthy.529.jpg,1,Cluster 1 (Light wood shavings)
data/raw/Healthy/healthy.53.jpg,1,Cluster 1 (Light wood shavings)
data/raw/Healthy/healthy.530.jpg,1,Cluster 1 (Light wood shavings)
data/raw/Healthy/healthy.531.jpg,1,Cluster 1 (Light wood shavings)
data/raw/Healthy/healthy.532.jpg,1,Cluster 1 (Light wood shavings)
data/raw/Healthy/healthy.533.jpg,1,Cluster 1 (Light wood shavings)
data/raw/Healthy/healthy.534.jpg,1,Cluster 1 (Light wood shavings)
data/raw/Healthy/healthy.535.jpg,1,Cluster 1 (Light wood shavings)
data/raw/Healthy/healthy.536.jpg,1,Cluster 1 (Light wood shavings)
data/raw/Healthy/healthy.537.jpg,1,Cluster 1 (Light wood shavings)
data/raw/Healthy/healthy.538.jpg,1,Cluster 1 (Light wood shavings)
data/raw/Healthy/healthy.539.jpg,1,Cluster 1 (Light wood shavings)
data/raw/Healthy/healthy.54.jpg,1,Cluster 1 (Light wood shavings)
data/raw/Healthy/healthy.540.jpg,1,Cluster 1 (Light wood shavings)
data/raw/Healthy/healthy.541.jpg,1,Cluster 1 (Light wood shavings)
data/raw/Healthy/healthy.542.jpg,1,Cluster 1 (Light wood shavings)
data/raw/Healthy/healthy.543.jpg,1,Cluster 1 (Light wood shavings)
data/raw/Healthy/healthy.544.jpg,1,Cluster 1 (Light wood shavings)
data/raw/Healthy/healthy.545.jpg,1,Cluster 1 (Light wood shavings)
data/raw/Healthy/healthy.546.jpg,1,Cluster 1 (Light wood shavings)
data/raw/Healthy/healthy.547.jpg,1,Cluster 1 (Light wood shavings)
data/raw/Healthy/healthy.548.jpg,1,Cluster 1 (Light wood shavings)
data/raw/Healthy/healthy.549.jpg,1,Cluster 1 (Light wood shavings)
data/raw/Healthy/healthy.55.jpg,1,Cluster 1 (Light wood shavings)
data/raw/Healthy/healthy.550.jpg,1,Cluster 1 (Light wood shavings)
data/raw/Healthy/healthy.551.jpg,1,Cluster 1 (Light wood shavings)
data/raw/Healthy/healthy.552.jpg,1,Cluster 1 (Light wood shavings)
data/raw/Healthy/healthy.553.jpg,1,Cluster 1 (Light wood shavings)
data/raw/Healthy/healthy.554.jpg,1,Cluster 1 (Light wood shavings)
data/raw/Healthy/healthy.555.jpg,1,Cluster 1 (Light wood shavings)
data/raw/Healthy/healthy.556.jpg,1,Cluster 1 (Light wood shavings)
data/raw/Healthy/healthy.557.jpg,2,Cluster 2 (Reddish-brown litter)
data/raw/Healthy/healthy.558.jpg,1,Cluster 1 (Light wood shavings)
data/raw/Healthy/healthy.559.jpg,3,Cluster 3 (Mixed straw / pen floor)
data/raw/Healthy/healthy.56.jpg,2,Cluster 2 (Reddish-brown litter)
data/raw/Healthy/healthy.560.jpg,1,Cluster 1 (Light wood shavings)
data/raw/Healthy/healthy.561.jpg,1,Cluster 1 (Light wood shavings)
data/raw/Healthy/healthy.562.jpg,1,Cluster 1 (Light wood shavings)
data/raw/Healthy/healthy.563.jpg,1,Cluster 1 (Light wood shavings)
data/raw/Healthy/healthy.564.jpg,1,Cluster 1 (Light wood shavings)
data/raw/Healthy/healthy.565.jpg,1,Cluster 1 (Light wood shavings)
data/raw/Healthy/healthy.566.jpg,1,Cluster 1 (Light wood shavings)
data/raw/Healthy/healthy.567.jpg,1,Cluster 1 (Light wood shavings)
data/raw/Healthy/healthy.568.jpg,1,Cluster 1 (Light wood shavings)
data/raw/Healthy/healthy.569.jpg,1,Cluster 1 (Light wood shavings)
data/raw/Healthy/healthy.57.jpg,1,Cluster 1 (Light wood shavings)
data/raw/Healthy/healthy.570.jpg,1,Cluster 1 (Light wood shavings)
data/raw/Healthy/healthy.571.jpg,1,Cluster 1 (Light wood shavings)
data/raw/Healthy/healthy.572.jpg,1,Cluster 1 (Light wood shavings)
data/raw/Healthy/healthy.573.jpg,1,Cluster 1 (Light wood shavings)
data/raw/Healthy/healthy.574.jpg,1,Cluster 1 (Light wood shavings)
data/raw/Healthy/healthy.575.jpg,1,Cluster 1 (Light wood shavings)
data/raw/Healthy/healthy.576.jpg,1,Cluster 1 (Light wood shavings)
data/raw/Healthy/healthy.577.jpg,1,Cluster 1 (Light wood shavings)
data/raw/Healthy/healthy.578.jpg,1,Cluster 1 (Light wood shavings)
data/raw/Healthy/healthy.579.jpg,1,Cluster 1 (Light wood shavings)
data/raw/Healthy/healthy.58.jpg,1,Cluster 1 (Light wood shavings)
data/raw/Healthy/healthy.580.jpg,2,Cluster 2 (Reddish-brown litter)
data/raw/Healthy/healthy.581.jpg,1,Cluster 1 (Light wood shavings)
data/raw/Healthy/healthy.582.jpg,1,Cluster 1 (Light wood shavings)
data/raw/Healthy/healthy.583.jpg,1,Cluster 1 (Light wood shavings)
data/raw/Healthy/healthy.584.jpg,1,Cluster 1 (Light wood shavings)
data/raw/Healthy/healthy.585.jpg,1,Cluster 1 (Light wood shavings)
data/raw/Healthy/healthy.586.jpg,1,Cluster 1 (Light wood shavings)
data/raw/Healthy/healthy.587.jpg,1,Cluster 1 (Light wood shavings)
data/raw/Healthy/healthy.588.jpg,1,Cluster 1 (Light wood shavings)
data/raw/Healthy/healthy.589.jpg,3,Cluster 3 (Mixed straw / pen floor)
data/raw/Healthy/healthy.59.jpg,1,Cluster 1 (Light wood shavings)
data/raw/Healthy/healthy.590.jpg,1,Cluster 1 (Light wood shavings)
data/raw/Healthy/healthy.591.jpg,2,Cluster 2 (Reddish-brown litter)
data/raw/Healthy/healthy.592.jpg,1,Cluster 1 (Light wood shavings)
data/raw/Healthy/healthy.593.jpg,1,Cluster 1 (Light wood shavings)
data/raw/Healthy/healthy.594.jpg,1,Cluster 1 (Light wood shavings)
data/raw/Healthy/healthy.595.jpg,2,Cluster 2 (Reddish-brown litter)
data/raw/Healthy/healthy.596.jpg,1,Cluster 1 (Light wood shavings)
data/raw/Healthy/healthy.597.jpg,1,Cluster 1 (Light wood shavings)
data/raw/Healthy/healthy.598.jpg,1,Cluster 1 (Light wood shavings)
data/raw/Healthy/healthy.599.jpg,3,Cluster 3 (Mixed straw / pen floor)
data/raw/Healthy/healthy.6.jpg,1,Cluster 1 (Light wood shavings)
data/raw/Healthy/healthy.60.jpg,1,Cluster 1 (Light wood shavings)
data/raw/Healthy/healthy.600.jpg,1,Cluster 1 (Light wood shavings)
data/raw/Healthy/healthy.601.jpg,1,Cluster 1 (Light wood shavings)
data/raw/Healthy/healthy.602.jpg,1,Cluster 1 (Light wood shavings)
data/raw/Healthy/healthy.603.jpg,1,Cluster 1 (Light wood shavings)
data/raw/Healthy/healthy.604.jpg,1,Cluster 1 (Light wood shavings)
data/raw/Healthy/healthy.605.jpg,1,Cluster 1 (Light wood shavings)
data/raw/Healthy/healthy.606.jpg,1,Cluster 1 (Light wood shavings)
data/raw/Healthy/healthy.607.jpg,1,Cluster 1 (Light wood shavings)
data/raw/Healthy/healthy.608.jpg,1,Cluster 1 (Light wood shavings)
data/raw/Healthy/healthy.609.jpg,1,Cluster 1 (Light wood shavings)
data/raw/Healthy/healthy.61.jpg,1,Cluster 1 (Light wood shavings)
data/raw/Healthy/healthy.610.jpg,1,Cluster 1 (Light wood shavings)
data/raw/Healthy/healthy.611.jpg,1,Cluster 1 (Light wood shavings)
data/raw/Healthy/healthy.612.jpg,1,Cluster 1 (Light wood shavings)
data/raw/Healthy/healthy.613.jpg,1,Cluster 1 (Light wood shavings)
data/raw/Healthy/healthy.614.jpg,1,Cluster 1 (Light wood shavings)
data/raw/Healthy/healthy.615.jpg,1,Cluster 1 (Light wood shavings)
data/raw/Healthy/healthy.616.jpg,1,Cluster 1 (Light wood shavings)
data/raw/Healthy/healthy.617.jpg,1,Cluster 1 (Light wood shavings)
data/raw/Healthy/healthy.618.jpg,1,Cluster 1 (Light wood shavings)
data/raw/Healthy/healthy.619.jpg,1,Cluster 1 (Light wood shavings)
data/raw/Healthy/healthy.62.jpg,1,Cluster 1 (Light wood shavings)
data/raw/Healthy/healthy.620.jpg,1,Cluster 1 (Light wood shavings)
data/raw/Healthy/healthy.621.jpg,1,Cluster 1 (Light wood shavings)
data/raw/Healthy/healthy.622.jpg,1,Cluster 1 (Light wood shavings)
data/raw/Healthy/healthy.623.jpg,3,Cluster 3 (Mixed straw / pen floor)
data/raw/Healthy/healthy.624.jpg,1,Cluster 1 (Light wood shavings)
data/raw/Healthy/healthy.625.jpg,1,Cluster 1 (Light wood shavings)
data/raw/Healthy/healthy.626.jpg,1,Cluster 1 (Light wood shavings)
data/raw/Healthy/healthy.627.jpg,1,Cluster 1 (Light wood shavings)
data/raw/Healthy/healthy.628.jpg,1,Cluster 1 (Light wood shavings)
data/raw/Healthy/healthy.629.jpg,1,Cluster 1 (Light wood shavings)
data/raw/Healthy/healthy.63.jpg,1,Cluster 1 (Light wood shavings)
data/raw/Healthy/healthy.630.jpg,1,Cluster 1 (Light wood shavings)
data/raw/Healthy/healthy.631.jpg,1,Cluster 1 (Light wood shavings)
data/raw/Healthy/healthy.632.jpg,1,Cluster 1 (Light wood shavings)
data/raw/Healthy/healthy.633.jpg,1,Cluster 1 (Light wood shavings)
data/raw/Healthy/healthy.634.jpg,1,Cluster 1 (Light wood shavings)
data/raw/Healthy/healthy.635.jpg,1,Cluster 1 (Light wood shavings)
data/raw/Healthy/healthy.636.jpg,1,Cluster 1 (Light wood shavings)
data/raw/Healthy/healthy.637.jpg,1,Cluster 1 (Light wood shavings)
data/raw/Healthy/healthy.638.jpg,1,Cluster 1 (Light wood shavings)
data/raw/Healthy/healthy.639.jpg,1,Cluster 1 (Light wood shavings)
data/raw/Healthy/healthy.64.jpg,1,Cluster 1 (Light wood shavings)
data/raw/Healthy/healthy.640.jpg,1,Cluster 1 (Light wood shavings)
data/raw/Healthy/healthy.641.jpg,1,Cluster 1 (Light wood shavings)
data/raw/Healthy/healthy.642.jpg,3,Cluster 3 (Mixed straw / pen floor)
data/raw/Healthy/healthy.643.jpg,1,Cluster 1 (Light wood shavings)
data/raw/Healthy/healthy.644.jpg,1,Cluster 1 (Light wood shavings)
data/raw/Healthy/healthy.645.jpg,1,Cluster 1 (Light wood shavings)
data/raw/Healthy/healthy.646.jpg,1,Cluster 1 (Light wood shavings)
data/raw/Healthy/healthy.647.jpg,1,Cluster 1 (Light wood shavings)
data/raw/Healthy/healthy.648.jpg,1,Cluster 1 (Light wood shavings)
data/raw/Healthy/healthy.649.jpg,1,Cluster 1 (Light wood shavings)
data/raw/Healthy/healthy.65.jpg,1,Cluster 1 (Light wood shavings)
data/raw/Healthy/healthy.650.jpg,1,Cluster 1 (Light wood shavings)
data/raw/Healthy/healthy.651.jpg,2,Cluster 2 (Reddish-brown litter)
data/raw/Healthy/healthy.652.jpg,1,Cluster 1 (Light wood shavings)
data/raw/Healthy/healthy.653.jpg,2,Cluster 2 (Reddish-brown litter)
data/raw/Healthy/healthy.654.jpg,1,Cluster 1 (Light wood shavings)
data/raw/Healthy/healthy.655.jpg,1,Cluster 1 (Light wood shavings)
data/raw/Healthy/healthy.656.jpg,1,Cluster 1 (Light wood shavings)
data/raw/Healthy/healthy.657.jpg,1,Cluster 1 (Light wood shavings)
data/raw/Healthy/healthy.658.jpg,1,Cluster 1 (Light wood shavings)
data/raw/Healthy/healthy.659.jpg,1,Cluster 1 (Light wood shavings)
data/raw/Healthy/healthy.66.jpg,1,Cluster 1 (Light wood shavings)
data/raw/Healthy/healthy.660.jpg,1,Cluster 1 (Light wood shavings)
data/raw/Healthy/healthy.661.jpg,1,Cluster 1 (Light wood shavings)
data/raw/Healthy/healthy.662.jpg,1,Cluster 1 (Light wood shavings)
data/raw/Healthy/healthy.663.jpg,1,Cluster 1 (Light wood shavings)
data/raw/Healthy/healthy.664.jpg,1,Cluster 1 (Light wood shavings)
data/raw/Healthy/healthy.665.jpg,1,Cluster 1 (Light wood shavings)
data/raw/Healthy/healthy.666.jpg,1,Cluster 1 (Light wood shavings)
data/raw/Healthy/healthy.667.jpg,1,Cluster 1 (Light wood shavings)
data/raw/Healthy/healthy.668.jpg,1,Cluster 1 (Light wood shavings)
data/raw/Healthy/healthy.669.jpg,1,Cluster 1 (Light wood shavings)
data/raw/Healthy/healthy.67.jpg,1,Cluster 1 (Light wood shavings)
data/raw/Healthy/healthy.670.jpg,1,Cluster 1 (Light wood shavings)
data/raw/Healthy/healthy.671.jpg,1,Cluster 1 (Light wood shavings)
data/raw/Healthy/healthy.672.jpg,1,Cluster 1 (Light wood shavings)
data/raw/Healthy/healthy.673.jpg,1,Cluster 1 (Light wood shavings)
data/raw/Healthy/healthy.674.jpg,1,Cluster 1 (Light wood shavings)
data/raw/Healthy/healthy.675.jpg,1,Cluster 1 (Light wood shavings)
data/raw/Healthy/healthy.676.jpg,1,Cluster 1 (Light wood shavings)
data/raw/Healthy/healthy.677.jpg,1,Cluster 1 (Light wood shavings)
data/raw/Healthy/healthy.678.jpg,1,Cluster 1 (Light wood shavings)
data/raw/Healthy/healthy.679.jpg,1,Cluster 1 (Light wood shavings)
data/raw/Healthy/healthy.68.jpg,1,Cluster 1 (Light wood shavings)
data/raw/Healthy/healthy.680.jpg,1,Cluster 1 (Light wood shavings)
data/raw/Healthy/healthy.681.jpg,0,Cluster 0 (Dark soil / concrete)
data/raw/Healthy/healthy.682.jpg,1,Cluster 1 (Light wood shavings)
data/raw/Healthy/healthy.683.jpg,3,Cluster 3 (Mixed straw / pen floor)
data/raw/Healthy/healthy.684.jpg,1,Cluster 1 (Light wood shavings)
data/raw/Healthy/healthy.685.jpg,1,Cluster 1 (Light wood shavings)
data/raw/Healthy/healthy.686.jpg,1,Cluster 1 (Light wood shavings)
data/raw/Healthy/healthy.687.jpg,1,Cluster 1 (Light wood shavings)
data/raw/Healthy/healthy.688.jpg,1,Cluster 1 (Light wood shavings)
data/raw/Healthy/healthy.689.jpg,1,Cluster 1 (Light wood shavings)
data/raw/Healthy/healthy.69.jpg,1,Cluster 1 (Light wood shavings)
data/raw/Healthy/healthy.690.jpg,1,Cluster 1 (Light wood shavings)
data/raw/Healthy/healthy.691.jpg,1,Cluster 1 (Light wood shavings)
data/raw/Healthy/healthy.692.jpg,1,Cluster 1 (Light wood shavings)
data/raw/Healthy/healthy.693.jpg,3,Cluster 3 (Mixed straw / pen floor)
data/raw/Healthy/healthy.694.jpg,1,Cluster 1 (Light wood shavings)
data/raw/Healthy/healthy.695.jpg,1,Cluster 1 (Light wood shavings)
data/raw/Healthy/healthy.696.jpg,1,Cluster 1 (Light wood shavings)
data/raw/Healthy/healthy.697.jpg,1,Cluster 1 (Light wood shavings)
data/raw/Healthy/healthy.698.jpg,1,Cluster 1 (Light wood shavings)
data/raw/Healthy/healthy.699.jpg,1,Cluster 1 (Light wood shavings)
data/raw/Healthy/healthy.7.jpg,1,Cluster 1 (Light wood shavings)
data/raw/Healthy/healthy.70.jpg,1,Cluster 1 (Light wood shavings)
data/raw/Healthy/healthy.700.jpg,1,Cluster 1 (Light wood shavings)
data/raw/Healthy/healthy.701.jpg,1,Cluster 1 (Light wood shavings)
data/raw/Healthy/healthy.702.jpg,0,Cluster 0 (Dark soil / concrete)
data/raw/Healthy/healthy.703.jpg,1,Cluster 1 (Light wood shavings)
data/raw/Healthy/healthy.704.jpg,1,Cluster 1 (Light wood shavings)
data/raw/Healthy/healthy.705.jpg,1,Cluster 1 (Light wood shavings)
data/raw/Healthy/healthy.706.jpg,1,Cluster 1 (Light wood shavings)
data/raw/Healthy/healthy.707.jpg,1,Cluster 1 (Light wood shavings)
data/raw/Healthy/healthy.708.jpg,1,Cluster 1 (Light wood shavings)
data/raw/Healthy/healthy.709.jpg,1,Cluster 1 (Light wood shavings)
data/raw/Healthy/healthy.71.jpg,1,Cluster 1 (Light wood shavings)
data/raw/Healthy/healthy.710.jpg,1,Cluster 1 (Light wood shavings)
data/raw/Healthy/healthy.711.jpg,1,Cluster 1 (Light wood shavings)
data/raw/Healthy/healthy.712.jpg,1,Cluster 1 (Light wood shavings)
data/raw/Healthy/healthy.713.jpg,1,Cluster 1 (Light wood shavings)
data/raw/Healthy/healthy.714.jpg,1,Cluster 1 (Light wood shavings)
data/raw/Healthy/healthy.715.jpg,1,Cluster 1 (Light wood shavings)
data/raw/Healthy/healthy.716.jpg,1,Cluster 1 (Light wood shavings)
data/raw/Healthy/healthy.717.jpg,1,Cluster 1 (Light wood shavings)
data/raw/Healthy/healthy.718.jpg,1,Cluster 1 (Light wood shavings)
data/raw/Healthy/healthy.719.jpg,1,Cluster 1 (Light wood shavings)
data/raw/Healthy/healthy.72.jpg,1,Cluster 1 (Light wood shavings)
data/raw/Healthy/healthy.720.jpg,1,Cluster 1 (Light wood shavings)
data/raw/Healthy/healthy.721.jpg,1,Cluster 1 (Light wood shavings)
data/raw/Healthy/healthy.722.jpg,1,Cluster 1 (Light wood shavings)
data/raw/Healthy/healthy.723.jpg,1,Cluster 1 (Light wood shavings)
data/raw/Healthy/healthy.724.jpg,1,Cluster 1 (Light wood shavings)
data/raw/Healthy/healthy.725.jpg,1,Cluster 1 (Light wood shavings)
data/raw/Healthy/healthy.726.jpg,1,Cluster 1 (Light wood shavings)
data/raw/Healthy/healthy.727.jpg,1,Cluster 1 (Light wood shavings)
data/raw/Healthy/healthy.728.jpg,1,Cluster 1 (Light wood shavings)
data/raw/Healthy/healthy.729.jpg,1,Cluster 1 (Light wood shavings)
data/raw/Healthy/healthy.73.jpg,1,Cluster 1 (Light wood shavings)
data/raw/Healthy/healthy.730.jpg,1,Cluster 1 (Light wood shavings)
data/raw/Healthy/healthy.731.jpg,1,Cluster 1 (Light wood shavings)
data/raw/Healthy/healthy.732.jpg,1,Cluster 1 (Light wood shavings)
data/raw/Healthy/healthy.733.jpg,1,Cluster 1 (Light wood shavings)
data/raw/Healthy/healthy.734.jpg,1,Cluster 1 (Light wood shavings)
data/raw/Healthy/healthy.735.jpg,2,Cluster 2 (Reddish-brown litter)
data/raw/Healthy/healthy.736.jpg,1,Cluster 1 (Light wood shavings)
data/raw/Healthy/healthy.737.jpg,1,Cluster 1 (Light wood shavings)
data/raw/Healthy/healthy.738.jpg,1,Cluster 1 (Light wood shavings)
data/raw/Healthy/healthy.739.jpg,1,Cluster 1 (Light wood shavings)
data/raw/Healthy/healthy.74.jpg,1,Cluster 1 (Light wood shavings)
data/raw/Healthy/healthy.740.jpg,1,Cluster 1 (Light wood shavings)
data/raw/Healthy/healthy.741.jpg,1,Cluster 1 (Light wood shavings)
data/raw/Healthy/healthy.742.jpg,1,Cluster 1 (Light wood shavings)
data/raw/Healthy/healthy.743.jpg,1,Cluster 1 (Light wood shavings)
data/raw/Healthy/healthy.744.jpg,1,Cluster 1 (Light wood shavings)
data/raw/Healthy/healthy.745.jpg,1,Cluster 1 (Light wood shavings)
data/raw/Healthy/healthy.746.jpg,1,Cluster 1 (Light wood shavings)
data/raw/Healthy/healthy.747.jpg,1,Cluster 1 (Light wood shavings)
data/raw/Healthy/healthy.748.jpg,1,Cluster 1 (Light wood shavings)
data/raw/Healthy/healthy.749.jpg,1,Cluster 1 (Light wood shavings)
data/raw/Healthy/healthy.75.jpg,1,Cluster 1 (Light wood shavings)
data/raw/Healthy/healthy.750.jpg,1,Cluster 1 (Light wood shavings)
data/raw/Healthy/healthy.751.jpg,1,Cluster 1 (Light wood shavings)
data/raw/Healthy/healthy.752.jpg,1,Cluster 1 (Light wood shavings)
data/raw/Healthy/healthy.753.jpg,1,Cluster 1 (Light wood shavings)
data/raw/Healthy/healthy.754.jpg,1,Cluster 1 (Light wood shavings)
data/raw/Healthy/healthy.755.jpg,1,Cluster 1 (Light wood shavings)
data/raw/Healthy/healthy.756.jpg,1,Cluster 1 (Light wood shavings)
data/raw/Healthy/healthy.757.jpg,1,Cluster 1 (Light wood shavings)
data/raw/Healthy/healthy.758.jpg,1,Cluster 1 (Light wood shavings)
data/raw/Healthy/healthy.759.jpg,1,Cluster 1 (Light wood shavings)
data/raw/Healthy/healthy.76.jpg,1,Cluster 1 (Light wood shavings)
data/raw/Healthy/healthy.760.jpg,1,Cluster 1 (Light wood shavings)
data/raw/Healthy/healthy.761.jpg,1,Cluster 1 (Light wood shavings)
data/raw/Healthy/healthy.762.jpg,1,Cluster 1 (Light wood shavings)
data/raw/Healthy/healthy.763.jpg,1,Cluster 1 (Light wood shavings)
data/raw/Healthy/healthy.764.jpg,1,Cluster 1 (Light wood shavings)
data/raw/Healthy/healthy.765.jpg,1,Cluster 1 (Light wood shavings)
data/raw/Healthy/healthy.766.jpg,1,Cluster 1 (Light wood shavings)
data/raw/Healthy/healthy.767.jpg,1,Cluster 1 (Light wood shavings)
data/raw/Healthy/healthy.768.jpg,1,Cluster 1 (Light wood shavings)
data/raw/Healthy/healthy.769.jpg,1,Cluster 1 (Light wood shavings)
data/raw/Healthy/healthy.77.jpg,1,Cluster 1 (Light wood shavings)
data/raw/Healthy/healthy.770.jpg,1,Cluster 1 (Light wood shavings)
data/raw/Healthy/healthy.771.jpg,1,Cluster 1 (Light wood shavings)
data/raw/Healthy/healthy.772.jpg,1,Cluster 1 (Light wood shavings)
data/raw/Healthy/healthy.773.jpg,1,Cluster 1 (Light wood shavings)
data/raw/Healthy/healthy.774.jpg,1,Cluster 1 (Light wood shavings)
data/raw/Healthy/healthy.775.jpg,1,Cluster 1 (Light wood shavings)
data/raw/Healthy/healthy.776.jpg,1,Cluster 1 (Light wood shavings)
data/raw/Healthy/healthy.777.jpg,1,Cluster 1 (Light wood shavings)
data/raw/Healthy/healthy.778.jpg,1,Cluster 1 (Light wood shavings)
data/raw/Healthy/healthy.779.jpg,2,Cluster 2 (Reddish-brown litter)
data/raw/Healthy/healthy.78.jpg,1,Cluster 1 (Light wood shavings)
data/raw/Healthy/healthy.780.jpg,1,Cluster 1 (Light wood shavings)
data/raw/Healthy/healthy.781.jpg,3,Cluster 3 (Mixed straw / pen floor)
data/raw/Healthy/healthy.782.jpg,1,Cluster 1 (Light wood shavings)
data/raw/Healthy/healthy.783.jpg,1,Cluster 1 (Light wood shavings)
data/raw/Healthy/healthy.784.jpg,1,Cluster 1 (Light wood shavings)
data/raw/Healthy/healthy.785.jpg,1,Cluster 1 (Light wood shavings)
data/raw/Healthy/healthy.786.jpg,1,Cluster 1 (Light wood shavings)
data/raw/Healthy/healthy.787.jpg,1,Cluster 1 (Light wood shavings)
data/raw/Healthy/healthy.788.jpg,1,Cluster 1 (Light wood shavings)
data/raw/Healthy/healthy.789.jpg,1,Cluster 1 (Light wood shavings)
data/raw/Healthy/healthy.79.jpg,1,Cluster 1 (Light wood shavings)
data/raw/Healthy/healthy.790.jpg,3,Cluster 3 (Mixed straw / pen floor)
data/raw/Healthy/healthy.791.jpg,1,Cluster 1 (Light wood shavings)
data/raw/Healthy/healthy.792.jpg,1,Cluster 1 (Light wood shavings)
data/raw/Healthy/healthy.793.jpg,1,Cluster 1 (Light wood shavings)
data/raw/Healthy/healthy.794.jpg,1,Cluster 1 (Light wood shavings)
data/raw/Healthy/healthy.795.jpg,1,Cluster 1 (Light wood shavings)
data/raw/Healthy/healthy.796.jpg,1,Cluster 1 (Light wood shavings)
data/raw/Healthy/healthy.797.jpg,1,Cluster 1 (Light wood shavings)
data/raw/Healthy/healthy.798.jpg,1,Cluster 1 (Light wood shavings)
data/raw/Healthy/healthy.799.jpg,1,Cluster 1 (Light wood shavings)
data/raw/Healthy/healthy.8.jpg,1,Cluster 1 (Light wood shavings)
data/raw/Healthy/healthy.80.jpg,1,Cluster 1 (Light wood shavings)
data/raw/Healthy/healthy.800.jpg,1,Cluster 1 (Light wood shavings)
data/raw/Healthy/healthy.801.jpg,1,Cluster 1 (Light wood shavings)
data/raw/Healthy/healthy.802.jpg,1,Cluster 1 (Light wood shavings)
data/raw/Healthy/healthy.803.jpg,1,Cluster 1 (Light wood shavings)
data/raw/Healthy/healthy.804.jpg,1,Cluster 1 (Light wood shavings)
data/raw/Healthy/healthy.805.jpg,1,Cluster 1 (Light wood shavings)
data/raw/Healthy/healthy.806.jpg,1,Cluster 1 (Light wood shavings)
data/raw/Healthy/healthy.807.jpg,1,Cluster 1 (Light wood shavings)
data/raw/Healthy/healthy.808.jpg,1,Cluster 1 (Light wood shavings)
data/raw/Healthy/healthy.809.jpg,1,Cluster 1 (Light wood shavings)
data/raw/Healthy/healthy.81.jpg,1,Cluster 1 (Light wood shavings)
data/raw/Healthy/healthy.810.jpg,1,Cluster 1 (Light wood shavings)
data/raw/Healthy/healthy.811.jpg,1,Cluster 1 (Light wood shavings)
data/raw/Healthy/healthy.812.jpg,1,Cluster 1 (Light wood shavings)
data/raw/Healthy/healthy.813.jpg,1,Cluster 1 (Light wood shavings)
data/raw/Healthy/healthy.814.jpg,1,Cluster 1 (Light wood shavings)
data/raw/Healthy/healthy.815.jpg,1,Cluster 1 (Light wood shavings)
data/raw/Healthy/healthy.816.jpg,1,Cluster 1 (Light wood shavings)
data/raw/Healthy/healthy.817.jpg,1,Cluster 1 (Light wood shavings)
data/raw/Healthy/healthy.818.jpg,1,Cluster 1 (Light wood shavings)
data/raw/Healthy/healthy.819.jpg,1,Cluster 1 (Light wood shavings)
data/raw/Healthy/healthy.82.jpg,1,Cluster 1 (Light wood shavings)
data/raw/Healthy/healthy.820.jpg,1,Cluster 1 (Light wood shavings)
data/raw/Healthy/healthy.821.jpg,1,Cluster 1 (Light wood shavings)
data/raw/Healthy/healthy.822.jpg,1,Cluster 1 (Light wood shavings)
data/raw/Healthy/healthy.823.jpg,1,Cluster 1 (Light wood shavings)
data/raw/Healthy/healthy.824.jpg,1,Cluster 1 (Light wood shavings)
data/raw/Healthy/healthy.825.jpg,1,Cluster 1 (Light wood shavings)
data/raw/Healthy/healthy.826.jpg,1,Cluster 1 (Light wood shavings)
data/raw/Healthy/healthy.827.jpg,1,Cluster 1 (Light wood shavings)
data/raw/Healthy/healthy.828.jpg,1,Cluster 1 (Light wood shavings)
data/raw/Healthy/healthy.829.jpg,1,Cluster 1 (Light wood shavings)
data/raw/Healthy/healthy.83.jpg,1,Cluster 1 (Light wood shavings)
data/raw/Healthy/healthy.830.jpg,0,Cluster 0 (Dark soil / concrete)
data/raw/Healthy/healthy.831.jpg,1,Cluster 1 (Light wood shavings)
data/raw/Healthy/healthy.832.jpg,1,Cluster 1 (Light wood shavings)
data/raw/Healthy/healthy.833.jpg,1,Cluster 1 (Light wood shavings)
data/raw/Healthy/healthy.834.jpg,1,Cluster 1 (Light wood shavings)
data/raw/Healthy/healthy.835.jpg,1,Cluster 1 (Light wood shavings)
data/raw/Healthy/healthy.836.jpg,1,Cluster 1 (Light wood shavings)
data/raw/Healthy/healthy.837.jpg,1,Cluster 1 (Light wood shavings)
data/raw/Healthy/healthy.838.jpg,1,Cluster 1 (Light wood shavings)
data/raw/Healthy/healthy.839.jpg,1,Cluster 1 (Light wood shavings)
data/raw/Healthy/healthy.84.jpg,1,Cluster 1 (Light wood shavings)
data/raw/Healthy/healthy.840.jpg,1,Cluster 1 (Light wood shavings)
data/raw/Healthy/healthy.841.jpg,1,Cluster 1 (Light wood shavings)
data/raw/Healthy/healthy.842.jpg,1,Cluster 1 (Light wood shavings)
data/raw/Healthy/healthy.843.jpg,1,Cluster 1 (Light wood shavings)
data/raw/Healthy/healthy.844.jpg,1,Cluster 1 (Light wood shavings)
data/raw/Healthy/healthy.845.jpg,1,Cluster 1 (Light wood shavings)
data/raw/Healthy/healthy.846.jpg,1,Cluster 1 (Light wood shavings)
data/raw/Healthy/healthy.847.jpg,1,Cluster 1 (Light wood shavings)
data/raw/Healthy/healthy.848.jpg,1,Cluster 1 (Light wood shavings)
data/raw/Healthy/healthy.849.jpg,1,Cluster 1 (Light wood shavings)
data/raw/Healthy/healthy.85.jpg,1,Cluster 1 (Light wood shavings)
data/raw/Healthy/healthy.850.jpg,1,Cluster 1 (Light wood shavings)
data/raw/Healthy/healthy.851.jpg,1,Cluster 1 (Light wood shavings)
data/raw/Healthy/healthy.852.jpg,1,Cluster 1 (Light wood shavings)
data/raw/Healthy/healthy.853.jpg,1,Cluster 1 (Light wood shavings)
data/raw/Healthy/healthy.854.jpg,0,Cluster 0 (Dark soil / concrete)
data/raw/Healthy/healthy.855.jpg,1,Cluster 1 (Light wood shavings)
data/raw/Healthy/healthy.856.jpg,1,Cluster 1 (Light wood shavings)
data/raw/Healthy/healthy.857.jpg,1,Cluster 1 (Light wood shavings)
data/raw/Healthy/healthy.858.jpg,1,Cluster 1 (Light wood shavings)
data/raw/Healthy/healthy.859.jpg,1,Cluster 1 (Light wood shavings)
data/raw/Healthy/healthy.86.jpg,1,Cluster 1 (Light wood shavings)
data/raw/Healthy/healthy.860.jpg,1,Cluster 1 (Light wood shavings)
data/raw/Healthy/healthy.861.jpg,1,Cluster 1 (Light wood shavings)
data/raw/Healthy/healthy.862.jpg,1,Cluster 1 (Light wood shavings)
data/raw/Healthy/healthy.863.jpg,3,Cluster 3 (Mixed straw / pen floor)
data/raw/Healthy/healthy.864.jpg,1,Cluster 1 (Light wood shavings)
data/raw/Healthy/healthy.865.jpg,1,Cluster 1 (Light wood shavings)
data/raw/Healthy/healthy.866.jpg,1,Cluster 1 (Light wood shavings)
data/raw/Healthy/healthy.867.jpg,1,Cluster 1 (Light wood shavings)
data/raw/Healthy/healthy.868.jpg,1,Cluster 1 (Light wood shavings)
data/raw/Healthy/healthy.869.jpg,3,Cluster 3 (Mixed straw / pen floor)
data/raw/Healthy/healthy.87.jpg,1,Cluster 1 (Light wood shavings)
data/raw/Healthy/healthy.870.jpg,1,Cluster 1 (Light wood shavings)
data/raw/Healthy/healthy.871.jpg,1,Cluster 1 (Light wood shavings)
data/raw/Healthy/healthy.872.jpg,1,Cluster 1 (Light wood shavings)
data/raw/Healthy/healthy.873.jpg,1,Cluster 1 (Light wood shavings)
data/raw/Healthy/healthy.874.jpg,1,Cluster 1 (Light wood shavings)
data/raw/Healthy/healthy.875.jpg,1,Cluster 1 (Light wood shavings)
data/raw/Healthy/healthy.876.jpg,1,Cluster 1 (Light wood shavings)
data/raw/Healthy/healthy.877.jpg,1,Cluster 1 (Light wood shavings)
data/raw/Healthy/healthy.878.jpg,1,Cluster 1 (Light wood shavings)
data/raw/Healthy/healthy.879.jpg,1,Cluster 1 (Light wood shavings)
data/raw/Healthy/healthy.88.jpg,1,Cluster 1 (Light wood shavings)
data/raw/Healthy/healthy.880.jpg,1,Cluster 1 (Light wood shavings)
data/raw/Healthy/healthy.881.jpg,1,Cluster 1 (Light wood shavings)
data/raw/Healthy/healthy.882.jpg,1,Cluster 1 (Light wood shavings)
data/raw/Healthy/healthy.883.jpg,1,Cluster 1 (Light wood shavings)
data/raw/Healthy/healthy.884.jpg,1,Cluster 1 (Light wood shavings)
data/raw/Healthy/healthy.885.jpg,1,Cluster 1 (Light wood shavings)
data/raw/Healthy/healthy.886.jpg,1,Cluster 1 (Light wood shavings)
data/raw/Healthy/healthy.887.jpg,1,Cluster 1 (Light wood shavings)
data/raw/Healthy/healthy.888.jpg,1,Cluster 1 (Light wood shavings)
data/raw/Healthy/healthy.889.jpg,1,Cluster 1 (Light wood shavings)
data/raw/Healthy/healthy.89.jpg,1,Cluster 1 (Light wood shavings)
data/raw/Healthy/healthy.890.jpg,1,Cluster 1 (Light wood shavings)
data/raw/Healthy/healthy.891.jpg,1,Cluster 1 (Light wood shavings)
data/raw/Healthy/healthy.892.jpg,1,Cluster 1 (Light wood shavings)
data/raw/Healthy/healthy.893.jpg,1,Cluster 1 (Light wood shavings)
data/raw/Healthy/healthy.894.jpg,1,Cluster 1 (Light wood shavings)
data/raw/Healthy/healthy.895.jpg,1,Cluster 1 (Light wood shavings)
data/raw/Healthy/healthy.896.jpg,1,Cluster 1 (Light wood shavings)
data/raw/Healthy/healthy.897.jpg,1,Cluster 1 (Light wood shavings)
data/raw/Healthy/healthy.898.jpg,1,Cluster 1 (Light wood shavings)
data/raw/Healthy/healthy.899.jpg,1,Cluster 1 (Light wood shavings)
data/raw/Healthy/healthy.9.jpg,1,Cluster 1 (Light wood shavings)
data/raw/Healthy/healthy.90.jpg,1,Cluster 1 (Light wood shavings)
data/raw/Healthy/healthy.900.jpg,1,Cluster 1 (Light wood shavings)
data/raw/Healthy/healthy.901.jpg,1,Cluster 1 (Light wood shavings)
data/raw/Healthy/healthy.902.jpg,2,Cluster 2 (Reddish-brown litter)
data/raw/Healthy/healthy.903.jpg,1,Cluster 1 (Light wood shavings)
data/raw/Healthy/healthy.904.jpg,1,Cluster 1 (Light wood shavings)
data/raw/Healthy/healthy.905.jpg,1,Cluster 1 (Light wood shavings)
data/raw/Healthy/healthy.906.jpg,1,Cluster 1 (Light wood shavings)
data/raw/Healthy/healthy.907.jpg,3,Cluster 3 (Mixed straw / pen floor)
data/raw/Healthy/healthy.908.jpg,1,Cluster 1 (Light wood shavings)
data/raw/Healthy/healthy.909.jpg,1,Cluster 1 (Light wood shavings)
data/raw/Healthy/healthy.91.jpg,1,Cluster 1 (Light wood shavings)
data/raw/Healthy/healthy.910.jpg,1,Cluster 1 (Light wood shavings)
data/raw/Healthy/healthy.911.jpg,1,Cluster 1 (Light wood shavings)
data/raw/Healthy/healthy.912.jpg,1,Cluster 1 (Light wood shavings)
data/raw/Healthy/healthy.913.jpg,1,Cluster 1 (Light wood shavings)
data/raw/Healthy/healthy.914.jpg,1,Cluster 1 (Light wood shavings)
data/raw/Healthy/healthy.915.jpg,1,Cluster 1 (Light wood shavings)
data/raw/Healthy/healthy.916.jpg,1,Cluster 1 (Light wood shavings)
data/raw/Healthy/healthy.917.jpg,1,Cluster 1 (Light wood shavings)
data/raw/Healthy/healthy.918.jpg,2,Cluster 2 (Reddish-brown litter)
data/raw/Healthy/healthy.919.jpg,1,Cluster 1 (Light wood shavings)
data/raw/Healthy/healthy.92.jpg,1,Cluster 1 (Light wood shavings)
data/raw/Healthy/healthy.920.jpg,1,Cluster 1 (Light wood shavings)
data/raw/Healthy/healthy.921.jpg,1,Cluster 1 (Light wood shavings)
data/raw/Healthy/healthy.922.jpg,1,Cluster 1 (Light wood shavings)
data/raw/Healthy/healthy.923.jpg,1,Cluster 1 (Light wood shavings)
data/raw/Healthy/healthy.924.jpg,1,Cluster 1 (Light wood shavings)
data/raw/Healthy/healthy.925.jpg,1,Cluster 1 (Light wood shavings)
data/raw/Healthy/healthy.926.jpg,1,Cluster 1 (Light wood shavings)
data/raw/Healthy/healthy.927.jpg,1,Cluster 1 (Light wood shavings)
data/raw/Healthy/healthy.928.jpg,1,Cluster 1 (Light wood shavings)
data/raw/Healthy/healthy.929.jpg,1,Cluster 1 (Light wood shavings)
data/raw/Healthy/healthy.93.jpg,1,Cluster 1 (Light wood shavings)
data/raw/Healthy/healthy.930.jpg,1,Cluster 1 (Light wood shavings)
data/raw/Healthy/healthy.931.jpg,1,Cluster 1 (Light wood shavings)
data/raw/Healthy/healthy.932.jpg,1,Cluster 1 (Light wood shavings)
data/raw/Healthy/healthy.933.jpg,1,Cluster 1 (Light wood shavings)
data/raw/Healthy/healthy.934.jpg,1,Cluster 1 (Light wood shavings)
data/raw/Healthy/healthy.935.jpg,1,Cluster 1 (Light wood shavings)
data/raw/Healthy/healthy.936.jpg,1,Cluster 1 (Light wood shavings)
data/raw/Healthy/healthy.937.jpg,1,Cluster 1 (Light wood shavings)
data/raw/Healthy/healthy.938.jpg,1,Cluster 1 (Light wood shavings)
data/raw/Healthy/healthy.939.jpg,1,Cluster 1 (Light wood shavings)
data/raw/Healthy/healthy.94.jpg,1,Cluster 1 (Light wood shavings)
data/raw/Healthy/healthy.940.jpg,1,Cluster 1 (Light wood shavings)
data/raw/Healthy/healthy.941.jpg,1,Cluster 1 (Light wood shavings)
data/raw/Healthy/healthy.942.jpg,2,Cluster 2 (Reddish-brown litter)
data/raw/Healthy/healthy.943.jpg,1,Cluster 1 (Light wood shavings)
data/raw/Healthy/healthy.944.jpg,1,Cluster 1 (Light wood shavings)
data/raw/Healthy/healthy.945.jpg,1,Cluster 1 (Light wood shavings)
data/raw/Healthy/healthy.946.jpg,1,Cluster 1 (Light wood shavings)
data/raw/Healthy/healthy.947.jpg,1,Cluster 1 (Light wood shavings)
data/raw/Healthy/healthy.948.jpg,1,Cluster 1 (Light wood shavings)
data/raw/Healthy/healthy.949.jpg,1,Cluster 1 (Light wood shavings)
data/raw/Healthy/healthy.95.jpg,1,Cluster 1 (Light wood shavings)
data/raw/Healthy/healthy.950.jpg,1,Cluster 1 (Light wood shavings)
data/raw/Healthy/healthy.951.jpg,1,Cluster 1 (Light wood shavings)
data/raw/Healthy/healthy.952.jpg,1,Cluster 1 (Light wood shavings)
data/raw/Healthy/healthy.953.jpg,1,Cluster 1 (Light wood shavings)
data/raw/Healthy/healthy.954.jpg,1,Cluster 1 (Light wood shavings)
data/raw/Healthy/healthy.955.jpg,1,Cluster 1 (Light wood shavings)
data/raw/Healthy/healthy.956.jpg,1,Cluster 1 (Light wood shavings)
data/raw/Healthy/healthy.957.jpg,1,Cluster 1 (Light wood shavings)
data/raw/Healthy/healthy.958.jpg,1,Cluster 1 (Light wood shavings)
data/raw/Healthy/healthy.959.jpg,1,Cluster 1 (Light wood shavings)
data/raw/Healthy/healthy.96.jpg,1,Cluster 1 (Light wood shavings)
data/raw/Healthy/healthy.960.jpg,1,Cluster 1 (Light wood shavings)
data/raw/Healthy/healthy.961.jpg,1,Cluster 1 (Light wood shavings)
data/raw/Healthy/healthy.962.jpg,1,Cluster 1 (Light wood shavings)
data/raw/Healthy/healthy.963.jpg,1,Cluster 1 (Light wood shavings)
data/raw/Healthy/healthy.964.jpg,1,Cluster 1 (Light wood shavings)
data/raw/Healthy/healthy.965.jpg,1,Cluster 1 (Light wood shavings)
data/raw/Healthy/healthy.966.jpg,1,Cluster 1 (Light wood shavings)
data/raw/Healthy/healthy.967.jpg,1,Cluster 1 (Light wood shavings)
data/raw/Healthy/healthy.968.jpg,1,Cluster 1 (Light wood shavings)
data/raw/Healthy/healthy.969.jpg,0,Cluster 0 (Dark soil / concrete)
data/raw/Healthy/healthy.97.jpg,1,Cluster 1 (Light wood shavings)
data/raw/Healthy/healthy.970.jpg,1,Cluster 1 (Light wood shavings)
data/raw/Healthy/healthy.971.jpg,1,Cluster 1 (Light wood shavings)
data/raw/Healthy/healthy.972.jpg,3,Cluster 3 (Mixed straw / pen floor)
data/raw/Healthy/healthy.973.jpg,1,Cluster 1 (Light wood shavings)
data/raw/Healthy/healthy.974.jpg,1,Cluster 1 (Light wood shavings)
data/raw/Healthy/healthy.975.jpg,1,Cluster 1 (Light wood shavings)
data/raw/Healthy/healthy.976.jpg,1,Cluster 1 (Light wood shavings)
data/raw/Healthy/healthy.977.jpg,1,Cluster 1 (Light wood shavings)
data/raw/Healthy/healthy.978.jpg,1,Cluster 1 (Light wood shavings)
data/raw/Healthy/healthy.979.jpg,1,Cluster 1 (Light wood shavings)
data/raw/Healthy/healthy.98.jpg,1,Cluster 1 (Light wood shavings)
data/raw/Healthy/healthy.980.jpg,1,Cluster 1 (Light wood shavings)
data/raw/Healthy/healthy.981.jpg,1,Cluster 1 (Light wood shavings)
data/raw/Healthy/healthy.982.jpg,1,Cluster 1 (Light wood shavings)
data/raw/Healthy/healthy.983.jpg,1,Cluster 1 (Light wood shavings)
data/raw/Healthy/healthy.984.jpg,1,Cluster 1 (Light wood shavings)
data/raw/Healthy/healthy.985.jpg,1,Cluster 1 (Light wood shavings)
data/raw/Healthy/healthy.986.jpg,1,Cluster 1 (Light wood shavings)
data/raw/Healthy/healthy.987.jpg,1,Cluster 1 (Light wood shavings)
data/raw/Healthy/healthy.988.jpg,1,Cluster 1 (Light wood shavings)
data/raw/Healthy/healthy.989.jpg,1,Cluster 1 (Light wood shavings)
data/raw/Healthy/healthy.99.jpg,1,Cluster 1 (Light wood shavings)
data/raw/Healthy/healthy.990.jpg,1,Cluster 1 (Light wood shavings)
data/raw/Healthy/healthy.991.jpg,1,Cluster 1 (Light wood shavings)
data/raw/Healthy/healthy.992.jpg,1,Cluster 1 (Light wood shavings)
data/raw/Healthy/healthy.993.jpg,1,Cluster 1 (Light wood shavings)
data/raw/Healthy/healthy.994.jpg,1,Cluster 1 (Light wood shavings)
data/raw/Healthy/healthy.995.jpg,1,Cluster 1 (Light wood shavings)
data/raw/Healthy/healthy.996.jpg,1,Cluster 1 (Light wood shavings)
data/raw/Healthy/healthy.997.jpg,1,Cluster 1 (Light wood shavings)
data/raw/Healthy/healthy.998.jpg,1,Cluster 1 (Light wood shavings)
data/raw/Healthy/healthy.999.jpg,1,Cluster 1 (Light wood shavings)
data/raw/Healthy/pcrhealthy.0.jpg,1,Cluster 1 (Light wood shavings)
data/raw/Healthy/pcrhealthy.1.jpg,3,Cluster 3 (Mixed straw / pen floor)
data/raw/Healthy/pcrhealthy.10.jpg,1,Cluster 1 (Light wood shavings)
data/raw/Healthy/pcrhealthy.100.jpg,1,Cluster 1 (Light wood shavings)
data/raw/Healthy/pcrhealthy.101.jpg,3,Cluster 3 (Mixed straw / pen floor)
data/raw/Healthy/pcrhealthy.102.jpg,1,Cluster 1 (Light wood shavings)
data/raw/Healthy/pcrhealthy.103.jpg,1,Cluster 1 (Light wood shavings)
data/raw/Healthy/pcrhealthy.104.jpg,3,Cluster 3 (Mixed straw / pen floor)
data/raw/Healthy/pcrhealthy.105.jpg,3,Cluster 3 (Mixed straw / pen floor)
data/raw/Healthy/pcrhealthy.106.jpg,1,Cluster 1 (Light wood shavings)
data/raw/Healthy/pcrhealthy.107.jpg,3,Cluster 3 (Mixed straw / pen floor)
data/raw/Healthy/pcrhealthy.108.jpg,3,Cluster 3 (Mixed straw / pen floor)
data/raw/Healthy/pcrhealthy.109.jpg,1,Cluster 1 (Light wood shavings)
data/raw/Healthy/pcrhealthy.11.jpg,1,Cluster 1 (Light wood shavings)
data/raw/Healthy/pcrhealthy.110.jpg,3,Cluster 3 (Mixed straw / pen floor)
data/raw/Healthy/pcrhealthy.111.jpg,1,Cluster 1 (Light wood shavings)
data/raw/Healthy/pcrhealthy.112.jpg,3,Cluster 3 (Mixed straw / pen floor)
data/raw/Healthy/pcrhealthy.113.jpg,3,Cluster 3 (Mixed straw / pen floor)
data/raw/Healthy/pcrhealthy.114.jpg,3,Cluster 3 (Mixed straw / pen floor)
data/raw/Healthy/pcrhealthy.115.jpg,3,Cluster 3 (Mixed straw / pen floor)
data/raw/Healthy/pcrhealthy.116.jpg,1,Cluster 1 (Light wood shavings)
data/raw/Healthy/pcrhealthy.117.jpg,1,Cluster 1 (Light wood shavings)
data/raw/Healthy/pcrhealthy.118.jpg,2,Cluster 2 (Reddish-brown litter)
data/raw/Healthy/pcrhealthy.119.jpg,1,Cluster 1 (Light wood shavings)
data/raw/Healthy/pcrhealthy.12.jpg,3,Cluster 3 (Mixed straw / pen floor)
data/raw/Healthy/pcrhealthy.120.jpg,1,Cluster 1 (Light wood shavings)
data/raw/Healthy/pcrhealthy.121.jpg,1,Cluster 1 (Light wood shavings)
data/raw/Healthy/pcrhealthy.122.jpg,3,Cluster 3 (Mixed straw / pen floor)
data/raw/Healthy/pcrhealthy.123.jpg,3,Cluster 3 (Mixed straw / pen floor)
data/raw/Healthy/pcrhealthy.124.jpg,3,Cluster 3 (Mixed straw / pen floor)
data/raw/Healthy/pcrhealthy.125.jpg,1,Cluster 1 (Light wood shavings)
data/raw/Healthy/pcrhealthy.126.jpg,3,Cluster 3 (Mixed straw / pen floor)
data/raw/Healthy/pcrhealthy.127.jpg,3,Cluster 3 (Mixed straw / pen floor)
data/raw/Healthy/pcrhealthy.128.jpg,1,Cluster 1 (Light wood shavings)
data/raw/Healthy/pcrhealthy.129.jpg,1,Cluster 1 (Light wood shavings)
data/raw/Healthy/pcrhealthy.13.jpg,3,Cluster 3 (Mixed straw / pen floor)
data/raw/Healthy/pcrhealthy.130.jpg,3,Cluster 3 (Mixed straw / pen floor)
data/raw/Healthy/pcrhealthy.131.jpg,3,Cluster 3 (Mixed straw / pen floor)
data/raw/Healthy/pcrhealthy.132.jpg,3,Cluster 3 (Mixed straw / pen floor)
data/raw/Healthy/pcrhealthy.133.jpg,3,Cluster 3 (Mixed straw / pen floor)
data/raw/Healthy/pcrhealthy.134.jpg,1,Cluster 1 (Light wood shavings)
data/raw/Healthy/pcrhealthy.135.jpg,1,Cluster 1 (Light wood shavings)
data/raw/Healthy/pcrhealthy.136.jpg,2,Cluster 2 (Reddish-brown litter)
data/raw/Healthy/pcrhealthy.137.jpg,1,Cluster 1 (Light wood shavings)
data/raw/Healthy/pcrhealthy.138.jpg,3,Cluster 3 (Mixed straw / pen floor)
data/raw/Healthy/pcrhealthy.139.jpg,3,Cluster 3 (Mixed straw / pen floor)
data/raw/Healthy/pcrhealthy.14.jpg,1,Cluster 1 (Light wood shavings)
data/raw/Healthy/pcrhealthy.140.jpg,3,Cluster 3 (Mixed straw / pen floor)
data/raw/Healthy/pcrhealthy.141.jpg,1,Cluster 1 (Light wood shavings)
data/raw/Healthy/pcrhealthy.142.jpg,1,Cluster 1 (Light wood shavings)
data/raw/Healthy/pcrhealthy.143.jpg,3,Cluster 3 (Mixed straw / pen floor)
data/raw/Healthy/pcrhealthy.144.jpg,0,Cluster 0 (Dark soil / concrete)
data/raw/Healthy/pcrhealthy.145.jpg,3,Cluster 3 (Mixed straw / pen floor)
data/raw/Healthy/pcrhealthy.146.jpg,3,Cluster 3 (Mixed straw / pen floor)
data/raw/Healthy/pcrhealthy.147.jpg,1,Cluster 1 (Light wood shavings)
data/raw/Healthy/pcrhealthy.148.jpg,3,Cluster 3 (Mixed straw / pen floor)
data/raw/Healthy/pcrhealthy.149.jpg,3,Cluster 3 (Mixed straw / pen floor)
data/raw/Healthy/pcrhealthy.15.jpg,1,Cluster 1 (Light wood shavings)
data/raw/Healthy/pcrhealthy.150.jpg,1,Cluster 1 (Light wood shavings)
data/raw/Healthy/pcrhealthy.151.jpg,1,Cluster 1 (Light wood shavings)
data/raw/Healthy/pcrhealthy.152.jpg,1,Cluster 1 (Light wood shavings)
data/raw/Healthy/pcrhealthy.153.jpg,0,Cluster 0 (Dark soil / concrete)
data/raw/Healthy/pcrhealthy.154.jpg,1,Cluster 1 (Light wood shavings)
data/raw/Healthy/pcrhealthy.155.jpg,3,Cluster 3 (Mixed straw / pen floor)
data/raw/Healthy/pcrhealthy.156.jpg,3,Cluster 3 (Mixed straw / pen floor)
data/raw/Healthy/pcrhealthy.157.jpg,1,Cluster 1 (Light wood shavings)
data/raw/Healthy/pcrhealthy.158.jpg,1,Cluster 1 (Light wood shavings)
data/raw/Healthy/pcrhealthy.159.jpg,3,Cluster 3 (Mixed straw / pen floor)
data/raw/Healthy/pcrhealthy.16.jpg,3,Cluster 3 (Mixed straw / pen floor)
data/raw/Healthy/pcrhealthy.160.jpg,0,Cluster 0 (Dark soil / concrete)
data/raw/Healthy/pcrhealthy.161.jpg,3,Cluster 3 (Mixed straw / pen floor)
data/raw/Healthy/pcrhealthy.162.jpg,3,Cluster 3 (Mixed straw / pen floor)
data/raw/Healthy/pcrhealthy.163.jpg,2,Cluster 2 (Reddish-brown litter)
data/raw/Healthy/pcrhealthy.164.jpg,1,Cluster 1 (Light wood shavings)
data/raw/Healthy/pcrhealthy.165.jpg,1,Cluster 1 (Light wood shavings)
data/raw/Healthy/pcrhealthy.166.jpg,3,Cluster 3 (Mixed straw / pen floor)
data/raw/Healthy/pcrhealthy.167.jpg,1,Cluster 1 (Light wood shavings)
data/raw/Healthy/pcrhealthy.168.jpg,3,Cluster 3 (Mixed straw / pen floor)
data/raw/Healthy/pcrhealthy.169.jpg,3,Cluster 3 (Mixed straw / pen floor)
data/raw/Healthy/pcrhealthy.17.jpg,3,Cluster 3 (Mixed straw / pen floor)
data/raw/Healthy/pcrhealthy.170.jpg,3,Cluster 3 (Mixed straw / pen floor)
data/raw/Healthy/pcrhealthy.171.jpg,3,Cluster 3 (Mixed straw / pen floor)
data/raw/Healthy/pcrhealthy.172.jpg,3,Cluster 3 (Mixed straw / pen floor)
data/raw/Healthy/pcrhealthy.173.jpg,0,Cluster 0 (Dark soil / concrete)
data/raw/Healthy/pcrhealthy.174.jpg,1,Cluster 1 (Light wood shavings)
data/raw/Healthy/pcrhealthy.175.jpg,1,Cluster 1 (Light wood shavings)
data/raw/Healthy/pcrhealthy.176.jpg,3,Cluster 3 (Mixed straw / pen floor)
data/raw/Healthy/pcrhealthy.177.jpg,1,Cluster 1 (Light wood shavings)
data/raw/Healthy/pcrhealthy.178.jpg,1,Cluster 1 (Light wood shavings)
data/raw/Healthy/pcrhealthy.179.jpg,1,Cluster 1 (Light wood shavings)
data/raw/Healthy/pcrhealthy.18.jpg,3,Cluster 3 (Mixed straw / pen floor)
data/raw/Healthy/pcrhealthy.180.jpg,3,Cluster 3 (Mixed straw / pen floor)
data/raw/Healthy/pcrhealthy.181.jpg,3,Cluster 3 (Mixed straw / pen floor)
data/raw/Healthy/pcrhealthy.182.jpg,3,Cluster 3 (Mixed straw / pen floor)
data/raw/Healthy/pcrhealthy.183.jpg,1,Cluster 1 (Light wood shavings)
data/raw/Healthy/pcrhealthy.184.jpg,3,Cluster 3 (Mixed straw / pen floor)
data/raw/Healthy/pcrhealthy.185.jpg,3,Cluster 3 (Mixed straw / pen floor)
data/raw/Healthy/pcrhealthy.186.jpg,3,Cluster 3 (Mixed straw / pen floor)
data/raw/Healthy/pcrhealthy.187.jpg,1,Cluster 1 (Light wood shavings)
data/raw/Healthy/pcrhealthy.188.jpg,3,Cluster 3 (Mixed straw / pen floor)
data/raw/Healthy/pcrhealthy.189.jpg,3,Cluster 3 (Mixed straw / pen floor)
data/raw/Healthy/pcrhealthy.19.jpg,1,Cluster 1 (Light wood shavings)
data/raw/Healthy/pcrhealthy.190.jpg,3,Cluster 3 (Mixed straw / pen floor)
data/raw/Healthy/pcrhealthy.191.jpg,1,Cluster 1 (Light wood shavings)
data/raw/Healthy/pcrhealthy.192.jpg,1,Cluster 1 (Light wood shavings)
data/raw/Healthy/pcrhealthy.193.jpg,3,Cluster 3 (Mixed straw / pen floor)
data/raw/Healthy/pcrhealthy.194.jpg,3,Cluster 3 (Mixed straw / pen floor)
data/raw/Healthy/pcrhealthy.195.jpg,3,Cluster 3 (Mixed straw / pen floor)
data/raw/Healthy/pcrhealthy.196.jpg,3,Cluster 3 (Mixed straw / pen floor)
data/raw/Healthy/pcrhealthy.197.jpg,1,Cluster 1 (Light wood shavings)
data/raw/Healthy/pcrhealthy.198.jpg,1,Cluster 1 (Light wood shavings)
data/raw/Healthy/pcrhealthy.199.jpg,3,Cluster 3 (Mixed straw / pen floor)
data/raw/Healthy/pcrhealthy.2.jpg,1,Cluster 1 (Light wood shavings)
data/raw/Healthy/pcrhealthy.20.jpg,1,Cluster 1 (Light wood shavings)
data/raw/Healthy/pcrhealthy.200.jpg,3,Cluster 3 (Mixed straw / pen floor)
data/raw/Healthy/pcrhealthy.201.jpg,1,Cluster 1 (Light wood shavings)
data/raw/Healthy/pcrhealthy.202.jpg,3,Cluster 3 (Mixed straw / pen floor)
data/raw/Healthy/pcrhealthy.203.jpg,3,Cluster 3 (Mixed straw / pen floor)
data/raw/Healthy/pcrhealthy.204.jpg,1,Cluster 1 (Light wood shavings)
data/raw/Healthy/pcrhealthy.205.jpg,3,Cluster 3 (Mixed straw / pen floor)
data/raw/Healthy/pcrhealthy.206.jpg,1,Cluster 1 (Light wood shavings)
data/raw/Healthy/pcrhealthy.207.jpg,3,Cluster 3 (Mixed straw / pen floor)
data/raw/Healthy/pcrhealthy.208.jpg,3,Cluster 3 (Mixed straw / pen floor)
data/raw/Healthy/pcrhealthy.209.jpg,1,Cluster 1 (Light wood shavings)
data/raw/Healthy/pcrhealthy.21.jpg,1,Cluster 1 (Light wood shavings)
data/raw/Healthy/pcrhealthy.210.jpg,3,Cluster 3 (Mixed straw / pen floor)
data/raw/Healthy/pcrhealthy.211.jpg,3,Cluster 3 (Mixed straw / pen floor)
data/raw/Healthy/pcrhealthy.212.jpg,3,Cluster 3 (Mixed straw / pen floor)
data/raw/Healthy/pcrhealthy.213.jpg,1,Cluster 1 (Light wood shavings)
data/raw/Healthy/pcrhealthy.214.jpg,1,Cluster 1 (Light wood shavings)
data/raw/Healthy/pcrhealthy.215.jpg,1,Cluster 1 (Light wood shavings)
data/raw/Healthy/pcrhealthy.216.jpg,3,Cluster 3 (Mixed straw / pen floor)
data/raw/Healthy/pcrhealthy.217.jpg,3,Cluster 3 (Mixed straw / pen floor)
data/raw/Healthy/pcrhealthy.218.jpg,3,Cluster 3 (Mixed straw / pen floor)
data/raw/Healthy/pcrhealthy.219.jpg,3,Cluster 3 (Mixed straw / pen floor)
data/raw/Healthy/pcrhealthy.22.jpg,3,Cluster 3 (Mixed straw / pen floor)
data/raw/Healthy/pcrhealthy.220.jpg,1,Cluster 1 (Light wood shavings)
data/raw/Healthy/pcrhealthy.221.jpg,3,Cluster 3 (Mixed straw / pen floor)
data/raw/Healthy/pcrhealthy.222.jpg,1,Cluster 1 (Light wood shavings)
data/raw/Healthy/pcrhealthy.223.jpg,3,Cluster 3 (Mixed straw / pen floor)
data/raw/Healthy/pcrhealthy.224.jpg,3,Cluster 3 (Mixed straw / pen floor)
data/raw/Healthy/pcrhealthy.225.jpg,1,Cluster 1 (Light wood shavings)
data/raw/Healthy/pcrhealthy.226.jpg,1,Cluster 1 (Light wood shavings)
data/raw/Healthy/pcrhealthy.227.jpg,3,Cluster 3 (Mixed straw / pen floor)
data/raw/Healthy/pcrhealthy.228.jpg,3,Cluster 3 (Mixed straw / pen floor)
data/raw/Healthy/pcrhealthy.229.jpg,1,Cluster 1 (Light wood shavings)
data/raw/Healthy/pcrhealthy.23.jpg,3,Cluster 3 (Mixed straw / pen floor)
data/raw/Healthy/pcrhealthy.230.jpg,1,Cluster 1 (Light wood shavings)
data/raw/Healthy/pcrhealthy.231.jpg,3,Cluster 3 (Mixed straw / pen floor)
data/raw/Healthy/pcrhealthy.232.jpg,3,Cluster 3 (Mixed straw / pen floor)
data/raw/Healthy/pcrhealthy.233.jpg,3,Cluster 3 (Mixed straw / pen floor)
data/raw/Healthy/pcrhealthy.234.jpg,3,Cluster 3 (Mixed straw / pen floor)
data/raw/Healthy/pcrhealthy.235.jpg,1,Cluster 1 (Light wood shavings)
data/raw/Healthy/pcrhealthy.236.jpg,3,Cluster 3 (Mixed straw / pen floor)
data/raw/Healthy/pcrhealthy.237.jpg,1,Cluster 1 (Light wood shavings)
data/raw/Healthy/pcrhealthy.238.jpg,3,Cluster 3 (Mixed straw / pen floor)
data/raw/Healthy/pcrhealthy.239.jpg,3,Cluster 3 (Mixed straw / pen floor)
data/raw/Healthy/pcrhealthy.24.jpg,1,Cluster 1 (Light wood shavings)
data/raw/Healthy/pcrhealthy.240.jpg,1,Cluster 1 (Light wood shavings)
data/raw/Healthy/pcrhealthy.241.jpg,1,Cluster 1 (Light wood shavings)
data/raw/Healthy/pcrhealthy.242.jpg,3,Cluster 3 (Mixed straw / pen floor)
data/raw/Healthy/pcrhealthy.243.jpg,1,Cluster 1 (Light wood shavings)
data/raw/Healthy/pcrhealthy.244.jpg,1,Cluster 1 (Light wood shavings)
data/raw/Healthy/pcrhealthy.245.jpg,1,Cluster 1 (Light wood shavings)
data/raw/Healthy/pcrhealthy.246.jpg,1,Cluster 1 (Light wood shavings)
data/raw/Healthy/pcrhealthy.247.jpg,3,Cluster 3 (Mixed straw / pen floor)
data/raw/Healthy/pcrhealthy.248.jpg,3,Cluster 3 (Mixed straw / pen floor)
data/raw/Healthy/pcrhealthy.249.jpg,1,Cluster 1 (Light wood shavings)
data/raw/Healthy/pcrhealthy.25.jpg,1,Cluster 1 (Light wood shavings)
data/raw/Healthy/pcrhealthy.250.jpg,1,Cluster 1 (Light wood shavings)
data/raw/Healthy/pcrhealthy.251.jpg,1,Cluster 1 (Light wood shavings)
data/raw/Healthy/pcrhealthy.252.jpg,3,Cluster 3 (Mixed straw / pen floor)
data/raw/Healthy/pcrhealthy.253.jpg,3,Cluster 3 (Mixed straw / pen floor)
data/raw/Healthy/pcrhealthy.254.jpg,1,Cluster 1 (Light wood shavings)
data/raw/Healthy/pcrhealthy.255.jpg,1,Cluster 1 (Light wood shavings)
data/raw/Healthy/pcrhealthy.256.jpg,3,Cluster 3 (Mixed straw / pen floor)
data/raw/Healthy/pcrhealthy.257.jpg,1,Cluster 1 (Light wood shavings)
data/raw/Healthy/pcrhealthy.258.jpg,3,Cluster 3 (Mixed straw / pen floor)
data/raw/Healthy/pcrhealthy.259.jpg,3,Cluster 3 (Mixed straw / pen floor)
data/raw/Healthy/pcrhealthy.26.jpg,3,Cluster 3 (Mixed straw / pen floor)
data/raw/Healthy/pcrhealthy.260.jpg,1,Cluster 1 (Light wood shavings)
data/raw/Healthy/pcrhealthy.261.jpg,1,Cluster 1 (Light wood shavings)
data/raw/Healthy/pcrhealthy.262.jpg,1,Cluster 1 (Light wood shavings)
data/raw/Healthy/pcrhealthy.263.jpg,1,Cluster 1 (Light wood shavings)
data/raw/Healthy/pcrhealthy.264.jpg,3,Cluster 3 (Mixed straw / pen floor)
data/raw/Healthy/pcrhealthy.265.jpg,3,Cluster 3 (Mixed straw / pen floor)
data/raw/Healthy/pcrhealthy.266.jpg,1,Cluster 1 (Light wood shavings)
data/raw/Healthy/pcrhealthy.267.jpg,3,Cluster 3 (Mixed straw / pen floor)
data/raw/Healthy/pcrhealthy.268.jpg,1,Cluster 1 (Light wood shavings)
data/raw/Healthy/pcrhealthy.269.jpg,1,Cluster 1 (Light wood shavings)
data/raw/Healthy/pcrhealthy.27.jpg,1,Cluster 1 (Light wood shavings)
data/raw/Healthy/pcrhealthy.270.jpg,3,Cluster 3 (Mixed straw / pen floor)
data/raw/Healthy/pcrhealthy.271.jpg,1,Cluster 1 (Light wood shavings)
data/raw/Healthy/pcrhealthy.272.jpg,3,Cluster 3 (Mixed straw / pen floor)
data/raw/Healthy/pcrhealthy.273.jpg,1,Cluster 1 (Light wood shavings)
data/raw/Healthy/pcrhealthy.274.jpg,1,Cluster 1 (Light wood shavings)
data/raw/Healthy/pcrhealthy.275.jpg,1,Cluster 1 (Light wood shavings)
data/raw/Healthy/pcrhealthy.276.jpg,1,Cluster 1 (Light wood shavings)
data/raw/Healthy/pcrhealthy.277.jpg,3,Cluster 3 (Mixed straw / pen floor)
data/raw/Healthy/pcrhealthy.278.jpg,3,Cluster 3 (Mixed straw / pen floor)
data/raw/Healthy/pcrhealthy.279.jpg,3,Cluster 3 (Mixed straw / pen floor)
data/raw/Healthy/pcrhealthy.28.jpg,1,Cluster 1 (Light wood shavings)
data/raw/Healthy/pcrhealthy.280.jpg,2,Cluster 2 (Reddish-brown litter)
data/raw/Healthy/pcrhealthy.281.jpg,1,Cluster 1 (Light wood shavings)
data/raw/Healthy/pcrhealthy.282.jpg,1,Cluster 1 (Light wood shavings)
data/raw/Healthy/pcrhealthy.283.jpg,1,Cluster 1 (Light wood shavings)
data/raw/Healthy/pcrhealthy.284.jpg,1,Cluster 1 (Light wood shavings)
data/raw/Healthy/pcrhealthy.285.jpg,3,Cluster 3 (Mixed straw / pen floor)
data/raw/Healthy/pcrhealthy.286.jpg,1,Cluster 1 (Light wood shavings)
data/raw/Healthy/pcrhealthy.287.jpg,1,Cluster 1 (Light wood shavings)
data/raw/Healthy/pcrhealthy.288.jpg,1,Cluster 1 (Light wood shavings)
data/raw/Healthy/pcrhealthy.289.jpg,3,Cluster 3 (Mixed straw / pen floor)
data/raw/Healthy/pcrhealthy.29.jpg,3,Cluster 3 (Mixed straw / pen floor)
data/raw/Healthy/pcrhealthy.290.jpg,3,Cluster 3 (Mixed straw / pen floor)
data/raw/Healthy/pcrhealthy.291.jpg,1,Cluster 1 (Light wood shavings)
data/raw/Healthy/pcrhealthy.292.jpg,3,Cluster 3 (Mixed straw / pen floor)
data/raw/Healthy/pcrhealthy.293.jpg,3,Cluster 3 (Mixed straw / pen floor)
data/raw/Healthy/pcrhealthy.294.jpg,1,Cluster 1 (Light wood shavings)
data/raw/Healthy/pcrhealthy.295.jpg,1,Cluster 1 (Light wood shavings)
data/raw/Healthy/pcrhealthy.296.jpg,3,Cluster 3 (Mixed straw / pen floor)
data/raw/Healthy/pcrhealthy.297.jpg,1,Cluster 1 (Light wood shavings)
data/raw/Healthy/pcrhealthy.298.jpg,1,Cluster 1 (Light wood shavings)
data/raw/Healthy/pcrhealthy.299.jpg,3,Cluster 3 (Mixed straw / pen floor)
data/raw/Healthy/pcrhealthy.3.jpg,3,Cluster 3 (Mixed straw / pen floor)
data/raw/Healthy/pcrhealthy.30.jpg,1,Cluster 1 (Light wood shavings)
data/raw/Healthy/pcrhealthy.300.jpg,1,Cluster 1 (Light wood shavings)
data/raw/Healthy/pcrhealthy.301.jpg,1,Cluster 1 (Light wood shavings)
data/raw/Healthy/pcrhealthy.302.jpg,1,Cluster 1 (Light wood shavings)
data/raw/Healthy/pcrhealthy.303.jpg,1,Cluster 1 (Light wood shavings)
data/raw/Healthy/pcrhealthy.304.jpg,3,Cluster 3 (Mixed straw / pen floor)
data/raw/Healthy/pcrhealthy.305.jpg,1,Cluster 1 (Light wood shavings)
data/raw/Healthy/pcrhealthy.306.jpg,1,Cluster 1 (Light wood shavings)
data/raw/Healthy/pcrhealthy.307.jpg,1,Cluster 1 (Light wood shavings)
data/raw/Healthy/pcrhealthy.308.jpg,3,Cluster 3 (Mixed straw / pen floor)
data/raw/Healthy/pcrhealthy.309.jpg,1,Cluster 1 (Light wood shavings)
data/raw/Healthy/pcrhealthy.31.jpg,3,Cluster 3 (Mixed straw / pen floor)
data/raw/Healthy/pcrhealthy.310.jpg,1,Cluster 1 (Light wood shavings)
data/raw/Healthy/pcrhealthy.311.jpg,3,Cluster 3 (Mixed straw / pen floor)
data/raw/Healthy/pcrhealthy.312.jpg,3,Cluster 3 (Mixed straw / pen floor)
data/raw/Healthy/pcrhealthy.313.jpg,3,Cluster 3 (Mixed straw / pen floor)
data/raw/Healthy/pcrhealthy.314.jpg,3,Cluster 3 (Mixed straw / pen floor)
data/raw/Healthy/pcrhealthy.315.jpg,3,Cluster 3 (Mixed straw / pen floor)
data/raw/Healthy/pcrhealthy.316.jpg,3,Cluster 3 (Mixed straw / pen floor)
data/raw/Healthy/pcrhealthy.317.jpg,3,Cluster 3 (Mixed straw / pen floor)
data/raw/Healthy/pcrhealthy.318.jpg,3,Cluster 3 (Mixed straw / pen floor)
data/raw/Healthy/pcrhealthy.319.jpg,1,Cluster 1 (Light wood shavings)
data/raw/Healthy/pcrhealthy.32.jpg,1,Cluster 1 (Light wood shavings)
data/raw/Healthy/pcrhealthy.320.jpg,1,Cluster 1 (Light wood shavings)
data/raw/Healthy/pcrhealthy.321.jpg,1,Cluster 1 (Light wood shavings)
data/raw/Healthy/pcrhealthy.322.jpg,1,Cluster 1 (Light wood shavings)
data/raw/Healthy/pcrhealthy.323.jpg,1,Cluster 1 (Light wood shavings)
data/raw/Healthy/pcrhealthy.324.jpg,3,Cluster 3 (Mixed straw / pen floor)
data/raw/Healthy/pcrhealthy.325.jpg,1,Cluster 1 (Light wood shavings)
data/raw/Healthy/pcrhealthy.326.jpg,3,Cluster 3 (Mixed straw / pen floor)
data/raw/Healthy/pcrhealthy.327.jpg,3,Cluster 3 (Mixed straw / pen floor)
data/raw/Healthy/pcrhealthy.328.jpg,3,Cluster 3 (Mixed straw / pen floor)
data/raw/Healthy/pcrhealthy.329.jpg,3,Cluster 3 (Mixed straw / pen floor)
data/raw/Healthy/pcrhealthy.33.jpg,1,Cluster 1 (Light wood shavings)
data/raw/Healthy/pcrhealthy.330.jpg,3,Cluster 3 (Mixed straw / pen floor)
data/raw/Healthy/pcrhealthy.331.jpg,3,Cluster 3 (Mixed straw / pen floor)
data/raw/Healthy/pcrhealthy.332.jpg,1,Cluster 1 (Light wood shavings)
data/raw/Healthy/pcrhealthy.333.jpg,1,Cluster 1 (Light wood shavings)
data/raw/Healthy/pcrhealthy.334.jpg,1,Cluster 1 (Light wood shavings)
data/raw/Healthy/pcrhealthy.335.jpg,3,Cluster 3 (Mixed straw / pen floor)
data/raw/Healthy/pcrhealthy.336.jpg,3,Cluster 3 (Mixed straw / pen floor)
data/raw/Healthy/pcrhealthy.337.jpg,3,Cluster 3 (Mixed straw / pen floor)
data/raw/Healthy/pcrhealthy.338.jpg,3,Cluster 3 (Mixed straw / pen floor)
data/raw/Healthy/pcrhealthy.339.jpg,3,Cluster 3 (Mixed straw / pen floor)
data/raw/Healthy/pcrhealthy.34.jpg,3,Cluster 3 (Mixed straw / pen floor)
data/raw/Healthy/pcrhealthy.340.jpg,1,Cluster 1 (Light wood shavings)
data/raw/Healthy/pcrhealthy.341.jpg,3,Cluster 3 (Mixed straw / pen floor)
data/raw/Healthy/pcrhealthy.342.jpg,0,Cluster 0 (Dark soil / concrete)
data/raw/Healthy/pcrhealthy.343.jpg,3,Cluster 3 (Mixed straw / pen floor)
data/raw/Healthy/pcrhealthy.344.jpg,1,Cluster 1 (Light wood shavings)
data/raw/Healthy/pcrhealthy.345.jpg,3,Cluster 3 (Mixed straw / pen floor)
data/raw/Healthy/pcrhealthy.346.jpg,3,Cluster 3 (Mixed straw / pen floor)
data/raw/Healthy/pcrhealthy.35.jpg,1,Cluster 1 (Light wood shavings)
data/raw/Healthy/pcrhealthy.36.jpg,1,Cluster 1 (Light wood shavings)
data/raw/Healthy/pcrhealthy.37.jpg,1,Cluster 1 (Light wood shavings)
data/raw/Healthy/pcrhealthy.38.jpg,2,Cluster 2 (Reddish-brown litter)
data/raw/Healthy/pcrhealthy.39.jpg,1,Cluster 1 (Light wood shavings)
data/raw/Healthy/pcrhealthy.4.jpg,2,Cluster 2 (Reddish-brown litter)
data/raw/Healthy/pcrhealthy.40.jpg,1,Cluster 1 (Light wood shavings)
data/raw/Healthy/pcrhealthy.41.jpg,1,Cluster 1 (Light wood shavings)
data/raw/Healthy/pcrhealthy.42.jpg,0,Cluster 0 (Dark soil / concrete)
data/raw/Healthy/pcrhealthy.43.jpg,3,Cluster 3 (Mixed straw / pen floor)
data/raw/Healthy/pcrhealthy.44.jpg,1,Cluster 1 (Light wood shavings)
data/raw/Healthy/pcrhealthy.45.jpg,3,Cluster 3 (Mixed straw / pen floor)
data/raw/Healthy/pcrhealthy.46.jpg,1,Cluster 1 (Light wood shavings)
data/raw/Healthy/pcrhealthy.47.jpg,3,Cluster 3 (Mixed straw / pen floor)
data/raw/Healthy/pcrhealthy.48.jpg,1,Cluster 1 (Light wood shavings)
data/raw/Healthy/pcrhealthy.49.jpg,3,Cluster 3 (Mixed straw / pen floor)
data/raw/Healthy/pcrhealthy.5.jpg,1,Cluster 1 (Light wood shavings)
data/raw/Healthy/pcrhealthy.50.jpg,1,Cluster 1 (Light wood shavings)
data/raw/Healthy/pcrhealthy.51.jpg,1,Cluster 1 (Light wood shavings)
data/raw/Healthy/pcrhealthy.52.jpg,1,Cluster 1 (Light wood shavings)
data/raw/Healthy/pcrhealthy.53.jpg,1,Cluster 1 (Light wood shavings)
data/raw/Healthy/pcrhealthy.54.jpg,3,Cluster 3 (Mixed straw / pen floor)
data/raw/Healthy/pcrhealthy.55.jpg,3,Cluster 3 (Mixed straw / pen floor)
data/raw/Healthy/pcrhealthy.56.jpg,3,Cluster 3 (Mixed straw / pen floor)
data/raw/Healthy/pcrhealthy.57.jpg,3,Cluster 3 (Mixed straw / pen floor)
data/raw/Healthy/pcrhealthy.58.jpg,1,Cluster 1 (Light wood shavings)
data/raw/Healthy/pcrhealthy.59.jpg,3,Cluster 3 (Mixed straw / pen floor)
data/raw/Healthy/pcrhealthy.6.jpg,1,Cluster 1 (Light wood shavings)
data/raw/Healthy/pcrhealthy.60.jpg,3,Cluster 3 (Mixed straw / pen floor)
data/raw/Healthy/pcrhealthy.61.jpg,1,Cluster 1 (Light wood shavings)
data/raw/Healthy/pcrhealthy.62.jpg,3,Cluster 3 (Mixed straw / pen floor)
data/raw/Healthy/pcrhealthy.63.jpg,1,Cluster 1 (Light wood shavings)
data/raw/Healthy/pcrhealthy.64.jpg,3,Cluster 3 (Mixed straw / pen floor)
data/raw/Healthy/pcrhealthy.65.jpg,3,Cluster 3 (Mixed straw / pen floor)
data/raw/Healthy/pcrhealthy.66.jpg,1,Cluster 1 (Light wood shavings)
data/raw/Healthy/pcrhealthy.67.jpg,3,Cluster 3 (Mixed straw / pen floor)
data/raw/Healthy/pcrhealthy.68.jpg,1,Cluster 1 (Light wood shavings)
data/raw/Healthy/pcrhealthy.69.jpg,1,Cluster 1 (Light wood shavings)
data/raw/Healthy/pcrhealthy.7.jpg,3,Cluster 3 (Mixed straw / pen floor)
data/raw/Healthy/pcrhealthy.70.jpg,1,Cluster 1 (Light wood shavings)
data/raw/Healthy/pcrhealthy.71.jpg,3,Cluster 3 (Mixed straw / pen floor)
data/raw/Healthy/pcrhealthy.72.jpg,3,Cluster 3 (Mixed straw / pen floor)
data/raw/Healthy/pcrhealthy.73.jpg,3,Cluster 3 (Mixed straw / pen floor)
data/raw/Healthy/pcrhealthy.74.jpg,1,Cluster 1 (Light wood shavings)
data/raw/Healthy/pcrhealthy.75.jpg,3,Cluster 3 (Mixed straw / pen floor)
data/raw/Healthy/pcrhealthy.76.jpg,1,Cluster 1 (Light wood shavings)
data/raw/Healthy/pcrhealthy.77.jpg,1,Cluster 1 (Light wood shavings)
data/raw/Healthy/pcrhealthy.78.jpg,1,Cluster 1 (Light wood shavings)
data/raw/Healthy/pcrhealthy.79.jpg,3,Cluster 3 (Mixed straw / pen floor)
data/raw/Healthy/pcrhealthy.8.jpg,3,Cluster 3 (Mixed straw / pen floor)
data/raw/Healthy/pcrhealthy.80.jpg,1,Cluster 1 (Light wood shavings)
data/raw/Healthy/pcrhealthy.81.jpg,3,Cluster 3 (Mixed straw / pen floor)
data/raw/Healthy/pcrhealthy.82.jpg,1,Cluster 1 (Light wood shavings)
data/raw/Healthy/pcrhealthy.83.jpg,3,Cluster 3 (Mixed straw / pen floor)
data/raw/Healthy/pcrhealthy.84.jpg,1,Cluster 1 (Light wood shavings)
data/raw/Healthy/pcrhealthy.85.jpg,1,Cluster 1 (Light wood shavings)
data/raw/Healthy/pcrhealthy.86.jpg,3,Cluster 3 (Mixed straw / pen floor)
data/raw/Healthy/pcrhealthy.87.jpg,3,Cluster 3 (Mixed straw / pen floor)
data/raw/Healthy/pcrhealthy.88.jpg,3,Cluster 3 (Mixed straw / pen floor)
data/raw/Healthy/pcrhealthy.89.jpg,1,Cluster 1 (Light wood shavings)
data/raw/Healthy/pcrhealthy.9.jpg,1,Cluster 1 (Light wood shavings)
data/raw/Healthy/pcrhealthy.90.jpg,1,Cluster 1 (Light wood shavings)
data/raw/Healthy/pcrhealthy.91.jpg,3,Cluster 3 (Mixed straw / pen floor)
data/raw/Healthy/pcrhealthy.92.jpg,3,Cluster 3 (Mixed straw / pen floor)
data/raw/Healthy/pcrhealthy.93.jpg,1,Cluster 1 (Light wood shavings)
data/raw/Healthy/pcrhealthy.94.jpg,3,Cluster 3 (Mixed straw / pen floor)
data/raw/Healthy/pcrhealthy.95.jpg,3,Cluster 3 (Mixed straw / pen floor)
data/raw/Healthy/pcrhealthy.96.jpg,3,Cluster 3 (Mixed straw / pen floor)
data/raw/Healthy/pcrhealthy.97.jpg,3,Cluster 3 (Mixed straw / pen floor)
data/raw/Healthy/pcrhealthy.98.jpg,3,Cluster 3 (Mixed straw / pen floor)
data/raw/Healthy/pcrhealthy.99.jpg,3,Cluster 3 (Mixed straw / pen floor)
data/raw/Newcastle Disease/ncd.0.jpg,1,Cluster 1 (Light wood shavings)
data/raw/Newcastle Disease/ncd.1.jpg,1,Cluster 1 (Light wood shavings)
data/raw/Newcastle Disease/ncd.10.jpg,1,Cluster 1 (Light wood shavings)
data/raw/Newcastle Disease/ncd.100.jpg,3,Cluster 3 (Mixed straw / pen floor)
data/raw/Newcastle Disease/ncd.101.jpg,1,Cluster 1 (Light wood shavings)
data/raw/Newcastle Disease/ncd.102.jpg,1,Cluster 1 (Light wood shavings)
data/raw/Newcastle Disease/ncd.103.jpg,1,Cluster 1 (Light wood shavings)
data/raw/Newcastle Disease/ncd.104.jpg,1,Cluster 1 (Light wood shavings)
data/raw/Newcastle Disease/ncd.105.jpg,1,Cluster 1 (Light wood shavings)
data/raw/Newcastle Disease/ncd.106.jpg,0,Cluster 0 (Dark soil / concrete)
data/raw/Newcastle Disease/ncd.107.jpg,1,Cluster 1 (Light wood shavings)
data/raw/Newcastle Disease/ncd.108.jpg,1,Cluster 1 (Light wood shavings)
data/raw/Newcastle Disease/ncd.109.jpg,3,Cluster 3 (Mixed straw / pen floor)
data/raw/Newcastle Disease/ncd.11.jpg,0,Cluster 0 (Dark soil / concrete)
data/raw/Newcastle Disease/ncd.110.jpg,1,Cluster 1 (Light wood shavings)
data/raw/Newcastle Disease/ncd.111.jpg,1,Cluster 1 (Light wood shavings)
data/raw/Newcastle Disease/ncd.112.jpg,1,Cluster 1 (Light wood shavings)
data/raw/Newcastle Disease/ncd.113.jpg,1,Cluster 1 (Light wood shavings)
data/raw/Newcastle Disease/ncd.114.jpg,2,Cluster 2 (Reddish-brown litter)
data/raw/Newcastle Disease/ncd.115.jpg,1,Cluster 1 (Light wood shavings)
data/raw/Newcastle Disease/ncd.116.jpg,1,Cluster 1 (Light wood shavings)
data/raw/Newcastle Disease/ncd.117.jpg,2,Cluster 2 (Reddish-brown litter)
data/raw/Newcastle Disease/ncd.118.jpg,0,Cluster 0 (Dark soil / concrete)
data/raw/Newcastle Disease/ncd.119.jpg,2,Cluster 2 (Reddish-brown litter)
data/raw/Newcastle Disease/ncd.12.jpg,0,Cluster 0 (Dark soil / concrete)
data/raw/Newcastle Disease/ncd.120.jpg,3,Cluster 3 (Mixed straw / pen floor)
data/raw/Newcastle Disease/ncd.121.jpg,1,Cluster 1 (Light wood shavings)
data/raw/Newcastle Disease/ncd.122.jpg,1,Cluster 1 (Light wood shavings)
data/raw/Newcastle Disease/ncd.123.jpg,2,Cluster 2 (Reddish-brown litter)
data/raw/Newcastle Disease/ncd.124.jpg,1,Cluster 1 (Light wood shavings)
data/raw/Newcastle Disease/ncd.125.jpg,1,Cluster 1 (Light wood shavings)
data/raw/Newcastle Disease/ncd.126.jpg,0,Cluster 0 (Dark soil / concrete)
data/raw/Newcastle Disease/ncd.127.jpg,3,Cluster 3 (Mixed straw / pen floor)
data/raw/Newcastle Disease/ncd.128.jpg,2,Cluster 2 (Reddish-brown litter)
data/raw/Newcastle Disease/ncd.129.jpg,1,Cluster 1 (Light wood shavings)
data/raw/Newcastle Disease/ncd.13.jpg,1,Cluster 1 (Light wood shavings)
data/raw/Newcastle Disease/ncd.130.jpg,0,Cluster 0 (Dark soil / concrete)
data/raw/Newcastle Disease/ncd.131.jpg,1,Cluster 1 (Light wood shavings)
data/raw/Newcastle Disease/ncd.132.jpg,0,Cluster 0 (Dark soil / concrete)
data/raw/Newcastle Disease/ncd.133.jpg,1,Cluster 1 (Light wood shavings)
data/raw/Newcastle Disease/ncd.134.jpg,1,Cluster 1 (Light wood shavings)
data/raw/Newcastle Disease/ncd.135.jpg,1,Cluster 1 (Light wood shavings)
data/raw/Newcastle Disease/ncd.136.jpg,1,Cluster 1 (Light wood shavings)
data/raw/Newcastle Disease/ncd.137.jpg,0,Cluster 0 (Dark soil / concrete)
data/raw/Newcastle Disease/ncd.138.jpg,0,Cluster 0 (Dark soil / concrete)
data/raw/Newcastle Disease/ncd.139.jpg,1,Cluster 1 (Light wood shavings)
data/raw/Newcastle Disease/ncd.14.jpg,0,Cluster 0 (Dark soil / concrete)
data/raw/Newcastle Disease/ncd.140.jpg,0,Cluster 0 (Dark soil / concrete)
data/raw/Newcastle Disease/ncd.141.jpg,1,Cluster 1 (Light wood shavings)
data/raw/Newcastle Disease/ncd.142.jpg,2,Cluster 2 (Reddish-brown litter)
data/raw/Newcastle Disease/ncd.143.jpg,1,Cluster 1 (Light wood shavings)
data/raw/Newcastle Disease/ncd.144.jpg,0,Cluster 0 (Dark soil / concrete)
data/raw/Newcastle Disease/ncd.145.jpg,0,Cluster 0 (Dark soil / concrete)
data/raw/Newcastle Disease/ncd.146.jpg,2,Cluster 2 (Reddish-brown litter)
data/raw/Newcastle Disease/ncd.147.jpg,2,Cluster 2 (Reddish-brown litter)
data/raw/Newcastle Disease/ncd.148.jpg,1,Cluster 1 (Light wood shavings)
data/raw/Newcastle Disease/ncd.149.jpg,1,Cluster 1 (Light wood shavings)
data/raw/Newcastle Disease/ncd.15.jpg,1,Cluster 1 (Light wood shavings)
data/raw/Newcastle Disease/ncd.150.jpg,0,Cluster 0 (Dark soil / concrete)
data/raw/Newcastle Disease/ncd.151.jpg,3,Cluster 3 (Mixed straw / pen floor)
data/raw/Newcastle Disease/ncd.152.jpg,1,Cluster 1 (Light wood shavings)
data/raw/Newcastle Disease/ncd.153.jpg,1,Cluster 1 (Light wood shavings)
data/raw/Newcastle Disease/ncd.154.jpg,1,Cluster 1 (Light wood shavings)
data/raw/Newcastle Disease/ncd.155.jpg,1,Cluster 1 (Light wood shavings)
data/raw/Newcastle Disease/ncd.156.jpg,0,Cluster 0 (Dark soil / concrete)
data/raw/Newcastle Disease/ncd.157.jpg,1,Cluster 1 (Light wood shavings)
data/raw/Newcastle Disease/ncd.158.jpg,1,Cluster 1 (Light wood shavings)
data/raw/Newcastle Disease/ncd.159.jpg,2,Cluster 2 (Reddish-brown litter)
data/raw/Newcastle Disease/ncd.16.jpg,2,Cluster 2 (Reddish-brown litter)
data/raw/Newcastle Disease/ncd.160.jpg,1,Cluster 1 (Light wood shavings)
data/raw/Newcastle Disease/ncd.161.jpg,0,Cluster 0 (Dark soil / concrete)
data/raw/Newcastle Disease/ncd.162.jpg,1,Cluster 1 (Light wood shavings)
data/raw/Newcastle Disease/ncd.163.jpg,1,Cluster 1 (Light wood shavings)
data/raw/Newcastle Disease/ncd.164.jpg,1,Cluster 1 (Light wood shavings)
data/raw/Newcastle Disease/ncd.165.jpg,0,Cluster 0 (Dark soil / concrete)
data/raw/Newcastle Disease/ncd.166.jpg,1,Cluster 1 (Light wood shavings)
data/raw/Newcastle Disease/ncd.167.jpg,1,Cluster 1 (Light wood shavings)
data/raw/Newcastle Disease/ncd.168.jpg,2,Cluster 2 (Reddish-brown litter)
data/raw/Newcastle Disease/ncd.169.jpg,1,Cluster 1 (Light wood shavings)
data/raw/Newcastle Disease/ncd.17.jpg,1,Cluster 1 (Light wood shavings)
data/raw/Newcastle Disease/ncd.170.jpg,2,Cluster 2 (Reddish-brown litter)
data/raw/Newcastle Disease/ncd.171.jpg,2,Cluster 2 (Reddish-brown litter)
data/raw/Newcastle Disease/ncd.172.jpg,1,Cluster 1 (Light wood shavings)
data/raw/Newcastle Disease/ncd.173.jpg,1,Cluster 1 (Light wood shavings)
data/raw/Newcastle Disease/ncd.174.jpg,1,Cluster 1 (Light wood shavings)
data/raw/Newcastle Disease/ncd.175.jpg,0,Cluster 0 (Dark soil / concrete)
data/raw/Newcastle Disease/ncd.176.jpg,2,Cluster 2 (Reddish-brown litter)
data/raw/Newcastle Disease/ncd.177.jpg,1,Cluster 1 (Light wood shavings)
data/raw/Newcastle Disease/ncd.178.jpg,1,Cluster 1 (Light wood shavings)
data/raw/Newcastle Disease/ncd.179.jpg,1,Cluster 1 (Light wood shavings)
data/raw/Newcastle Disease/ncd.18.jpg,0,Cluster 0 (Dark soil / concrete)
data/raw/Newcastle Disease/ncd.180.jpg,2,Cluster 2 (Reddish-brown litter)
data/raw/Newcastle Disease/ncd.181.jpg,1,Cluster 1 (Light wood shavings)
data/raw/Newcastle Disease/ncd.182.jpg,3,Cluster 3 (Mixed straw / pen floor)
data/raw/Newcastle Disease/ncd.183.jpg,1,Cluster 1 (Light wood shavings)
data/raw/Newcastle Disease/ncd.184.jpg,2,Cluster 2 (Reddish-brown litter)
data/raw/Newcastle Disease/ncd.185.jpg,1,Cluster 1 (Light wood shavings)
data/raw/Newcastle Disease/ncd.186.jpg,1,Cluster 1 (Light wood shavings)
data/raw/Newcastle Disease/ncd.187.jpg,0,Cluster 0 (Dark soil / concrete)
data/raw/Newcastle Disease/ncd.188.jpg,3,Cluster 3 (Mixed straw / pen floor)
data/raw/Newcastle Disease/ncd.189.jpg,2,Cluster 2 (Reddish-brown litter)
data/raw/Newcastle Disease/ncd.19.jpg,1,Cluster 1 (Light wood shavings)
data/raw/Newcastle Disease/ncd.190.jpg,1,Cluster 1 (Light wood shavings)
data/raw/Newcastle Disease/ncd.191.jpg,1,Cluster 1 (Light wood shavings)
data/raw/Newcastle Disease/ncd.192.jpg,1,Cluster 1 (Light wood shavings)
data/raw/Newcastle Disease/ncd.193.jpg,2,Cluster 2 (Reddish-brown litter)
data/raw/Newcastle Disease/ncd.194.jpg,0,Cluster 0 (Dark soil / concrete)
data/raw/Newcastle Disease/ncd.195.jpg,1,Cluster 1 (Light wood shavings)
data/raw/Newcastle Disease/ncd.196.jpg,0,Cluster 0 (Dark soil / concrete)
data/raw/Newcastle Disease/ncd.197.jpg,1,Cluster 1 (Light wood shavings)
data/raw/Newcastle Disease/ncd.198.jpg,2,Cluster 2 (Reddish-brown litter)
data/raw/Newcastle Disease/ncd.199.jpg,0,Cluster 0 (Dark soil / concrete)
data/raw/Newcastle Disease/ncd.2.jpg,1,Cluster 1 (Light wood shavings)
data/raw/Newcastle Disease/ncd.20.jpg,1,Cluster 1 (Light wood shavings)
data/raw/Newcastle Disease/ncd.200.jpg,3,Cluster 3 (Mixed straw / pen floor)
data/raw/Newcastle Disease/ncd.201.jpg,0,Cluster 0 (Dark soil / concrete)
data/raw/Newcastle Disease/ncd.202.jpg,1,Cluster 1 (Light wood shavings)
data/raw/Newcastle Disease/ncd.203.jpg,1,Cluster 1 (Light wood shavings)
data/raw/Newcastle Disease/ncd.204.jpg,2,Cluster 2 (Reddish-brown litter)
data/raw/Newcastle Disease/ncd.205.jpg,1,Cluster 1 (Light wood shavings)
data/raw/Newcastle Disease/ncd.206.jpg,1,Cluster 1 (Light wood shavings)
data/raw/Newcastle Disease/ncd.207.jpg,0,Cluster 0 (Dark soil / concrete)
data/raw/Newcastle Disease/ncd.208.jpg,0,Cluster 0 (Dark soil / concrete)
data/raw/Newcastle Disease/ncd.209.jpg,0,Cluster 0 (Dark soil / concrete)
data/raw/Newcastle Disease/ncd.21.jpg,0,Cluster 0 (Dark soil / concrete)
data/raw/Newcastle Disease/ncd.210.jpg,1,Cluster 1 (Light wood shavings)
data/raw/Newcastle Disease/ncd.211.jpg,1,Cluster 1 (Light wood shavings)
data/raw/Newcastle Disease/ncd.212.jpg,2,Cluster 2 (Reddish-brown litter)
data/raw/Newcastle Disease/ncd.213.jpg,3,Cluster 3 (Mixed straw / pen floor)
data/raw/Newcastle Disease/ncd.214.jpg,3,Cluster 3 (Mixed straw / pen floor)
data/raw/Newcastle Disease/ncd.215.jpg,2,Cluster 2 (Reddish-brown litter)
data/raw/Newcastle Disease/ncd.216.jpg,3,Cluster 3 (Mixed straw / pen floor)
data/raw/Newcastle Disease/ncd.217.jpg,2,Cluster 2 (Reddish-brown litter)
data/raw/Newcastle Disease/ncd.218.jpg,2,Cluster 2 (Reddish-brown litter)
data/raw/Newcastle Disease/ncd.219.jpg,1,Cluster 1 (Light wood shavings)
data/raw/Newcastle Disease/ncd.22.jpg,0,Cluster 0 (Dark soil / concrete)
data/raw/Newcastle Disease/ncd.220.jpg,1,Cluster 1 (Light wood shavings)
data/raw/Newcastle Disease/ncd.221.jpg,1,Cluster 1 (Light wood shavings)
data/raw/Newcastle Disease/ncd.222.jpg,1,Cluster 1 (Light wood shavings)
data/raw/Newcastle Disease/ncd.223.jpg,2,Cluster 2 (Reddish-brown litter)
data/raw/Newcastle Disease/ncd.224.jpg,2,Cluster 2 (Reddish-brown litter)
data/raw/Newcastle Disease/ncd.225.jpg,1,Cluster 1 (Light wood shavings)
data/raw/Newcastle Disease/ncd.226.jpg,1,Cluster 1 (Light wood shavings)
data/raw/Newcastle Disease/ncd.227.jpg,0,Cluster 0 (Dark soil / concrete)
data/raw/Newcastle Disease/ncd.228.jpg,1,Cluster 1 (Light wood shavings)
data/raw/Newcastle Disease/ncd.229.jpg,1,Cluster 1 (Light wood shavings)
data/raw/Newcastle Disease/ncd.23.jpg,0,Cluster 0 (Dark soil / concrete)
data/raw/Newcastle Disease/ncd.230.jpg,1,Cluster 1 (Light wood shavings)
data/raw/Newcastle Disease/ncd.231.jpg,1,Cluster 1 (Light wood shavings)
data/raw/Newcastle Disease/ncd.232.jpg,0,Cluster 0 (Dark soil / concrete)
data/raw/Newcastle Disease/ncd.233.jpg,0,Cluster 0 (Dark soil / concrete)
data/raw/Newcastle Disease/ncd.234.jpg,1,Cluster 1 (Light wood shavings)
data/raw/Newcastle Disease/ncd.235.jpg,1,Cluster 1 (Light wood shavings)
data/raw/Newcastle Disease/ncd.236.jpg,1,Cluster 1 (Light wood shavings)
data/raw/Newcastle Disease/ncd.237.jpg,1,Cluster 1 (Light wood shavings)
data/raw/Newcastle Disease/ncd.238.jpg,1,Cluster 1 (Light wood shavings)
data/raw/Newcastle Disease/ncd.239.jpg,2,Cluster 2 (Reddish-brown litter)
data/raw/Newcastle Disease/ncd.24.jpg,1,Cluster 1 (Light wood shavings)
data/raw/Newcastle Disease/ncd.240.jpg,2,Cluster 2 (Reddish-brown litter)
data/raw/Newcastle Disease/ncd.241.jpg,1,Cluster 1 (Light wood shavings)
data/raw/Newcastle Disease/ncd.242.jpg,1,Cluster 1 (Light wood shavings)
data/raw/Newcastle Disease/ncd.243.jpg,1,Cluster 1 (Light wood shavings)
data/raw/Newcastle Disease/ncd.244.jpg,0,Cluster 0 (Dark soil / concrete)
data/raw/Newcastle Disease/ncd.245.jpg,3,Cluster 3 (Mixed straw / pen floor)
data/raw/Newcastle Disease/ncd.246.jpg,0,Cluster 0 (Dark soil / concrete)
data/raw/Newcastle Disease/ncd.247.jpg,3,Cluster 3 (Mixed straw / pen floor)
data/raw/Newcastle Disease/ncd.248.jpg,1,Cluster 1 (Light wood shavings)
data/raw/Newcastle Disease/ncd.249.jpg,1,Cluster 1 (Light wood shavings)
data/raw/Newcastle Disease/ncd.25.jpg,0,Cluster 0 (Dark soil / concrete)
data/raw/Newcastle Disease/ncd.250.jpg,1,Cluster 1 (Light wood shavings)
data/raw/Newcastle Disease/ncd.251.jpg,1,Cluster 1 (Light wood shavings)
data/raw/Newcastle Disease/ncd.252.jpg,1,Cluster 1 (Light wood shavings)
data/raw/Newcastle Disease/ncd.253.jpg,0,Cluster 0 (Dark soil / concrete)
data/raw/Newcastle Disease/ncd.254.jpg,2,Cluster 2 (Reddish-brown litter)
data/raw/Newcastle Disease/ncd.255.jpg,2,Cluster 2 (Reddish-brown litter)
data/raw/Newcastle Disease/ncd.256.jpg,1,Cluster 1 (Light wood shavings)
data/raw/Newcastle Disease/ncd.257.jpg,1,Cluster 1 (Light wood shavings)
data/raw/Newcastle Disease/ncd.258.jpg,1,Cluster 1 (Light wood shavings)
data/raw/Newcastle Disease/ncd.259.jpg,2,Cluster 2 (Reddish-brown litter)
data/raw/Newcastle Disease/ncd.26.jpg,2,Cluster 2 (Reddish-brown litter)
data/raw/Newcastle Disease/ncd.260.jpg,3,Cluster 3 (Mixed straw / pen floor)
data/raw/Newcastle Disease/ncd.261.jpg,3,Cluster 3 (Mixed straw / pen floor)
data/raw/Newcastle Disease/ncd.262.jpg,3,Cluster 3 (Mixed straw / pen floor)
data/raw/Newcastle Disease/ncd.263.jpg,3,Cluster 3 (Mixed straw / pen floor)
data/raw/Newcastle Disease/ncd.264.jpg,2,Cluster 2 (Reddish-brown litter)
data/raw/Newcastle Disease/ncd.265.jpg,1,Cluster 1 (Light wood shavings)
data/raw/Newcastle Disease/ncd.266.jpg,1,Cluster 1 (Light wood shavings)
data/raw/Newcastle Disease/ncd.267.jpg,0,Cluster 0 (Dark soil / concrete)
data/raw/Newcastle Disease/ncd.268.jpg,1,Cluster 1 (Light wood shavings)
data/raw/Newcastle Disease/ncd.269.jpg,2,Cluster 2 (Reddish-brown litter)
data/raw/Newcastle Disease/ncd.27.jpg,1,Cluster 1 (Light wood shavings)
data/raw/Newcastle Disease/ncd.270.jpg,1,Cluster 1 (Light wood shavings)
data/raw/Newcastle Disease/ncd.271.jpg,2,Cluster 2 (Reddish-brown litter)
data/raw/Newcastle Disease/ncd.272.jpg,0,Cluster 0 (Dark soil / concrete)
data/raw/Newcastle Disease/ncd.273.jpg,1,Cluster 1 (Light wood shavings)
data/raw/Newcastle Disease/ncd.274.jpg,0,Cluster 0 (Dark soil / concrete)
data/raw/Newcastle Disease/ncd.275.jpg,1,Cluster 1 (Light wood shavings)
data/raw/Newcastle Disease/ncd.276.jpg,1,Cluster 1 (Light wood shavings)
data/raw/Newcastle Disease/ncd.277.jpg,1,Cluster 1 (Light wood shavings)
data/raw/Newcastle Disease/ncd.278.jpg,0,Cluster 0 (Dark soil / concrete)
data/raw/Newcastle Disease/ncd.279.jpg,1,Cluster 1 (Light wood shavings)
data/raw/Newcastle Disease/ncd.28.jpg,0,Cluster 0 (Dark soil / concrete)
data/raw/Newcastle Disease/ncd.280.jpg,2,Cluster 2 (Reddish-brown litter)
data/raw/Newcastle Disease/ncd.281.jpg,3,Cluster 3 (Mixed straw / pen floor)
data/raw/Newcastle Disease/ncd.282.jpg,1,Cluster 1 (Light wood shavings)
data/raw/Newcastle Disease/ncd.283.jpg,1,Cluster 1 (Light wood shavings)
data/raw/Newcastle Disease/ncd.284.jpg,3,Cluster 3 (Mixed straw / pen floor)
data/raw/Newcastle Disease/ncd.285.jpg,1,Cluster 1 (Light wood shavings)
data/raw/Newcastle Disease/ncd.286.jpg,0,Cluster 0 (Dark soil / concrete)
data/raw/Newcastle Disease/ncd.287.jpg,3,Cluster 3 (Mixed straw / pen floor)
data/raw/Newcastle Disease/ncd.288.jpg,1,Cluster 1 (Light wood shavings)
data/raw/Newcastle Disease/ncd.289.jpg,2,Cluster 2 (Reddish-brown litter)
data/raw/Newcastle Disease/ncd.29.jpg,1,Cluster 1 (Light wood shavings)
data/raw/Newcastle Disease/ncd.290.jpg,1,Cluster 1 (Light wood shavings)
data/raw/Newcastle Disease/ncd.291.jpg,2,Cluster 2 (Reddish-brown litter)
data/raw/Newcastle Disease/ncd.292.jpg,2,Cluster 2 (Reddish-brown litter)
data/raw/Newcastle Disease/ncd.293.jpg,1,Cluster 1 (Light wood shavings)
data/raw/Newcastle Disease/ncd.294.jpg,1,Cluster 1 (Light wood shavings)
data/raw/Newcastle Disease/ncd.295.jpg,1,Cluster 1 (Light wood shavings)
data/raw/Newcastle Disease/ncd.296.jpg,1,Cluster 1 (Light wood shavings)
data/raw/Newcastle Disease/ncd.297.jpg,0,Cluster 0 (Dark soil / concrete)
data/raw/Newcastle Disease/ncd.298.jpg,3,Cluster 3 (Mixed straw / pen floor)
data/raw/Newcastle Disease/ncd.299.jpg,1,Cluster 1 (Light wood shavings)
data/raw/Newcastle Disease/ncd.3.jpg,3,Cluster 3 (Mixed straw / pen floor)
data/raw/Newcastle Disease/ncd.30.jpg,0,Cluster 0 (Dark soil / concrete)
data/raw/Newcastle Disease/ncd.300.jpg,2,Cluster 2 (Reddish-brown litter)
data/raw/Newcastle Disease/ncd.301.jpg,1,Cluster 1 (Light wood shavings)
data/raw/Newcastle Disease/ncd.302.jpg,2,Cluster 2 (Reddish-brown litter)
data/raw/Newcastle Disease/ncd.303.jpg,0,Cluster 0 (Dark soil / concrete)
data/raw/Newcastle Disease/ncd.304.jpg,2,Cluster 2 (Reddish-brown litter)
data/raw/Newcastle Disease/ncd.305.jpg,1,Cluster 1 (Light wood shavings)
data/raw/Newcastle Disease/ncd.306.jpg,1,Cluster 1 (Light wood shavings)
data/raw/Newcastle Disease/ncd.307.jpg,1,Cluster 1 (Light wood shavings)
data/raw/Newcastle Disease/ncd.308.jpg,2,Cluster 2 (Reddish-brown litter)
data/raw/Newcastle Disease/ncd.309.jpg,3,Cluster 3 (Mixed straw / pen floor)
data/raw/Newcastle Disease/ncd.31.jpg,0,Cluster 0 (Dark soil / concrete)
data/raw/Newcastle Disease/ncd.310.jpg,1,Cluster 1 (Light wood shavings)
data/raw/Newcastle Disease/ncd.311.jpg,1,Cluster 1 (Light wood shavings)
data/raw/Newcastle Disease/ncd.312.jpg,1,Cluster 1 (Light wood shavings)
data/raw/Newcastle Disease/ncd.313.jpg,0,Cluster 0 (Dark soil / concrete)
data/raw/Newcastle Disease/ncd.314.jpg,1,Cluster 1 (Light wood shavings)
data/raw/Newcastle Disease/ncd.315.jpg,1,Cluster 1 (Light wood shavings)
data/raw/Newcastle Disease/ncd.316.jpg,2,Cluster 2 (Reddish-brown litter)
data/raw/Newcastle Disease/ncd.317.jpg,1,Cluster 1 (Light wood shavings)
data/raw/Newcastle Disease/ncd.318.jpg,2,Cluster 2 (Reddish-brown litter)
data/raw/Newcastle Disease/ncd.319.jpg,0,Cluster 0 (Dark soil / concrete)
data/raw/Newcastle Disease/ncd.32.jpg,3,Cluster 3 (Mixed straw / pen floor)
data/raw/Newcastle Disease/ncd.320.jpg,2,Cluster 2 (Reddish-brown litter)
data/raw/Newcastle Disease/ncd.321.jpg,1,Cluster 1 (Light wood shavings)
data/raw/Newcastle Disease/ncd.322.jpg,1,Cluster 1 (Light wood shavings)
data/raw/Newcastle Disease/ncd.323.jpg,1,Cluster 1 (Light wood shavings)
data/raw/Newcastle Disease/ncd.324.jpg,2,Cluster 2 (Reddish-brown litter)
data/raw/Newcastle Disease/ncd.325.jpg,2,Cluster 2 (Reddish-brown litter)
data/raw/Newcastle Disease/ncd.326.jpg,2,Cluster 2 (Reddish-brown litter)
data/raw/Newcastle Disease/ncd.327.jpg,1,Cluster 1 (Light wood shavings)
data/raw/Newcastle Disease/ncd.328.jpg,1,Cluster 1 (Light wood shavings)
data/raw/Newcastle Disease/ncd.329.jpg,2,Cluster 2 (Reddish-brown litter)
data/raw/Newcastle Disease/ncd.33.jpg,2,Cluster 2 (Reddish-brown litter)
data/raw/Newcastle Disease/ncd.330.jpg,0,Cluster 0 (Dark soil / concrete)
data/raw/Newcastle Disease/ncd.331.jpg,0,Cluster 0 (Dark soil / concrete)
data/raw/Newcastle Disease/ncd.332.jpg,1,Cluster 1 (Light wood shavings)
data/raw/Newcastle Disease/ncd.333.jpg,2,Cluster 2 (Reddish-brown litter)
data/raw/Newcastle Disease/ncd.334.jpg,3,Cluster 3 (Mixed straw / pen floor)
data/raw/Newcastle Disease/ncd.335.jpg,1,Cluster 1 (Light wood shavings)
data/raw/Newcastle Disease/ncd.336.jpg,2,Cluster 2 (Reddish-brown litter)
data/raw/Newcastle Disease/ncd.337.jpg,1,Cluster 1 (Light wood shavings)
data/raw/Newcastle Disease/ncd.338.jpg,1,Cluster 1 (Light wood shavings)
data/raw/Newcastle Disease/ncd.339.jpg,1,Cluster 1 (Light wood shavings)
data/raw/Newcastle Disease/ncd.34.jpg,1,Cluster 1 (Light wood shavings)
data/raw/Newcastle Disease/ncd.340.jpg,3,Cluster 3 (Mixed straw / pen floor)
data/raw/Newcastle Disease/ncd.341.jpg,1,Cluster 1 (Light wood shavings)
data/raw/Newcastle Disease/ncd.342.jpg,2,Cluster 2 (Reddish-brown litter)
data/raw/Newcastle Disease/ncd.343.jpg,2,Cluster 2 (Reddish-brown litter)
data/raw/Newcastle Disease/ncd.344.jpg,1,Cluster 1 (Light wood shavings)
data/raw/Newcastle Disease/ncd.345.jpg,1,Cluster 1 (Light wood shavings)
data/raw/Newcastle Disease/ncd.346.jpg,0,Cluster 0 (Dark soil / concrete)
data/raw/Newcastle Disease/ncd.347.jpg,1,Cluster 1 (Light wood shavings)
data/raw/Newcastle Disease/ncd.348.jpg,0,Cluster 0 (Dark soil / concrete)
data/raw/Newcastle Disease/ncd.349.jpg,3,Cluster 3 (Mixed straw / pen floor)
data/raw/Newcastle Disease/ncd.35.jpg,1,Cluster 1 (Light wood shavings)
data/raw/Newcastle Disease/ncd.350.jpg,1,Cluster 1 (Light wood shavings)
data/raw/Newcastle Disease/ncd.351.jpg,2,Cluster 2 (Reddish-brown litter)
data/raw/Newcastle Disease/ncd.352.jpg,1,Cluster 1 (Light wood shavings)
data/raw/Newcastle Disease/ncd.353.jpg,2,Cluster 2 (Reddish-brown litter)
data/raw/Newcastle Disease/ncd.354.jpg,1,Cluster 1 (Light wood shavings)
data/raw/Newcastle Disease/ncd.355.jpg,1,Cluster 1 (Light wood shavings)
data/raw/Newcastle Disease/ncd.356.jpg,0,Cluster 0 (Dark soil / concrete)
data/raw/Newcastle Disease/ncd.357.jpg,1,Cluster 1 (Light wood shavings)
data/raw/Newcastle Disease/ncd.358.jpg,1,Cluster 1 (Light wood shavings)
data/raw/Newcastle Disease/ncd.359.jpg,1,Cluster 1 (Light wood shavings)
data/raw/Newcastle Disease/ncd.36.jpg,2,Cluster 2 (Reddish-brown litter)
data/raw/Newcastle Disease/ncd.360.jpg,1,Cluster 1 (Light wood shavings)
data/raw/Newcastle Disease/ncd.361.jpg,1,Cluster 1 (Light wood shavings)
data/raw/Newcastle Disease/ncd.362.jpg,1,Cluster 1 (Light wood shavings)
data/raw/Newcastle Disease/ncd.363.jpg,1,Cluster 1 (Light wood shavings)
data/raw/Newcastle Disease/ncd.364.jpg,1,Cluster 1 (Light wood shavings)
data/raw/Newcastle Disease/ncd.365.jpg,0,Cluster 0 (Dark soil / concrete)
data/raw/Newcastle Disease/ncd.366.jpg,1,Cluster 1 (Light wood shavings)
data/raw/Newcastle Disease/ncd.367.jpg,1,Cluster 1 (Light wood shavings)
data/raw/Newcastle Disease/ncd.368.jpg,0,Cluster 0 (Dark soil / concrete)
data/raw/Newcastle Disease/ncd.369.jpg,2,Cluster 2 (Reddish-brown litter)
data/raw/Newcastle Disease/ncd.37.jpg,1,Cluster 1 (Light wood shavings)
data/raw/Newcastle Disease/ncd.370.jpg,1,Cluster 1 (Light wood shavings)
data/raw/Newcastle Disease/ncd.371.jpg,2,Cluster 2 (Reddish-brown litter)
data/raw/Newcastle Disease/ncd.372.jpg,3,Cluster 3 (Mixed straw / pen floor)
data/raw/Newcastle Disease/ncd.373.jpg,2,Cluster 2 (Reddish-brown litter)
data/raw/Newcastle Disease/ncd.374.jpg,2,Cluster 2 (Reddish-brown litter)
data/raw/Newcastle Disease/ncd.375.jpg,1,Cluster 1 (Light wood shavings)
data/raw/Newcastle Disease/ncd.38.jpg,1,Cluster 1 (Light wood shavings)
data/raw/Newcastle Disease/ncd.39.jpg,1,Cluster 1 (Light wood shavings)
data/raw/Newcastle Disease/ncd.4.jpg,1,Cluster 1 (Light wood shavings)
data/raw/Newcastle Disease/ncd.40.jpg,2,Cluster 2 (Reddish-brown litter)
data/raw/Newcastle Disease/ncd.41.jpg,3,Cluster 3 (Mixed straw / pen floor)
data/raw/Newcastle Disease/ncd.42.jpg,1,Cluster 1 (Light wood shavings)
data/raw/Newcastle Disease/ncd.43.jpg,1,Cluster 1 (Light wood shavings)
data/raw/Newcastle Disease/ncd.44.jpg,1,Cluster 1 (Light wood shavings)
data/raw/Newcastle Disease/ncd.45.jpg,2,Cluster 2 (Reddish-brown litter)
data/raw/Newcastle Disease/ncd.46.jpg,1,Cluster 1 (Light wood shavings)
data/raw/Newcastle Disease/ncd.47.jpg,1,Cluster 1 (Light wood shavings)
data/raw/Newcastle Disease/ncd.48.jpg,2,Cluster 2 (Reddish-brown litter)
data/raw/Newcastle Disease/ncd.49.jpg,3,Cluster 3 (Mixed straw / pen floor)
data/raw/Newcastle Disease/ncd.5.jpg,1,Cluster 1 (Light wood shavings)
data/raw/Newcastle Disease/ncd.50.jpg,1,Cluster 1 (Light wood shavings)
data/raw/Newcastle Disease/ncd.51.jpg,1,Cluster 1 (Light wood shavings)
data/raw/Newcastle Disease/ncd.52.jpg,1,Cluster 1 (Light wood shavings)
data/raw/Newcastle Disease/ncd.53.jpg,1,Cluster 1 (Light wood shavings)
data/raw/Newcastle Disease/ncd.54.jpg,1,Cluster 1 (Light wood shavings)
data/raw/Newcastle Disease/ncd.55.jpg,1,Cluster 1 (Light wood shavings)
data/raw/Newcastle Disease/ncd.56.jpg,1,Cluster 1 (Light wood shavings)
data/raw/Newcastle Disease/ncd.57.jpg,1,Cluster 1 (Light wood shavings)
data/raw/Newcastle Disease/ncd.58.jpg,1,Cluster 1 (Light wood shavings)
data/raw/Newcastle Disease/ncd.59.jpg,1,Cluster 1 (Light wood shavings)
data/raw/Newcastle Disease/ncd.6.jpg,1,Cluster 1 (Light wood shavings)
data/raw/Newcastle Disease/ncd.60.jpg,1,Cluster 1 (Light wood shavings)
data/raw/Newcastle Disease/ncd.61.jpg,1,Cluster 1 (Light wood shavings)
data/raw/Newcastle Disease/ncd.62.jpg,1,Cluster 1 (Light wood shavings)
data/raw/Newcastle Disease/ncd.63.jpg,0,Cluster 0 (Dark soil / concrete)
data/raw/Newcastle Disease/ncd.64.jpg,2,Cluster 2 (Reddish-brown litter)
data/raw/Newcastle Disease/ncd.65.jpg,1,Cluster 1 (Light wood shavings)
data/raw/Newcastle Disease/ncd.66.jpg,3,Cluster 3 (Mixed straw / pen floor)
data/raw/Newcastle Disease/ncd.67.jpg,0,Cluster 0 (Dark soil / concrete)
data/raw/Newcastle Disease/ncd.68.jpg,2,Cluster 2 (Reddish-brown litter)
data/raw/Newcastle Disease/ncd.69.jpg,2,Cluster 2 (Reddish-brown litter)
data/raw/Newcastle Disease/ncd.7.jpg,3,Cluster 3 (Mixed straw / pen floor)
data/raw/Newcastle Disease/ncd.70.jpg,1,Cluster 1 (Light wood shavings)
data/raw/Newcastle Disease/ncd.71.jpg,1,Cluster 1 (Light wood shavings)
data/raw/Newcastle Disease/ncd.72.jpg,2,Cluster 2 (Reddish-brown litter)
data/raw/Newcastle Disease/ncd.73.jpg,0,Cluster 0 (Dark soil / concrete)
data/raw/Newcastle Disease/ncd.74.jpg,1,Cluster 1 (Light wood shavings)
data/raw/Newcastle Disease/ncd.75.jpg,1,Cluster 1 (Light wood shavings)
data/raw/Newcastle Disease/ncd.76.jpg,1,Cluster 1 (Light wood shavings)
data/raw/Newcastle Disease/ncd.77.jpg,1,Cluster 1 (Light wood shavings)
data/raw/Newcastle Disease/ncd.78.jpg,1,Cluster 1 (Light wood shavings)
data/raw/Newcastle Disease/ncd.79.jpg,2,Cluster 2 (Reddish-brown litter)
data/raw/Newcastle Disease/ncd.8.jpg,1,Cluster 1 (Light wood shavings)
data/raw/Newcastle Disease/ncd.80.jpg,1,Cluster 1 (Light wood shavings)
data/raw/Newcastle Disease/ncd.81.jpg,1,Cluster 1 (Light wood shavings)
data/raw/Newcastle Disease/ncd.82.jpg,3,Cluster 3 (Mixed straw / pen floor)
data/raw/Newcastle Disease/ncd.83.jpg,1,Cluster 1 (Light wood shavings)
data/raw/Newcastle Disease/ncd.84.jpg,1,Cluster 1 (Light wood shavings)
data/raw/Newcastle Disease/ncd.85.jpg,1,Cluster 1 (Light wood shavings)
data/raw/Newcastle Disease/ncd.86.jpg,2,Cluster 2 (Reddish-brown litter)
data/raw/Newcastle Disease/ncd.87.jpg,2,Cluster 2 (Reddish-brown litter)
data/raw/Newcastle Disease/ncd.88.jpg,1,Cluster 1 (Light wood shavings)
data/raw/Newcastle Disease/ncd.89.jpg,1,Cluster 1 (Light wood shavings)
data/raw/Newcastle Disease/ncd.9.jpg,0,Cluster 0 (Dark soil / concrete)
data/raw/Newcastle Disease/ncd.90.jpg,1,Cluster 1 (Light wood shavings)
data/raw/Newcastle Disease/ncd.91.jpg,1,Cluster 1 (Light wood shavings)
data/raw/Newcastle Disease/ncd.92.jpg,1,Cluster 1 (Light wood shavings)
data/raw/Newcastle Disease/ncd.93.jpg,2,Cluster 2 (Reddish-brown litter)
data/raw/Newcastle Disease/ncd.94.jpg,2,Cluster 2 (Reddish-brown litter)
data/raw/Newcastle Disease/ncd.95.jpg,1,Cluster 1 (Light wood shavings)
data/raw/Newcastle Disease/ncd.96.jpg,1,Cluster 1 (Light wood shavings)
data/raw/Newcastle Disease/ncd.97.jpg,1,Cluster 1 (Light wood shavings)
data/raw/Newcastle Disease/ncd.98.jpg,0,Cluster 0 (Dark soil / concrete)
data/raw/Newcastle Disease/ncd.99.jpg,3,Cluster 3 (Mixed straw / pen floor)
data/raw/Newcastle Disease/pcrncd.0.jpg,1,Cluster 1 (Light wood shavings)
data/raw/Newcastle Disease/pcrncd.1.jpg,2,Cluster 2 (Reddish-brown litter)
data/raw/Newcastle Disease/pcrncd.10.jpg,1,Cluster 1 (Light wood shavings)
data/raw/Newcastle Disease/pcrncd.100.jpg,3,Cluster 3 (Mixed straw / pen floor)
data/raw/Newcastle Disease/pcrncd.101.jpg,1,Cluster 1 (Light wood shavings)
data/raw/Newcastle Disease/pcrncd.102.jpg,1,Cluster 1 (Light wood shavings)
data/raw/Newcastle Disease/pcrncd.103.jpg,3,Cluster 3 (Mixed straw / pen floor)
data/raw/Newcastle Disease/pcrncd.104.jpg,1,Cluster 1 (Light wood shavings)
data/raw/Newcastle Disease/pcrncd.105.jpg,3,Cluster 3 (Mixed straw / pen floor)
data/raw/Newcastle Disease/pcrncd.106.jpg,3,Cluster 3 (Mixed straw / pen floor)
data/raw/Newcastle Disease/pcrncd.107.jpg,1,Cluster 1 (Light wood shavings)
data/raw/Newcastle Disease/pcrncd.108.jpg,1,Cluster 1 (Light wood shavings)
data/raw/Newcastle Disease/pcrncd.109.jpg,1,Cluster 1 (Light wood shavings)
data/raw/Newcastle Disease/pcrncd.11.jpg,1,Cluster 1 (Light wood shavings)
data/raw/Newcastle Disease/pcrncd.110.jpg,3,Cluster 3 (Mixed straw / pen floor)
data/raw/Newcastle Disease/pcrncd.111.jpg,1,Cluster 1 (Light wood shavings)
data/raw/Newcastle Disease/pcrncd.112.jpg,1,Cluster 1 (Light wood shavings)
data/raw/Newcastle Disease/pcrncd.113.jpg,1,Cluster 1 (Light wood shavings)
data/raw/Newcastle Disease/pcrncd.114.jpg,3,Cluster 3 (Mixed straw / pen floor)
data/raw/Newcastle Disease/pcrncd.115.jpg,2,Cluster 2 (Reddish-brown litter)
data/raw/Newcastle Disease/pcrncd.116.jpg,1,Cluster 1 (Light wood shavings)
data/raw/Newcastle Disease/pcrncd.117.jpg,1,Cluster 1 (Light wood shavings)
data/raw/Newcastle Disease/pcrncd.118.jpg,1,Cluster 1 (Light wood shavings)
data/raw/Newcastle Disease/pcrncd.119.jpg,3,Cluster 3 (Mixed straw / pen floor)
data/raw/Newcastle Disease/pcrncd.12.jpg,1,Cluster 1 (Light wood shavings)
data/raw/Newcastle Disease/pcrncd.120.jpg,1,Cluster 1 (Light wood shavings)
data/raw/Newcastle Disease/pcrncd.121.jpg,1,Cluster 1 (Light wood shavings)
data/raw/Newcastle Disease/pcrncd.122.jpg,3,Cluster 3 (Mixed straw / pen floor)
data/raw/Newcastle Disease/pcrncd.123.jpg,3,Cluster 3 (Mixed straw / pen floor)
data/raw/Newcastle Disease/pcrncd.124.jpg,1,Cluster 1 (Light wood shavings)
data/raw/Newcastle Disease/pcrncd.125.jpg,1,Cluster 1 (Light wood shavings)
data/raw/Newcastle Disease/pcrncd.126.jpg,1,Cluster 1 (Light wood shavings)
data/raw/Newcastle Disease/pcrncd.127.jpg,1,Cluster 1 (Light wood shavings)
data/raw/Newcastle Disease/pcrncd.128.jpg,1,Cluster 1 (Light wood shavings)
data/raw/Newcastle Disease/pcrncd.129.jpg,1,Cluster 1 (Light wood shavings)
data/raw/Newcastle Disease/pcrncd.13.jpg,1,Cluster 1 (Light wood shavings)
data/raw/Newcastle Disease/pcrncd.130.jpg,1,Cluster 1 (Light wood shavings)
data/raw/Newcastle Disease/pcrncd.131.jpg,1,Cluster 1 (Light wood shavings)
data/raw/Newcastle Disease/pcrncd.132.jpg,3,Cluster 3 (Mixed straw / pen floor)
data/raw/Newcastle Disease/pcrncd.133.jpg,3,Cluster 3 (Mixed straw / pen floor)
data/raw/Newcastle Disease/pcrncd.134.jpg,1,Cluster 1 (Light wood shavings)
data/raw/Newcastle Disease/pcrncd.135.jpg,1,Cluster 1 (Light wood shavings)
data/raw/Newcastle Disease/pcrncd.136.jpg,1,Cluster 1 (Light wood shavings)
data/raw/Newcastle Disease/pcrncd.137.jpg,1,Cluster 1 (Light wood shavings)
data/raw/Newcastle Disease/pcrncd.138.jpg,1,Cluster 1 (Light wood shavings)
data/raw/Newcastle Disease/pcrncd.139.jpg,0,Cluster 0 (Dark soil / concrete)
data/raw/Newcastle Disease/pcrncd.14.jpg,0,Cluster 0 (Dark soil / concrete)
data/raw/Newcastle Disease/pcrncd.140.jpg,1,Cluster 1 (Light wood shavings)
data/raw/Newcastle Disease/pcrncd.141.jpg,1,Cluster 1 (Light wood shavings)
data/raw/Newcastle Disease/pcrncd.142.jpg,2,Cluster 2 (Reddish-brown litter)
data/raw/Newcastle Disease/pcrncd.143.jpg,3,Cluster 3 (Mixed straw / pen floor)
data/raw/Newcastle Disease/pcrncd.144.jpg,2,Cluster 2 (Reddish-brown litter)
data/raw/Newcastle Disease/pcrncd.145.jpg,2,Cluster 2 (Reddish-brown litter)
data/raw/Newcastle Disease/pcrncd.146.jpg,2,Cluster 2 (Reddish-brown litter)
data/raw/Newcastle Disease/pcrncd.147.jpg,1,Cluster 1 (Light wood shavings)
data/raw/Newcastle Disease/pcrncd.148.jpg,1,Cluster 1 (Light wood shavings)
data/raw/Newcastle Disease/pcrncd.149.jpg,1,Cluster 1 (Light wood shavings)
data/raw/Newcastle Disease/pcrncd.15.jpg,3,Cluster 3 (Mixed straw / pen floor)
data/raw/Newcastle Disease/pcrncd.150.jpg,1,Cluster 1 (Light wood shavings)
data/raw/Newcastle Disease/pcrncd.151.jpg,1,Cluster 1 (Light wood shavings)
data/raw/Newcastle Disease/pcrncd.152.jpg,1,Cluster 1 (Light wood shavings)
data/raw/Newcastle Disease/pcrncd.153.jpg,1,Cluster 1 (Light wood shavings)
data/raw/Newcastle Disease/pcrncd.154.jpg,3,Cluster 3 (Mixed straw / pen floor)
data/raw/Newcastle Disease/pcrncd.155.jpg,1,Cluster 1 (Light wood shavings)
data/raw/Newcastle Disease/pcrncd.156.jpg,2,Cluster 2 (Reddish-brown litter)
data/raw/Newcastle Disease/pcrncd.157.jpg,1,Cluster 1 (Light wood shavings)
data/raw/Newcastle Disease/pcrncd.158.jpg,2,Cluster 2 (Reddish-brown litter)
data/raw/Newcastle Disease/pcrncd.159.jpg,1,Cluster 1 (Light wood shavings)
data/raw/Newcastle Disease/pcrncd.16.jpg,1,Cluster 1 (Light wood shavings)
data/raw/Newcastle Disease/pcrncd.160.jpg,1,Cluster 1 (Light wood shavings)
data/raw/Newcastle Disease/pcrncd.161.jpg,1,Cluster 1 (Light wood shavings)
data/raw/Newcastle Disease/pcrncd.162.jpg,1,Cluster 1 (Light wood shavings)
data/raw/Newcastle Disease/pcrncd.163.jpg,1,Cluster 1 (Light wood shavings)
data/raw/Newcastle Disease/pcrncd.164.jpg,1,Cluster 1 (Light wood shavings)
data/raw/Newcastle Disease/pcrncd.165.jpg,1,Cluster 1 (Light wood shavings)
data/raw/Newcastle Disease/pcrncd.166.jpg,1,Cluster 1 (Light wood shavings)
data/raw/Newcastle Disease/pcrncd.167.jpg,1,Cluster 1 (Light wood shavings)
data/raw/Newcastle Disease/pcrncd.168.jpg,1,Cluster 1 (Light wood shavings)
data/raw/Newcastle Disease/pcrncd.169.jpg,0,Cluster 0 (Dark soil / concrete)
data/raw/Newcastle Disease/pcrncd.17.jpg,1,Cluster 1 (Light wood shavings)
data/raw/Newcastle Disease/pcrncd.170.jpg,1,Cluster 1 (Light wood shavings)
data/raw/Newcastle Disease/pcrncd.171.jpg,2,Cluster 2 (Reddish-brown litter)
data/raw/Newcastle Disease/pcrncd.172.jpg,1,Cluster 1 (Light wood shavings)
data/raw/Newcastle Disease/pcrncd.173.jpg,1,Cluster 1 (Light wood shavings)
data/raw/Newcastle Disease/pcrncd.174.jpg,1,Cluster 1 (Light wood shavings)
data/raw/Newcastle Disease/pcrncd.175.jpg,1,Cluster 1 (Light wood shavings)
data/raw/Newcastle Disease/pcrncd.176.jpg,1,Cluster 1 (Light wood shavings)
data/raw/Newcastle Disease/pcrncd.177.jpg,1,Cluster 1 (Light wood shavings)
data/raw/Newcastle Disease/pcrncd.178.jpg,2,Cluster 2 (Reddish-brown litter)
data/raw/Newcastle Disease/pcrncd.179.jpg,2,Cluster 2 (Reddish-brown litter)
data/raw/Newcastle Disease/pcrncd.18.jpg,1,Cluster 1 (Light wood shavings)
data/raw/Newcastle Disease/pcrncd.180.jpg,1,Cluster 1 (Light wood shavings)
data/raw/Newcastle Disease/pcrncd.181.jpg,3,Cluster 3 (Mixed straw / pen floor)
data/raw/Newcastle Disease/pcrncd.182.jpg,1,Cluster 1 (Light wood shavings)
data/raw/Newcastle Disease/pcrncd.183.jpg,1,Cluster 1 (Light wood shavings)
data/raw/Newcastle Disease/pcrncd.184.jpg,1,Cluster 1 (Light wood shavings)
data/raw/Newcastle Disease/pcrncd.185.jpg,1,Cluster 1 (Light wood shavings)
data/raw/Newcastle Disease/pcrncd.19.jpg,3,Cluster 3 (Mixed straw / pen floor)
data/raw/Newcastle Disease/pcrncd.2.jpg,2,Cluster 2 (Reddish-brown litter)
data/raw/Newcastle Disease/pcrncd.20.jpg,2,Cluster 2 (Reddish-brown litter)
data/raw/Newcastle Disease/pcrncd.21.jpg,1,Cluster 1 (Light wood shavings)
data/raw/Newcastle Disease/pcrncd.22.jpg,1,Cluster 1 (Light wood shavings)
data/raw/Newcastle Disease/pcrncd.23.jpg,1,Cluster 1 (Light wood shavings)
data/raw/Newcastle Disease/pcrncd.24.jpg,1,Cluster 1 (Light wood shavings)
data/raw/Newcastle Disease/pcrncd.25.jpg,1,Cluster 1 (Light wood shavings)
data/raw/Newcastle Disease/pcrncd.26.jpg,1,Cluster 1 (Light wood shavings)
data/raw/Newcastle Disease/pcrncd.27.jpg,1,Cluster 1 (Light wood shavings)
data/raw/Newcastle Disease/pcrncd.28.jpg,3,Cluster 3 (Mixed straw / pen floor)
data/raw/Newcastle Disease/pcrncd.29.jpg,1,Cluster 1 (Light wood shavings)
data/raw/Newcastle Disease/pcrncd.3.jpg,1,Cluster 1 (Light wood shavings)
data/raw/Newcastle Disease/pcrncd.30.jpg,1,Cluster 1 (Light wood shavings)
data/raw/Newcastle Disease/pcrncd.31.jpg,1,Cluster 1 (Light wood shavings)
data/raw/Newcastle Disease/pcrncd.32.jpg,1,Cluster 1 (Light wood shavings)
data/raw/Newcastle Disease/pcrncd.33.jpg,2,Cluster 2 (Reddish-brown litter)
data/raw/Newcastle Disease/pcrncd.34.jpg,1,Cluster 1 (Light wood shavings)
data/raw/Newcastle Disease/pcrncd.35.jpg,3,Cluster 3 (Mixed straw / pen floor)
data/raw/Newcastle Disease/pcrncd.36.jpg,1,Cluster 1 (Light wood shavings)
data/raw/Newcastle Disease/pcrncd.37.jpg,1,Cluster 1 (Light wood shavings)
data/raw/Newcastle Disease/pcrncd.38.jpg,1,Cluster 1 (Light wood shavings)
data/raw/Newcastle Disease/pcrncd.39.jpg,1,Cluster 1 (Light wood shavings)
data/raw/Newcastle Disease/pcrncd.4.jpg,2,Cluster 2 (Reddish-brown litter)
data/raw/Newcastle Disease/pcrncd.40.jpg,0,Cluster 0 (Dark soil / concrete)
data/raw/Newcastle Disease/pcrncd.41.jpg,1,Cluster 1 (Light wood shavings)
data/raw/Newcastle Disease/pcrncd.42.jpg,1,Cluster 1 (Light wood shavings)
data/raw/Newcastle Disease/pcrncd.43.jpg,1,Cluster 1 (Light wood shavings)
data/raw/Newcastle Disease/pcrncd.44.jpg,0,Cluster 0 (Dark soil / concrete)
data/raw/Newcastle Disease/pcrncd.45.jpg,1,Cluster 1 (Light wood shavings)
data/raw/Newcastle Disease/pcrncd.46.jpg,1,Cluster 1 (Light wood shavings)
data/raw/Newcastle Disease/pcrncd.47.jpg,3,Cluster 3 (Mixed straw / pen floor)
data/raw/Newcastle Disease/pcrncd.48.jpg,3,Cluster 3 (Mixed straw / pen floor)
data/raw/Newcastle Disease/pcrncd.49.jpg,3,Cluster 3 (Mixed straw / pen floor)
data/raw/Newcastle Disease/pcrncd.5.jpg,1,Cluster 1 (Light wood shavings)
data/raw/Newcastle Disease/pcrncd.50.jpg,1,Cluster 1 (Light wood shavings)
data/raw/Newcastle Disease/pcrncd.51.jpg,1,Cluster 1 (Light wood shavings)
data/raw/Newcastle Disease/pcrncd.52.jpg,2,Cluster 2 (Reddish-brown litter)
data/raw/Newcastle Disease/pcrncd.53.jpg,1,Cluster 1 (Light wood shavings)
data/raw/Newcastle Disease/pcrncd.54.jpg,1,Cluster 1 (Light wood shavings)
data/raw/Newcastle Disease/pcrncd.55.jpg,1,Cluster 1 (Light wood shavings)
data/raw/Newcastle Disease/pcrncd.56.jpg,1,Cluster 1 (Light wood shavings)
data/raw/Newcastle Disease/pcrncd.57.jpg,3,Cluster 3 (Mixed straw / pen floor)
data/raw/Newcastle Disease/pcrncd.58.jpg,1,Cluster 1 (Light wood shavings)
data/raw/Newcastle Disease/pcrncd.59.jpg,1,Cluster 1 (Light wood shavings)
data/raw/Newcastle Disease/pcrncd.6.jpg,1,Cluster 1 (Light wood shavings)
data/raw/Newcastle Disease/pcrncd.60.jpg,1,Cluster 1 (Light wood shavings)
data/raw/Newcastle Disease/pcrncd.61.jpg,1,Cluster 1 (Light wood shavings)
data/raw/Newcastle Disease/pcrncd.62.jpg,3,Cluster 3 (Mixed straw / pen floor)
data/raw/Newcastle Disease/pcrncd.63.jpg,1,Cluster 1 (Light wood shavings)
data/raw/Newcastle Disease/pcrncd.64.jpg,3,Cluster 3 (Mixed straw / pen floor)
data/raw/Newcastle Disease/pcrncd.65.jpg,1,Cluster 1 (Light wood shavings)
data/raw/Newcastle Disease/pcrncd.66.jpg,3,Cluster 3 (Mixed straw / pen floor)
data/raw/Newcastle Disease/pcrncd.67.jpg,3,Cluster 3 (Mixed straw / pen floor)
data/raw/Newcastle Disease/pcrncd.68.jpg,3,Cluster 3 (Mixed straw / pen floor)
data/raw/Newcastle Disease/pcrncd.69.jpg,0,Cluster 0 (Dark soil / concrete)
data/raw/Newcastle Disease/pcrncd.7.jpg,1,Cluster 1 (Light wood shavings)
data/raw/Newcastle Disease/pcrncd.70.jpg,1,Cluster 1 (Light wood shavings)
data/raw/Newcastle Disease/pcrncd.71.jpg,1,Cluster 1 (Light wood shavings)
data/raw/Newcastle Disease/pcrncd.72.jpg,1,Cluster 1 (Light wood shavings)
data/raw/Newcastle Disease/pcrncd.73.jpg,1,Cluster 1 (Light wood shavings)
data/raw/Newcastle Disease/pcrncd.74.jpg,1,Cluster 1 (Light wood shavings)
data/raw/Newcastle Disease/pcrncd.75.jpg,1,Cluster 1 (Light wood shavings)
data/raw/Newcastle Disease/pcrncd.76.jpg,3,Cluster 3 (Mixed straw / pen floor)
data/raw/Newcastle Disease/pcrncd.77.jpg,1,Cluster 1 (Light wood shavings)
data/raw/Newcastle Disease/pcrncd.78.jpg,1,Cluster 1 (Light wood shavings)
data/raw/Newcastle Disease/pcrncd.79.jpg,3,Cluster 3 (Mixed straw / pen floor)
data/raw/Newcastle Disease/pcrncd.8.jpg,1,Cluster 1 (Light wood shavings)
data/raw/Newcastle Disease/pcrncd.80.jpg,3,Cluster 3 (Mixed straw / pen floor)
data/raw/Newcastle Disease/pcrncd.81.jpg,3,Cluster 3 (Mixed straw / pen floor)
data/raw/Newcastle Disease/pcrncd.82.jpg,1,Cluster 1 (Light wood shavings)
data/raw/Newcastle Disease/pcrncd.83.jpg,2,Cluster 2 (Reddish-brown litter)
data/raw/Newcastle Disease/pcrncd.84.jpg,1,Cluster 1 (Light wood shavings)
data/raw/Newcastle Disease/pcrncd.85.jpg,3,Cluster 3 (Mixed straw / pen floor)
data/raw/Newcastle Disease/pcrncd.86.jpg,1,Cluster 1 (Light wood shavings)
data/raw/Newcastle Disease/pcrncd.87.jpg,1,Cluster 1 (Light wood shavings)
data/raw/Newcastle Disease/pcrncd.88.jpg,1,Cluster 1 (Light wood shavings)
data/raw/Newcastle Disease/pcrncd.89.jpg,1,Cluster 1 (Light wood shavings)
data/raw/Newcastle Disease/pcrncd.9.jpg,1,Cluster 1 (Light wood shavings)
data/raw/Newcastle Disease/pcrncd.90.jpg,1,Cluster 1 (Light wood shavings)
data/raw/Newcastle Disease/pcrncd.91.jpg,3,Cluster 3 (Mixed straw / pen floor)
data/raw/Newcastle Disease/pcrncd.92.jpg,1,Cluster 1 (Light wood shavings)
data/raw/Newcastle Disease/pcrncd.93.jpg,1,Cluster 1 (Light wood shavings)
data/raw/Newcastle Disease/pcrncd.94.jpg,2,Cluster 2 (Reddish-brown litter)
data/raw/Newcastle Disease/pcrncd.95.jpg,1,Cluster 1 (Light wood shavings)
data/raw/Newcastle Disease/pcrncd.96.jpg,1,Cluster 1 (Light wood shavings)
data/raw/Newcastle Disease/pcrncd.97.jpg,1,Cluster 1 (Light wood shavings)
data/raw/Newcastle Disease/pcrncd.98.jpg,2,Cluster 2 (Reddish-brown litter)
data/raw/Newcastle Disease/pcrncd.99.jpg,1,Cluster 1 (Light wood shavings)
data/raw/Salmonella/pcrsalmo.0.jpg,3,Cluster 3 (Mixed straw / pen floor)
data/raw/Salmonella/pcrsalmo.1.jpg,3,Cluster 3 (Mixed straw / pen floor)
data/raw/Salmonella/pcrsalmo.10.jpg,3,Cluster 3 (Mixed straw / pen floor)
data/raw/Salmonella/pcrsalmo.100.jpg,1,Cluster 1 (Light wood shavings)
data/raw/Salmonella/pcrsalmo.101.jpg,2,Cluster 2 (Reddish-brown litter)
data/raw/Salmonella/pcrsalmo.102.jpg,1,Cluster 1 (Light wood shavings)
data/raw/Salmonella/pcrsalmo.103.jpg,3,Cluster 3 (Mixed straw / pen floor)
data/raw/Salmonella/pcrsalmo.104.jpg,3,Cluster 3 (Mixed straw / pen floor)
data/raw/Salmonella/pcrsalmo.105.jpg,1,Cluster 1 (Light wood shavings)
data/raw/Salmonella/pcrsalmo.106.jpg,1,Cluster 1 (Light wood shavings)
data/raw/Salmonella/pcrsalmo.107.jpg,1,Cluster 1 (Light wood shavings)
data/raw/Salmonella/pcrsalmo.108.jpg,1,Cluster 1 (Light wood shavings)
data/raw/Salmonella/pcrsalmo.109.jpg,1,Cluster 1 (Light wood shavings)
data/raw/Salmonella/pcrsalmo.11.jpg,1,Cluster 1 (Light wood shavings)
data/raw/Salmonella/pcrsalmo.110.jpg,2,Cluster 2 (Reddish-brown litter)
data/raw/Salmonella/pcrsalmo.111.jpg,3,Cluster 3 (Mixed straw / pen floor)
data/raw/Salmonella/pcrsalmo.112.jpg,0,Cluster 0 (Dark soil / concrete)
data/raw/Salmonella/pcrsalmo.113.jpg,1,Cluster 1 (Light wood shavings)
data/raw/Salmonella/pcrsalmo.114.jpg,0,Cluster 0 (Dark soil / concrete)
data/raw/Salmonella/pcrsalmo.115.jpg,0,Cluster 0 (Dark soil / concrete)
data/raw/Salmonella/pcrsalmo.116.jpg,1,Cluster 1 (Light wood shavings)
data/raw/Salmonella/pcrsalmo.117.jpg,1,Cluster 1 (Light wood shavings)
data/raw/Salmonella/pcrsalmo.118.jpg,0,Cluster 0 (Dark soil / concrete)
data/raw/Salmonella/pcrsalmo.119.jpg,1,Cluster 1 (Light wood shavings)
data/raw/Salmonella/pcrsalmo.12.jpg,1,Cluster 1 (Light wood shavings)
data/raw/Salmonella/pcrsalmo.120.jpg,0,Cluster 0 (Dark soil / concrete)
data/raw/Salmonella/pcrsalmo.121.jpg,1,Cluster 1 (Light wood shavings)
data/raw/Salmonella/pcrsalmo.122.jpg,0,Cluster 0 (Dark soil / concrete)
data/raw/Salmonella/pcrsalmo.123.jpg,0,Cluster 0 (Dark soil / concrete)
data/raw/Salmonella/pcrsalmo.124.jpg,1,Cluster 1 (Light wood shavings)
data/raw/Salmonella/pcrsalmo.125.jpg,1,Cluster 1 (Light wood shavings)
data/raw/Salmonella/pcrsalmo.126.jpg,1,Cluster 1 (Light wood shavings)
data/raw/Salmonella/pcrsalmo.127.jpg,1,Cluster 1 (Light wood shavings)
data/raw/Salmonella/pcrsalmo.128.jpg,1,Cluster 1 (Light wood shavings)
data/raw/Salmonella/pcrsalmo.129.jpg,0,Cluster 0 (Dark soil / concrete)
data/raw/Salmonella/pcrsalmo.13.jpg,0,Cluster 0 (Dark soil / concrete)
data/raw/Salmonella/pcrsalmo.130.jpg,1,Cluster 1 (Light wood shavings)
data/raw/Salmonella/pcrsalmo.131.jpg,1,Cluster 1 (Light wood shavings)
data/raw/Salmonella/pcrsalmo.132.jpg,1,Cluster 1 (Light wood shavings)
data/raw/Salmonella/pcrsalmo.133.jpg,0,Cluster 0 (Dark soil / concrete)
data/raw/Salmonella/pcrsalmo.134.jpg,3,Cluster 3 (Mixed straw / pen floor)
data/raw/Salmonella/pcrsalmo.135.jpg,1,Cluster 1 (Light wood shavings)
data/raw/Salmonella/pcrsalmo.136.jpg,1,Cluster 1 (Light wood shavings)
data/raw/Salmonella/pcrsalmo.137.jpg,0,Cluster 0 (Dark soil / concrete)
data/raw/Salmonella/pcrsalmo.138.jpg,1,Cluster 1 (Light wood shavings)
data/raw/Salmonella/pcrsalmo.139.jpg,1,Cluster 1 (Light wood shavings)
data/raw/Salmonella/pcrsalmo.14.jpg,1,Cluster 1 (Light wood shavings)
data/raw/Salmonella/pcrsalmo.140.jpg,2,Cluster 2 (Reddish-brown litter)
data/raw/Salmonella/pcrsalmo.141.jpg,1,Cluster 1 (Light wood shavings)
data/raw/Salmonella/pcrsalmo.142.jpg,1,Cluster 1 (Light wood shavings)
data/raw/Salmonella/pcrsalmo.143.jpg,1,Cluster 1 (Light wood shavings)
data/raw/Salmonella/pcrsalmo.144.jpg,0,Cluster 0 (Dark soil / concrete)
data/raw/Salmonella/pcrsalmo.145.jpg,3,Cluster 3 (Mixed straw / pen floor)
data/raw/Salmonella/pcrsalmo.146.jpg,3,Cluster 3 (Mixed straw / pen floor)
data/raw/Salmonella/pcrsalmo.147.jpg,0,Cluster 0 (Dark soil / concrete)
data/raw/Salmonella/pcrsalmo.148.jpg,1,Cluster 1 (Light wood shavings)
data/raw/Salmonella/pcrsalmo.149.jpg,2,Cluster 2 (Reddish-brown litter)
data/raw/Salmonella/pcrsalmo.15.jpg,3,Cluster 3 (Mixed straw / pen floor)
data/raw/Salmonella/pcrsalmo.150.jpg,1,Cluster 1 (Light wood shavings)
data/raw/Salmonella/pcrsalmo.151.jpg,0,Cluster 0 (Dark soil / concrete)
data/raw/Salmonella/pcrsalmo.152.jpg,3,Cluster 3 (Mixed straw / pen floor)
data/raw/Salmonella/pcrsalmo.153.jpg,1,Cluster 1 (Light wood shavings)
data/raw/Salmonella/pcrsalmo.154.jpg,0,Cluster 0 (Dark soil / concrete)
data/raw/Salmonella/pcrsalmo.155.jpg,0,Cluster 0 (Dark soil / concrete)
data/raw/Salmonella/pcrsalmo.156.jpg,0,Cluster 0 (Dark soil / concrete)
data/raw/Salmonella/pcrsalmo.157.jpg,1,Cluster 1 (Light wood shavings)
data/raw/Salmonella/pcrsalmo.158.jpg,1,Cluster 1 (Light wood shavings)
data/raw/Salmonella/pcrsalmo.159.jpg,0,Cluster 0 (Dark soil / concrete)
data/raw/Salmonella/pcrsalmo.16.jpg,1,Cluster 1 (Light wood shavings)
data/raw/Salmonella/pcrsalmo.160.jpg,0,Cluster 0 (Dark soil / concrete)
data/raw/Salmonella/pcrsalmo.161.jpg,3,Cluster 3 (Mixed straw / pen floor)
data/raw/Salmonella/pcrsalmo.162.jpg,0,Cluster 0 (Dark soil / concrete)
data/raw/Salmonella/pcrsalmo.163.jpg,3,Cluster 3 (Mixed straw / pen floor)
data/raw/Salmonella/pcrsalmo.164.jpg,1,Cluster 1 (Light wood shavings)
data/raw/Salmonella/pcrsalmo.165.jpg,3,Cluster 3 (Mixed straw / pen floor)
data/raw/Salmonella/pcrsalmo.166.jpg,0,Cluster 0 (Dark soil / concrete)
data/raw/Salmonella/pcrsalmo.167.jpg,1,Cluster 1 (Light wood shavings)
data/raw/Salmonella/pcrsalmo.168.jpg,0,Cluster 0 (Dark soil / concrete)
data/raw/Salmonella/pcrsalmo.169.jpg,3,Cluster 3 (Mixed straw / pen floor)
data/raw/Salmonella/pcrsalmo.17.jpg,1,Cluster 1 (Light wood shavings)
data/raw/Salmonella/pcrsalmo.170.jpg,3,Cluster 3 (Mixed straw / pen floor)
data/raw/Salmonella/pcrsalmo.171.jpg,1,Cluster 1 (Light wood shavings)
data/raw/Salmonella/pcrsalmo.172.jpg,1,Cluster 1 (Light wood shavings)
data/raw/Salmonella/pcrsalmo.173.jpg,3,Cluster 3 (Mixed straw / pen floor)
data/raw/Salmonella/pcrsalmo.174.jpg,1,Cluster 1 (Light wood shavings)
data/raw/Salmonella/pcrsalmo.175.jpg,3,Cluster 3 (Mixed straw / pen floor)
data/raw/Salmonella/pcrsalmo.176.jpg,1,Cluster 1 (Light wood shavings)
data/raw/Salmonella/pcrsalmo.177.jpg,3,Cluster 3 (Mixed straw / pen floor)
data/raw/Salmonella/pcrsalmo.178.jpg,3,Cluster 3 (Mixed straw / pen floor)
data/raw/Salmonella/pcrsalmo.179.jpg,3,Cluster 3 (Mixed straw / pen floor)
data/raw/Salmonella/pcrsalmo.18.jpg,0,Cluster 0 (Dark soil / concrete)
data/raw/Salmonella/pcrsalmo.180.jpg,1,Cluster 1 (Light wood shavings)
data/raw/Salmonella/pcrsalmo.181.jpg,2,Cluster 2 (Reddish-brown litter)
data/raw/Salmonella/pcrsalmo.182.jpg,0,Cluster 0 (Dark soil / concrete)
data/raw/Salmonella/pcrsalmo.183.jpg,2,Cluster 2 (Reddish-brown litter)
data/raw/Salmonella/pcrsalmo.184.jpg,1,Cluster 1 (Light wood shavings)
data/raw/Salmonella/pcrsalmo.185.jpg,1,Cluster 1 (Light wood shavings)
data/raw/Salmonella/pcrsalmo.186.jpg,1,Cluster 1 (Light wood shavings)
data/raw/Salmonella/pcrsalmo.187.jpg,0,Cluster 0 (Dark soil / concrete)
data/raw/Salmonella/pcrsalmo.188.jpg,3,Cluster 3 (Mixed straw / pen floor)
data/raw/Salmonella/pcrsalmo.189.jpg,1,Cluster 1 (Light wood shavings)
data/raw/Salmonella/pcrsalmo.19.jpg,1,Cluster 1 (Light wood shavings)
data/raw/Salmonella/pcrsalmo.190.jpg,1,Cluster 1 (Light wood shavings)
data/raw/Salmonella/pcrsalmo.191.jpg,1,Cluster 1 (Light wood shavings)
data/raw/Salmonella/pcrsalmo.192.jpg,3,Cluster 3 (Mixed straw / pen floor)
data/raw/Salmonella/pcrsalmo.193.jpg,3,Cluster 3 (Mixed straw / pen floor)
data/raw/Salmonella/pcrsalmo.194.jpg,0,Cluster 0 (Dark soil / concrete)
data/raw/Salmonella/pcrsalmo.195.jpg,1,Cluster 1 (Light wood shavings)
data/raw/Salmonella/pcrsalmo.196.jpg,0,Cluster 0 (Dark soil / concrete)
data/raw/Salmonella/pcrsalmo.197.jpg,1,Cluster 1 (Light wood shavings)
data/raw/Salmonella/pcrsalmo.198.jpg,0,Cluster 0 (Dark soil / concrete)
data/raw/Salmonella/pcrsalmo.199.jpg,1,Cluster 1 (Light wood shavings)
data/raw/Salmonella/pcrsalmo.2.jpg,1,Cluster 1 (Light wood shavings)
data/raw/Salmonella/pcrsalmo.20.jpg,0,Cluster 0 (Dark soil / concrete)
data/raw/Salmonella/pcrsalmo.200.jpg,1,Cluster 1 (Light wood shavings)
data/raw/Salmonella/pcrsalmo.201.jpg,3,Cluster 3 (Mixed straw / pen floor)
data/raw/Salmonella/pcrsalmo.202.jpg,1,Cluster 1 (Light wood shavings)
data/raw/Salmonella/pcrsalmo.203.jpg,1,Cluster 1 (Light wood shavings)
data/raw/Salmonella/pcrsalmo.204.jpg,1,Cluster 1 (Light wood shavings)
data/raw/Salmonella/pcrsalmo.205.jpg,3,Cluster 3 (Mixed straw / pen floor)
data/raw/Salmonella/pcrsalmo.206.jpg,0,Cluster 0 (Dark soil / concrete)
data/raw/Salmonella/pcrsalmo.207.jpg,3,Cluster 3 (Mixed straw / pen floor)
data/raw/Salmonella/pcrsalmo.208.jpg,1,Cluster 1 (Light wood shavings)
data/raw/Salmonella/pcrsalmo.209.jpg,3,Cluster 3 (Mixed straw / pen floor)
data/raw/Salmonella/pcrsalmo.21.jpg,1,Cluster 1 (Light wood shavings)
data/raw/Salmonella/pcrsalmo.210.jpg,3,Cluster 3 (Mixed straw / pen floor)
data/raw/Salmonella/pcrsalmo.211.jpg,1,Cluster 1 (Light wood shavings)
data/raw/Salmonella/pcrsalmo.212.jpg,1,Cluster 1 (Light wood shavings)
data/raw/Salmonella/pcrsalmo.213.jpg,1,Cluster 1 (Light wood shavings)
data/raw/Salmonella/pcrsalmo.214.jpg,0,Cluster 0 (Dark soil / concrete)
data/raw/Salmonella/pcrsalmo.215.jpg,1,Cluster 1 (Light wood shavings)
data/raw/Salmonella/pcrsalmo.216.jpg,1,Cluster 1 (Light wood shavings)
data/raw/Salmonella/pcrsalmo.217.jpg,1,Cluster 1 (Light wood shavings)
data/raw/Salmonella/pcrsalmo.218.jpg,0,Cluster 0 (Dark soil / concrete)
data/raw/Salmonella/pcrsalmo.219.jpg,1,Cluster 1 (Light wood shavings)
data/raw/Salmonella/pcrsalmo.22.jpg,1,Cluster 1 (Light wood shavings)
data/raw/Salmonella/pcrsalmo.220.jpg,0,Cluster 0 (Dark soil / concrete)
data/raw/Salmonella/pcrsalmo.221.jpg,2,Cluster 2 (Reddish-brown litter)
data/raw/Salmonella/pcrsalmo.222.jpg,3,Cluster 3 (Mixed straw / pen floor)
data/raw/Salmonella/pcrsalmo.223.jpg,0,Cluster 0 (Dark soil / concrete)
data/raw/Salmonella/pcrsalmo.224.jpg,1,Cluster 1 (Light wood shavings)
data/raw/Salmonella/pcrsalmo.225.jpg,1,Cluster 1 (Light wood shavings)
data/raw/Salmonella/pcrsalmo.226.jpg,1,Cluster 1 (Light wood shavings)
data/raw/Salmonella/pcrsalmo.227.jpg,1,Cluster 1 (Light wood shavings)
data/raw/Salmonella/pcrsalmo.228.jpg,0,Cluster 0 (Dark soil / concrete)
data/raw/Salmonella/pcrsalmo.229.jpg,1,Cluster 1 (Light wood shavings)
data/raw/Salmonella/pcrsalmo.23.jpg,1,Cluster 1 (Light wood shavings)
data/raw/Salmonella/pcrsalmo.230.jpg,0,Cluster 0 (Dark soil / concrete)
data/raw/Salmonella/pcrsalmo.231.jpg,0,Cluster 0 (Dark soil / concrete)
data/raw/Salmonella/pcrsalmo.232.jpg,2,Cluster 2 (Reddish-brown litter)
data/raw/Salmonella/pcrsalmo.233.jpg,1,Cluster 1 (Light wood shavings)
data/raw/Salmonella/pcrsalmo.234.jpg,1,Cluster 1 (Light wood shavings)
data/raw/Salmonella/pcrsalmo.235.jpg,3,Cluster 3 (Mixed straw / pen floor)
data/raw/Salmonella/pcrsalmo.236.jpg,3,Cluster 3 (Mixed straw / pen floor)
data/raw/Salmonella/pcrsalmo.237.jpg,2,Cluster 2 (Reddish-brown litter)
data/raw/Salmonella/pcrsalmo.238.jpg,1,Cluster 1 (Light wood shavings)
data/raw/Salmonella/pcrsalmo.239.jpg,2,Cluster 2 (Reddish-brown litter)
data/raw/Salmonella/pcrsalmo.24.jpg,3,Cluster 3 (Mixed straw / pen floor)
data/raw/Salmonella/pcrsalmo.240.jpg,1,Cluster 1 (Light wood shavings)
data/raw/Salmonella/pcrsalmo.241.jpg,0,Cluster 0 (Dark soil / concrete)
data/raw/Salmonella/pcrsalmo.242.jpg,3,Cluster 3 (Mixed straw / pen floor)
data/raw/Salmonella/pcrsalmo.243.jpg,2,Cluster 2 (Reddish-brown litter)
data/raw/Salmonella/pcrsalmo.244.jpg,3,Cluster 3 (Mixed straw / pen floor)
data/raw/Salmonella/pcrsalmo.245.jpg,0,Cluster 0 (Dark soil / concrete)
data/raw/Salmonella/pcrsalmo.246.jpg,1,Cluster 1 (Light wood shavings)
data/raw/Salmonella/pcrsalmo.247.jpg,0,Cluster 0 (Dark soil / concrete)
data/raw/Salmonella/pcrsalmo.248.jpg,1,Cluster 1 (Light wood shavings)
data/raw/Salmonella/pcrsalmo.249.jpg,1,Cluster 1 (Light wood shavings)
data/raw/Salmonella/pcrsalmo.25.jpg,1,Cluster 1 (Light wood shavings)
data/raw/Salmonella/pcrsalmo.250.jpg,3,Cluster 3 (Mixed straw / pen floor)
data/raw/Salmonella/pcrsalmo.251.jpg,3,Cluster 3 (Mixed straw / pen floor)
data/raw/Salmonella/pcrsalmo.252.jpg,0,Cluster 0 (Dark soil / concrete)
data/raw/Salmonella/pcrsalmo.253.jpg,1,Cluster 1 (Light wood shavings)
data/raw/Salmonella/pcrsalmo.254.jpg,3,Cluster 3 (Mixed straw / pen floor)
data/raw/Salmonella/pcrsalmo.255.jpg,3,Cluster 3 (Mixed straw / pen floor)
data/raw/Salmonella/pcrsalmo.256.jpg,0,Cluster 0 (Dark soil / concrete)
data/raw/Salmonella/pcrsalmo.257.jpg,1,Cluster 1 (Light wood shavings)
data/raw/Salmonella/pcrsalmo.258.jpg,0,Cluster 0 (Dark soil / concrete)
data/raw/Salmonella/pcrsalmo.259.jpg,1,Cluster 1 (Light wood shavings)
data/raw/Salmonella/pcrsalmo.26.jpg,0,Cluster 0 (Dark soil / concrete)
data/raw/Salmonella/pcrsalmo.260.jpg,1,Cluster 1 (Light wood shavings)
data/raw/Salmonella/pcrsalmo.261.jpg,1,Cluster 1 (Light wood shavings)
data/raw/Salmonella/pcrsalmo.262.jpg,0,Cluster 0 (Dark soil / concrete)
data/raw/Salmonella/pcrsalmo.263.jpg,1,Cluster 1 (Light wood shavings)
data/raw/Salmonella/pcrsalmo.264.jpg,0,Cluster 0 (Dark soil / concrete)
data/raw/Salmonella/pcrsalmo.265.jpg,0,Cluster 0 (Dark soil / concrete)
data/raw/Salmonella/pcrsalmo.266.jpg,0,Cluster 0 (Dark soil / concrete)
data/raw/Salmonella/pcrsalmo.267.jpg,0,Cluster 0 (Dark soil / concrete)
data/raw/Salmonella/pcrsalmo.268.jpg,2,Cluster 2 (Reddish-brown litter)
data/raw/Salmonella/pcrsalmo.269.jpg,1,Cluster 1 (Light wood shavings)
data/raw/Salmonella/pcrsalmo.27.jpg,1,Cluster 1 (Light wood shavings)
data/raw/Salmonella/pcrsalmo.270.jpg,1,Cluster 1 (Light wood shavings)
data/raw/Salmonella/pcrsalmo.271.jpg,0,Cluster 0 (Dark soil / concrete)
data/raw/Salmonella/pcrsalmo.272.jpg,0,Cluster 0 (Dark soil / concrete)
data/raw/Salmonella/pcrsalmo.273.jpg,3,Cluster 3 (Mixed straw / pen floor)
data/raw/Salmonella/pcrsalmo.274.jpg,1,Cluster 1 (Light wood shavings)
data/raw/Salmonella/pcrsalmo.275.jpg,3,Cluster 3 (Mixed straw / pen floor)
data/raw/Salmonella/pcrsalmo.276.jpg,1,Cluster 1 (Light wood shavings)
data/raw/Salmonella/pcrsalmo.277.jpg,3,Cluster 3 (Mixed straw / pen floor)
data/raw/Salmonella/pcrsalmo.278.jpg,3,Cluster 3 (Mixed straw / pen floor)
data/raw/Salmonella/pcrsalmo.279.jpg,1,Cluster 1 (Light wood shavings)
data/raw/Salmonella/pcrsalmo.28.jpg,0,Cluster 0 (Dark soil / concrete)
data/raw/Salmonella/pcrsalmo.280.jpg,3,Cluster 3 (Mixed straw / pen floor)
data/raw/Salmonella/pcrsalmo.281.jpg,0,Cluster 0 (Dark soil / concrete)
data/raw/Salmonella/pcrsalmo.282.jpg,1,Cluster 1 (Light wood shavings)
data/raw/Salmonella/pcrsalmo.283.jpg,0,Cluster 0 (Dark soil / concrete)
data/raw/Salmonella/pcrsalmo.284.jpg,1,Cluster 1 (Light wood shavings)
data/raw/Salmonella/pcrsalmo.285.jpg,1,Cluster 1 (Light wood shavings)
data/raw/Salmonella/pcrsalmo.286.jpg,1,Cluster 1 (Light wood shavings)
data/raw/Salmonella/pcrsalmo.287.jpg,2,Cluster 2 (Reddish-brown litter)
data/raw/Salmonella/pcrsalmo.288.jpg,1,Cluster 1 (Light wood shavings)
data/raw/Salmonella/pcrsalmo.289.jpg,0,Cluster 0 (Dark soil / concrete)
data/raw/Salmonella/pcrsalmo.29.jpg,1,Cluster 1 (Light wood shavings)
data/raw/Salmonella/pcrsalmo.290.jpg,3,Cluster 3 (Mixed straw / pen floor)
data/raw/Salmonella/pcrsalmo.291.jpg,1,Cluster 1 (Light wood shavings)
data/raw/Salmonella/pcrsalmo.292.jpg,0,Cluster 0 (Dark soil / concrete)
data/raw/Salmonella/pcrsalmo.293.jpg,1,Cluster 1 (Light wood shavings)
data/raw/Salmonella/pcrsalmo.294.jpg,2,Cluster 2 (Reddish-brown litter)
data/raw/Salmonella/pcrsalmo.295.jpg,1,Cluster 1 (Light wood shavings)
data/raw/Salmonella/pcrsalmo.296.jpg,3,Cluster 3 (Mixed straw / pen floor)
data/raw/Salmonella/pcrsalmo.297.jpg,1,Cluster 1 (Light wood shavings)
data/raw/Salmonella/pcrsalmo.298.jpg,0,Cluster 0 (Dark soil / concrete)
data/raw/Salmonella/pcrsalmo.299.jpg,3,Cluster 3 (Mixed straw / pen floor)
data/raw/Salmonella/pcrsalmo.3.jpg,1,Cluster 1 (Light wood shavings)
data/raw/Salmonella/pcrsalmo.30.jpg,3,Cluster 3 (Mixed straw / pen floor)
data/raw/Salmonella/pcrsalmo.300.jpg,3,Cluster 3 (Mixed straw / pen floor)
data/raw/Salmonella/pcrsalmo.301.jpg,3,Cluster 3 (Mixed straw / pen floor)
data/raw/Salmonella/pcrsalmo.302.jpg,0,Cluster 0 (Dark soil / concrete)
data/raw/Salmonella/pcrsalmo.303.jpg,3,Cluster 3 (Mixed straw / pen floor)
data/raw/Salmonella/pcrsalmo.304.jpg,1,Cluster 1 (Light wood shavings)
data/raw/Salmonella/pcrsalmo.305.jpg,1,Cluster 1 (Light wood shavings)
data/raw/Salmonella/pcrsalmo.306.jpg,1,Cluster 1 (Light wood shavings)
data/raw/Salmonella/pcrsalmo.307.jpg,3,Cluster 3 (Mixed straw / pen floor)
data/raw/Salmonella/pcrsalmo.308.jpg,1,Cluster 1 (Light wood shavings)
data/raw/Salmonella/pcrsalmo.309.jpg,1,Cluster 1 (Light wood shavings)
data/raw/Salmonella/pcrsalmo.31.jpg,1,Cluster 1 (Light wood shavings)
data/raw/Salmonella/pcrsalmo.310.jpg,0,Cluster 0 (Dark soil / concrete)
data/raw/Salmonella/pcrsalmo.311.jpg,3,Cluster 3 (Mixed straw / pen floor)
data/raw/Salmonella/pcrsalmo.312.jpg,0,Cluster 0 (Dark soil / concrete)
data/raw/Salmonella/pcrsalmo.313.jpg,3,Cluster 3 (Mixed straw / pen floor)
data/raw/Salmonella/pcrsalmo.314.jpg,1,Cluster 1 (Light wood shavings)
data/raw/Salmonella/pcrsalmo.315.jpg,1,Cluster 1 (Light wood shavings)
data/raw/Salmonella/pcrsalmo.316.jpg,1,Cluster 1 (Light wood shavings)
data/raw/Salmonella/pcrsalmo.317.jpg,0,Cluster 0 (Dark soil / concrete)
data/raw/Salmonella/pcrsalmo.318.jpg,3,Cluster 3 (Mixed straw / pen floor)
data/raw/Salmonella/pcrsalmo.319.jpg,1,Cluster 1 (Light wood shavings)
data/raw/Salmonella/pcrsalmo.32.jpg,0,Cluster 0 (Dark soil / concrete)
data/raw/Salmonella/pcrsalmo.320.jpg,1,Cluster 1 (Light wood shavings)
data/raw/Salmonella/pcrsalmo.321.jpg,3,Cluster 3 (Mixed straw / pen floor)
data/raw/Salmonella/pcrsalmo.322.jpg,3,Cluster 3 (Mixed straw / pen floor)
data/raw/Salmonella/pcrsalmo.323.jpg,1,Cluster 1 (Light wood shavings)
data/raw/Salmonella/pcrsalmo.324.jpg,1,Cluster 1 (Light wood shavings)
data/raw/Salmonella/pcrsalmo.325.jpg,2,Cluster 2 (Reddish-brown litter)
data/raw/Salmonella/pcrsalmo.326.jpg,0,Cluster 0 (Dark soil / concrete)
data/raw/Salmonella/pcrsalmo.327.jpg,1,Cluster 1 (Light wood shavings)
data/raw/Salmonella/pcrsalmo.328.jpg,1,Cluster 1 (Light wood shavings)
data/raw/Salmonella/pcrsalmo.329.jpg,3,Cluster 3 (Mixed straw / pen floor)
data/raw/Salmonella/pcrsalmo.33.jpg,3,Cluster 3 (Mixed straw / pen floor)
data/raw/Salmonella/pcrsalmo.330.jpg,3,Cluster 3 (Mixed straw / pen floor)
data/raw/Salmonella/pcrsalmo.331.jpg,2,Cluster 2 (Reddish-brown litter)
data/raw/Salmonella/pcrsalmo.332.jpg,0,Cluster 0 (Dark soil / concrete)
data/raw/Salmonella/pcrsalmo.333.jpg,1,Cluster 1 (Light wood shavings)
data/raw/Salmonella/pcrsalmo.334.jpg,1,Cluster 1 (Light wood shavings)
data/raw/Salmonella/pcrsalmo.335.jpg,1,Cluster 1 (Light wood shavings)
data/raw/Salmonella/pcrsalmo.336.jpg,0,Cluster 0 (Dark soil / concrete)
data/raw/Salmonella/pcrsalmo.337.jpg,1,Cluster 1 (Light wood shavings)
data/raw/Salmonella/pcrsalmo.338.jpg,1,Cluster 1 (Light wood shavings)
data/raw/Salmonella/pcrsalmo.339.jpg,3,Cluster 3 (Mixed straw / pen floor)
data/raw/Salmonella/pcrsalmo.34.jpg,1,Cluster 1 (Light wood shavings)
data/raw/Salmonella/pcrsalmo.340.jpg,1,Cluster 1 (Light wood shavings)
data/raw/Salmonella/pcrsalmo.341.jpg,1,Cluster 1 (Light wood shavings)
data/raw/Salmonella/pcrsalmo.342.jpg,1,Cluster 1 (Light wood shavings)
data/raw/Salmonella/pcrsalmo.343.jpg,3,Cluster 3 (Mixed straw / pen floor)
data/raw/Salmonella/pcrsalmo.344.jpg,0,Cluster 0 (Dark soil / concrete)
data/raw/Salmonella/pcrsalmo.345.jpg,1,Cluster 1 (Light wood shavings)
data/raw/Salmonella/pcrsalmo.346.jpg,3,Cluster 3 (Mixed straw / pen floor)
data/raw/Salmonella/pcrsalmo.347.jpg,1,Cluster 1 (Light wood shavings)
data/raw/Salmonella/pcrsalmo.348.jpg,1,Cluster 1 (Light wood shavings)
data/raw/Salmonella/pcrsalmo.35.jpg,2,Cluster 2 (Reddish-brown litter)
data/raw/Salmonella/pcrsalmo.36.jpg,1,Cluster 1 (Light wood shavings)
data/raw/Salmonella/pcrsalmo.37.jpg,1,Cluster 1 (Light wood shavings)
data/raw/Salmonella/pcrsalmo.38.jpg,1,Cluster 1 (Light wood shavings)
data/raw/Salmonella/pcrsalmo.39.jpg,1,Cluster 1 (Light wood shavings)
data/raw/Salmonella/pcrsalmo.4.jpg,0,Cluster 0 (Dark soil / concrete)
data/raw/Salmonella/pcrsalmo.40.jpg,0,Cluster 0 (Dark soil / concrete)
data/raw/Salmonella/pcrsalmo.41.jpg,3,Cluster 3 (Mixed straw / pen floor)
data/raw/Salmonella/pcrsalmo.42.jpg,3,Cluster 3 (Mixed straw / pen floor)
data/raw/Salmonella/pcrsalmo.43.jpg,3,Cluster 3 (Mixed straw / pen floor)
data/raw/Salmonella/pcrsalmo.44.jpg,0,Cluster 0 (Dark soil / concrete)
data/raw/Salmonella/pcrsalmo.45.jpg,3,Cluster 3 (Mixed straw / pen floor)
data/raw/Salmonella/pcrsalmo.46.jpg,1,Cluster 1 (Light wood shavings)
data/raw/Salmonella/pcrsalmo.47.jpg,3,Cluster 3 (Mixed straw / pen floor)
data/raw/Salmonella/pcrsalmo.48.jpg,3,Cluster 3 (Mixed straw / pen floor)
data/raw/Salmonella/pcrsalmo.49.jpg,0,Cluster 0 (Dark soil / concrete)
data/raw/Salmonella/pcrsalmo.5.jpg,0,Cluster 0 (Dark soil / concrete)
data/raw/Salmonella/pcrsalmo.50.jpg,2,Cluster 2 (Reddish-brown litter)
data/raw/Salmonella/pcrsalmo.51.jpg,0,Cluster 0 (Dark soil / concrete)
data/raw/Salmonella/pcrsalmo.52.jpg,0,Cluster 0 (Dark soil / concrete)
data/raw/Salmonella/pcrsalmo.53.jpg,3,Cluster 3 (Mixed straw / pen floor)
data/raw/Salmonella/pcrsalmo.54.jpg,1,Cluster 1 (Light wood shavings)
data/raw/Salmonella/pcrsalmo.55.jpg,1,Cluster 1 (Light wood shavings)
data/raw/Salmonella/pcrsalmo.56.jpg,3,Cluster 3 (Mixed straw / pen floor)
data/raw/Salmonella/pcrsalmo.57.jpg,1,Cluster 1 (Light wood shavings)
data/raw/Salmonella/pcrsalmo.58.jpg,1,Cluster 1 (Light wood shavings)
data/raw/Salmonella/pcrsalmo.59.jpg,1,Cluster 1 (Light wood shavings)
data/raw/Salmonella/pcrsalmo.6.jpg,1,Cluster 1 (Light wood shavings)
data/raw/Salmonella/pcrsalmo.60.jpg,1,Cluster 1 (Light wood shavings)
data/raw/Salmonella/pcrsalmo.61.jpg,0,Cluster 0 (Dark soil / concrete)
data/raw/Salmonella/pcrsalmo.62.jpg,0,Cluster 0 (Dark soil / concrete)
data/raw/Salmonella/pcrsalmo.63.jpg,3,Cluster 3 (Mixed straw / pen floor)
data/raw/Salmonella/pcrsalmo.64.jpg,1,Cluster 1 (Light wood shavings)
data/raw/Salmonella/pcrsalmo.65.jpg,3,Cluster 3 (Mixed straw / pen floor)
data/raw/Salmonella/pcrsalmo.66.jpg,0,Cluster 0 (Dark soil / concrete)
data/raw/Salmonella/pcrsalmo.67.jpg,1,Cluster 1 (Light wood shavings)
data/raw/Salmonella/pcrsalmo.68.jpg,0,Cluster 0 (Dark soil / concrete)
data/raw/Salmonella/pcrsalmo.69.jpg,1,Cluster 1 (Light wood shavings)
data/raw/Salmonella/pcrsalmo.7.jpg,3,Cluster 3 (Mixed straw / pen floor)
data/raw/Salmonella/pcrsalmo.70.jpg,1,Cluster 1 (Light wood shavings)
data/raw/Salmonella/pcrsalmo.71.jpg,3,Cluster 3 (Mixed straw / pen floor)
data/raw/Salmonella/pcrsalmo.72.jpg,3,Cluster 3 (Mixed straw / pen floor)
data/raw/Salmonella/pcrsalmo.73.jpg,0,Cluster 0 (Dark soil / concrete)
data/raw/Salmonella/pcrsalmo.74.jpg,0,Cluster 0 (Dark soil / concrete)
data/raw/Salmonella/pcrsalmo.75.jpg,1,Cluster 1 (Light wood shavings)
data/raw/Salmonella/pcrsalmo.76.jpg,1,Cluster 1 (Light wood shavings)
data/raw/Salmonella/pcrsalmo.77.jpg,1,Cluster 1 (Light wood shavings)
data/raw/Salmonella/pcrsalmo.78.jpg,1,Cluster 1 (Light wood shavings)
data/raw/Salmonella/pcrsalmo.79.jpg,2,Cluster 2 (Reddish-brown litter)
data/raw/Salmonella/pcrsalmo.8.jpg,1,Cluster 1 (Light wood shavings)
data/raw/Salmonella/pcrsalmo.80.jpg,0,Cluster 0 (Dark soil / concrete)
data/raw/Salmonella/pcrsalmo.81.jpg,1,Cluster 1 (Light wood shavings)
data/raw/Salmonella/pcrsalmo.82.jpg,1,Cluster 1 (Light wood shavings)
data/raw/Salmonella/pcrsalmo.83.jpg,2,Cluster 2 (Reddish-brown litter)
data/raw/Salmonella/pcrsalmo.84.jpg,0,Cluster 0 (Dark soil / concrete)
data/raw/Salmonella/pcrsalmo.85.jpg,3,Cluster 3 (Mixed straw / pen floor)
data/raw/Salmonella/pcrsalmo.86.jpg,2,Cluster 2 (Reddish-brown litter)
data/raw/Salmonella/pcrsalmo.87.jpg,0,Cluster 0 (Dark soil / concrete)
data/raw/Salmonella/pcrsalmo.88.jpg,3,Cluster 3 (Mixed straw / pen floor)
data/raw/Salmonella/pcrsalmo.89.jpg,2,Cluster 2 (Reddish-brown litter)
data/raw/Salmonella/pcrsalmo.9.jpg,1,Cluster 1 (Light wood shavings)
data/raw/Salmonella/pcrsalmo.90.jpg,1,Cluster 1 (Light wood shavings)
data/raw/Salmonella/pcrsalmo.91.jpg,1,Cluster 1 (Light wood shavings)
data/raw/Salmonella/pcrsalmo.92.jpg,0,Cluster 0 (Dark soil / concrete)
data/raw/Salmonella/pcrsalmo.93.jpg,1,Cluster 1 (Light wood shavings)
data/raw/Salmonella/pcrsalmo.94.jpg,1,Cluster 1 (Light wood shavings)
data/raw/Salmonella/pcrsalmo.95.jpg,1,Cluster 1 (Light wood shavings)
data/raw/Salmonella/pcrsalmo.96.jpg,0,Cluster 0 (Dark soil / concrete)
data/raw/Salmonella/pcrsalmo.97.jpg,0,Cluster 0 (Dark soil / concrete)
data/raw/Salmonella/pcrsalmo.98.jpg,1,Cluster 1 (Light wood shavings)
data/raw/Salmonella/pcrsalmo.99.jpg,1,Cluster 1 (Light wood shavings)
data/raw/Salmonella/salmo.0.jpg,3,Cluster 3 (Mixed straw / pen floor)
data/raw/Salmonella/salmo.1.jpg,1,Cluster 1 (Light wood shavings)
data/raw/Salmonella/salmo.10.jpg,1,Cluster 1 (Light wood shavings)
data/raw/Salmonella/salmo.100.jpg,3,Cluster 3 (Mixed straw / pen floor)
data/raw/Salmonella/salmo.1000.jpg,3,Cluster 3 (Mixed straw / pen floor)
data/raw/Salmonella/salmo.1001.jpg,0,Cluster 0 (Dark soil / concrete)
data/raw/Salmonella/salmo.1002.jpg,1,Cluster 1 (Light wood shavings)
data/raw/Salmonella/salmo.1003.jpg,3,Cluster 3 (Mixed straw / pen floor)
data/raw/Salmonella/salmo.1004.jpg,1,Cluster 1 (Light wood shavings)
data/raw/Salmonella/salmo.1005.jpg,1,Cluster 1 (Light wood shavings)
data/raw/Salmonella/salmo.1006.jpg,1,Cluster 1 (Light wood shavings)
data/raw/Salmonella/salmo.1007.jpg,1,Cluster 1 (Light wood shavings)
data/raw/Salmonella/salmo.1008.jpg,0,Cluster 0 (Dark soil / concrete)
data/raw/Salmonella/salmo.1009.jpg,1,Cluster 1 (Light wood shavings)
data/raw/Salmonella/salmo.101.jpg,1,Cluster 1 (Light wood shavings)
data/raw/Salmonella/salmo.1010.jpg,3,Cluster 3 (Mixed straw / pen floor)
data/raw/Salmonella/salmo.1011.jpg,1,Cluster 1 (Light wood shavings)
data/raw/Salmonella/salmo.1012.jpg,1,Cluster 1 (Light wood shavings)
data/raw/Salmonella/salmo.1013.jpg,0,Cluster 0 (Dark soil / concrete)
data/raw/Salmonella/salmo.1014.jpg,1,Cluster 1 (Light wood shavings)
data/raw/Salmonella/salmo.1015.jpg,1,Cluster 1 (Light wood shavings)
data/raw/Salmonella/salmo.1016.jpg,1,Cluster 1 (Light wood shavings)
data/raw/Salmonella/salmo.1017.jpg,1,Cluster 1 (Light wood shavings)
data/raw/Salmonella/salmo.1018.jpg,1,Cluster 1 (Light wood shavings)
data/raw/Salmonella/salmo.1019.jpg,3,Cluster 3 (Mixed straw / pen floor)
data/raw/Salmonella/salmo.102.jpg,3,Cluster 3 (Mixed straw / pen floor)
data/raw/Salmonella/salmo.1020.jpg,1,Cluster 1 (Light wood shavings)
data/raw/Salmonella/salmo.1021.jpg,1,Cluster 1 (Light wood shavings)
data/raw/Salmonella/salmo.1022.jpg,1,Cluster 1 (Light wood shavings)
data/raw/Salmonella/salmo.1023.jpg,1,Cluster 1 (Light wood shavings)
data/raw/Salmonella/salmo.1024.jpg,0,Cluster 0 (Dark soil / concrete)
data/raw/Salmonella/salmo.1025.jpg,3,Cluster 3 (Mixed straw / pen floor)
data/raw/Salmonella/salmo.1026.jpg,1,Cluster 1 (Light wood shavings)
data/raw/Salmonella/salmo.1027.jpg,1,Cluster 1 (Light wood shavings)
data/raw/Salmonella/salmo.1028.jpg,3,Cluster 3 (Mixed straw / pen floor)
data/raw/Salmonella/salmo.1029.jpg,3,Cluster 3 (Mixed straw / pen floor)
data/raw/Salmonella/salmo.103.jpg,1,Cluster 1 (Light wood shavings)
data/raw/Salmonella/salmo.1030.jpg,1,Cluster 1 (Light wood shavings)
data/raw/Salmonella/salmo.1031.jpg,2,Cluster 2 (Reddish-brown litter)
data/raw/Salmonella/salmo.1032.jpg,3,Cluster 3 (Mixed straw / pen floor)
data/raw/Salmonella/salmo.1033.jpg,1,Cluster 1 (Light wood shavings)
data/raw/Salmonella/salmo.1034.jpg,2,Cluster 2 (Reddish-brown litter)
data/raw/Salmonella/salmo.1035.jpg,1,Cluster 1 (Light wood shavings)
data/raw/Salmonella/salmo.1036.jpg,2,Cluster 2 (Reddish-brown litter)
data/raw/Salmonella/salmo.1037.jpg,0,Cluster 0 (Dark soil / concrete)
data/raw/Salmonella/salmo.1038.jpg,1,Cluster 1 (Light wood shavings)
data/raw/Salmonella/salmo.1039.jpg,1,Cluster 1 (Light wood shavings)
data/raw/Salmonella/salmo.104.jpg,1,Cluster 1 (Light wood shavings)
data/raw/Salmonella/salmo.1040.jpg,1,Cluster 1 (Light wood shavings)
data/raw/Salmonella/salmo.1041.jpg,0,Cluster 0 (Dark soil / concrete)
data/raw/Salmonella/salmo.1042.jpg,0,Cluster 0 (Dark soil / concrete)
data/raw/Salmonella/salmo.1043.jpg,1,Cluster 1 (Light wood shavings)
data/raw/Salmonella/salmo.1044.jpg,1,Cluster 1 (Light wood shavings)
data/raw/Salmonella/salmo.1045.jpg,0,Cluster 0 (Dark soil / concrete)
data/raw/Salmonella/salmo.1046.jpg,1,Cluster 1 (Light wood shavings)
data/raw/Salmonella/salmo.1047.jpg,3,Cluster 3 (Mixed straw / pen floor)
data/raw/Salmonella/salmo.1048.jpg,3,Cluster 3 (Mixed straw / pen floor)
data/raw/Salmonella/salmo.1049.jpg,1,Cluster 1 (Light wood shavings)
data/raw/Salmonella/salmo.105.jpg,3,Cluster 3 (Mixed straw / pen floor)
data/raw/Salmonella/salmo.1050.jpg,3,Cluster 3 (Mixed straw / pen floor)
data/raw/Salmonella/salmo.1051.jpg,1,Cluster 1 (Light wood shavings)
data/raw/Salmonella/salmo.1052.jpg,1,Cluster 1 (Light wood shavings)
data/raw/Salmonella/salmo.1053.jpg,1,Cluster 1 (Light wood shavings)
data/raw/Salmonella/salmo.1054.jpg,1,Cluster 1 (Light wood shavings)
data/raw/Salmonella/salmo.1055.jpg,2,Cluster 2 (Reddish-brown litter)
data/raw/Salmonella/salmo.1056.jpg,1,Cluster 1 (Light wood shavings)
data/raw/Salmonella/salmo.1057.jpg,1,Cluster 1 (Light wood shavings)
data/raw/Salmonella/salmo.1058.jpg,1,Cluster 1 (Light wood shavings)
data/raw/Salmonella/salmo.1059.jpg,3,Cluster 3 (Mixed straw / pen floor)
data/raw/Salmonella/salmo.106.jpg,1,Cluster 1 (Light wood shavings)
data/raw/Salmonella/salmo.1060.jpg,1,Cluster 1 (Light wood shavings)
data/raw/Salmonella/salmo.1061.jpg,1,Cluster 1 (Light wood shavings)
data/raw/Salmonella/salmo.1062.jpg,1,Cluster 1 (Light wood shavings)
data/raw/Salmonella/salmo.1063.jpg,1,Cluster 1 (Light wood shavings)
data/raw/Salmonella/salmo.1064.jpg,1,Cluster 1 (Light wood shavings)
data/raw/Salmonella/salmo.1065.jpg,1,Cluster 1 (Light wood shavings)
data/raw/Salmonella/salmo.1066.jpg,1,Cluster 1 (Light wood shavings)
data/raw/Salmonella/salmo.1067.jpg,1,Cluster 1 (Light wood shavings)
data/raw/Salmonella/salmo.1068.jpg,2,Cluster 2 (Reddish-brown litter)
data/raw/Salmonella/salmo.1069.jpg,1,Cluster 1 (Light wood shavings)
data/raw/Salmonella/salmo.107.jpg,3,Cluster 3 (Mixed straw / pen floor)
data/raw/Salmonella/salmo.1070.jpg,1,Cluster 1 (Light wood shavings)
data/raw/Salmonella/salmo.1071.jpg,2,Cluster 2 (Reddish-brown litter)
data/raw/Salmonella/salmo.1072.jpg,2,Cluster 2 (Reddish-brown litter)
data/raw/Salmonella/salmo.1073.jpg,1,Cluster 1 (Light wood shavings)
data/raw/Salmonella/salmo.1074.jpg,1,Cluster 1 (Light wood shavings)
data/raw/Salmonella/salmo.1075.jpg,1,Cluster 1 (Light wood shavings)
data/raw/Salmonella/salmo.1076.jpg,1,Cluster 1 (Light wood shavings)
data/raw/Salmonella/salmo.1077.jpg,1,Cluster 1 (Light wood shavings)
data/raw/Salmonella/salmo.1078.jpg,1,Cluster 1 (Light wood shavings)
data/raw/Salmonella/salmo.1079.jpg,1,Cluster 1 (Light wood shavings)
data/raw/Salmonella/salmo.108.jpg,1,Cluster 1 (Light wood shavings)
data/raw/Salmonella/salmo.1080.jpg,3,Cluster 3 (Mixed straw / pen floor)
data/raw/Salmonella/salmo.1081.jpg,3,Cluster 3 (Mixed straw / pen floor)
data/raw/Salmonella/salmo.1082.jpg,3,Cluster 3 (Mixed straw / pen floor)
data/raw/Salmonella/salmo.1083.jpg,3,Cluster 3 (Mixed straw / pen floor)
data/raw/Salmonella/salmo.1084.jpg,3,Cluster 3 (Mixed straw / pen floor)
data/raw/Salmonella/salmo.1085.jpg,3,Cluster 3 (Mixed straw / pen floor)
data/raw/Salmonella/salmo.1086.jpg,1,Cluster 1 (Light wood shavings)
data/raw/Salmonella/salmo.1087.jpg,1,Cluster 1 (Light wood shavings)
data/raw/Salmonella/salmo.1088.jpg,3,Cluster 3 (Mixed straw / pen floor)
data/raw/Salmonella/salmo.1089.jpg,1,Cluster 1 (Light wood shavings)
data/raw/Salmonella/salmo.109.jpg,1,Cluster 1 (Light wood shavings)
data/raw/Salmonella/salmo.1090.jpg,1,Cluster 1 (Light wood shavings)
data/raw/Salmonella/salmo.1091.jpg,3,Cluster 3 (Mixed straw / pen floor)
data/raw/Salmonella/salmo.1092.jpg,1,Cluster 1 (Light wood shavings)
data/raw/Salmonella/salmo.1093.jpg,1,Cluster 1 (Light wood shavings)
data/raw/Salmonella/salmo.1094.jpg,3,Cluster 3 (Mixed straw / pen floor)
data/raw/Salmonella/salmo.1095.jpg,1,Cluster 1 (Light wood shavings)
data/raw/Salmonella/salmo.1096.jpg,1,Cluster 1 (Light wood shavings)
data/raw/Salmonella/salmo.1097.jpg,0,Cluster 0 (Dark soil / concrete)
data/raw/Salmonella/salmo.1098.jpg,0,Cluster 0 (Dark soil / concrete)
data/raw/Salmonella/salmo.1099.jpg,1,Cluster 1 (Light wood shavings)
data/raw/Salmonella/salmo.11.jpg,1,Cluster 1 (Light wood shavings)
data/raw/Salmonella/salmo.110.jpg,1,Cluster 1 (Light wood shavings)
data/raw/Salmonella/salmo.1100.jpg,1,Cluster 1 (Light wood shavings)
data/raw/Salmonella/salmo.1101.jpg,1,Cluster 1 (Light wood shavings)
data/raw/Salmonella/salmo.1102.jpg,2,Cluster 2 (Reddish-brown litter)
data/raw/Salmonella/salmo.1103.jpg,3,Cluster 3 (Mixed straw / pen floor)
data/raw/Salmonella/salmo.1104.jpg,3,Cluster 3 (Mixed straw / pen floor)
data/raw/Salmonella/salmo.1105.jpg,1,Cluster 1 (Light wood shavings)
data/raw/Salmonella/salmo.1106.jpg,1,Cluster 1 (Light wood shavings)
data/raw/Salmonella/salmo.1107.jpg,3,Cluster 3 (Mixed straw / pen floor)
data/raw/Salmonella/salmo.1108.jpg,3,Cluster 3 (Mixed straw / pen floor)
data/raw/Salmonella/salmo.1109.jpg,1,Cluster 1 (Light wood shavings)
data/raw/Salmonella/salmo.111.jpg,1,Cluster 1 (Light wood shavings)
data/raw/Salmonella/salmo.1110.jpg,3,Cluster 3 (Mixed straw / pen floor)
data/raw/Salmonella/salmo.1111.jpg,1,Cluster 1 (Light wood shavings)
data/raw/Salmonella/salmo.1112.jpg,1,Cluster 1 (Light wood shavings)
data/raw/Salmonella/salmo.1113.jpg,1,Cluster 1 (Light wood shavings)
data/raw/Salmonella/salmo.1114.jpg,1,Cluster 1 (Light wood shavings)
data/raw/Salmonella/salmo.1115.jpg,1,Cluster 1 (Light wood shavings)
data/raw/Salmonella/salmo.1116.jpg,1,Cluster 1 (Light wood shavings)
data/raw/Salmonella/salmo.1117.jpg,3,Cluster 3 (Mixed straw / pen floor)
data/raw/Salmonella/salmo.1118.jpg,1,Cluster 1 (Light wood shavings)
data/raw/Salmonella/salmo.1119.jpg,1,Cluster 1 (Light wood shavings)
data/raw/Salmonella/salmo.112.jpg,1,Cluster 1 (Light wood shavings)
data/raw/Salmonella/salmo.1120.jpg,1,Cluster 1 (Light wood shavings)
data/raw/Salmonella/salmo.1121.jpg,3,Cluster 3 (Mixed straw / pen floor)
data/raw/Salmonella/salmo.1122.jpg,1,Cluster 1 (Light wood shavings)
data/raw/Salmonella/salmo.1123.jpg,1,Cluster 1 (Light wood shavings)
data/raw/Salmonella/salmo.1124.jpg,1,Cluster 1 (Light wood shavings)
data/raw/Salmonella/salmo.1125.jpg,1,Cluster 1 (Light wood shavings)
data/raw/Salmonella/salmo.1126.jpg,1,Cluster 1 (Light wood shavings)
data/raw/Salmonella/salmo.1127.jpg,2,Cluster 2 (Reddish-brown litter)
data/raw/Salmonella/salmo.1128.jpg,2,Cluster 2 (Reddish-brown litter)
data/raw/Salmonella/salmo.1129.jpg,1,Cluster 1 (Light wood shavings)
data/raw/Salmonella/salmo.113.jpg,1,Cluster 1 (Light wood shavings)
data/raw/Salmonella/salmo.1130.jpg,1,Cluster 1 (Light wood shavings)
data/raw/Salmonella/salmo.1131.jpg,1,Cluster 1 (Light wood shavings)
data/raw/Salmonella/salmo.1132.jpg,1,Cluster 1 (Light wood shavings)
data/raw/Salmonella/salmo.1133.jpg,3,Cluster 3 (Mixed straw / pen floor)
data/raw/Salmonella/salmo.1134.jpg,3,Cluster 3 (Mixed straw / pen floor)
data/raw/Salmonella/salmo.1135.jpg,3,Cluster 3 (Mixed straw / pen floor)
data/raw/Salmonella/salmo.1136.jpg,0,Cluster 0 (Dark soil / concrete)
data/raw/Salmonella/salmo.1137.jpg,3,Cluster 3 (Mixed straw / pen floor)
data/raw/Salmonella/salmo.1138.jpg,3,Cluster 3 (Mixed straw / pen floor)
data/raw/Salmonella/salmo.1139.jpg,1,Cluster 1 (Light wood shavings)
data/raw/Salmonella/salmo.114.jpg,1,Cluster 1 (Light wood shavings)
data/raw/Salmonella/salmo.1140.jpg,0,Cluster 0 (Dark soil / concrete)
data/raw/Salmonella/salmo.1141.jpg,3,Cluster 3 (Mixed straw / pen floor)
data/raw/Salmonella/salmo.1142.jpg,1,Cluster 1 (Light wood shavings)
data/raw/Salmonella/salmo.1143.jpg,3,Cluster 3 (Mixed straw / pen floor)
data/raw/Salmonella/salmo.1144.jpg,2,Cluster 2 (Reddish-brown litter)
data/raw/Salmonella/salmo.1145.jpg,1,Cluster 1 (Light wood shavings)
data/raw/Salmonella/salmo.1146.jpg,2,Cluster 2 (Reddish-brown litter)
data/raw/Salmonella/salmo.1147.jpg,2,Cluster 2 (Reddish-brown litter)
data/raw/Salmonella/salmo.1148.jpg,1,Cluster 1 (Light wood shavings)
data/raw/Salmonella/salmo.1149.jpg,1,Cluster 1 (Light wood shavings)
data/raw/Salmonella/salmo.115.jpg,2,Cluster 2 (Reddish-brown litter)
data/raw/Salmonella/salmo.1150.jpg,3,Cluster 3 (Mixed straw / pen floor)
data/raw/Salmonella/salmo.1151.jpg,1,Cluster 1 (Light wood shavings)
data/raw/Salmonella/salmo.1152.jpg,1,Cluster 1 (Light wood shavings)
data/raw/Salmonella/salmo.1153.jpg,0,Cluster 0 (Dark soil / concrete)
data/raw/Salmonella/salmo.1154.jpg,2,Cluster 2 (Reddish-brown litter)
data/raw/Salmonella/salmo.1155.jpg,1,Cluster 1 (Light wood shavings)
data/raw/Salmonella/salmo.1156.jpg,1,Cluster 1 (Light wood shavings)
data/raw/Salmonella/salmo.1157.jpg,1,Cluster 1 (Light wood shavings)
data/raw/Salmonella/salmo.1158.jpg,1,Cluster 1 (Light wood shavings)
data/raw/Salmonella/salmo.1159.jpg,1,Cluster 1 (Light wood shavings)
data/raw/Salmonella/salmo.116.jpg,0,Cluster 0 (Dark soil / concrete)
data/raw/Salmonella/salmo.1160.jpg,1,Cluster 1 (Light wood shavings)
data/raw/Salmonella/salmo.1161.jpg,1,Cluster 1 (Light wood shavings)
data/raw/Salmonella/salmo.1162.jpg,1,Cluster 1 (Light wood shavings)
data/raw/Salmonella/salmo.1163.jpg,3,Cluster 3 (Mixed straw / pen floor)
data/raw/Salmonella/salmo.1164.jpg,1,Cluster 1 (Light wood shavings)
data/raw/Salmonella/salmo.1165.jpg,3,Cluster 3 (Mixed straw / pen floor)
data/raw/Salmonella/salmo.1166.jpg,1,Cluster 1 (Light wood shavings)
data/raw/Salmonella/salmo.1167.jpg,3,Cluster 3 (Mixed straw / pen floor)
data/raw/Salmonella/salmo.1168.jpg,1,Cluster 1 (Light wood shavings)
data/raw/Salmonella/salmo.1169.jpg,3,Cluster 3 (Mixed straw / pen floor)
data/raw/Salmonella/salmo.117.jpg,1,Cluster 1 (Light wood shavings)
data/raw/Salmonella/salmo.1170.jpg,0,Cluster 0 (Dark soil / concrete)
data/raw/Salmonella/salmo.1171.jpg,1,Cluster 1 (Light wood shavings)
data/raw/Salmonella/salmo.1172.jpg,1,Cluster 1 (Light wood shavings)
data/raw/Salmonella/salmo.1173.jpg,3,Cluster 3 (Mixed straw / pen floor)
data/raw/Salmonella/salmo.1174.jpg,0,Cluster 0 (Dark soil / concrete)
data/raw/Salmonella/salmo.1175.jpg,3,Cluster 3 (Mixed straw / pen floor)
data/raw/Salmonella/salmo.1176.jpg,1,Cluster 1 (Light wood shavings)
data/raw/Salmonella/salmo.1177.jpg,1,Cluster 1 (Light wood shavings)
data/raw/Salmonella/salmo.1178.jpg,3,Cluster 3 (Mixed straw / pen floor)
data/raw/Salmonella/salmo.1179.jpg,1,Cluster 1 (Light wood shavings)
data/raw/Salmonella/salmo.118.jpg,1,Cluster 1 (Light wood shavings)
data/raw/Salmonella/salmo.1180.jpg,0,Cluster 0 (Dark soil / concrete)
data/raw/Salmonella/salmo.1181.jpg,1,Cluster 1 (Light wood shavings)
data/raw/Salmonella/salmo.1182.jpg,1,Cluster 1 (Light wood shavings)
data/raw/Salmonella/salmo.1183.jpg,1,Cluster 1 (Light wood shavings)
data/raw/Salmonella/salmo.1184.jpg,1,Cluster 1 (Light wood shavings)
data/raw/Salmonella/salmo.1185.jpg,2,Cluster 2 (Reddish-brown litter)
data/raw/Salmonella/salmo.1186.jpg,1,Cluster 1 (Light wood shavings)
data/raw/Salmonella/salmo.1187.jpg,1,Cluster 1 (Light wood shavings)
data/raw/Salmonella/salmo.1188.jpg,1,Cluster 1 (Light wood shavings)
data/raw/Salmonella/salmo.1189.jpg,1,Cluster 1 (Light wood shavings)
data/raw/Salmonella/salmo.119.jpg,1,Cluster 1 (Light wood shavings)
data/raw/Salmonella/salmo.1190.jpg,1,Cluster 1 (Light wood shavings)
data/raw/Salmonella/salmo.1191.jpg,3,Cluster 3 (Mixed straw / pen floor)
data/raw/Salmonella/salmo.1192.jpg,1,Cluster 1 (Light wood shavings)
data/raw/Salmonella/salmo.1193.jpg,0,Cluster 0 (Dark soil / concrete)
data/raw/Salmonella/salmo.1194.jpg,1,Cluster 1 (Light wood shavings)
data/raw/Salmonella/salmo.1195.jpg,3,Cluster 3 (Mixed straw / pen floor)
data/raw/Salmonella/salmo.1196.jpg,1,Cluster 1 (Light wood shavings)
data/raw/Salmonella/salmo.1197.jpg,1,Cluster 1 (Light wood shavings)
data/raw/Salmonella/salmo.1198.jpg,1,Cluster 1 (Light wood shavings)
data/raw/Salmonella/salmo.1199.jpg,3,Cluster 3 (Mixed straw / pen floor)
data/raw/Salmonella/salmo.12.jpg,1,Cluster 1 (Light wood shavings)
data/raw/Salmonella/salmo.120.jpg,1,Cluster 1 (Light wood shavings)
data/raw/Salmonella/salmo.1200.jpg,2,Cluster 2 (Reddish-brown litter)
data/raw/Salmonella/salmo.1201.jpg,0,Cluster 0 (Dark soil / concrete)
data/raw/Salmonella/salmo.1202.jpg,1,Cluster 1 (Light wood shavings)
data/raw/Salmonella/salmo.1203.jpg,2,Cluster 2 (Reddish-brown litter)
data/raw/Salmonella/salmo.1204.jpg,3,Cluster 3 (Mixed straw / pen floor)
data/raw/Salmonella/salmo.1205.jpg,2,Cluster 2 (Reddish-brown litter)
data/raw/Salmonella/salmo.1206.jpg,0,Cluster 0 (Dark soil / concrete)
data/raw/Salmonella/salmo.1207.jpg,1,Cluster 1 (Light wood shavings)
data/raw/Salmonella/salmo.1208.jpg,3,Cluster 3 (Mixed straw / pen floor)
data/raw/Salmonella/salmo.1209.jpg,1,Cluster 1 (Light wood shavings)
data/raw/Salmonella/salmo.121.jpg,3,Cluster 3 (Mixed straw / pen floor)
data/raw/Salmonella/salmo.1210.jpg,1,Cluster 1 (Light wood shavings)
data/raw/Salmonella/salmo.1211.jpg,1,Cluster 1 (Light wood shavings)
data/raw/Salmonella/salmo.1212.jpg,1,Cluster 1 (Light wood shavings)
data/raw/Salmonella/salmo.1213.jpg,1,Cluster 1 (Light wood shavings)
data/raw/Salmonella/salmo.1214.jpg,0,Cluster 0 (Dark soil / concrete)
data/raw/Salmonella/salmo.1215.jpg,2,Cluster 2 (Reddish-brown litter)
data/raw/Salmonella/salmo.1216.jpg,1,Cluster 1 (Light wood shavings)
data/raw/Salmonella/salmo.1217.jpg,3,Cluster 3 (Mixed straw / pen floor)
data/raw/Salmonella/salmo.1218.jpg,1,Cluster 1 (Light wood shavings)
data/raw/Salmonella/salmo.1219.jpg,3,Cluster 3 (Mixed straw / pen floor)
data/raw/Salmonella/salmo.122.jpg,1,Cluster 1 (Light wood shavings)
data/raw/Salmonella/salmo.1220.jpg,2,Cluster 2 (Reddish-brown litter)
data/raw/Salmonella/salmo.1221.jpg,1,Cluster 1 (Light wood shavings)
data/raw/Salmonella/salmo.1222.jpg,2,Cluster 2 (Reddish-brown litter)
data/raw/Salmonella/salmo.1223.jpg,1,Cluster 1 (Light wood shavings)
data/raw/Salmonella/salmo.1224.jpg,3,Cluster 3 (Mixed straw / pen floor)
data/raw/Salmonella/salmo.1225.jpg,2,Cluster 2 (Reddish-brown litter)
data/raw/Salmonella/salmo.1226.jpg,0,Cluster 0 (Dark soil / concrete)
data/raw/Salmonella/salmo.1227.jpg,1,Cluster 1 (Light wood shavings)
data/raw/Salmonella/salmo.1228.jpg,1,Cluster 1 (Light wood shavings)
data/raw/Salmonella/salmo.1229.jpg,1,Cluster 1 (Light wood shavings)
data/raw/Salmonella/salmo.123.jpg,1,Cluster 1 (Light wood shavings)
data/raw/Salmonella/salmo.1230.jpg,3,Cluster 3 (Mixed straw / pen floor)
data/raw/Salmonella/salmo.1231.jpg,1,Cluster 1 (Light wood shavings)
data/raw/Salmonella/salmo.1232.jpg,0,Cluster 0 (Dark soil / concrete)
data/raw/Salmonella/salmo.1233.jpg,2,Cluster 2 (Reddish-brown litter)
data/raw/Salmonella/salmo.1234.jpg,3,Cluster 3 (Mixed straw / pen floor)
data/raw/Salmonella/salmo.1235.jpg,1,Cluster 1 (Light wood shavings)
data/raw/Salmonella/salmo.1236.jpg,1,Cluster 1 (Light wood shavings)
data/raw/Salmonella/salmo.1237.jpg,1,Cluster 1 (Light wood shavings)
data/raw/Salmonella/salmo.1238.jpg,1,Cluster 1 (Light wood shavings)
data/raw/Salmonella/salmo.1239.jpg,0,Cluster 0 (Dark soil / concrete)
data/raw/Salmonella/salmo.124.jpg,1,Cluster 1 (Light wood shavings)
data/raw/Salmonella/salmo.1240.jpg,1,Cluster 1 (Light wood shavings)
data/raw/Salmonella/salmo.1241.jpg,3,Cluster 3 (Mixed straw / pen floor)
data/raw/Salmonella/salmo.1242.jpg,2,Cluster 2 (Reddish-brown litter)
data/raw/Salmonella/salmo.1243.jpg,3,Cluster 3 (Mixed straw / pen floor)
data/raw/Salmonella/salmo.1244.jpg,3,Cluster 3 (Mixed straw / pen floor)
data/raw/Salmonella/salmo.1245.jpg,3,Cluster 3 (Mixed straw / pen floor)
data/raw/Salmonella/salmo.1246.jpg,1,Cluster 1 (Light wood shavings)
data/raw/Salmonella/salmo.1247.jpg,0,Cluster 0 (Dark soil / concrete)
data/raw/Salmonella/salmo.1248.jpg,3,Cluster 3 (Mixed straw / pen floor)
data/raw/Salmonella/salmo.1249.jpg,1,Cluster 1 (Light wood shavings)
data/raw/Salmonella/salmo.125.jpg,3,Cluster 3 (Mixed straw / pen floor)
data/raw/Salmonella/salmo.1250.jpg,1,Cluster 1 (Light wood shavings)
data/raw/Salmonella/salmo.1251.jpg,3,Cluster 3 (Mixed straw / pen floor)
data/raw/Salmonella/salmo.1252.jpg,2,Cluster 2 (Reddish-brown litter)
data/raw/Salmonella/salmo.1253.jpg,0,Cluster 0 (Dark soil / concrete)
data/raw/Salmonella/salmo.1254.jpg,1,Cluster 1 (Light wood shavings)
data/raw/Salmonella/salmo.1255.jpg,1,Cluster 1 (Light wood shavings)
data/raw/Salmonella/salmo.1256.jpg,3,Cluster 3 (Mixed straw / pen floor)
data/raw/Salmonella/salmo.1257.jpg,3,Cluster 3 (Mixed straw / pen floor)
data/raw/Salmonella/salmo.1258.jpg,3,Cluster 3 (Mixed straw / pen floor)
data/raw/Salmonella/salmo.1259.jpg,1,Cluster 1 (Light wood shavings)
data/raw/Salmonella/salmo.126.jpg,3,Cluster 3 (Mixed straw / pen floor)
data/raw/Salmonella/salmo.1260.jpg,1,Cluster 1 (Light wood shavings)
data/raw/Salmonella/salmo.1261.jpg,1,Cluster 1 (Light wood shavings)
data/raw/Salmonella/salmo.1262.jpg,1,Cluster 1 (Light wood shavings)
data/raw/Salmonella/salmo.1263.jpg,3,Cluster 3 (Mixed straw / pen floor)
data/raw/Salmonella/salmo.1264.jpg,3,Cluster 3 (Mixed straw / pen floor)
data/raw/Salmonella/salmo.1265.jpg,1,Cluster 1 (Light wood shavings)
data/raw/Salmonella/salmo.1266.jpg,3,Cluster 3 (Mixed straw / pen floor)
data/raw/Salmonella/salmo.1267.jpg,3,Cluster 3 (Mixed straw / pen floor)
data/raw/Salmonella/salmo.1268.jpg,1,Cluster 1 (Light wood shavings)
data/raw/Salmonella/salmo.1269.jpg,0,Cluster 0 (Dark soil / concrete)
data/raw/Salmonella/salmo.127.jpg,1,Cluster 1 (Light wood shavings)
data/raw/Salmonella/salmo.1270.jpg,1,Cluster 1 (Light wood shavings)
data/raw/Salmonella/salmo.1271.jpg,3,Cluster 3 (Mixed straw / pen floor)
data/raw/Salmonella/salmo.1272.jpg,1,Cluster 1 (Light wood shavings)
data/raw/Salmonella/salmo.1273.jpg,3,Cluster 3 (Mixed straw / pen floor)
data/raw/Salmonella/salmo.1274.jpg,1,Cluster 1 (Light wood shavings)
data/raw/Salmonella/salmo.1275.jpg,3,Cluster 3 (Mixed straw / pen floor)
data/raw/Salmonella/salmo.1276.jpg,1,Cluster 1 (Light wood shavings)
data/raw/Salmonella/salmo.1277.jpg,1,Cluster 1 (Light wood shavings)
data/raw/Salmonella/salmo.1278.jpg,0,Cluster 0 (Dark soil / concrete)
data/raw/Salmonella/salmo.1279.jpg,2,Cluster 2 (Reddish-brown litter)
data/raw/Salmonella/salmo.128.jpg,1,Cluster 1 (Light wood shavings)
data/raw/Salmonella/salmo.1280.jpg,1,Cluster 1 (Light wood shavings)
data/raw/Salmonella/salmo.1281.jpg,0,Cluster 0 (Dark soil / concrete)
data/raw/Salmonella/salmo.1282.jpg,1,Cluster 1 (Light wood shavings)
data/raw/Salmonella/salmo.1283.jpg,0,Cluster 0 (Dark soil / concrete)
data/raw/Salmonella/salmo.1284.jpg,1,Cluster 1 (Light wood shavings)
data/raw/Salmonella/salmo.1285.jpg,1,Cluster 1 (Light wood shavings)
data/raw/Salmonella/salmo.1286.jpg,1,Cluster 1 (Light wood shavings)
data/raw/Salmonella/salmo.1287.jpg,1,Cluster 1 (Light wood shavings)
data/raw/Salmonella/salmo.1288.jpg,3,Cluster 3 (Mixed straw / pen floor)
data/raw/Salmonella/salmo.1289.jpg,1,Cluster 1 (Light wood shavings)
data/raw/Salmonella/salmo.129.jpg,3,Cluster 3 (Mixed straw / pen floor)
data/raw/Salmonella/salmo.1290.jpg,1,Cluster 1 (Light wood shavings)
data/raw/Salmonella/salmo.1291.jpg,1,Cluster 1 (Light wood shavings)
data/raw/Salmonella/salmo.1292.jpg,1,Cluster 1 (Light wood shavings)
data/raw/Salmonella/salmo.1293.jpg,3,Cluster 3 (Mixed straw / pen floor)
data/raw/Salmonella/salmo.1294.jpg,1,Cluster 1 (Light wood shavings)
data/raw/Salmonella/salmo.1295.jpg,1,Cluster 1 (Light wood shavings)
data/raw/Salmonella/salmo.1296.jpg,1,Cluster 1 (Light wood shavings)
data/raw/Salmonella/salmo.1297.jpg,0,Cluster 0 (Dark soil / concrete)
data/raw/Salmonella/salmo.1298.jpg,2,Cluster 2 (Reddish-brown litter)
data/raw/Salmonella/salmo.1299.jpg,1,Cluster 1 (Light wood shavings)
data/raw/Salmonella/salmo.13.jpg,3,Cluster 3 (Mixed straw / pen floor)
data/raw/Salmonella/salmo.130.jpg,0,Cluster 0 (Dark soil / concrete)
data/raw/Salmonella/salmo.1300.jpg,1,Cluster 1 (Light wood shavings)
data/raw/Salmonella/salmo.1301.jpg,0,Cluster 0 (Dark soil / concrete)
data/raw/Salmonella/salmo.1302.jpg,3,Cluster 3 (Mixed straw / pen floor)
data/raw/Salmonella/salmo.1303.jpg,1,Cluster 1 (Light wood shavings)
data/raw/Salmonella/salmo.1304.jpg,1,Cluster 1 (Light wood shavings)
data/raw/Salmonella/salmo.1305.jpg,1,Cluster 1 (Light wood shavings)
data/raw/Salmonella/salmo.1306.jpg,2,Cluster 2 (Reddish-brown litter)
data/raw/Salmonella/salmo.1307.jpg,2,Cluster 2 (Reddish-brown litter)
data/raw/Salmonella/salmo.1308.jpg,1,Cluster 1 (Light wood shavings)
data/raw/Salmonella/salmo.1309.jpg,1,Cluster 1 (Light wood shavings)
data/raw/Salmonella/salmo.131.jpg,3,Cluster 3 (Mixed straw / pen floor)
data/raw/Salmonella/salmo.1310.jpg,1,Cluster 1 (Light wood shavings)
data/raw/Salmonella/salmo.1311.jpg,3,Cluster 3 (Mixed straw / pen floor)
data/raw/Salmonella/salmo.1312.jpg,1,Cluster 1 (Light wood shavings)
data/raw/Salmonella/salmo.1313.jpg,2,Cluster 2 (Reddish-brown litter)
data/raw/Salmonella/salmo.1314.jpg,1,Cluster 1 (Light wood shavings)
data/raw/Salmonella/salmo.1315.jpg,1,Cluster 1 (Light wood shavings)
data/raw/Salmonella/salmo.1316.jpg,1,Cluster 1 (Light wood shavings)
data/raw/Salmonella/salmo.1317.jpg,3,Cluster 3 (Mixed straw / pen floor)
data/raw/Salmonella/salmo.1318.jpg,0,Cluster 0 (Dark soil / concrete)
data/raw/Salmonella/salmo.1319.jpg,2,Cluster 2 (Reddish-brown litter)
data/raw/Salmonella/salmo.132.jpg,1,Cluster 1 (Light wood shavings)
data/raw/Salmonella/salmo.1320.jpg,1,Cluster 1 (Light wood shavings)
data/raw/Salmonella/salmo.1321.jpg,2,Cluster 2 (Reddish-brown litter)
data/raw/Salmonella/salmo.1322.jpg,1,Cluster 1 (Light wood shavings)
data/raw/Salmonella/salmo.1323.jpg,1,Cluster 1 (Light wood shavings)
data/raw/Salmonella/salmo.1324.jpg,3,Cluster 3 (Mixed straw / pen floor)
data/raw/Salmonella/salmo.1325.jpg,3,Cluster 3 (Mixed straw / pen floor)
data/raw/Salmonella/salmo.1326.jpg,3,Cluster 3 (Mixed straw / pen floor)
data/raw/Salmonella/salmo.1327.jpg,1,Cluster 1 (Light wood shavings)
data/raw/Salmonella/salmo.1328.jpg,3,Cluster 3 (Mixed straw / pen floor)
data/raw/Salmonella/salmo.1329.jpg,0,Cluster 0 (Dark soil / concrete)
data/raw/Salmonella/salmo.133.jpg,3,Cluster 3 (Mixed straw / pen floor)
data/raw/Salmonella/salmo.1330.jpg,3,Cluster 3 (Mixed straw / pen floor)
data/raw/Salmonella/salmo.1331.jpg,3,Cluster 3 (Mixed straw / pen floor)
data/raw/Salmonella/salmo.1332.jpg,3,Cluster 3 (Mixed straw / pen floor)
data/raw/Salmonella/salmo.1333.jpg,3,Cluster 3 (Mixed straw / pen floor)
data/raw/Salmonella/salmo.1334.jpg,1,Cluster 1 (Light wood shavings)
data/raw/Salmonella/salmo.1335.jpg,1,Cluster 1 (Light wood shavings)
data/raw/Salmonella/salmo.1336.jpg,3,Cluster 3 (Mixed straw / pen floor)
data/raw/Salmonella/salmo.1337.jpg,3,Cluster 3 (Mixed straw / pen floor)
data/raw/Salmonella/salmo.1338.jpg,3,Cluster 3 (Mixed straw / pen floor)
data/raw/Salmonella/salmo.1339.jpg,1,Cluster 1 (Light wood shavings)
data/raw/Salmonella/salmo.134.jpg,1,Cluster 1 (Light wood shavings)
data/raw/Salmonella/salmo.1340.jpg,1,Cluster 1 (Light wood shavings)
data/raw/Salmonella/salmo.1341.jpg,0,Cluster 0 (Dark soil / concrete)
data/raw/Salmonella/salmo.1342.jpg,3,Cluster 3 (Mixed straw / pen floor)
data/raw/Salmonella/salmo.1343.jpg,1,Cluster 1 (Light wood shavings)
data/raw/Salmonella/salmo.1344.jpg,1,Cluster 1 (Light wood shavings)
data/raw/Salmonella/salmo.1345.jpg,0,Cluster 0 (Dark soil / concrete)
data/raw/Salmonella/salmo.1346.jpg,3,Cluster 3 (Mixed straw / pen floor)
data/raw/Salmonella/salmo.1347.jpg,2,Cluster 2 (Reddish-brown litter)
data/raw/Salmonella/salmo.1348.jpg,1,Cluster 1 (Light wood shavings)
data/raw/Salmonella/salmo.1349.jpg,3,Cluster 3 (Mixed straw / pen floor)
data/raw/Salmonella/salmo.135.jpg,1,Cluster 1 (Light wood shavings)
data/raw/Salmonella/salmo.1350.jpg,1,Cluster 1 (Light wood shavings)
data/raw/Salmonella/salmo.1351.jpg,3,Cluster 3 (Mixed straw / pen floor)
data/raw/Salmonella/salmo.1352.jpg,1,Cluster 1 (Light wood shavings)
data/raw/Salmonella/salmo.1353.jpg,1,Cluster 1 (Light wood shavings)
data/raw/Salmonella/salmo.1354.jpg,1,Cluster 1 (Light wood shavings)
data/raw/Salmonella/salmo.1355.jpg,1,Cluster 1 (Light wood shavings)
data/raw/Salmonella/salmo.1356.jpg,1,Cluster 1 (Light wood shavings)
data/raw/Salmonella/salmo.1357.jpg,1,Cluster 1 (Light wood shavings)
data/raw/Salmonella/salmo.1358.jpg,0,Cluster 0 (Dark soil / concrete)
data/raw/Salmonella/salmo.1359.jpg,1,Cluster 1 (Light wood shavings)
data/raw/Salmonella/salmo.136.jpg,0,Cluster 0 (Dark soil / concrete)
data/raw/Salmonella/salmo.1360.jpg,1,Cluster 1 (Light wood shavings)
data/raw/Salmonella/salmo.1361.jpg,0,Cluster 0 (Dark soil / concrete)
data/raw/Salmonella/salmo.1362.jpg,1,Cluster 1 (Light wood shavings)
data/raw/Salmonella/salmo.1363.jpg,3,Cluster 3 (Mixed straw / pen floor)
data/raw/Salmonella/salmo.1364.jpg,1,Cluster 1 (Light wood shavings)
data/raw/Salmonella/salmo.1365.jpg,1,Cluster 1 (Light wood shavings)
data/raw/Salmonella/salmo.1366.jpg,1,Cluster 1 (Light wood shavings)
data/raw/Salmonella/salmo.1367.jpg,3,Cluster 3 (Mixed straw / pen floor)
data/raw/Salmonella/salmo.1368.jpg,3,Cluster 3 (Mixed straw / pen floor)
data/raw/Salmonella/salmo.1369.jpg,1,Cluster 1 (Light wood shavings)
data/raw/Salmonella/salmo.137.jpg,0,Cluster 0 (Dark soil / concrete)
data/raw/Salmonella/salmo.1370.jpg,0,Cluster 0 (Dark soil / concrete)
data/raw/Salmonella/salmo.1371.jpg,1,Cluster 1 (Light wood shavings)
data/raw/Salmonella/salmo.1372.jpg,3,Cluster 3 (Mixed straw / pen floor)
data/raw/Salmonella/salmo.1373.jpg,3,Cluster 3 (Mixed straw / pen floor)
data/raw/Salmonella/salmo.1374.jpg,3,Cluster 3 (Mixed straw / pen floor)
data/raw/Salmonella/salmo.1375.jpg,2,Cluster 2 (Reddish-brown litter)
data/raw/Salmonella/salmo.1376.jpg,1,Cluster 1 (Light wood shavings)
data/raw/Salmonella/salmo.1377.jpg,1,Cluster 1 (Light wood shavings)
data/raw/Salmonella/salmo.1378.jpg,1,Cluster 1 (Light wood shavings)
data/raw/Salmonella/salmo.1379.jpg,1,Cluster 1 (Light wood shavings)
data/raw/Salmonella/salmo.138.jpg,1,Cluster 1 (Light wood shavings)
data/raw/Salmonella/salmo.1380.jpg,2,Cluster 2 (Reddish-brown litter)
data/raw/Salmonella/salmo.1381.jpg,2,Cluster 2 (Reddish-brown litter)
data/raw/Salmonella/salmo.1382.jpg,2,Cluster 2 (Reddish-brown litter)
data/raw/Salmonella/salmo.1383.jpg,1,Cluster 1 (Light wood shavings)
data/raw/Salmonella/salmo.1384.jpg,2,Cluster 2 (Reddish-brown litter)
data/raw/Salmonella/salmo.1385.jpg,1,Cluster 1 (Light wood shavings)
data/raw/Salmonella/salmo.1386.jpg,3,Cluster 3 (Mixed straw / pen floor)
data/raw/Salmonella/salmo.1387.jpg,0,Cluster 0 (Dark soil / concrete)
data/raw/Salmonella/salmo.1388.jpg,1,Cluster 1 (Light wood shavings)
data/raw/Salmonella/salmo.1389.jpg,2,Cluster 2 (Reddish-brown litter)
data/raw/Salmonella/salmo.139.jpg,1,Cluster 1 (Light wood shavings)
data/raw/Salmonella/salmo.1390.jpg,1,Cluster 1 (Light wood shavings)
data/raw/Salmonella/salmo.1391.jpg,2,Cluster 2 (Reddish-brown litter)
data/raw/Salmonella/salmo.1392.jpg,3,Cluster 3 (Mixed straw / pen floor)
data/raw/Salmonella/salmo.1393.jpg,0,Cluster 0 (Dark soil / concrete)
data/raw/Salmonella/salmo.1394.jpg,1,Cluster 1 (Light wood shavings)
data/raw/Salmonella/salmo.1395.jpg,1,Cluster 1 (Light wood shavings)
data/raw/Salmonella/salmo.1396.jpg,0,Cluster 0 (Dark soil / concrete)
data/raw/Salmonella/salmo.1397.jpg,1,Cluster 1 (Light wood shavings)
data/raw/Salmonella/salmo.1398.jpg,1,Cluster 1 (Light wood shavings)
data/raw/Salmonella/salmo.1399.jpg,1,Cluster 1 (Light wood shavings)
data/raw/Salmonella/salmo.14.jpg,2,Cluster 2 (Reddish-brown litter)
data/raw/Salmonella/salmo.140.jpg,1,Cluster 1 (Light wood shavings)
data/raw/Salmonella/salmo.1400.jpg,0,Cluster 0 (Dark soil / concrete)
data/raw/Salmonella/salmo.1401.jpg,1,Cluster 1 (Light wood shavings)
data/raw/Salmonella/salmo.1402.jpg,1,Cluster 1 (Light wood shavings)
data/raw/Salmonella/salmo.1403.jpg,1,Cluster 1 (Light wood shavings)
data/raw/Salmonella/salmo.1404.jpg,1,Cluster 1 (Light wood shavings)
data/raw/Salmonella/salmo.1405.jpg,1,Cluster 1 (Light wood shavings)
data/raw/Salmonella/salmo.1406.jpg,1,Cluster 1 (Light wood shavings)
data/raw/Salmonella/salmo.1407.jpg,1,Cluster 1 (Light wood shavings)
data/raw/Salmonella/salmo.1408.jpg,1,Cluster 1 (Light wood shavings)
data/raw/Salmonella/salmo.1409.jpg,2,Cluster 2 (Reddish-brown litter)
data/raw/Salmonella/salmo.141.jpg,1,Cluster 1 (Light wood shavings)
data/raw/Salmonella/salmo.1410.jpg,0,Cluster 0 (Dark soil / concrete)
data/raw/Salmonella/salmo.1411.jpg,1,Cluster 1 (Light wood shavings)
data/raw/Salmonella/salmo.1412.jpg,0,Cluster 0 (Dark soil / concrete)
data/raw/Salmonella/salmo.1413.jpg,1,Cluster 1 (Light wood shavings)
data/raw/Salmonella/salmo.1414.jpg,0,Cluster 0 (Dark soil / concrete)
data/raw/Salmonella/salmo.1415.jpg,3,Cluster 3 (Mixed straw / pen floor)
data/raw/Salmonella/salmo.1416.jpg,1,Cluster 1 (Light wood shavings)
data/raw/Salmonella/salmo.1417.jpg,0,Cluster 0 (Dark soil / concrete)
data/raw/Salmonella/salmo.1418.jpg,1,Cluster 1 (Light wood shavings)
data/raw/Salmonella/salmo.1419.jpg,3,Cluster 3 (Mixed straw / pen floor)
data/raw/Salmonella/salmo.142.jpg,1,Cluster 1 (Light wood shavings)
data/raw/Salmonella/salmo.1420.jpg,3,Cluster 3 (Mixed straw / pen floor)
data/raw/Salmonella/salmo.1421.jpg,3,Cluster 3 (Mixed straw / pen floor)
data/raw/Salmonella/salmo.1422.jpg,1,Cluster 1 (Light wood shavings)
data/raw/Salmonella/salmo.1423.jpg,1,Cluster 1 (Light wood shavings)
data/raw/Salmonella/salmo.1424.jpg,2,Cluster 2 (Reddish-brown litter)
data/raw/Salmonella/salmo.1425.jpg,3,Cluster 3 (Mixed straw / pen floor)
data/raw/Salmonella/salmo.1426.jpg,1,Cluster 1 (Light wood shavings)
data/raw/Salmonella/salmo.1427.jpg,0,Cluster 0 (Dark soil / concrete)
data/raw/Salmonella/salmo.1428.jpg,0,Cluster 0 (Dark soil / concrete)
data/raw/Salmonella/salmo.1429.jpg,3,Cluster 3 (Mixed straw / pen floor)
data/raw/Salmonella/salmo.143.jpg,1,Cluster 1 (Light wood shavings)
data/raw/Salmonella/salmo.1430.jpg,1,Cluster 1 (Light wood shavings)
data/raw/Salmonella/salmo.1431.jpg,3,Cluster 3 (Mixed straw / pen floor)
data/raw/Salmonella/salmo.1432.jpg,1,Cluster 1 (Light wood shavings)
data/raw/Salmonella/salmo.1433.jpg,1,Cluster 1 (Light wood shavings)
data/raw/Salmonella/salmo.1434.jpg,3,Cluster 3 (Mixed straw / pen floor)
data/raw/Salmonella/salmo.1435.jpg,1,Cluster 1 (Light wood shavings)
data/raw/Salmonella/salmo.1436.jpg,1,Cluster 1 (Light wood shavings)
data/raw/Salmonella/salmo.1437.jpg,2,Cluster 2 (Reddish-brown litter)
data/raw/Salmonella/salmo.1438.jpg,1,Cluster 1 (Light wood shavings)
data/raw/Salmonella/salmo.1439.jpg,1,Cluster 1 (Light wood shavings)
data/raw/Salmonella/salmo.144.jpg,0,Cluster 0 (Dark soil / concrete)
data/raw/Salmonella/salmo.1440.jpg,1,Cluster 1 (Light wood shavings)
data/raw/Salmonella/salmo.1441.jpg,1,Cluster 1 (Light wood shavings)
data/raw/Salmonella/salmo.1442.jpg,3,Cluster 3 (Mixed straw / pen floor)
data/raw/Salmonella/salmo.1443.jpg,2,Cluster 2 (Reddish-brown litter)
data/raw/Salmonella/salmo.1444.jpg,3,Cluster 3 (Mixed straw / pen floor)
data/raw/Salmonella/salmo.1445.jpg,1,Cluster 1 (Light wood shavings)
data/raw/Salmonella/salmo.1446.jpg,1,Cluster 1 (Light wood shavings)
data/raw/Salmonella/salmo.1447.jpg,1,Cluster 1 (Light wood shavings)
data/raw/Salmonella/salmo.1448.jpg,0,Cluster 0 (Dark soil / concrete)
data/raw/Salmonella/salmo.1449.jpg,1,Cluster 1 (Light wood shavings)
data/raw/Salmonella/salmo.145.jpg,1,Cluster 1 (Light wood shavings)
data/raw/Salmonella/salmo.1450.jpg,1,Cluster 1 (Light wood shavings)
data/raw/Salmonella/salmo.1451.jpg,1,Cluster 1 (Light wood shavings)
data/raw/Salmonella/salmo.1452.jpg,1,Cluster 1 (Light wood shavings)
data/raw/Salmonella/salmo.1453.jpg,1,Cluster 1 (Light wood shavings)
data/raw/Salmonella/salmo.1454.jpg,1,Cluster 1 (Light wood shavings)
data/raw/Salmonella/salmo.1455.jpg,1,Cluster 1 (Light wood shavings)
data/raw/Salmonella/salmo.1456.jpg,1,Cluster 1 (Light wood shavings)
data/raw/Salmonella/salmo.1457.jpg,1,Cluster 1 (Light wood shavings)
data/raw/Salmonella/salmo.1458.jpg,1,Cluster 1 (Light wood shavings)
data/raw/Salmonella/salmo.1459.jpg,2,Cluster 2 (Reddish-brown litter)
data/raw/Salmonella/salmo.146.jpg,3,Cluster 3 (Mixed straw / pen floor)
data/raw/Salmonella/salmo.1460.jpg,3,Cluster 3 (Mixed straw / pen floor)
data/raw/Salmonella/salmo.1461.jpg,1,Cluster 1 (Light wood shavings)
data/raw/Salmonella/salmo.1462.jpg,1,Cluster 1 (Light wood shavings)
data/raw/Salmonella/salmo.1463.jpg,0,Cluster 0 (Dark soil / concrete)
data/raw/Salmonella/salmo.1464.jpg,0,Cluster 0 (Dark soil / concrete)
data/raw/Salmonella/salmo.1465.jpg,0,Cluster 0 (Dark soil / concrete)
data/raw/Salmonella/salmo.1466.jpg,1,Cluster 1 (Light wood shavings)
data/raw/Salmonella/salmo.1467.jpg,1,Cluster 1 (Light wood shavings)
data/raw/Salmonella/salmo.1468.jpg,1,Cluster 1 (Light wood shavings)
data/raw/Salmonella/salmo.1469.jpg,0,Cluster 0 (Dark soil / concrete)
data/raw/Salmonella/salmo.147.jpg,1,Cluster 1 (Light wood shavings)
data/raw/Salmonella/salmo.1470.jpg,1,Cluster 1 (Light wood shavings)
data/raw/Salmonella/salmo.1471.jpg,1,Cluster 1 (Light wood shavings)
data/raw/Salmonella/salmo.1472.jpg,2,Cluster 2 (Reddish-brown litter)
data/raw/Salmonella/salmo.1473.jpg,3,Cluster 3 (Mixed straw / pen floor)
data/raw/Salmonella/salmo.1474.jpg,1,Cluster 1 (Light wood shavings)
data/raw/Salmonella/salmo.1475.jpg,0,Cluster 0 (Dark soil / concrete)
data/raw/Salmonella/salmo.1476.jpg,3,Cluster 3 (Mixed straw / pen floor)
data/raw/Salmonella/salmo.1477.jpg,2,Cluster 2 (Reddish-brown litter)
data/raw/Salmonella/salmo.1478.jpg,1,Cluster 1 (Light wood shavings)
data/raw/Salmonella/salmo.1479.jpg,1,Cluster 1 (Light wood shavings)
data/raw/Salmonella/salmo.148.jpg,2,Cluster 2 (Reddish-brown litter)
data/raw/Salmonella/salmo.1480.jpg,1,Cluster 1 (Light wood shavings)
data/raw/Salmonella/salmo.1481.jpg,1,Cluster 1 (Light wood shavings)
data/raw/Salmonella/salmo.1482.jpg,3,Cluster 3 (Mixed straw / pen floor)
data/raw/Salmonella/salmo.1483.jpg,3,Cluster 3 (Mixed straw / pen floor)
data/raw/Salmonella/salmo.1484.jpg,2,Cluster 2 (Reddish-brown litter)
data/raw/Salmonella/salmo.1485.jpg,1,Cluster 1 (Light wood shavings)
data/raw/Salmonella/salmo.1486.jpg,1,Cluster 1 (Light wood shavings)
data/raw/Salmonella/salmo.1487.jpg,2,Cluster 2 (Reddish-brown litter)
data/raw/Salmonella/salmo.1488.jpg,1,Cluster 1 (Light wood shavings)
data/raw/Salmonella/salmo.1489.jpg,1,Cluster 1 (Light wood shavings)
data/raw/Salmonella/salmo.149.jpg,0,Cluster 0 (Dark soil / concrete)
data/raw/Salmonella/salmo.1490.jpg,1,Cluster 1 (Light wood shavings)
data/raw/Salmonella/salmo.1491.jpg,1,Cluster 1 (Light wood shavings)
data/raw/Salmonella/salmo.1492.jpg,1,Cluster 1 (Light wood shavings)
data/raw/Salmonella/salmo.1493.jpg,0,Cluster 0 (Dark soil / concrete)
data/raw/Salmonella/salmo.1494.jpg,3,Cluster 3 (Mixed straw / pen floor)
data/raw/Salmonella/salmo.1495.jpg,1,Cluster 1 (Light wood shavings)
data/raw/Salmonella/salmo.1496.jpg,2,Cluster 2 (Reddish-brown litter)
data/raw/Salmonella/salmo.1497.jpg,1,Cluster 1 (Light wood shavings)
data/raw/Salmonella/salmo.1498.jpg,1,Cluster 1 (Light wood shavings)
data/raw/Salmonella/salmo.1499.jpg,3,Cluster 3 (Mixed straw / pen floor)
data/raw/Salmonella/salmo.15.jpg,1,Cluster 1 (Light wood shavings)
data/raw/Salmonella/salmo.150.jpg,1,Cluster 1 (Light wood shavings)
data/raw/Salmonella/salmo.1500.jpg,1,Cluster 1 (Light wood shavings)
data/raw/Salmonella/salmo.1501.jpg,1,Cluster 1 (Light wood shavings)
data/raw/Salmonella/salmo.1502.jpg,1,Cluster 1 (Light wood shavings)
data/raw/Salmonella/salmo.1503.jpg,3,Cluster 3 (Mixed straw / pen floor)
data/raw/Salmonella/salmo.1504.jpg,1,Cluster 1 (Light wood shavings)
data/raw/Salmonella/salmo.1505.jpg,1,Cluster 1 (Light wood shavings)
data/raw/Salmonella/salmo.1506.jpg,1,Cluster 1 (Light wood shavings)
data/raw/Salmonella/salmo.1507.jpg,1,Cluster 1 (Light wood shavings)
data/raw/Salmonella/salmo.1508.jpg,1,Cluster 1 (Light wood shavings)
data/raw/Salmonella/salmo.1509.jpg,0,Cluster 0 (Dark soil / concrete)
data/raw/Salmonella/salmo.151.jpg,2,Cluster 2 (Reddish-brown litter)
data/raw/Salmonella/salmo.1510.jpg,0,Cluster 0 (Dark soil / concrete)
data/raw/Salmonella/salmo.1511.jpg,1,Cluster 1 (Light wood shavings)
data/raw/Salmonella/salmo.1512.jpg,1,Cluster 1 (Light wood shavings)
data/raw/Salmonella/salmo.1513.jpg,1,Cluster 1 (Light wood shavings)
data/raw/Salmonella/salmo.1514.jpg,1,Cluster 1 (Light wood shavings)
data/raw/Salmonella/salmo.1515.jpg,1,Cluster 1 (Light wood shavings)
data/raw/Salmonella/salmo.1516.jpg,1,Cluster 1 (Light wood shavings)
data/raw/Salmonella/salmo.1517.jpg,1,Cluster 1 (Light wood shavings)
data/raw/Salmonella/salmo.1518.jpg,1,Cluster 1 (Light wood shavings)
data/raw/Salmonella/salmo.1519.jpg,0,Cluster 0 (Dark soil / concrete)
data/raw/Salmonella/salmo.152.jpg,3,Cluster 3 (Mixed straw / pen floor)
data/raw/Salmonella/salmo.1520.jpg,1,Cluster 1 (Light wood shavings)
data/raw/Salmonella/salmo.1521.jpg,2,Cluster 2 (Reddish-brown litter)
data/raw/Salmonella/salmo.1522.jpg,3,Cluster 3 (Mixed straw / pen floor)
data/raw/Salmonella/salmo.1523.jpg,1,Cluster 1 (Light wood shavings)
data/raw/Salmonella/salmo.1524.jpg,2,Cluster 2 (Reddish-brown litter)
data/raw/Salmonella/salmo.1525.jpg,1,Cluster 1 (Light wood shavings)
data/raw/Salmonella/salmo.1526.jpg,1,Cluster 1 (Light wood shavings)
data/raw/Salmonella/salmo.1527.jpg,3,Cluster 3 (Mixed straw / pen floor)
data/raw/Salmonella/salmo.1528.jpg,1,Cluster 1 (Light wood shavings)
data/raw/Salmonella/salmo.1529.jpg,1,Cluster 1 (Light wood shavings)
data/raw/Salmonella/salmo.153.jpg,1,Cluster 1 (Light wood shavings)
data/raw/Salmonella/salmo.1530.jpg,1,Cluster 1 (Light wood shavings)
data/raw/Salmonella/salmo.1531.jpg,3,Cluster 3 (Mixed straw / pen floor)
data/raw/Salmonella/salmo.1532.jpg,0,Cluster 0 (Dark soil / concrete)
data/raw/Salmonella/salmo.1533.jpg,0,Cluster 0 (Dark soil / concrete)
data/raw/Salmonella/salmo.1534.jpg,1,Cluster 1 (Light wood shavings)
data/raw/Salmonella/salmo.1535.jpg,1,Cluster 1 (Light wood shavings)
data/raw/Salmonella/salmo.1536.jpg,1,Cluster 1 (Light wood shavings)
data/raw/Salmonella/salmo.1537.jpg,1,Cluster 1 (Light wood shavings)
data/raw/Salmonella/salmo.1538.jpg,3,Cluster 3 (Mixed straw / pen floor)
data/raw/Salmonella/salmo.1539.jpg,1,Cluster 1 (Light wood shavings)
data/raw/Salmonella/salmo.154.jpg,1,Cluster 1 (Light wood shavings)
data/raw/Salmonella/salmo.1540.jpg,2,Cluster 2 (Reddish-brown litter)
data/raw/Salmonella/salmo.1541.jpg,1,Cluster 1 (Light wood shavings)
data/raw/Salmonella/salmo.1542.jpg,3,Cluster 3 (Mixed straw / pen floor)
data/raw/Salmonella/salmo.1543.jpg,2,Cluster 2 (Reddish-brown litter)
data/raw/Salmonella/salmo.1544.jpg,1,Cluster 1 (Light wood shavings)
data/raw/Salmonella/salmo.1545.jpg,1,Cluster 1 (Light wood shavings)
data/raw/Salmonella/salmo.1546.jpg,1,Cluster 1 (Light wood shavings)
data/raw/Salmonella/salmo.1547.jpg,1,Cluster 1 (Light wood shavings)
data/raw/Salmonella/salmo.1548.jpg,0,Cluster 0 (Dark soil / concrete)
data/raw/Salmonella/salmo.1549.jpg,1,Cluster 1 (Light wood shavings)
data/raw/Salmonella/salmo.155.jpg,0,Cluster 0 (Dark soil / concrete)
data/raw/Salmonella/salmo.1550.jpg,1,Cluster 1 (Light wood shavings)
data/raw/Salmonella/salmo.1551.jpg,1,Cluster 1 (Light wood shavings)
data/raw/Salmonella/salmo.1552.jpg,1,Cluster 1 (Light wood shavings)
data/raw/Salmonella/salmo.1553.jpg,3,Cluster 3 (Mixed straw / pen floor)
data/raw/Salmonella/salmo.1554.jpg,3,Cluster 3 (Mixed straw / pen floor)
data/raw/Salmonella/salmo.1555.jpg,1,Cluster 1 (Light wood shavings)
data/raw/Salmonella/salmo.1556.jpg,3,Cluster 3 (Mixed straw / pen floor)
data/raw/Salmonella/salmo.1557.jpg,1,Cluster 1 (Light wood shavings)
data/raw/Salmonella/salmo.1558.jpg,3,Cluster 3 (Mixed straw / pen floor)
data/raw/Salmonella/salmo.1559.jpg,1,Cluster 1 (Light wood shavings)
data/raw/Salmonella/salmo.156.jpg,1,Cluster 1 (Light wood shavings)
data/raw/Salmonella/salmo.1560.jpg,1,Cluster 1 (Light wood shavings)
data/raw/Salmonella/salmo.1561.jpg,1,Cluster 1 (Light wood shavings)
data/raw/Salmonella/salmo.1562.jpg,1,Cluster 1 (Light wood shavings)
data/raw/Salmonella/salmo.1563.jpg,1,Cluster 1 (Light wood shavings)
data/raw/Salmonella/salmo.1564.jpg,3,Cluster 3 (Mixed straw / pen floor)
data/raw/Salmonella/salmo.1565.jpg,3,Cluster 3 (Mixed straw / pen floor)
data/raw/Salmonella/salmo.1566.jpg,1,Cluster 1 (Light wood shavings)
data/raw/Salmonella/salmo.1567.jpg,1,Cluster 1 (Light wood shavings)
data/raw/Salmonella/salmo.1568.jpg,1,Cluster 1 (Light wood shavings)
data/raw/Salmonella/salmo.1569.jpg,1,Cluster 1 (Light wood shavings)
data/raw/Salmonella/salmo.157.jpg,1,Cluster 1 (Light wood shavings)
data/raw/Salmonella/salmo.1570.jpg,1,Cluster 1 (Light wood shavings)
data/raw/Salmonella/salmo.1571.jpg,1,Cluster 1 (Light wood shavings)
data/raw/Salmonella/salmo.1572.jpg,1,Cluster 1 (Light wood shavings)
data/raw/Salmonella/salmo.1573.jpg,1,Cluster 1 (Light wood shavings)
data/raw/Salmonella/salmo.1574.jpg,0,Cluster 0 (Dark soil / concrete)
data/raw/Salmonella/salmo.1575.jpg,0,Cluster 0 (Dark soil / concrete)
data/raw/Salmonella/salmo.1576.jpg,1,Cluster 1 (Light wood shavings)
data/raw/Salmonella/salmo.1577.jpg,1,Cluster 1 (Light wood shavings)
data/raw/Salmonella/salmo.1578.jpg,1,Cluster 1 (Light wood shavings)
data/raw/Salmonella/salmo.1579.jpg,1,Cluster 1 (Light wood shavings)
data/raw/Salmonella/salmo.158.jpg,3,Cluster 3 (Mixed straw / pen floor)
data/raw/Salmonella/salmo.1580.jpg,1,Cluster 1 (Light wood shavings)
data/raw/Salmonella/salmo.1581.jpg,2,Cluster 2 (Reddish-brown litter)
data/raw/Salmonella/salmo.1582.jpg,1,Cluster 1 (Light wood shavings)
data/raw/Salmonella/salmo.1583.jpg,1,Cluster 1 (Light wood shavings)
data/raw/Salmonella/salmo.1584.jpg,1,Cluster 1 (Light wood shavings)
data/raw/Salmonella/salmo.1585.jpg,0,Cluster 0 (Dark soil / concrete)
data/raw/Salmonella/salmo.1586.jpg,3,Cluster 3 (Mixed straw / pen floor)
data/raw/Salmonella/salmo.1587.jpg,1,Cluster 1 (Light wood shavings)
data/raw/Salmonella/salmo.1588.jpg,0,Cluster 0 (Dark soil / concrete)
data/raw/Salmonella/salmo.1589.jpg,1,Cluster 1 (Light wood shavings)
data/raw/Salmonella/salmo.159.jpg,3,Cluster 3 (Mixed straw / pen floor)
data/raw/Salmonella/salmo.1590.jpg,1,Cluster 1 (Light wood shavings)
data/raw/Salmonella/salmo.1591.jpg,2,Cluster 2 (Reddish-brown litter)
data/raw/Salmonella/salmo.1592.jpg,3,Cluster 3 (Mixed straw / pen floor)
data/raw/Salmonella/salmo.1593.jpg,1,Cluster 1 (Light wood shavings)
data/raw/Salmonella/salmo.1594.jpg,1,Cluster 1 (Light wood shavings)
data/raw/Salmonella/salmo.1595.jpg,3,Cluster 3 (Mixed straw / pen floor)
data/raw/Salmonella/salmo.1596.jpg,1,Cluster 1 (Light wood shavings)
data/raw/Salmonella/salmo.1597.jpg,1,Cluster 1 (Light wood shavings)
data/raw/Salmonella/salmo.1598.jpg,1,Cluster 1 (Light wood shavings)
data/raw/Salmonella/salmo.1599.jpg,2,Cluster 2 (Reddish-brown litter)
data/raw/Salmonella/salmo.16.jpg,0,Cluster 0 (Dark soil / concrete)
data/raw/Salmonella/salmo.160.jpg,1,Cluster 1 (Light wood shavings)
data/raw/Salmonella/salmo.1600.jpg,1,Cluster 1 (Light wood shavings)
data/raw/Salmonella/salmo.1601.jpg,2,Cluster 2 (Reddish-brown litter)
data/raw/Salmonella/salmo.1602.jpg,1,Cluster 1 (Light wood shavings)
data/raw/Salmonella/salmo.1603.jpg,0,Cluster 0 (Dark soil / concrete)
data/raw/Salmonella/salmo.1604.jpg,2,Cluster 2 (Reddish-brown litter)
data/raw/Salmonella/salmo.1605.jpg,0,Cluster 0 (Dark soil / concrete)
data/raw/Salmonella/salmo.1606.jpg,1,Cluster 1 (Light wood shavings)
data/raw/Salmonella/salmo.1607.jpg,1,Cluster 1 (Light wood shavings)
data/raw/Salmonella/salmo.1608.jpg,1,Cluster 1 (Light wood shavings)
data/raw/Salmonella/salmo.1609.jpg,1,Cluster 1 (Light wood shavings)
data/raw/Salmonella/salmo.161.jpg,2,Cluster 2 (Reddish-brown litter)
data/raw/Salmonella/salmo.1610.jpg,1,Cluster 1 (Light wood shavings)
data/raw/Salmonella/salmo.1611.jpg,2,Cluster 2 (Reddish-brown litter)
data/raw/Salmonella/salmo.1612.jpg,1,Cluster 1 (Light wood shavings)
data/raw/Salmonella/salmo.1613.jpg,1,Cluster 1 (Light wood shavings)
data/raw/Salmonella/salmo.1614.jpg,0,Cluster 0 (Dark soil / concrete)
data/raw/Salmonella/salmo.1615.jpg,0,Cluster 0 (Dark soil / concrete)
data/raw/Salmonella/salmo.1616.jpg,1,Cluster 1 (Light wood shavings)
data/raw/Salmonella/salmo.1617.jpg,1,Cluster 1 (Light wood shavings)
data/raw/Salmonella/salmo.1618.jpg,1,Cluster 1 (Light wood shavings)
data/raw/Salmonella/salmo.1619.jpg,1,Cluster 1 (Light wood shavings)
data/raw/Salmonella/salmo.162.jpg,1,Cluster 1 (Light wood shavings)
data/raw/Salmonella/salmo.1620.jpg,1,Cluster 1 (Light wood shavings)
data/raw/Salmonella/salmo.1621.jpg,1,Cluster 1 (Light wood shavings)
data/raw/Salmonella/salmo.1622.jpg,1,Cluster 1 (Light wood shavings)
data/raw/Salmonella/salmo.1623.jpg,1,Cluster 1 (Light wood shavings)
data/raw/Salmonella/salmo.1624.jpg,3,Cluster 3 (Mixed straw / pen floor)
data/raw/Salmonella/salmo.1625.jpg,0,Cluster 0 (Dark soil / concrete)
data/raw/Salmonella/salmo.1626.jpg,1,Cluster 1 (Light wood shavings)
data/raw/Salmonella/salmo.1627.jpg,1,Cluster 1 (Light wood shavings)
data/raw/Salmonella/salmo.1628.jpg,1,Cluster 1 (Light wood shavings)
data/raw/Salmonella/salmo.1629.jpg,3,Cluster 3 (Mixed straw / pen floor)
data/raw/Salmonella/salmo.163.jpg,1,Cluster 1 (Light wood shavings)
data/raw/Salmonella/salmo.1630.jpg,1,Cluster 1 (Light wood shavings)
data/raw/Salmonella/salmo.1631.jpg,3,Cluster 3 (Mixed straw / pen floor)
data/raw/Salmonella/salmo.1632.jpg,1,Cluster 1 (Light wood shavings)
data/raw/Salmonella/salmo.1633.jpg,1,Cluster 1 (Light wood shavings)
data/raw/Salmonella/salmo.1634.jpg,1,Cluster 1 (Light wood shavings)
data/raw/Salmonella/salmo.1635.jpg,2,Cluster 2 (Reddish-brown litter)
data/raw/Salmonella/salmo.1636.jpg,1,Cluster 1 (Light wood shavings)
data/raw/Salmonella/salmo.1637.jpg,0,Cluster 0 (Dark soil / concrete)
data/raw/Salmonella/salmo.1638.jpg,1,Cluster 1 (Light wood shavings)
data/raw/Salmonella/salmo.1639.jpg,1,Cluster 1 (Light wood shavings)
data/raw/Salmonella/salmo.164.jpg,1,Cluster 1 (Light wood shavings)
data/raw/Salmonella/salmo.1640.jpg,1,Cluster 1 (Light wood shavings)
data/raw/Salmonella/salmo.1641.jpg,1,Cluster 1 (Light wood shavings)
data/raw/Salmonella/salmo.1642.jpg,1,Cluster 1 (Light wood shavings)
data/raw/Salmonella/salmo.1643.jpg,3,Cluster 3 (Mixed straw / pen floor)
data/raw/Salmonella/salmo.1644.jpg,1,Cluster 1 (Light wood shavings)
data/raw/Salmonella/salmo.1645.jpg,3,Cluster 3 (Mixed straw / pen floor)
data/raw/Salmonella/salmo.1646.jpg,2,Cluster 2 (Reddish-brown litter)
data/raw/Salmonella/salmo.1647.jpg,1,Cluster 1 (Light wood shavings)
data/raw/Salmonella/salmo.1648.jpg,1,Cluster 1 (Light wood shavings)
data/raw/Salmonella/salmo.1649.jpg,0,Cluster 0 (Dark soil / concrete)
data/raw/Salmonella/salmo.165.jpg,1,Cluster 1 (Light wood shavings)
data/raw/Salmonella/salmo.1650.jpg,2,Cluster 2 (Reddish-brown litter)
data/raw/Salmonella/salmo.1651.jpg,0,Cluster 0 (Dark soil / concrete)
data/raw/Salmonella/salmo.1652.jpg,2,Cluster 2 (Reddish-brown litter)
data/raw/Salmonella/salmo.1653.jpg,1,Cluster 1 (Light wood shavings)
data/raw/Salmonella/salmo.1654.jpg,1,Cluster 1 (Light wood shavings)
data/raw/Salmonella/salmo.1655.jpg,1,Cluster 1 (Light wood shavings)
data/raw/Salmonella/salmo.1656.jpg,1,Cluster 1 (Light wood shavings)
data/raw/Salmonella/salmo.1657.jpg,2,Cluster 2 (Reddish-brown litter)
data/raw/Salmonella/salmo.1658.jpg,1,Cluster 1 (Light wood shavings)
data/raw/Salmonella/salmo.1659.jpg,1,Cluster 1 (Light wood shavings)
data/raw/Salmonella/salmo.166.jpg,0,Cluster 0 (Dark soil / concrete)
data/raw/Salmonella/salmo.1660.jpg,3,Cluster 3 (Mixed straw / pen floor)
data/raw/Salmonella/salmo.1661.jpg,1,Cluster 1 (Light wood shavings)
data/raw/Salmonella/salmo.1662.jpg,1,Cluster 1 (Light wood shavings)
data/raw/Salmonella/salmo.1663.jpg,3,Cluster 3 (Mixed straw / pen floor)
data/raw/Salmonella/salmo.1664.jpg,1,Cluster 1 (Light wood shavings)
data/raw/Salmonella/salmo.1665.jpg,1,Cluster 1 (Light wood shavings)
data/raw/Salmonella/salmo.1666.jpg,1,Cluster 1 (Light wood shavings)
data/raw/Salmonella/salmo.1667.jpg,1,Cluster 1 (Light wood shavings)
data/raw/Salmonella/salmo.1668.jpg,2,Cluster 2 (Reddish-brown litter)
data/raw/Salmonella/salmo.1669.jpg,3,Cluster 3 (Mixed straw / pen floor)
data/raw/Salmonella/salmo.167.jpg,3,Cluster 3 (Mixed straw / pen floor)
data/raw/Salmonella/salmo.1670.jpg,1,Cluster 1 (Light wood shavings)
data/raw/Salmonella/salmo.1671.jpg,0,Cluster 0 (Dark soil / concrete)
data/raw/Salmonella/salmo.1672.jpg,0,Cluster 0 (Dark soil / concrete)
data/raw/Salmonella/salmo.1673.jpg,1,Cluster 1 (Light wood shavings)
data/raw/Salmonella/salmo.1674.jpg,1,Cluster 1 (Light wood shavings)
data/raw/Salmonella/salmo.1675.jpg,0,Cluster 0 (Dark soil / concrete)
data/raw/Salmonella/salmo.1676.jpg,0,Cluster 0 (Dark soil / concrete)
data/raw/Salmonella/salmo.1677.jpg,3,Cluster 3 (Mixed straw / pen floor)
data/raw/Salmonella/salmo.1678.jpg,2,Cluster 2 (Reddish-brown litter)
data/raw/Salmonella/salmo.1679.jpg,3,Cluster 3 (Mixed straw / pen floor)
data/raw/Salmonella/salmo.168.jpg,1,Cluster 1 (Light wood shavings)
data/raw/Salmonella/salmo.1680.jpg,3,Cluster 3 (Mixed straw / pen floor)
data/raw/Salmonella/salmo.1681.jpg,1,Cluster 1 (Light wood shavings)
data/raw/Salmonella/salmo.1682.jpg,1,Cluster 1 (Light wood shavings)
data/raw/Salmonella/salmo.1683.jpg,3,Cluster 3 (Mixed straw / pen floor)
data/raw/Salmonella/salmo.1684.jpg,1,Cluster 1 (Light wood shavings)
data/raw/Salmonella/salmo.1685.jpg,3,Cluster 3 (Mixed straw / pen floor)
data/raw/Salmonella/salmo.1686.jpg,3,Cluster 3 (Mixed straw / pen floor)
data/raw/Salmonella/salmo.1687.jpg,1,Cluster 1 (Light wood shavings)
data/raw/Salmonella/salmo.1688.jpg,2,Cluster 2 (Reddish-brown litter)
data/raw/Salmonella/salmo.1689.jpg,3,Cluster 3 (Mixed straw / pen floor)
data/raw/Salmonella/salmo.169.jpg,1,Cluster 1 (Light wood shavings)
data/raw/Salmonella/salmo.1690.jpg,1,Cluster 1 (Light wood shavings)
data/raw/Salmonella/salmo.1691.jpg,3,Cluster 3 (Mixed straw / pen floor)
data/raw/Salmonella/salmo.1692.jpg,0,Cluster 0 (Dark soil / concrete)
data/raw/Salmonella/salmo.1693.jpg,3,Cluster 3 (Mixed straw / pen floor)
data/raw/Salmonella/salmo.1694.jpg,1,Cluster 1 (Light wood shavings)
data/raw/Salmonella/salmo.1695.jpg,0,Cluster 0 (Dark soil / concrete)
data/raw/Salmonella/salmo.1696.jpg,0,Cluster 0 (Dark soil / concrete)
data/raw/Salmonella/salmo.1697.jpg,1,Cluster 1 (Light wood shavings)
data/raw/Salmonella/salmo.1698.jpg,1,Cluster 1 (Light wood shavings)
data/raw/Salmonella/salmo.1699.jpg,3,Cluster 3 (Mixed straw / pen floor)
data/raw/Salmonella/salmo.17.jpg,3,Cluster 3 (Mixed straw / pen floor)
data/raw/Salmonella/salmo.170.jpg,2,Cluster 2 (Reddish-brown litter)
data/raw/Salmonella/salmo.1700.jpg,3,Cluster 3 (Mixed straw / pen floor)
data/raw/Salmonella/salmo.1701.jpg,1,Cluster 1 (Light wood shavings)
data/raw/Salmonella/salmo.1702.jpg,3,Cluster 3 (Mixed straw / pen floor)
data/raw/Salmonella/salmo.1703.jpg,3,Cluster 3 (Mixed straw / pen floor)
data/raw/Salmonella/salmo.1704.jpg,3,Cluster 3 (Mixed straw / pen floor)
data/raw/Salmonella/salmo.1705.jpg,0,Cluster 0 (Dark soil / concrete)
data/raw/Salmonella/salmo.1706.jpg,1,Cluster 1 (Light wood shavings)
data/raw/Salmonella/salmo.1707.jpg,1,Cluster 1 (Light wood shavings)
data/raw/Salmonella/salmo.1708.jpg,1,Cluster 1 (Light wood shavings)
data/raw/Salmonella/salmo.1709.jpg,2,Cluster 2 (Reddish-brown litter)
data/raw/Salmonella/salmo.171.jpg,3,Cluster 3 (Mixed straw / pen floor)
data/raw/Salmonella/salmo.1710.jpg,1,Cluster 1 (Light wood shavings)
data/raw/Salmonella/salmo.1711.jpg,1,Cluster 1 (Light wood shavings)
data/raw/Salmonella/salmo.1712.jpg,3,Cluster 3 (Mixed straw / pen floor)
data/raw/Salmonella/salmo.1713.jpg,1,Cluster 1 (Light wood shavings)
data/raw/Salmonella/salmo.1714.jpg,3,Cluster 3 (Mixed straw / pen floor)
data/raw/Salmonella/salmo.1715.jpg,1,Cluster 1 (Light wood shavings)
data/raw/Salmonella/salmo.1716.jpg,1,Cluster 1 (Light wood shavings)
data/raw/Salmonella/salmo.1717.jpg,1,Cluster 1 (Light wood shavings)
data/raw/Salmonella/salmo.1718.jpg,1,Cluster 1 (Light wood shavings)
data/raw/Salmonella/salmo.1719.jpg,2,Cluster 2 (Reddish-brown litter)
data/raw/Salmonella/salmo.172.jpg,2,Cluster 2 (Reddish-brown litter)
data/raw/Salmonella/salmo.1720.jpg,0,Cluster 0 (Dark soil / concrete)
data/raw/Salmonella/salmo.1721.jpg,2,Cluster 2 (Reddish-brown litter)
data/raw/Salmonella/salmo.1722.jpg,2,Cluster 2 (Reddish-brown litter)
data/raw/Salmonella/salmo.1723.jpg,0,Cluster 0 (Dark soil / concrete)
data/raw/Salmonella/salmo.1724.jpg,1,Cluster 1 (Light wood shavings)
data/raw/Salmonella/salmo.1725.jpg,1,Cluster 1 (Light wood shavings)
data/raw/Salmonella/salmo.1726.jpg,0,Cluster 0 (Dark soil / concrete)
data/raw/Salmonella/salmo.1727.jpg,2,Cluster 2 (Reddish-brown litter)
data/raw/Salmonella/salmo.1728.jpg,0,Cluster 0 (Dark soil / concrete)
data/raw/Salmonella/salmo.1729.jpg,1,Cluster 1 (Light wood shavings)
data/raw/Salmonella/salmo.173.jpg,2,Cluster 2 (Reddish-brown litter)
data/raw/Salmonella/salmo.1730.jpg,1,Cluster 1 (Light wood shavings)
data/raw/Salmonella/salmo.1731.jpg,1,Cluster 1 (Light wood shavings)
data/raw/Salmonella/salmo.1732.jpg,1,Cluster 1 (Light wood shavings)
data/raw/Salmonella/salmo.1733.jpg,1,Cluster 1 (Light wood shavings)
data/raw/Salmonella/salmo.1734.jpg,0,Cluster 0 (Dark soil / concrete)
data/raw/Salmonella/salmo.1735.jpg,1,Cluster 1 (Light wood shavings)
data/raw/Salmonella/salmo.1736.jpg,2,Cluster 2 (Reddish-brown litter)
data/raw/Salmonella/salmo.1737.jpg,1,Cluster 1 (Light wood shavings)
data/raw/Salmonella/salmo.1738.jpg,0,Cluster 0 (Dark soil / concrete)
data/raw/Salmonella/salmo.1739.jpg,1,Cluster 1 (Light wood shavings)
data/raw/Salmonella/salmo.174.jpg,3,Cluster 3 (Mixed straw / pen floor)
data/raw/Salmonella/salmo.1740.jpg,2,Cluster 2 (Reddish-brown litter)
data/raw/Salmonella/salmo.1741.jpg,1,Cluster 1 (Light wood shavings)
data/raw/Salmonella/salmo.1742.jpg,1,Cluster 1 (Light wood shavings)
data/raw/Salmonella/salmo.1743.jpg,3,Cluster 3 (Mixed straw / pen floor)
data/raw/Salmonella/salmo.1744.jpg,1,Cluster 1 (Light wood shavings)
data/raw/Salmonella/salmo.1745.jpg,1,Cluster 1 (Light wood shavings)
data/raw/Salmonella/salmo.1746.jpg,2,Cluster 2 (Reddish-brown litter)
data/raw/Salmonella/salmo.1747.jpg,1,Cluster 1 (Light wood shavings)
data/raw/Salmonella/salmo.1748.jpg,1,Cluster 1 (Light wood shavings)
data/raw/Salmonella/salmo.1749.jpg,1,Cluster 1 (Light wood shavings)
data/raw/Salmonella/salmo.175.jpg,1,Cluster 1 (Light wood shavings)
data/raw/Salmonella/salmo.1750.jpg,0,Cluster 0 (Dark soil / concrete)
data/raw/Salmonella/salmo.1751.jpg,3,Cluster 3 (Mixed straw / pen floor)
data/raw/Salmonella/salmo.1752.jpg,1,Cluster 1 (Light wood shavings)
data/raw/Salmonella/salmo.1753.jpg,1,Cluster 1 (Light wood shavings)
data/raw/Salmonella/salmo.1754.jpg,1,Cluster 1 (Light wood shavings)
data/raw/Salmonella/salmo.1755.jpg,1,Cluster 1 (Light wood shavings)
data/raw/Salmonella/salmo.1756.jpg,1,Cluster 1 (Light wood shavings)
data/raw/Salmonella/salmo.1757.jpg,3,Cluster 3 (Mixed straw / pen floor)
data/raw/Salmonella/salmo.1758.jpg,1,Cluster 1 (Light wood shavings)
data/raw/Salmonella/salmo.1759.jpg,1,Cluster 1 (Light wood shavings)
data/raw/Salmonella/salmo.176.jpg,2,Cluster 2 (Reddish-brown litter)
data/raw/Salmonella/salmo.1760.jpg,0,Cluster 0 (Dark soil / concrete)
data/raw/Salmonella/salmo.1761.jpg,1,Cluster 1 (Light wood shavings)
data/raw/Salmonella/salmo.1762.jpg,1,Cluster 1 (Light wood shavings)
data/raw/Salmonella/salmo.1763.jpg,2,Cluster 2 (Reddish-brown litter)
data/raw/Salmonella/salmo.1764.jpg,1,Cluster 1 (Light wood shavings)
data/raw/Salmonella/salmo.1765.jpg,1,Cluster 1 (Light wood shavings)
data/raw/Salmonella/salmo.1766.jpg,3,Cluster 3 (Mixed straw / pen floor)
data/raw/Salmonella/salmo.1767.jpg,2,Cluster 2 (Reddish-brown litter)
data/raw/Salmonella/salmo.1768.jpg,3,Cluster 3 (Mixed straw / pen floor)
data/raw/Salmonella/salmo.1769.jpg,1,Cluster 1 (Light wood shavings)
data/raw/Salmonella/salmo.177.jpg,3,Cluster 3 (Mixed straw / pen floor)
data/raw/Salmonella/salmo.1770.jpg,1,Cluster 1 (Light wood shavings)
data/raw/Salmonella/salmo.1771.jpg,1,Cluster 1 (Light wood shavings)
data/raw/Salmonella/salmo.1772.jpg,3,Cluster 3 (Mixed straw / pen floor)
data/raw/Salmonella/salmo.1773.jpg,1,Cluster 1 (Light wood shavings)
data/raw/Salmonella/salmo.1774.jpg,2,Cluster 2 (Reddish-brown litter)
data/raw/Salmonella/salmo.1775.jpg,1,Cluster 1 (Light wood shavings)
data/raw/Salmonella/salmo.1776.jpg,1,Cluster 1 (Light wood shavings)
data/raw/Salmonella/salmo.1777.jpg,1,Cluster 1 (Light wood shavings)
data/raw/Salmonella/salmo.1778.jpg,1,Cluster 1 (Light wood shavings)
data/raw/Salmonella/salmo.1779.jpg,1,Cluster 1 (Light wood shavings)
data/raw/Salmonella/salmo.178.jpg,1,Cluster 1 (Light wood shavings)
data/raw/Salmonella/salmo.1780.jpg,3,Cluster 3 (Mixed straw / pen floor)
data/raw/Salmonella/salmo.1781.jpg,2,Cluster 2 (Reddish-brown litter)
data/raw/Salmonella/salmo.1782.jpg,2,Cluster 2 (Reddish-brown litter)
data/raw/Salmonella/salmo.1783.jpg,1,Cluster 1 (Light wood shavings)
data/raw/Salmonella/salmo.1784.jpg,3,Cluster 3 (Mixed straw / pen floor)
data/raw/Salmonella/salmo.1785.jpg,2,Cluster 2 (Reddish-brown litter)
data/raw/Salmonella/salmo.1786.jpg,0,Cluster 0 (Dark soil / concrete)
data/raw/Salmonella/salmo.1787.jpg,1,Cluster 1 (Light wood shavings)
data/raw/Salmonella/salmo.1788.jpg,1,Cluster 1 (Light wood shavings)
data/raw/Salmonella/salmo.1789.jpg,1,Cluster 1 (Light wood shavings)
data/raw/Salmonella/salmo.179.jpg,3,Cluster 3 (Mixed straw / pen floor)
data/raw/Salmonella/salmo.1790.jpg,3,Cluster 3 (Mixed straw / pen floor)
data/raw/Salmonella/salmo.1791.jpg,1,Cluster 1 (Light wood shavings)
data/raw/Salmonella/salmo.1792.jpg,1,Cluster 1 (Light wood shavings)
data/raw/Salmonella/salmo.1793.jpg,1,Cluster 1 (Light wood shavings)
data/raw/Salmonella/salmo.1794.jpg,1,Cluster 1 (Light wood shavings)
data/raw/Salmonella/salmo.1795.jpg,1,Cluster 1 (Light wood shavings)
data/raw/Salmonella/salmo.1796.jpg,2,Cluster 2 (Reddish-brown litter)
data/raw/Salmonella/salmo.1797.jpg,1,Cluster 1 (Light wood shavings)
data/raw/Salmonella/salmo.1798.jpg,1,Cluster 1 (Light wood shavings)
data/raw/Salmonella/salmo.1799.jpg,1,Cluster 1 (Light wood shavings)
data/raw/Salmonella/salmo.18.jpg,3,Cluster 3 (Mixed straw / pen floor)
data/raw/Salmonella/salmo.180.jpg,1,Cluster 1 (Light wood shavings)
data/raw/Salmonella/salmo.1800.jpg,2,Cluster 2 (Reddish-brown litter)
data/raw/Salmonella/salmo.1801.jpg,2,Cluster 2 (Reddish-brown litter)
data/raw/Salmonella/salmo.1802.jpg,3,Cluster 3 (Mixed straw / pen floor)
data/raw/Salmonella/salmo.1803.jpg,1,Cluster 1 (Light wood shavings)
data/raw/Salmonella/salmo.1804.jpg,1,Cluster 1 (Light wood shavings)
data/raw/Salmonella/salmo.1805.jpg,1,Cluster 1 (Light wood shavings)
data/raw/Salmonella/salmo.1806.jpg,3,Cluster 3 (Mixed straw / pen floor)
data/raw/Salmonella/salmo.1807.jpg,1,Cluster 1 (Light wood shavings)
data/raw/Salmonella/salmo.1808.jpg,1,Cluster 1 (Light wood shavings)
data/raw/Salmonella/salmo.1809.jpg,1,Cluster 1 (Light wood shavings)
data/raw/Salmonella/salmo.181.jpg,1,Cluster 1 (Light wood shavings)
data/raw/Salmonella/salmo.1810.jpg,2,Cluster 2 (Reddish-brown litter)
data/raw/Salmonella/salmo.1811.jpg,3,Cluster 3 (Mixed straw / pen floor)
data/raw/Salmonella/salmo.1812.jpg,0,Cluster 0 (Dark soil / concrete)
data/raw/Salmonella/salmo.1813.jpg,1,Cluster 1 (Light wood shavings)
data/raw/Salmonella/salmo.1814.jpg,1,Cluster 1 (Light wood shavings)
data/raw/Salmonella/salmo.1815.jpg,1,Cluster 1 (Light wood shavings)
data/raw/Salmonella/salmo.1816.jpg,1,Cluster 1 (Light wood shavings)
data/raw/Salmonella/salmo.1817.jpg,3,Cluster 3 (Mixed straw / pen floor)
data/raw/Salmonella/salmo.1818.jpg,3,Cluster 3 (Mixed straw / pen floor)
data/raw/Salmonella/salmo.1819.jpg,2,Cluster 2 (Reddish-brown litter)
data/raw/Salmonella/salmo.182.jpg,1,Cluster 1 (Light wood shavings)
data/raw/Salmonella/salmo.1820.jpg,0,Cluster 0 (Dark soil / concrete)
data/raw/Salmonella/salmo.1821.jpg,3,Cluster 3 (Mixed straw / pen floor)
data/raw/Salmonella/salmo.1822.jpg,3,Cluster 3 (Mixed straw / pen floor)
data/raw/Salmonella/salmo.1823.jpg,1,Cluster 1 (Light wood shavings)
data/raw/Salmonella/salmo.1824.jpg,1,Cluster 1 (Light wood shavings)
data/raw/Salmonella/salmo.1825.jpg,1,Cluster 1 (Light wood shavings)
data/raw/Salmonella/salmo.1826.jpg,1,Cluster 1 (Light wood shavings)
data/raw/Salmonella/salmo.1827.jpg,1,Cluster 1 (Light wood shavings)
data/raw/Salmonella/salmo.1828.jpg,1,Cluster 1 (Light wood shavings)
data/raw/Salmonella/salmo.1829.jpg,1,Cluster 1 (Light wood shavings)
data/raw/Salmonella/salmo.183.jpg,1,Cluster 1 (Light wood shavings)
data/raw/Salmonella/salmo.1830.jpg,1,Cluster 1 (Light wood shavings)
data/raw/Salmonella/salmo.1831.jpg,2,Cluster 2 (Reddish-brown litter)
data/raw/Salmonella/salmo.1832.jpg,1,Cluster 1 (Light wood shavings)
data/raw/Salmonella/salmo.1833.jpg,3,Cluster 3 (Mixed straw / pen floor)
data/raw/Salmonella/salmo.1834.jpg,2,Cluster 2 (Reddish-brown litter)
data/raw/Salmonella/salmo.1835.jpg,1,Cluster 1 (Light wood shavings)
data/raw/Salmonella/salmo.1836.jpg,2,Cluster 2 (Reddish-brown litter)
data/raw/Salmonella/salmo.1837.jpg,2,Cluster 2 (Reddish-brown litter)
data/raw/Salmonella/salmo.1838.jpg,1,Cluster 1 (Light wood shavings)
data/raw/Salmonella/salmo.1839.jpg,2,Cluster 2 (Reddish-brown litter)
data/raw/Salmonella/salmo.184.jpg,3,Cluster 3 (Mixed straw / pen floor)
data/raw/Salmonella/salmo.1840.jpg,1,Cluster 1 (Light wood shavings)
data/raw/Salmonella/salmo.1841.jpg,3,Cluster 3 (Mixed straw / pen floor)
data/raw/Salmonella/salmo.1842.jpg,1,Cluster 1 (Light wood shavings)
data/raw/Salmonella/salmo.1843.jpg,1,Cluster 1 (Light wood shavings)
data/raw/Salmonella/salmo.1844.jpg,3,Cluster 3 (Mixed straw / pen floor)
data/raw/Salmonella/salmo.1845.jpg,1,Cluster 1 (Light wood shavings)
data/raw/Salmonella/salmo.1846.jpg,0,Cluster 0 (Dark soil / concrete)
data/raw/Salmonella/salmo.1847.jpg,3,Cluster 3 (Mixed straw / pen floor)
data/raw/Salmonella/salmo.1848.jpg,1,Cluster 1 (Light wood shavings)
data/raw/Salmonella/salmo.1849.jpg,0,Cluster 0 (Dark soil / concrete)
data/raw/Salmonella/salmo.185.jpg,0,Cluster 0 (Dark soil / concrete)
data/raw/Salmonella/salmo.1850.jpg,1,Cluster 1 (Light wood shavings)
data/raw/Salmonella/salmo.1851.jpg,0,Cluster 0 (Dark soil / concrete)
data/raw/Salmonella/salmo.1852.jpg,1,Cluster 1 (Light wood shavings)
data/raw/Salmonella/salmo.1853.jpg,0,Cluster 0 (Dark soil / concrete)
data/raw/Salmonella/salmo.1854.jpg,1,Cluster 1 (Light wood shavings)
data/raw/Salmonella/salmo.1855.jpg,1,Cluster 1 (Light wood shavings)
data/raw/Salmonella/salmo.1856.jpg,1,Cluster 1 (Light wood shavings)
data/raw/Salmonella/salmo.1857.jpg,1,Cluster 1 (Light wood shavings)
data/raw/Salmonella/salmo.1858.jpg,2,Cluster 2 (Reddish-brown litter)
data/raw/Salmonella/salmo.1859.jpg,2,Cluster 2 (Reddish-brown litter)
data/raw/Salmonella/salmo.186.jpg,1,Cluster 1 (Light wood shavings)
data/raw/Salmonella/salmo.1860.jpg,0,Cluster 0 (Dark soil / concrete)
data/raw/Salmonella/salmo.1861.jpg,1,Cluster 1 (Light wood shavings)
data/raw/Salmonella/salmo.1862.jpg,1,Cluster 1 (Light wood shavings)
data/raw/Salmonella/salmo.1863.jpg,1,Cluster 1 (Light wood shavings)
data/raw/Salmonella/salmo.1864.jpg,1,Cluster 1 (Light wood shavings)
data/raw/Salmonella/salmo.1865.jpg,3,Cluster 3 (Mixed straw / pen floor)
data/raw/Salmonella/salmo.1866.jpg,2,Cluster 2 (Reddish-brown litter)
data/raw/Salmonella/salmo.1867.jpg,0,Cluster 0 (Dark soil / concrete)
data/raw/Salmonella/salmo.1868.jpg,1,Cluster 1 (Light wood shavings)
data/raw/Salmonella/salmo.1869.jpg,1,Cluster 1 (Light wood shavings)
data/raw/Salmonella/salmo.187.jpg,3,Cluster 3 (Mixed straw / pen floor)
data/raw/Salmonella/salmo.1870.jpg,2,Cluster 2 (Reddish-brown litter)
data/raw/Salmonella/salmo.1871.jpg,3,Cluster 3 (Mixed straw / pen floor)
data/raw/Salmonella/salmo.1872.jpg,1,Cluster 1 (Light wood shavings)
data/raw/Salmonella/salmo.1873.jpg,1,Cluster 1 (Light wood shavings)
data/raw/Salmonella/salmo.1874.jpg,3,Cluster 3 (Mixed straw / pen floor)
data/raw/Salmonella/salmo.1875.jpg,1,Cluster 1 (Light wood shavings)
data/raw/Salmonella/salmo.1876.jpg,1,Cluster 1 (Light wood shavings)
data/raw/Salmonella/salmo.1877.jpg,1,Cluster 1 (Light wood shavings)
data/raw/Salmonella/salmo.1878.jpg,1,Cluster 1 (Light wood shavings)
data/raw/Salmonella/salmo.1879.jpg,3,Cluster 3 (Mixed straw / pen floor)
data/raw/Salmonella/salmo.188.jpg,1,Cluster 1 (Light wood shavings)
data/raw/Salmonella/salmo.1880.jpg,1,Cluster 1 (Light wood shavings)
data/raw/Salmonella/salmo.1881.jpg,0,Cluster 0 (Dark soil / concrete)
data/raw/Salmonella/salmo.1882.jpg,1,Cluster 1 (Light wood shavings)
data/raw/Salmonella/salmo.1883.jpg,1,Cluster 1 (Light wood shavings)
data/raw/Salmonella/salmo.1884.jpg,3,Cluster 3 (Mixed straw / pen floor)
data/raw/Salmonella/salmo.1885.jpg,1,Cluster 1 (Light wood shavings)
data/raw/Salmonella/salmo.1886.jpg,3,Cluster 3 (Mixed straw / pen floor)
data/raw/Salmonella/salmo.1887.jpg,1,Cluster 1 (Light wood shavings)
data/raw/Salmonella/salmo.1888.jpg,3,Cluster 3 (Mixed straw / pen floor)
data/raw/Salmonella/salmo.1889.jpg,2,Cluster 2 (Reddish-brown litter)
data/raw/Salmonella/salmo.189.jpg,1,Cluster 1 (Light wood shavings)
data/raw/Salmonella/salmo.1890.jpg,1,Cluster 1 (Light wood shavings)
data/raw/Salmonella/salmo.1891.jpg,1,Cluster 1 (Light wood shavings)
data/raw/Salmonella/salmo.1892.jpg,1,Cluster 1 (Light wood shavings)
data/raw/Salmonella/salmo.1893.jpg,1,Cluster 1 (Light wood shavings)
data/raw/Salmonella/salmo.1894.jpg,3,Cluster 3 (Mixed straw / pen floor)
data/raw/Salmonella/salmo.1895.jpg,1,Cluster 1 (Light wood shavings)
data/raw/Salmonella/salmo.1896.jpg,1,Cluster 1 (Light wood shavings)
data/raw/Salmonella/salmo.1897.jpg,3,Cluster 3 (Mixed straw / pen floor)
data/raw/Salmonella/salmo.1898.jpg,3,Cluster 3 (Mixed straw / pen floor)
data/raw/Salmonella/salmo.1899.jpg,1,Cluster 1 (Light wood shavings)
data/raw/Salmonella/salmo.19.jpg,1,Cluster 1 (Light wood shavings)
data/raw/Salmonella/salmo.190.jpg,2,Cluster 2 (Reddish-brown litter)
data/raw/Salmonella/salmo.1900.jpg,3,Cluster 3 (Mixed straw / pen floor)
data/raw/Salmonella/salmo.1901.jpg,3,Cluster 3 (Mixed straw / pen floor)
data/raw/Salmonella/salmo.1902.jpg,1,Cluster 1 (Light wood shavings)
data/raw/Salmonella/salmo.1903.jpg,2,Cluster 2 (Reddish-brown litter)
data/raw/Salmonella/salmo.1904.jpg,1,Cluster 1 (Light wood shavings)
data/raw/Salmonella/salmo.1905.jpg,3,Cluster 3 (Mixed straw / pen floor)
data/raw/Salmonella/salmo.1906.jpg,1,Cluster 1 (Light wood shavings)
data/raw/Salmonella/salmo.1907.jpg,1,Cluster 1 (Light wood shavings)
data/raw/Salmonella/salmo.1908.jpg,1,Cluster 1 (Light wood shavings)
data/raw/Salmonella/salmo.1909.jpg,3,Cluster 3 (Mixed straw / pen floor)
data/raw/Salmonella/salmo.191.jpg,2,Cluster 2 (Reddish-brown litter)
data/raw/Salmonella/salmo.1910.jpg,0,Cluster 0 (Dark soil / concrete)
data/raw/Salmonella/salmo.1911.jpg,1,Cluster 1 (Light wood shavings)
data/raw/Salmonella/salmo.1912.jpg,1,Cluster 1 (Light wood shavings)
data/raw/Salmonella/salmo.1913.jpg,3,Cluster 3 (Mixed straw / pen floor)
data/raw/Salmonella/salmo.1914.jpg,1,Cluster 1 (Light wood shavings)
data/raw/Salmonella/salmo.1915.jpg,2,Cluster 2 (Reddish-brown litter)
data/raw/Salmonella/salmo.1916.jpg,3,Cluster 3 (Mixed straw / pen floor)
data/raw/Salmonella/salmo.1917.jpg,1,Cluster 1 (Light wood shavings)
data/raw/Salmonella/salmo.1918.jpg,1,Cluster 1 (Light wood shavings)
data/raw/Salmonella/salmo.1919.jpg,1,Cluster 1 (Light wood shavings)
data/raw/Salmonella/salmo.192.jpg,3,Cluster 3 (Mixed straw / pen floor)
data/raw/Salmonella/salmo.1920.jpg,3,Cluster 3 (Mixed straw / pen floor)
data/raw/Salmonella/salmo.1921.jpg,1,Cluster 1 (Light wood shavings)
data/raw/Salmonella/salmo.1922.jpg,2,Cluster 2 (Reddish-brown litter)
data/raw/Salmonella/salmo.1923.jpg,1,Cluster 1 (Light wood shavings)
data/raw/Salmonella/salmo.1924.jpg,1,Cluster 1 (Light wood shavings)
data/raw/Salmonella/salmo.1925.jpg,1,Cluster 1 (Light wood shavings)
data/raw/Salmonella/salmo.1926.jpg,1,Cluster 1 (Light wood shavings)
data/raw/Salmonella/salmo.1927.jpg,1,Cluster 1 (Light wood shavings)
data/raw/Salmonella/salmo.1928.jpg,1,Cluster 1 (Light wood shavings)
data/raw/Salmonella/salmo.1929.jpg,1,Cluster 1 (Light wood shavings)
data/raw/Salmonella/salmo.193.jpg,1,Cluster 1 (Light wood shavings)
data/raw/Salmonella/salmo.1930.jpg,1,Cluster 1 (Light wood shavings)
data/raw/Salmonella/salmo.1931.jpg,3,Cluster 3 (Mixed straw / pen floor)
data/raw/Salmonella/salmo.1932.jpg,1,Cluster 1 (Light wood shavings)
data/raw/Salmonella/salmo.1933.jpg,1,Cluster 1 (Light wood shavings)
data/raw/Salmonella/salmo.1934.jpg,3,Cluster 3 (Mixed straw / pen floor)
data/raw/Salmonella/salmo.1935.jpg,0,Cluster 0 (Dark soil / concrete)
data/raw/Salmonella/salmo.1936.jpg,0,Cluster 0 (Dark soil / concrete)
data/raw/Salmonella/salmo.1937.jpg,0,Cluster 0 (Dark soil / concrete)
data/raw/Salmonella/salmo.1938.jpg,1,Cluster 1 (Light wood shavings)
data/raw/Salmonella/salmo.1939.jpg,3,Cluster 3 (Mixed straw / pen floor)
data/raw/Salmonella/salmo.194.jpg,3,Cluster 3 (Mixed straw / pen floor)
data/raw/Salmonella/salmo.1940.jpg,2,Cluster 2 (Reddish-brown litter)
data/raw/Salmonella/salmo.1941.jpg,2,Cluster 2 (Reddish-brown litter)
data/raw/Salmonella/salmo.1942.jpg,3,Cluster 3 (Mixed straw / pen floor)
data/raw/Salmonella/salmo.1943.jpg,2,Cluster 2 (Reddish-brown litter)
data/raw/Salmonella/salmo.1944.jpg,2,Cluster 2 (Reddish-brown litter)
data/raw/Salmonella/salmo.1945.jpg,2,Cluster 2 (Reddish-brown litter)
data/raw/Salmonella/salmo.1946.jpg,1,Cluster 1 (Light wood shavings)
data/raw/Salmonella/salmo.1947.jpg,1,Cluster 1 (Light wood shavings)
data/raw/Salmonella/salmo.1948.jpg,3,Cluster 3 (Mixed straw / pen floor)
data/raw/Salmonella/salmo.1949.jpg,1,Cluster 1 (Light wood shavings)
data/raw/Salmonella/salmo.195.jpg,1,Cluster 1 (Light wood shavings)
data/raw/Salmonella/salmo.1950.jpg,1,Cluster 1 (Light wood shavings)
data/raw/Salmonella/salmo.1951.jpg,1,Cluster 1 (Light wood shavings)
data/raw/Salmonella/salmo.1952.jpg,3,Cluster 3 (Mixed straw / pen floor)
data/raw/Salmonella/salmo.1953.jpg,1,Cluster 1 (Light wood shavings)
data/raw/Salmonella/salmo.1954.jpg,2,Cluster 2 (Reddish-brown litter)
data/raw/Salmonella/salmo.1955.jpg,0,Cluster 0 (Dark soil / concrete)
data/raw/Salmonella/salmo.1956.jpg,2,Cluster 2 (Reddish-brown litter)
data/raw/Salmonella/salmo.1957.jpg,1,Cluster 1 (Light wood shavings)
data/raw/Salmonella/salmo.1958.jpg,3,Cluster 3 (Mixed straw / pen floor)
data/raw/Salmonella/salmo.1959.jpg,1,Cluster 1 (Light wood shavings)
data/raw/Salmonella/salmo.196.jpg,0,Cluster 0 (Dark soil / concrete)
data/raw/Salmonella/salmo.1960.jpg,1,Cluster 1 (Light wood shavings)
data/raw/Salmonella/salmo.1961.jpg,1,Cluster 1 (Light wood shavings)
data/raw/Salmonella/salmo.1962.jpg,1,Cluster 1 (Light wood shavings)
data/raw/Salmonella/salmo.1963.jpg,1,Cluster 1 (Light wood shavings)
data/raw/Salmonella/salmo.1964.jpg,1,Cluster 1 (Light wood shavings)
data/raw/Salmonella/salmo.1965.jpg,1,Cluster 1 (Light wood shavings)
data/raw/Salmonella/salmo.1966.jpg,1,Cluster 1 (Light wood shavings)
data/raw/Salmonella/salmo.1967.jpg,1,Cluster 1 (Light wood shavings)
data/raw/Salmonella/salmo.1968.jpg,1,Cluster 1 (Light wood shavings)
data/raw/Salmonella/salmo.1969.jpg,0,Cluster 0 (Dark soil / concrete)
data/raw/Salmonella/salmo.197.jpg,1,Cluster 1 (Light wood shavings)
data/raw/Salmonella/salmo.1970.jpg,1,Cluster 1 (Light wood shavings)
data/raw/Salmonella/salmo.1971.jpg,1,Cluster 1 (Light wood shavings)
data/raw/Salmonella/salmo.1972.jpg,1,Cluster 1 (Light wood shavings)
data/raw/Salmonella/salmo.1973.jpg,1,Cluster 1 (Light wood shavings)
data/raw/Salmonella/salmo.1974.jpg,1,Cluster 1 (Light wood shavings)
data/raw/Salmonella/salmo.1975.jpg,1,Cluster 1 (Light wood shavings)
data/raw/Salmonella/salmo.1976.jpg,0,Cluster 0 (Dark soil / concrete)
data/raw/Salmonella/salmo.1977.jpg,2,Cluster 2 (Reddish-brown litter)
data/raw/Salmonella/salmo.1978.jpg,3,Cluster 3 (Mixed straw / pen floor)
data/raw/Salmonella/salmo.1979.jpg,2,Cluster 2 (Reddish-brown litter)
data/raw/Salmonella/salmo.198.jpg,1,Cluster 1 (Light wood shavings)
data/raw/Salmonella/salmo.1980.jpg,2,Cluster 2 (Reddish-brown litter)
data/raw/Salmonella/salmo.1981.jpg,1,Cluster 1 (Light wood shavings)
data/raw/Salmonella/salmo.1982.jpg,1,Cluster 1 (Light wood shavings)
data/raw/Salmonella/salmo.1983.jpg,1,Cluster 1 (Light wood shavings)
data/raw/Salmonella/salmo.1984.jpg,1,Cluster 1 (Light wood shavings)
data/raw/Salmonella/salmo.1985.jpg,1,Cluster 1 (Light wood shavings)
data/raw/Salmonella/salmo.1986.jpg,3,Cluster 3 (Mixed straw / pen floor)
data/raw/Salmonella/salmo.1987.jpg,2,Cluster 2 (Reddish-brown litter)
data/raw/Salmonella/salmo.1988.jpg,1,Cluster 1 (Light wood shavings)
data/raw/Salmonella/salmo.1989.jpg,1,Cluster 1 (Light wood shavings)
data/raw/Salmonella/salmo.199.jpg,1,Cluster 1 (Light wood shavings)
data/raw/Salmonella/salmo.1990.jpg,1,Cluster 1 (Light wood shavings)
data/raw/Salmonella/salmo.1991.jpg,3,Cluster 3 (Mixed straw / pen floor)
data/raw/Salmonella/salmo.1992.jpg,0,Cluster 0 (Dark soil / concrete)
data/raw/Salmonella/salmo.1993.jpg,1,Cluster 1 (Light wood shavings)
data/raw/Salmonella/salmo.1994.jpg,3,Cluster 3 (Mixed straw / pen floor)
data/raw/Salmonella/salmo.1995.jpg,1,Cluster 1 (Light wood shavings)
data/raw/Salmonella/salmo.1996.jpg,2,Cluster 2 (Reddish-brown litter)
data/raw/Salmonella/salmo.1997.jpg,3,Cluster 3 (Mixed straw / pen floor)
data/raw/Salmonella/salmo.1998.jpg,1,Cluster 1 (Light wood shavings)
data/raw/Salmonella/salmo.1999.jpg,1,Cluster 1 (Light wood shavings)
data/raw/Salmonella/salmo.2.jpg,2,Cluster 2 (Reddish-brown litter)
data/raw/Salmonella/salmo.20.jpg,0,Cluster 0 (Dark soil / concrete)
data/raw/Salmonella/salmo.200.jpg,1,Cluster 1 (Light wood shavings)
data/raw/Salmonella/salmo.2000.jpg,1,Cluster 1 (Light wood shavings)
data/raw/Salmonella/salmo.2001.jpg,2,Cluster 2 (Reddish-brown litter)
data/raw/Salmonella/salmo.2002.jpg,1,Cluster 1 (Light wood shavings)
data/raw/Salmonella/salmo.2003.jpg,1,Cluster 1 (Light wood shavings)
data/raw/Salmonella/salmo.2004.jpg,2,Cluster 2 (Reddish-brown litter)
data/raw/Salmonella/salmo.2005.jpg,3,Cluster 3 (Mixed straw / pen floor)
data/raw/Salmonella/salmo.2006.jpg,3,Cluster 3 (Mixed straw / pen floor)
data/raw/Salmonella/salmo.2007.jpg,1,Cluster 1 (Light wood shavings)
data/raw/Salmonella/salmo.2008.jpg,0,Cluster 0 (Dark soil / concrete)
data/raw/Salmonella/salmo.2009.jpg,1,Cluster 1 (Light wood shavings)
data/raw/Salmonella/salmo.201.jpg,1,Cluster 1 (Light wood shavings)
data/raw/Salmonella/salmo.2010.jpg,1,Cluster 1 (Light wood shavings)
data/raw/Salmonella/salmo.2011.jpg,1,Cluster 1 (Light wood shavings)
data/raw/Salmonella/salmo.2012.jpg,3,Cluster 3 (Mixed straw / pen floor)
data/raw/Salmonella/salmo.2013.jpg,3,Cluster 3 (Mixed straw / pen floor)
data/raw/Salmonella/salmo.2014.jpg,1,Cluster 1 (Light wood shavings)
data/raw/Salmonella/salmo.2015.jpg,1,Cluster 1 (Light wood shavings)
data/raw/Salmonella/salmo.2016.jpg,3,Cluster 3 (Mixed straw / pen floor)
data/raw/Salmonella/salmo.2017.jpg,2,Cluster 2 (Reddish-brown litter)
data/raw/Salmonella/salmo.2018.jpg,1,Cluster 1 (Light wood shavings)
data/raw/Salmonella/salmo.2019.jpg,1,Cluster 1 (Light wood shavings)
data/raw/Salmonella/salmo.202.jpg,1,Cluster 1 (Light wood shavings)
data/raw/Salmonella/salmo.2020.jpg,1,Cluster 1 (Light wood shavings)
data/raw/Salmonella/salmo.2021.jpg,0,Cluster 0 (Dark soil / concrete)
data/raw/Salmonella/salmo.2022.jpg,2,Cluster 2 (Reddish-brown litter)
data/raw/Salmonella/salmo.2023.jpg,1,Cluster 1 (Light wood shavings)
data/raw/Salmonella/salmo.2024.jpg,1,Cluster 1 (Light wood shavings)
data/raw/Salmonella/salmo.2025.jpg,3,Cluster 3 (Mixed straw / pen floor)
data/raw/Salmonella/salmo.2026.jpg,3,Cluster 3 (Mixed straw / pen floor)
data/raw/Salmonella/salmo.2027.jpg,3,Cluster 3 (Mixed straw / pen floor)
data/raw/Salmonella/salmo.2028.jpg,1,Cluster 1 (Light wood shavings)
data/raw/Salmonella/salmo.2029.jpg,2,Cluster 2 (Reddish-brown litter)
data/raw/Salmonella/salmo.203.jpg,2,Cluster 2 (Reddish-brown litter)
data/raw/Salmonella/salmo.2030.jpg,1,Cluster 1 (Light wood shavings)
data/raw/Salmonella/salmo.2031.jpg,3,Cluster 3 (Mixed straw / pen floor)
data/raw/Salmonella/salmo.2032.jpg,1,Cluster 1 (Light wood shavings)
data/raw/Salmonella/salmo.2033.jpg,1,Cluster 1 (Light wood shavings)
data/raw/Salmonella/salmo.2034.jpg,3,Cluster 3 (Mixed straw / pen floor)
data/raw/Salmonella/salmo.2035.jpg,0,Cluster 0 (Dark soil / concrete)
data/raw/Salmonella/salmo.2036.jpg,3,Cluster 3 (Mixed straw / pen floor)
data/raw/Salmonella/salmo.2037.jpg,1,Cluster 1 (Light wood shavings)
data/raw/Salmonella/salmo.2038.jpg,3,Cluster 3 (Mixed straw / pen floor)
data/raw/Salmonella/salmo.2039.jpg,1,Cluster 1 (Light wood shavings)
data/raw/Salmonella/salmo.204.jpg,3,Cluster 3 (Mixed straw / pen floor)
data/raw/Salmonella/salmo.2040.jpg,1,Cluster 1 (Light wood shavings)
data/raw/Salmonella/salmo.2041.jpg,1,Cluster 1 (Light wood shavings)
data/raw/Salmonella/salmo.2042.jpg,2,Cluster 2 (Reddish-brown litter)
data/raw/Salmonella/salmo.2043.jpg,3,Cluster 3 (Mixed straw / pen floor)
data/raw/Salmonella/salmo.2044.jpg,3,Cluster 3 (Mixed straw / pen floor)
data/raw/Salmonella/salmo.2045.jpg,0,Cluster 0 (Dark soil / concrete)
data/raw/Salmonella/salmo.2046.jpg,1,Cluster 1 (Light wood shavings)
data/raw/Salmonella/salmo.2047.jpg,2,Cluster 2 (Reddish-brown litter)
data/raw/Salmonella/salmo.2048.jpg,1,Cluster 1 (Light wood shavings)
data/raw/Salmonella/salmo.2049.jpg,1,Cluster 1 (Light wood shavings)
data/raw/Salmonella/salmo.205.jpg,2,Cluster 2 (Reddish-brown litter)
data/raw/Salmonella/salmo.2050.jpg,1,Cluster 1 (Light wood shavings)
data/raw/Salmonella/salmo.2051.jpg,0,Cluster 0 (Dark soil / concrete)
data/raw/Salmonella/salmo.2052.jpg,1,Cluster 1 (Light wood shavings)
data/raw/Salmonella/salmo.2053.jpg,3,Cluster 3 (Mixed straw / pen floor)
data/raw/Salmonella/salmo.2054.jpg,1,Cluster 1 (Light wood shavings)
data/raw/Salmonella/salmo.2055.jpg,1,Cluster 1 (Light wood shavings)
data/raw/Salmonella/salmo.2056.jpg,3,Cluster 3 (Mixed straw / pen floor)
data/raw/Salmonella/salmo.2057.jpg,0,Cluster 0 (Dark soil / concrete)
data/raw/Salmonella/salmo.2058.jpg,1,Cluster 1 (Light wood shavings)
data/raw/Salmonella/salmo.2059.jpg,3,Cluster 3 (Mixed straw / pen floor)
data/raw/Salmonella/salmo.206.jpg,1,Cluster 1 (Light wood shavings)
data/raw/Salmonella/salmo.2060.jpg,1,Cluster 1 (Light wood shavings)
data/raw/Salmonella/salmo.2061.jpg,3,Cluster 3 (Mixed straw / pen floor)
data/raw/Salmonella/salmo.2062.jpg,1,Cluster 1 (Light wood shavings)
data/raw/Salmonella/salmo.2063.jpg,1,Cluster 1 (Light wood shavings)
data/raw/Salmonella/salmo.2064.jpg,1,Cluster 1 (Light wood shavings)
data/raw/Salmonella/salmo.2065.jpg,3,Cluster 3 (Mixed straw / pen floor)
data/raw/Salmonella/salmo.2066.jpg,1,Cluster 1 (Light wood shavings)
data/raw/Salmonella/salmo.2067.jpg,1,Cluster 1 (Light wood shavings)
data/raw/Salmonella/salmo.2068.jpg,2,Cluster 2 (Reddish-brown litter)
data/raw/Salmonella/salmo.2069.jpg,1,Cluster 1 (Light wood shavings)
data/raw/Salmonella/salmo.207.jpg,1,Cluster 1 (Light wood shavings)
data/raw/Salmonella/salmo.2070.jpg,1,Cluster 1 (Light wood shavings)
data/raw/Salmonella/salmo.2071.jpg,1,Cluster 1 (Light wood shavings)
data/raw/Salmonella/salmo.2072.jpg,1,Cluster 1 (Light wood shavings)
data/raw/Salmonella/salmo.2073.jpg,1,Cluster 1 (Light wood shavings)
data/raw/Salmonella/salmo.2074.jpg,3,Cluster 3 (Mixed straw / pen floor)
data/raw/Salmonella/salmo.2075.jpg,0,Cluster 0 (Dark soil / concrete)
data/raw/Salmonella/salmo.2076.jpg,1,Cluster 1 (Light wood shavings)
data/raw/Salmonella/salmo.2077.jpg,1,Cluster 1 (Light wood shavings)
data/raw/Salmonella/salmo.2078.jpg,3,Cluster 3 (Mixed straw / pen floor)
data/raw/Salmonella/salmo.2079.jpg,1,Cluster 1 (Light wood shavings)
data/raw/Salmonella/salmo.208.jpg,1,Cluster 1 (Light wood shavings)
data/raw/Salmonella/salmo.2080.jpg,2,Cluster 2 (Reddish-brown litter)
data/raw/Salmonella/salmo.2081.jpg,1,Cluster 1 (Light wood shavings)
data/raw/Salmonella/salmo.2082.jpg,1,Cluster 1 (Light wood shavings)
data/raw/Salmonella/salmo.2083.jpg,2,Cluster 2 (Reddish-brown litter)
data/raw/Salmonella/salmo.2084.jpg,3,Cluster 3 (Mixed straw / pen floor)
data/raw/Salmonella/salmo.2085.jpg,3,Cluster 3 (Mixed straw / pen floor)
data/raw/Salmonella/salmo.2086.jpg,0,Cluster 0 (Dark soil / concrete)
data/raw/Salmonella/salmo.2087.jpg,2,Cluster 2 (Reddish-brown litter)
data/raw/Salmonella/salmo.2088.jpg,1,Cluster 1 (Light wood shavings)
data/raw/Salmonella/salmo.2089.jpg,1,Cluster 1 (Light wood shavings)
data/raw/Salmonella/salmo.209.jpg,1,Cluster 1 (Light wood shavings)
data/raw/Salmonella/salmo.2090.jpg,1,Cluster 1 (Light wood shavings)
data/raw/Salmonella/salmo.2091.jpg,1,Cluster 1 (Light wood shavings)
data/raw/Salmonella/salmo.2092.jpg,3,Cluster 3 (Mixed straw / pen floor)
data/raw/Salmonella/salmo.2093.jpg,3,Cluster 3 (Mixed straw / pen floor)
data/raw/Salmonella/salmo.2094.jpg,1,Cluster 1 (Light wood shavings)
data/raw/Salmonella/salmo.2095.jpg,1,Cluster 1 (Light wood shavings)
data/raw/Salmonella/salmo.2096.jpg,2,Cluster 2 (Reddish-brown litter)
data/raw/Salmonella/salmo.2097.jpg,3,Cluster 3 (Mixed straw / pen floor)
data/raw/Salmonella/salmo.2098.jpg,0,Cluster 0 (Dark soil / concrete)
data/raw/Salmonella/salmo.2099.jpg,2,Cluster 2 (Reddish-brown litter)
data/raw/Salmonella/salmo.21.jpg,1,Cluster 1 (Light wood shavings)
data/raw/Salmonella/salmo.210.jpg,1,Cluster 1 (Light wood shavings)
data/raw/Salmonella/salmo.2100.jpg,0,Cluster 0 (Dark soil / concrete)
data/raw/Salmonella/salmo.2101.jpg,1,Cluster 1 (Light wood shavings)
data/raw/Salmonella/salmo.2102.jpg,3,Cluster 3 (Mixed straw / pen floor)
data/raw/Salmonella/salmo.2103.jpg,1,Cluster 1 (Light wood shavings)
data/raw/Salmonella/salmo.2104.jpg,1,Cluster 1 (Light wood shavings)
data/raw/Salmonella/salmo.2105.jpg,1,Cluster 1 (Light wood shavings)
data/raw/Salmonella/salmo.2106.jpg,2,Cluster 2 (Reddish-brown litter)
data/raw/Salmonella/salmo.2107.jpg,1,Cluster 1 (Light wood shavings)
data/raw/Salmonella/salmo.2108.jpg,2,Cluster 2 (Reddish-brown litter)
data/raw/Salmonella/salmo.2109.jpg,2,Cluster 2 (Reddish-brown litter)
data/raw/Salmonella/salmo.211.jpg,1,Cluster 1 (Light wood shavings)
data/raw/Salmonella/salmo.2110.jpg,3,Cluster 3 (Mixed straw / pen floor)
data/raw/Salmonella/salmo.2111.jpg,2,Cluster 2 (Reddish-brown litter)
data/raw/Salmonella/salmo.2112.jpg,3,Cluster 3 (Mixed straw / pen floor)
data/raw/Salmonella/salmo.2113.jpg,3,Cluster 3 (Mixed straw / pen floor)
data/raw/Salmonella/salmo.2114.jpg,1,Cluster 1 (Light wood shavings)
data/raw/Salmonella/salmo.2115.jpg,2,Cluster 2 (Reddish-brown litter)
data/raw/Salmonella/salmo.2116.jpg,1,Cluster 1 (Light wood shavings)
data/raw/Salmonella/salmo.2117.jpg,1,Cluster 1 (Light wood shavings)
data/raw/Salmonella/salmo.2118.jpg,3,Cluster 3 (Mixed straw / pen floor)
data/raw/Salmonella/salmo.2119.jpg,1,Cluster 1 (Light wood shavings)
data/raw/Salmonella/salmo.212.jpg,1,Cluster 1 (Light wood shavings)
data/raw/Salmonella/salmo.2120.jpg,3,Cluster 3 (Mixed straw / pen floor)
data/raw/Salmonella/salmo.2121.jpg,0,Cluster 0 (Dark soil / concrete)
data/raw/Salmonella/salmo.2122.jpg,3,Cluster 3 (Mixed straw / pen floor)
data/raw/Salmonella/salmo.2123.jpg,3,Cluster 3 (Mixed straw / pen floor)
data/raw/Salmonella/salmo.2124.jpg,1,Cluster 1 (Light wood shavings)
data/raw/Salmonella/salmo.2125.jpg,1,Cluster 1 (Light wood shavings)
data/raw/Salmonella/salmo.2126.jpg,1,Cluster 1 (Light wood shavings)
data/raw/Salmonella/salmo.2127.jpg,3,Cluster 3 (Mixed straw / pen floor)
data/raw/Salmonella/salmo.2128.jpg,1,Cluster 1 (Light wood shavings)
data/raw/Salmonella/salmo.2129.jpg,0,Cluster 0 (Dark soil / concrete)
data/raw/Salmonella/salmo.213.jpg,2,Cluster 2 (Reddish-brown litter)
data/raw/Salmonella/salmo.2130.jpg,1,Cluster 1 (Light wood shavings)
data/raw/Salmonella/salmo.2131.jpg,2,Cluster 2 (Reddish-brown litter)
data/raw/Salmonella/salmo.2132.jpg,2,Cluster 2 (Reddish-brown litter)
data/raw/Salmonella/salmo.2133.jpg,3,Cluster 3 (Mixed straw / pen floor)
data/raw/Salmonella/salmo.2134.jpg,1,Cluster 1 (Light wood shavings)
data/raw/Salmonella/salmo.2135.jpg,1,Cluster 1 (Light wood shavings)
data/raw/Salmonella/salmo.2136.jpg,2,Cluster 2 (Reddish-brown litter)
data/raw/Salmonella/salmo.2137.jpg,0,Cluster 0 (Dark soil / concrete)
data/raw/Salmonella/salmo.2138.jpg,3,Cluster 3 (Mixed straw / pen floor)
data/raw/Salmonella/salmo.2139.jpg,2,Cluster 2 (Reddish-brown litter)
data/raw/Salmonella/salmo.214.jpg,3,Cluster 3 (Mixed straw / pen floor)
data/raw/Salmonella/salmo.2140.jpg,0,Cluster 0 (Dark soil / concrete)
data/raw/Salmonella/salmo.2141.jpg,1,Cluster 1 (Light wood shavings)
data/raw/Salmonella/salmo.2142.jpg,1,Cluster 1 (Light wood shavings)
data/raw/Salmonella/salmo.2143.jpg,2,Cluster 2 (Reddish-brown litter)
data/raw/Salmonella/salmo.2144.jpg,1,Cluster 1 (Light wood shavings)
data/raw/Salmonella/salmo.2145.jpg,1,Cluster 1 (Light wood shavings)
data/raw/Salmonella/salmo.2146.jpg,1,Cluster 1 (Light wood shavings)
data/raw/Salmonella/salmo.2147.jpg,3,Cluster 3 (Mixed straw / pen floor)
data/raw/Salmonella/salmo.2148.jpg,1,Cluster 1 (Light wood shavings)
data/raw/Salmonella/salmo.2149.jpg,1,Cluster 1 (Light wood shavings)
data/raw/Salmonella/salmo.215.jpg,0,Cluster 0 (Dark soil / concrete)
data/raw/Salmonella/salmo.2150.jpg,0,Cluster 0 (Dark soil / concrete)
data/raw/Salmonella/salmo.2151.jpg,3,Cluster 3 (Mixed straw / pen floor)
data/raw/Salmonella/salmo.2152.jpg,3,Cluster 3 (Mixed straw / pen floor)
data/raw/Salmonella/salmo.2153.jpg,1,Cluster 1 (Light wood shavings)
data/raw/Salmonella/salmo.2154.jpg,3,Cluster 3 (Mixed straw / pen floor)
data/raw/Salmonella/salmo.2155.jpg,1,Cluster 1 (Light wood shavings)
data/raw/Salmonella/salmo.2156.jpg,3,Cluster 3 (Mixed straw / pen floor)
data/raw/Salmonella/salmo.2157.jpg,1,Cluster 1 (Light wood shavings)
data/raw/Salmonella/salmo.2158.jpg,1,Cluster 1 (Light wood shavings)
data/raw/Salmonella/salmo.2159.jpg,1,Cluster 1 (Light wood shavings)
data/raw/Salmonella/salmo.216.jpg,1,Cluster 1 (Light wood shavings)
data/raw/Salmonella/salmo.2160.jpg,1,Cluster 1 (Light wood shavings)
data/raw/Salmonella/salmo.2161.jpg,3,Cluster 3 (Mixed straw / pen floor)
data/raw/Salmonella/salmo.2162.jpg,2,Cluster 2 (Reddish-brown litter)
data/raw/Salmonella/salmo.2163.jpg,0,Cluster 0 (Dark soil / concrete)
data/raw/Salmonella/salmo.2164.jpg,1,Cluster 1 (Light wood shavings)
data/raw/Salmonella/salmo.2165.jpg,3,Cluster 3 (Mixed straw / pen floor)
data/raw/Salmonella/salmo.2166.jpg,1,Cluster 1 (Light wood shavings)
data/raw/Salmonella/salmo.2167.jpg,2,Cluster 2 (Reddish-brown litter)
data/raw/Salmonella/salmo.2168.jpg,1,Cluster 1 (Light wood shavings)
data/raw/Salmonella/salmo.2169.jpg,1,Cluster 1 (Light wood shavings)
data/raw/Salmonella/salmo.217.jpg,1,Cluster 1 (Light wood shavings)
data/raw/Salmonella/salmo.2170.jpg,1,Cluster 1 (Light wood shavings)
data/raw/Salmonella/salmo.2171.jpg,3,Cluster 3 (Mixed straw / pen floor)
data/raw/Salmonella/salmo.2172.jpg,0,Cluster 0 (Dark soil / concrete)
data/raw/Salmonella/salmo.2173.jpg,1,Cluster 1 (Light wood shavings)
data/raw/Salmonella/salmo.2174.jpg,1,Cluster 1 (Light wood shavings)
data/raw/Salmonella/salmo.2175.jpg,3,Cluster 3 (Mixed straw / pen floor)
data/raw/Salmonella/salmo.2176.jpg,3,Cluster 3 (Mixed straw / pen floor)
data/raw/Salmonella/salmo.2177.jpg,1,Cluster 1 (Light wood shavings)
data/raw/Salmonella/salmo.2178.jpg,1,Cluster 1 (Light wood shavings)
data/raw/Salmonella/salmo.2179.jpg,1,Cluster 1 (Light wood shavings)
data/raw/Salmonella/salmo.218.jpg,3,Cluster 3 (Mixed straw / pen floor)
data/raw/Salmonella/salmo.2180.jpg,1,Cluster 1 (Light wood shavings)
data/raw/Salmonella/salmo.2181.jpg,0,Cluster 0 (Dark soil / concrete)
data/raw/Salmonella/salmo.2182.jpg,2,Cluster 2 (Reddish-brown litter)
data/raw/Salmonella/salmo.2183.jpg,1,Cluster 1 (Light wood shavings)
data/raw/Salmonella/salmo.2184.jpg,2,Cluster 2 (Reddish-brown litter)
data/raw/Salmonella/salmo.2185.jpg,2,Cluster 2 (Reddish-brown litter)
data/raw/Salmonella/salmo.2186.jpg,3,Cluster 3 (Mixed straw / pen floor)
data/raw/Salmonella/salmo.2187.jpg,1,Cluster 1 (Light wood shavings)
data/raw/Salmonella/salmo.2188.jpg,3,Cluster 3 (Mixed straw / pen floor)
data/raw/Salmonella/salmo.2189.jpg,0,Cluster 0 (Dark soil / concrete)
data/raw/Salmonella/salmo.219.jpg,1,Cluster 1 (Light wood shavings)
data/raw/Salmonella/salmo.2190.jpg,1,Cluster 1 (Light wood shavings)
data/raw/Salmonella/salmo.2191.jpg,3,Cluster 3 (Mixed straw / pen floor)
data/raw/Salmonella/salmo.2192.jpg,0,Cluster 0 (Dark soil / concrete)
data/raw/Salmonella/salmo.2193.jpg,1,Cluster 1 (Light wood shavings)
data/raw/Salmonella/salmo.2194.jpg,1,Cluster 1 (Light wood shavings)
data/raw/Salmonella/salmo.2195.jpg,3,Cluster 3 (Mixed straw / pen floor)
data/raw/Salmonella/salmo.2196.jpg,1,Cluster 1 (Light wood shavings)
data/raw/Salmonella/salmo.2197.jpg,1,Cluster 1 (Light wood shavings)
data/raw/Salmonella/salmo.2198.jpg,1,Cluster 1 (Light wood shavings)
data/raw/Salmonella/salmo.2199.jpg,3,Cluster 3 (Mixed straw / pen floor)
data/raw/Salmonella/salmo.22.jpg,2,Cluster 2 (Reddish-brown litter)
data/raw/Salmonella/salmo.220.jpg,1,Cluster 1 (Light wood shavings)
data/raw/Salmonella/salmo.2200.jpg,1,Cluster 1 (Light wood shavings)
data/raw/Salmonella/salmo.2201.jpg,1,Cluster 1 (Light wood shavings)
data/raw/Salmonella/salmo.2202.jpg,2,Cluster 2 (Reddish-brown litter)
data/raw/Salmonella/salmo.2203.jpg,2,Cluster 2 (Reddish-brown litter)
data/raw/Salmonella/salmo.2204.jpg,1,Cluster 1 (Light wood shavings)
data/raw/Salmonella/salmo.2205.jpg,1,Cluster 1 (Light wood shavings)
data/raw/Salmonella/salmo.2206.jpg,1,Cluster 1 (Light wood shavings)
data/raw/Salmonella/salmo.2207.jpg,2,Cluster 2 (Reddish-brown litter)
data/raw/Salmonella/salmo.2208.jpg,1,Cluster 1 (Light wood shavings)
data/raw/Salmonella/salmo.2209.jpg,2,Cluster 2 (Reddish-brown litter)
data/raw/Salmonella/salmo.221.jpg,3,Cluster 3 (Mixed straw / pen floor)
data/raw/Salmonella/salmo.2210.jpg,1,Cluster 1 (Light wood shavings)
data/raw/Salmonella/salmo.2211.jpg,1,Cluster 1 (Light wood shavings)
data/raw/Salmonella/salmo.2212.jpg,1,Cluster 1 (Light wood shavings)
data/raw/Salmonella/salmo.2213.jpg,1,Cluster 1 (Light wood shavings)
data/raw/Salmonella/salmo.2214.jpg,1,Cluster 1 (Light wood shavings)
data/raw/Salmonella/salmo.2215.jpg,1,Cluster 1 (Light wood shavings)
data/raw/Salmonella/salmo.2216.jpg,1,Cluster 1 (Light wood shavings)
data/raw/Salmonella/salmo.2217.jpg,1,Cluster 1 (Light wood shavings)
data/raw/Salmonella/salmo.2218.jpg,2,Cluster 2 (Reddish-brown litter)
data/raw/Salmonella/salmo.2219.jpg,0,Cluster 0 (Dark soil / concrete)
data/raw/Salmonella/salmo.222.jpg,2,Cluster 2 (Reddish-brown litter)
data/raw/Salmonella/salmo.2220.jpg,3,Cluster 3 (Mixed straw / pen floor)
data/raw/Salmonella/salmo.2221.jpg,1,Cluster 1 (Light wood shavings)
data/raw/Salmonella/salmo.2222.jpg,1,Cluster 1 (Light wood shavings)
data/raw/Salmonella/salmo.2223.jpg,1,Cluster 1 (Light wood shavings)
data/raw/Salmonella/salmo.2224.jpg,1,Cluster 1 (Light wood shavings)
data/raw/Salmonella/salmo.2225.jpg,1,Cluster 1 (Light wood shavings)
data/raw/Salmonella/salmo.2226.jpg,1,Cluster 1 (Light wood shavings)
data/raw/Salmonella/salmo.2227.jpg,1,Cluster 1 (Light wood shavings)
data/raw/Salmonella/salmo.2228.jpg,1,Cluster 1 (Light wood shavings)
data/raw/Salmonella/salmo.2229.jpg,1,Cluster 1 (Light wood shavings)
data/raw/Salmonella/salmo.223.jpg,1,Cluster 1 (Light wood shavings)
data/raw/Salmonella/salmo.2230.jpg,3,Cluster 3 (Mixed straw / pen floor)
data/raw/Salmonella/salmo.2231.jpg,0,Cluster 0 (Dark soil / concrete)
data/raw/Salmonella/salmo.2232.jpg,0,Cluster 0 (Dark soil / concrete)
data/raw/Salmonella/salmo.2233.jpg,1,Cluster 1 (Light wood shavings)
data/raw/Salmonella/salmo.2234.jpg,0,Cluster 0 (Dark soil / concrete)
data/raw/Salmonella/salmo.2235.jpg,1,Cluster 1 (Light wood shavings)
data/raw/Salmonella/salmo.2236.jpg,1,Cluster 1 (Light wood shavings)
data/raw/Salmonella/salmo.2237.jpg,1,Cluster 1 (Light wood shavings)
data/raw/Salmonella/salmo.2238.jpg,2,Cluster 2 (Reddish-brown litter)
data/raw/Salmonella/salmo.2239.jpg,0,Cluster 0 (Dark soil / concrete)
data/raw/Salmonella/salmo.224.jpg,3,Cluster 3 (Mixed straw / pen floor)
data/raw/Salmonella/salmo.2240.jpg,1,Cluster 1 (Light wood shavings)
data/raw/Salmonella/salmo.2241.jpg,1,Cluster 1 (Light wood shavings)
data/raw/Salmonella/salmo.2242.jpg,1,Cluster 1 (Light wood shavings)
data/raw/Salmonella/salmo.2243.jpg,3,Cluster 3 (Mixed straw / pen floor)
data/raw/Salmonella/salmo.2244.jpg,1,Cluster 1 (Light wood shavings)
data/raw/Salmonella/salmo.2245.jpg,3,Cluster 3 (Mixed straw / pen floor)
data/raw/Salmonella/salmo.2246.jpg,0,Cluster 0 (Dark soil / concrete)
data/raw/Salmonella/salmo.2247.jpg,1,Cluster 1 (Light wood shavings)
data/raw/Salmonella/salmo.2248.jpg,1,Cluster 1 (Light wood shavings)
data/raw/Salmonella/salmo.2249.jpg,1,Cluster 1 (Light wood shavings)
data/raw/Salmonella/salmo.225.jpg,1,Cluster 1 (Light wood shavings)
data/raw/Salmonella/salmo.2250.jpg,1,Cluster 1 (Light wood shavings)
data/raw/Salmonella/salmo.2251.jpg,1,Cluster 1 (Light wood shavings)
data/raw/Salmonella/salmo.2252.jpg,3,Cluster 3 (Mixed straw / pen floor)
data/raw/Salmonella/salmo.2253.jpg,1,Cluster 1 (Light wood shavings)
data/raw/Salmonella/salmo.2254.jpg,1,Cluster 1 (Light wood shavings)
data/raw/Salmonella/salmo.2255.jpg,1,Cluster 1 (Light wood shavings)
data/raw/Salmonella/salmo.2256.jpg,2,Cluster 2 (Reddish-brown litter)
data/raw/Salmonella/salmo.2257.jpg,1,Cluster 1 (Light wood shavings)
data/raw/Salmonella/salmo.2258.jpg,1,Cluster 1 (Light wood shavings)
data/raw/Salmonella/salmo.2259.jpg,3,Cluster 3 (Mixed straw / pen floor)
data/raw/Salmonella/salmo.226.jpg,3,Cluster 3 (Mixed straw / pen floor)
data/raw/Salmonella/salmo.2260.jpg,3,Cluster 3 (Mixed straw / pen floor)
data/raw/Salmonella/salmo.2261.jpg,1,Cluster 1 (Light wood shavings)
data/raw/Salmonella/salmo.2262.jpg,1,Cluster 1 (Light wood shavings)
data/raw/Salmonella/salmo.2263.jpg,1,Cluster 1 (Light wood shavings)
data/raw/Salmonella/salmo.2264.jpg,1,Cluster 1 (Light wood shavings)
data/raw/Salmonella/salmo.2265.jpg,2,Cluster 2 (Reddish-brown litter)
data/raw/Salmonella/salmo.2266.jpg,1,Cluster 1 (Light wood shavings)
data/raw/Salmonella/salmo.2267.jpg,0,Cluster 0 (Dark soil / concrete)
data/raw/Salmonella/salmo.2268.jpg,1,Cluster 1 (Light wood shavings)
data/raw/Salmonella/salmo.2269.jpg,2,Cluster 2 (Reddish-brown litter)
data/raw/Salmonella/salmo.227.jpg,2,Cluster 2 (Reddish-brown litter)
data/raw/Salmonella/salmo.2270.jpg,1,Cluster 1 (Light wood shavings)
data/raw/Salmonella/salmo.2271.jpg,1,Cluster 1 (Light wood shavings)
data/raw/Salmonella/salmo.2272.jpg,3,Cluster 3 (Mixed straw / pen floor)
data/raw/Salmonella/salmo.2273.jpg,1,Cluster 1 (Light wood shavings)
data/raw/Salmonella/salmo.2274.jpg,0,Cluster 0 (Dark soil / concrete)
data/raw/Salmonella/salmo.2275.jpg,1,Cluster 1 (Light wood shavings)
data/raw/Salmonella/salmo.228.jpg,1,Cluster 1 (Light wood shavings)
data/raw/Salmonella/salmo.229.jpg,0,Cluster 0 (Dark soil / concrete)
data/raw/Salmonella/salmo.23.jpg,3,Cluster 3 (Mixed straw / pen floor)
data/raw/Salmonella/salmo.230.jpg,1,Cluster 1 (Light wood shavings)
data/raw/Salmonella/salmo.231.jpg,2,Cluster 2 (Reddish-brown litter)
data/raw/Salmonella/salmo.232.jpg,1,Cluster 1 (Light wood shavings)
data/raw/Salmonella/salmo.233.jpg,1,Cluster 1 (Light wood shavings)
data/raw/Salmonella/salmo.234.jpg,3,Cluster 3 (Mixed straw / pen floor)
data/raw/Salmonella/salmo.235.jpg,1,Cluster 1 (Light wood shavings)
data/raw/Salmonella/salmo.236.jpg,1,Cluster 1 (Light wood shavings)
data/raw/Salmonella/salmo.237.jpg,3,Cluster 3 (Mixed straw / pen floor)
data/raw/Salmonella/salmo.238.jpg,1,Cluster 1 (Light wood shavings)
data/raw/Salmonella/salmo.239.jpg,3,Cluster 3 (Mixed straw / pen floor)
data/raw/Salmonella/salmo.24.jpg,3,Cluster 3 (Mixed straw / pen floor)
data/raw/Salmonella/salmo.240.jpg,0,Cluster 0 (Dark soil / concrete)
data/raw/Salmonella/salmo.241.jpg,0,Cluster 0 (Dark soil / concrete)
data/raw/Salmonella/salmo.242.jpg,1,Cluster 1 (Light wood shavings)
data/raw/Salmonella/salmo.243.jpg,1,Cluster 1 (Light wood shavings)
data/raw/Salmonella/salmo.244.jpg,2,Cluster 2 (Reddish-brown litter)
data/raw/Salmonella/salmo.245.jpg,1,Cluster 1 (Light wood shavings)
data/raw/Salmonella/salmo.246.jpg,1,Cluster 1 (Light wood shavings)
data/raw/Salmonella/salmo.247.jpg,1,Cluster 1 (Light wood shavings)
data/raw/Salmonella/salmo.248.jpg,1,Cluster 1 (Light wood shavings)
data/raw/Salmonella/salmo.249.jpg,1,Cluster 1 (Light wood shavings)
data/raw/Salmonella/salmo.25.jpg,3,Cluster 3 (Mixed straw / pen floor)
data/raw/Salmonella/salmo.250.jpg,1,Cluster 1 (Light wood shavings)
data/raw/Salmonella/salmo.251.jpg,2,Cluster 2 (Reddish-brown litter)
data/raw/Salmonella/salmo.252.jpg,1,Cluster 1 (Light wood shavings)
data/raw/Salmonella/salmo.253.jpg,1,Cluster 1 (Light wood shavings)
data/raw/Salmonella/salmo.254.jpg,1,Cluster 1 (Light wood shavings)
data/raw/Salmonella/salmo.255.jpg,2,Cluster 2 (Reddish-brown litter)
data/raw/Salmonella/salmo.256.jpg,2,Cluster 2 (Reddish-brown litter)
data/raw/Salmonella/salmo.257.jpg,3,Cluster 3 (Mixed straw / pen floor)
data/raw/Salmonella/salmo.258.jpg,2,Cluster 2 (Reddish-brown litter)
data/raw/Salmonella/salmo.259.jpg,1,Cluster 1 (Light wood shavings)
data/raw/Salmonella/salmo.26.jpg,0,Cluster 0 (Dark soil / concrete)
data/raw/Salmonella/salmo.260.jpg,2,Cluster 2 (Reddish-brown litter)
data/raw/Salmonella/salmo.261.jpg,1,Cluster 1 (Light wood shavings)
data/raw/Salmonella/salmo.262.jpg,1,Cluster 1 (Light wood shavings)
data/raw/Salmonella/salmo.263.jpg,1,Cluster 1 (Light wood shavings)
data/raw/Salmonella/salmo.264.jpg,1,Cluster 1 (Light wood shavings)
data/raw/Salmonella/salmo.265.jpg,1,Cluster 1 (Light wood shavings)
data/raw/Salmonella/salmo.266.jpg,3,Cluster 3 (Mixed straw / pen floor)
data/raw/Salmonella/salmo.267.jpg,1,Cluster 1 (Light wood shavings)
data/raw/Salmonella/salmo.268.jpg,1,Cluster 1 (Light wood shavings)
data/raw/Salmonella/salmo.269.jpg,1,Cluster 1 (Light wood shavings)
data/raw/Salmonella/salmo.27.jpg,2,Cluster 2 (Reddish-brown litter)
data/raw/Salmonella/salmo.270.jpg,1,Cluster 1 (Light wood shavings)
data/raw/Salmonella/salmo.271.jpg,1,Cluster 1 (Light wood shavings)
data/raw/Salmonella/salmo.272.jpg,0,Cluster 0 (Dark soil / concrete)
data/raw/Salmonella/salmo.273.jpg,1,Cluster 1 (Light wood shavings)
data/raw/Salmonella/salmo.274.jpg,3,Cluster 3 (Mixed straw / pen floor)
data/raw/Salmonella/salmo.275.jpg,1,Cluster 1 (Light wood shavings)
data/raw/Salmonella/salmo.276.jpg,1,Cluster 1 (Light wood shavings)
data/raw/Salmonella/salmo.277.jpg,1,Cluster 1 (Light wood shavings)
data/raw/Salmonella/salmo.278.jpg,1,Cluster 1 (Light wood shavings)
data/raw/Salmonella/salmo.279.jpg,3,Cluster 3 (Mixed straw / pen floor)
data/raw/Salmonella/salmo.28.jpg,3,Cluster 3 (Mixed straw / pen floor)
data/raw/Salmonella/salmo.280.jpg,0,Cluster 0 (Dark soil / concrete)
data/raw/Salmonella/salmo.281.jpg,1,Cluster 1 (Light wood shavings)
data/raw/Salmonella/salmo.282.jpg,1,Cluster 1 (Light wood shavings)
data/raw/Salmonella/salmo.283.jpg,2,Cluster 2 (Reddish-brown litter)
data/raw/Salmonella/salmo.284.jpg,2,Cluster 2 (Reddish-brown litter)
data/raw/Salmonella/salmo.285.jpg,2,Cluster 2 (Reddish-brown litter)
data/raw/Salmonella/salmo.286.jpg,2,Cluster 2 (Reddish-brown litter)
data/raw/Salmonella/salmo.287.jpg,1,Cluster 1 (Light wood shavings)
data/raw/Salmonella/salmo.288.jpg,1,Cluster 1 (Light wood shavings)
data/raw/Salmonella/salmo.289.jpg,1,Cluster 1 (Light wood shavings)
data/raw/Salmonella/salmo.29.jpg,3,Cluster 3 (Mixed straw / pen floor)
data/raw/Salmonella/salmo.290.jpg,1,Cluster 1 (Light wood shavings)
data/raw/Salmonella/salmo.291.jpg,1,Cluster 1 (Light wood shavings)
data/raw/Salmonella/salmo.292.jpg,1,Cluster 1 (Light wood shavings)
data/raw/Salmonella/salmo.293.jpg,1,Cluster 1 (Light wood shavings)
data/raw/Salmonella/salmo.294.jpg,1,Cluster 1 (Light wood shavings)
data/raw/Salmonella/salmo.295.jpg,0,Cluster 0 (Dark soil / concrete)
data/raw/Salmonella/salmo.296.jpg,1,Cluster 1 (Light wood shavings)
data/raw/Salmonella/salmo.297.jpg,3,Cluster 3 (Mixed straw / pen floor)
data/raw/Salmonella/salmo.298.jpg,1,Cluster 1 (Light wood shavings)
data/raw/Salmonella/salmo.299.jpg,1,Cluster 1 (Light wood shavings)
data/raw/Salmonella/salmo.3.jpg,1,Cluster 1 (Light wood shavings)
data/raw/Salmonella/salmo.30.jpg,3,Cluster 3 (Mixed straw / pen floor)
data/raw/Salmonella/salmo.300.jpg,1,Cluster 1 (Light wood shavings)
data/raw/Salmonella/salmo.301.jpg,1,Cluster 1 (Light wood shavings)
data/raw/Salmonella/salmo.302.jpg,1,Cluster 1 (Light wood shavings)
data/raw/Salmonella/salmo.303.jpg,1,Cluster 1 (Light wood shavings)
data/raw/Salmonella/salmo.304.jpg,1,Cluster 1 (Light wood shavings)
data/raw/Salmonella/salmo.305.jpg,2,Cluster 2 (Reddish-brown litter)
data/raw/Salmonella/salmo.306.jpg,1,Cluster 1 (Light wood shavings)
data/raw/Salmonella/salmo.307.jpg,0,Cluster 0 (Dark soil / concrete)
data/raw/Salmonella/salmo.308.jpg,0,Cluster 0 (Dark soil / concrete)
data/raw/Salmonella/salmo.309.jpg,1,Cluster 1 (Light wood shavings)
data/raw/Salmonella/salmo.31.jpg,1,Cluster 1 (Light wood shavings)
data/raw/Salmonella/salmo.310.jpg,1,Cluster 1 (Light wood shavings)
data/raw/Salmonella/salmo.311.jpg,3,Cluster 3 (Mixed straw / pen floor)
data/raw/Salmonella/salmo.312.jpg,1,Cluster 1 (Light wood shavings)
data/raw/Salmonella/salmo.313.jpg,1,Cluster 1 (Light wood shavings)
data/raw/Salmonella/salmo.314.jpg,1,Cluster 1 (Light wood shavings)
data/raw/Salmonella/salmo.315.jpg,1,Cluster 1 (Light wood shavings)
data/raw/Salmonella/salmo.316.jpg,1,Cluster 1 (Light wood shavings)
data/raw/Salmonella/salmo.317.jpg,3,Cluster 3 (Mixed straw / pen floor)
data/raw/Salmonella/salmo.318.jpg,0,Cluster 0 (Dark soil / concrete)
data/raw/Salmonella/salmo.319.jpg,1,Cluster 1 (Light wood shavings)
data/raw/Salmonella/salmo.32.jpg,1,Cluster 1 (Light wood shavings)
data/raw/Salmonella/salmo.320.jpg,1,Cluster 1 (Light wood shavings)
data/raw/Salmonella/salmo.321.jpg,1,Cluster 1 (Light wood shavings)
data/raw/Salmonella/salmo.322.jpg,2,Cluster 2 (Reddish-brown litter)
data/raw/Salmonella/salmo.323.jpg,1,Cluster 1 (Light wood shavings)
data/raw/Salmonella/salmo.324.jpg,1,Cluster 1 (Light wood shavings)
data/raw/Salmonella/salmo.325.jpg,0,Cluster 0 (Dark soil / concrete)
data/raw/Salmonella/salmo.326.jpg,3,Cluster 3 (Mixed straw / pen floor)
data/raw/Salmonella/salmo.327.jpg,1,Cluster 1 (Light wood shavings)
data/raw/Salmonella/salmo.328.jpg,2,Cluster 2 (Reddish-brown litter)
data/raw/Salmonella/salmo.329.jpg,1,Cluster 1 (Light wood shavings)
data/raw/Salmonella/salmo.33.jpg,1,Cluster 1 (Light wood shavings)
data/raw/Salmonella/salmo.330.jpg,3,Cluster 3 (Mixed straw / pen floor)
data/raw/Salmonella/salmo.331.jpg,3,Cluster 3 (Mixed straw / pen floor)
data/raw/Salmonella/salmo.332.jpg,1,Cluster 1 (Light wood shavings)
data/raw/Salmonella/salmo.333.jpg,3,Cluster 3 (Mixed straw / pen floor)
data/raw/Salmonella/salmo.334.jpg,3,Cluster 3 (Mixed straw / pen floor)
data/raw/Salmonella/salmo.335.jpg,1,Cluster 1 (Light wood shavings)
data/raw/Salmonella/salmo.336.jpg,2,Cluster 2 (Reddish-brown litter)
data/raw/Salmonella/salmo.337.jpg,1,Cluster 1 (Light wood shavings)
data/raw/Salmonella/salmo.338.jpg,1,Cluster 1 (Light wood shavings)
data/raw/Salmonella/salmo.339.jpg,3,Cluster 3 (Mixed straw / pen floor)
data/raw/Salmonella/salmo.34.jpg,1,Cluster 1 (Light wood shavings)
data/raw/Salmonella/salmo.340.jpg,1,Cluster 1 (Light wood shavings)
data/raw/Salmonella/salmo.341.jpg,1,Cluster 1 (Light wood shavings)
data/raw/Salmonella/salmo.342.jpg,1,Cluster 1 (Light wood shavings)
data/raw/Salmonella/salmo.343.jpg,1,Cluster 1 (Light wood shavings)
data/raw/Salmonella/salmo.344.jpg,0,Cluster 0 (Dark soil / concrete)
data/raw/Salmonella/salmo.345.jpg,1,Cluster 1 (Light wood shavings)
data/raw/Salmonella/salmo.346.jpg,0,Cluster 0 (Dark soil / concrete)
data/raw/Salmonella/salmo.347.jpg,1,Cluster 1 (Light wood shavings)
data/raw/Salmonella/salmo.348.jpg,3,Cluster 3 (Mixed straw / pen floor)
data/raw/Salmonella/salmo.349.jpg,1,Cluster 1 (Light wood shavings)
data/raw/Salmonella/salmo.35.jpg,1,Cluster 1 (Light wood shavings)
data/raw/Salmonella/salmo.350.jpg,1,Cluster 1 (Light wood shavings)
data/raw/Salmonella/salmo.351.jpg,1,Cluster 1 (Light wood shavings)
data/raw/Salmonella/salmo.352.jpg,1,Cluster 1 (Light wood shavings)
data/raw/Salmonella/salmo.353.jpg,3,Cluster 3 (Mixed straw / pen floor)
data/raw/Salmonella/salmo.354.jpg,2,Cluster 2 (Reddish-brown litter)
data/raw/Salmonella/salmo.355.jpg,2,Cluster 2 (Reddish-brown litter)
data/raw/Salmonella/salmo.356.jpg,1,Cluster 1 (Light wood shavings)
data/raw/Salmonella/salmo.357.jpg,0,Cluster 0 (Dark soil / concrete)
data/raw/Salmonella/salmo.358.jpg,1,Cluster 1 (Light wood shavings)
data/raw/Salmonella/salmo.359.jpg,1,Cluster 1 (Light wood shavings)
data/raw/Salmonella/salmo.36.jpg,1,Cluster 1 (Light wood shavings)
data/raw/Salmonella/salmo.360.jpg,1,Cluster 1 (Light wood shavings)
data/raw/Salmonella/salmo.361.jpg,2,Cluster 2 (Reddish-brown litter)
data/raw/Salmonella/salmo.362.jpg,1,Cluster 1 (Light wood shavings)
data/raw/Salmonella/salmo.363.jpg,1,Cluster 1 (Light wood shavings)
data/raw/Salmonella/salmo.364.jpg,0,Cluster 0 (Dark soil / concrete)
data/raw/Salmonella/salmo.365.jpg,1,Cluster 1 (Light wood shavings)
data/raw/Salmonella/salmo.366.jpg,1,Cluster 1 (Light wood shavings)
data/raw/Salmonella/salmo.367.jpg,1,Cluster 1 (Light wood shavings)
data/raw/Salmonella/salmo.368.jpg,3,Cluster 3 (Mixed straw / pen floor)
data/raw/Salmonella/salmo.369.jpg,1,Cluster 1 (Light wood shavings)
data/raw/Salmonella/salmo.37.jpg,2,Cluster 2 (Reddish-brown litter)
data/raw/Salmonella/salmo.370.jpg,1,Cluster 1 (Light wood shavings)
data/raw/Salmonella/salmo.371.jpg,2,Cluster 2 (Reddish-brown litter)
data/raw/Salmonella/salmo.372.jpg,2,Cluster 2 (Reddish-brown litter)
data/raw/Salmonella/salmo.373.jpg,1,Cluster 1 (Light wood shavings)
data/raw/Salmonella/salmo.374.jpg,3,Cluster 3 (Mixed straw / pen floor)
data/raw/Salmonella/salmo.375.jpg,3,Cluster 3 (Mixed straw / pen floor)
data/raw/Salmonella/salmo.376.jpg,1,Cluster 1 (Light wood shavings)
data/raw/Salmonella/salmo.377.jpg,3,Cluster 3 (Mixed straw / pen floor)
data/raw/Salmonella/salmo.378.jpg,1,Cluster 1 (Light wood shavings)
data/raw/Salmonella/salmo.379.jpg,1,Cluster 1 (Light wood shavings)
data/raw/Salmonella/salmo.38.jpg,1,Cluster 1 (Light wood shavings)
data/raw/Salmonella/salmo.380.jpg,1,Cluster 1 (Light wood shavings)
data/raw/Salmonella/salmo.381.jpg,1,Cluster 1 (Light wood shavings)
data/raw/Salmonella/salmo.382.jpg,2,Cluster 2 (Reddish-brown litter)
data/raw/Salmonella/salmo.383.jpg,0,Cluster 0 (Dark soil / concrete)
data/raw/Salmonella/salmo.384.jpg,1,Cluster 1 (Light wood shavings)
data/raw/Salmonella/salmo.385.jpg,2,Cluster 2 (Reddish-brown litter)
data/raw/Salmonella/salmo.386.jpg,1,Cluster 1 (Light wood shavings)
data/raw/Salmonella/salmo.387.jpg,2,Cluster 2 (Reddish-brown litter)
data/raw/Salmonella/salmo.388.jpg,1,Cluster 1 (Light wood shavings)
data/raw/Salmonella/salmo.389.jpg,1,Cluster 1 (Light wood shavings)
data/raw/Salmonella/salmo.39.jpg,1,Cluster 1 (Light wood shavings)
data/raw/Salmonella/salmo.390.jpg,0,Cluster 0 (Dark soil / concrete)
data/raw/Salmonella/salmo.391.jpg,0,Cluster 0 (Dark soil / concrete)
data/raw/Salmonella/salmo.392.jpg,1,Cluster 1 (Light wood shavings)
data/raw/Salmonella/salmo.393.jpg,1,Cluster 1 (Light wood shavings)
data/raw/Salmonella/salmo.394.jpg,1,Cluster 1 (Light wood shavings)
data/raw/Salmonella/salmo.395.jpg,1,Cluster 1 (Light wood shavings)
data/raw/Salmonella/salmo.396.jpg,2,Cluster 2 (Reddish-brown litter)
data/raw/Salmonella/salmo.397.jpg,1,Cluster 1 (Light wood shavings)
data/raw/Salmonella/salmo.398.jpg,2,Cluster 2 (Reddish-brown litter)
data/raw/Salmonella/salmo.399.jpg,1,Cluster 1 (Light wood shavings)
data/raw/Salmonella/salmo.4.jpg,1,Cluster 1 (Light wood shavings)
data/raw/Salmonella/salmo.40.jpg,3,Cluster 3 (Mixed straw / pen floor)
data/raw/Salmonella/salmo.400.jpg,1,Cluster 1 (Light wood shavings)
data/raw/Salmonella/salmo.401.jpg,0,Cluster 0 (Dark soil / concrete)
data/raw/Salmonella/salmo.402.jpg,2,Cluster 2 (Reddish-brown litter)
data/raw/Salmonella/salmo.403.jpg,1,Cluster 1 (Light wood shavings)
data/raw/Salmonella/salmo.404.jpg,0,Cluster 0 (Dark soil / concrete)
data/raw/Salmonella/salmo.405.jpg,2,Cluster 2 (Reddish-brown litter)
data/raw/Salmonella/salmo.406.jpg,1,Cluster 1 (Light wood shavings)
data/raw/Salmonella/salmo.407.jpg,1,Cluster 1 (Light wood shavings)
data/raw/Salmonella/salmo.408.jpg,0,Cluster 0 (Dark soil / concrete)
data/raw/Salmonella/salmo.409.jpg,3,Cluster 3 (Mixed straw / pen floor)
data/raw/Salmonella/salmo.41.jpg,2,Cluster 2 (Reddish-brown litter)
data/raw/Salmonella/salmo.410.jpg,2,Cluster 2 (Reddish-brown litter)
data/raw/Salmonella/salmo.411.jpg,0,Cluster 0 (Dark soil / concrete)
data/raw/Salmonella/salmo.412.jpg,3,Cluster 3 (Mixed straw / pen floor)
data/raw/Salmonella/salmo.413.jpg,1,Cluster 1 (Light wood shavings)
data/raw/Salmonella/salmo.414.jpg,1,Cluster 1 (Light wood shavings)
data/raw/Salmonella/salmo.415.jpg,1,Cluster 1 (Light wood shavings)
data/raw/Salmonella/salmo.416.jpg,3,Cluster 3 (Mixed straw / pen floor)
data/raw/Salmonella/salmo.417.jpg,1,Cluster 1 (Light wood shavings)
data/raw/Salmonella/salmo.418.jpg,1,Cluster 1 (Light wood shavings)
data/raw/Salmonella/salmo.419.jpg,2,Cluster 2 (Reddish-brown litter)
data/raw/Salmonella/salmo.42.jpg,1,Cluster 1 (Light wood shavings)
data/raw/Salmonella/salmo.420.jpg,1,Cluster 1 (Light wood shavings)
data/raw/Salmonella/salmo.421.jpg,1,Cluster 1 (Light wood shavings)
data/raw/Salmonella/salmo.422.jpg,3,Cluster 3 (Mixed straw / pen floor)
data/raw/Salmonella/salmo.423.jpg,0,Cluster 0 (Dark soil / concrete)
data/raw/Salmonella/salmo.424.jpg,1,Cluster 1 (Light wood shavings)
data/raw/Salmonella/salmo.425.jpg,1,Cluster 1 (Light wood shavings)
data/raw/Salmonella/salmo.426.jpg,1,Cluster 1 (Light wood shavings)
data/raw/Salmonella/salmo.427.jpg,1,Cluster 1 (Light wood shavings)
data/raw/Salmonella/salmo.428.jpg,1,Cluster 1 (Light wood shavings)
data/raw/Salmonella/salmo.429.jpg,1,Cluster 1 (Light wood shavings)
data/raw/Salmonella/salmo.43.jpg,1,Cluster 1 (Light wood shavings)
data/raw/Salmonella/salmo.430.jpg,3,Cluster 3 (Mixed straw / pen floor)
data/raw/Salmonella/salmo.431.jpg,0,Cluster 0 (Dark soil / concrete)
data/raw/Salmonella/salmo.432.jpg,3,Cluster 3 (Mixed straw / pen floor)
data/raw/Salmonella/salmo.433.jpg,1,Cluster 1 (Light wood shavings)
data/raw/Salmonella/salmo.434.jpg,1,Cluster 1 (Light wood shavings)
data/raw/Salmonella/salmo.435.jpg,3,Cluster 3 (Mixed straw / pen floor)
data/raw/Salmonella/salmo.436.jpg,1,Cluster 1 (Light wood shavings)
data/raw/Salmonella/salmo.437.jpg,3,Cluster 3 (Mixed straw / pen floor)
data/raw/Salmonella/salmo.438.jpg,0,Cluster 0 (Dark soil / concrete)
data/raw/Salmonella/salmo.439.jpg,1,Cluster 1 (Light wood shavings)
data/raw/Salmonella/salmo.44.jpg,0,Cluster 0 (Dark soil / concrete)
data/raw/Salmonella/salmo.440.jpg,1,Cluster 1 (Light wood shavings)
data/raw/Salmonella/salmo.441.jpg,0,Cluster 0 (Dark soil / concrete)
data/raw/Salmonella/salmo.442.jpg,2,Cluster 2 (Reddish-brown litter)
data/raw/Salmonella/salmo.443.jpg,1,Cluster 1 (Light wood shavings)
data/raw/Salmonella/salmo.444.jpg,0,Cluster 0 (Dark soil / concrete)
data/raw/Salmonella/salmo.445.jpg,2,Cluster 2 (Reddish-brown litter)
data/raw/Salmonella/salmo.446.jpg,1,Cluster 1 (Light wood shavings)
data/raw/Salmonella/salmo.447.jpg,3,Cluster 3 (Mixed straw / pen floor)
data/raw/Salmonella/salmo.448.jpg,1,Cluster 1 (Light wood shavings)
data/raw/Salmonella/salmo.449.jpg,2,Cluster 2 (Reddish-brown litter)
data/raw/Salmonella/salmo.45.jpg,2,Cluster 2 (Reddish-brown litter)
data/raw/Salmonella/salmo.450.jpg,1,Cluster 1 (Light wood shavings)
data/raw/Salmonella/salmo.451.jpg,1,Cluster 1 (Light wood shavings)
data/raw/Salmonella/salmo.452.jpg,2,Cluster 2 (Reddish-brown litter)
data/raw/Salmonella/salmo.453.jpg,3,Cluster 3 (Mixed straw / pen floor)
data/raw/Salmonella/salmo.454.jpg,2,Cluster 2 (Reddish-brown litter)
data/raw/Salmonella/salmo.455.jpg,1,Cluster 1 (Light wood shavings)
data/raw/Salmonella/salmo.456.jpg,1,Cluster 1 (Light wood shavings)
data/raw/Salmonella/salmo.457.jpg,3,Cluster 3 (Mixed straw / pen floor)
data/raw/Salmonella/salmo.458.jpg,1,Cluster 1 (Light wood shavings)
data/raw/Salmonella/salmo.459.jpg,2,Cluster 2 (Reddish-brown litter)
data/raw/Salmonella/salmo.46.jpg,1,Cluster 1 (Light wood shavings)
data/raw/Salmonella/salmo.460.jpg,1,Cluster 1 (Light wood shavings)
data/raw/Salmonella/salmo.461.jpg,1,Cluster 1 (Light wood shavings)
data/raw/Salmonella/salmo.462.jpg,3,Cluster 3 (Mixed straw / pen floor)
data/raw/Salmonella/salmo.463.jpg,1,Cluster 1 (Light wood shavings)
data/raw/Salmonella/salmo.464.jpg,3,Cluster 3 (Mixed straw / pen floor)
data/raw/Salmonella/salmo.465.jpg,0,Cluster 0 (Dark soil / concrete)
data/raw/Salmonella/salmo.466.jpg,1,Cluster 1 (Light wood shavings)
data/raw/Salmonella/salmo.467.jpg,3,Cluster 3 (Mixed straw / pen floor)
data/raw/Salmonella/salmo.468.jpg,3,Cluster 3 (Mixed straw / pen floor)
data/raw/Salmonella/salmo.469.jpg,3,Cluster 3 (Mixed straw / pen floor)
data/raw/Salmonella/salmo.47.jpg,3,Cluster 3 (Mixed straw / pen floor)
data/raw/Salmonella/salmo.470.jpg,1,Cluster 1 (Light wood shavings)
data/raw/Salmonella/salmo.471.jpg,3,Cluster 3 (Mixed straw / pen floor)
data/raw/Salmonella/salmo.472.jpg,0,Cluster 0 (Dark soil / concrete)
data/raw/Salmonella/salmo.473.jpg,1,Cluster 1 (Light wood shavings)
data/raw/Salmonella/salmo.474.jpg,1,Cluster 1 (Light wood shavings)
data/raw/Salmonella/salmo.475.jpg,2,Cluster 2 (Reddish-brown litter)
data/raw/Salmonella/salmo.476.jpg,1,Cluster 1 (Light wood shavings)
data/raw/Salmonella/salmo.477.jpg,1,Cluster 1 (Light wood shavings)
data/raw/Salmonella/salmo.478.jpg,1,Cluster 1 (Light wood shavings)
data/raw/Salmonella/salmo.479.jpg,1,Cluster 1 (Light wood shavings)
data/raw/Salmonella/salmo.48.jpg,1,Cluster 1 (Light wood shavings)
data/raw/Salmonella/salmo.480.jpg,1,Cluster 1 (Light wood shavings)
data/raw/Salmonella/salmo.481.jpg,1,Cluster 1 (Light wood shavings)
data/raw/Salmonella/salmo.482.jpg,2,Cluster 2 (Reddish-brown litter)
data/raw/Salmonella/salmo.483.jpg,1,Cluster 1 (Light wood shavings)
data/raw/Salmonella/salmo.484.jpg,1,Cluster 1 (Light wood shavings)
data/raw/Salmonella/salmo.485.jpg,1,Cluster 1 (Light wood shavings)
data/raw/Salmonella/salmo.486.jpg,1,Cluster 1 (Light wood shavings)
data/raw/Salmonella/salmo.487.jpg,3,Cluster 3 (Mixed straw / pen floor)
data/raw/Salmonella/salmo.488.jpg,1,Cluster 1 (Light wood shavings)
data/raw/Salmonella/salmo.489.jpg,1,Cluster 1 (Light wood shavings)
data/raw/Salmonella/salmo.49.jpg,0,Cluster 0 (Dark soil / concrete)
data/raw/Salmonella/salmo.490.jpg,3,Cluster 3 (Mixed straw / pen floor)
data/raw/Salmonella/salmo.491.jpg,1,Cluster 1 (Light wood shavings)
data/raw/Salmonella/salmo.492.jpg,1,Cluster 1 (Light wood shavings)
data/raw/Salmonella/salmo.493.jpg,3,Cluster 3 (Mixed straw / pen floor)
data/raw/Salmonella/salmo.494.jpg,3,Cluster 3 (Mixed straw / pen floor)
data/raw/Salmonella/salmo.495.jpg,1,Cluster 1 (Light wood shavings)
data/raw/Salmonella/salmo.496.jpg,2,Cluster 2 (Reddish-brown litter)
data/raw/Salmonella/salmo.497.jpg,1,Cluster 1 (Light wood shavings)
data/raw/Salmonella/salmo.498.jpg,2,Cluster 2 (Reddish-brown litter)
data/raw/Salmonella/salmo.499.jpg,1,Cluster 1 (Light wood shavings)
data/raw/Salmonella/salmo.5.jpg,1,Cluster 1 (Light wood shavings)
data/raw/Salmonella/salmo.50.jpg,1,Cluster 1 (Light wood shavings)
data/raw/Salmonella/salmo.500.jpg,1,Cluster 1 (Light wood shavings)
data/raw/Salmonella/salmo.501.jpg,3,Cluster 3 (Mixed straw / pen floor)
data/raw/Salmonella/salmo.502.jpg,1,Cluster 1 (Light wood shavings)
data/raw/Salmonella/salmo.503.jpg,1,Cluster 1 (Light wood shavings)
data/raw/Salmonella/salmo.504.jpg,1,Cluster 1 (Light wood shavings)
data/raw/Salmonella/salmo.505.jpg,1,Cluster 1 (Light wood shavings)
data/raw/Salmonella/salmo.506.jpg,3,Cluster 3 (Mixed straw / pen floor)
data/raw/Salmonella/salmo.507.jpg,2,Cluster 2 (Reddish-brown litter)
data/raw/Salmonella/salmo.508.jpg,1,Cluster 1 (Light wood shavings)
data/raw/Salmonella/salmo.509.jpg,0,Cluster 0 (Dark soil / concrete)
data/raw/Salmonella/salmo.51.jpg,0,Cluster 0 (Dark soil / concrete)
data/raw/Salmonella/salmo.510.jpg,1,Cluster 1 (Light wood shavings)
data/raw/Salmonella/salmo.511.jpg,1,Cluster 1 (Light wood shavings)
data/raw/Salmonella/salmo.512.jpg,1,Cluster 1 (Light wood shavings)
data/raw/Salmonella/salmo.513.jpg,1,Cluster 1 (Light wood shavings)
data/raw/Salmonella/salmo.514.jpg,1,Cluster 1 (Light wood shavings)
data/raw/Salmonella/salmo.515.jpg,0,Cluster 0 (Dark soil / concrete)
data/raw/Salmonella/salmo.516.jpg,1,Cluster 1 (Light wood shavings)
data/raw/Salmonella/salmo.517.jpg,1,Cluster 1 (Light wood shavings)
data/raw/Salmonella/salmo.518.jpg,0,Cluster 0 (Dark soil / concrete)
data/raw/Salmonella/salmo.519.jpg,1,Cluster 1 (Light wood shavings)
data/raw/Salmonella/salmo.52.jpg,1,Cluster 1 (Light wood shavings)
data/raw/Salmonella/salmo.520.jpg,0,Cluster 0 (Dark soil / concrete)
data/raw/Salmonella/salmo.521.jpg,2,Cluster 2 (Reddish-brown litter)
data/raw/Salmonella/salmo.522.jpg,3,Cluster 3 (Mixed straw / pen floor)
data/raw/Salmonella/salmo.523.jpg,1,Cluster 1 (Light wood shavings)
data/raw/Salmonella/salmo.524.jpg,1,Cluster 1 (Light wood shavings)
data/raw/Salmonella/salmo.525.jpg,3,Cluster 3 (Mixed straw / pen floor)
data/raw/Salmonella/salmo.526.jpg,1,Cluster 1 (Light wood shavings)
data/raw/Salmonella/salmo.527.jpg,1,Cluster 1 (Light wood shavings)
data/raw/Salmonella/salmo.528.jpg,0,Cluster 0 (Dark soil / concrete)
data/raw/Salmonella/salmo.529.jpg,1,Cluster 1 (Light wood shavings)
data/raw/Salmonella/salmo.53.jpg,3,Cluster 3 (Mixed straw / pen floor)
data/raw/Salmonella/salmo.530.jpg,1,Cluster 1 (Light wood shavings)
data/raw/Salmonella/salmo.531.jpg,1,Cluster 1 (Light wood shavings)
data/raw/Salmonella/salmo.532.jpg,1,Cluster 1 (Light wood shavings)
data/raw/Salmonella/salmo.533.jpg,1,Cluster 1 (Light wood shavings)
data/raw/Salmonella/salmo.534.jpg,2,Cluster 2 (Reddish-brown litter)
data/raw/Salmonella/salmo.535.jpg,1,Cluster 1 (Light wood shavings)
data/raw/Salmonella/salmo.536.jpg,1,Cluster 1 (Light wood shavings)
data/raw/Salmonella/salmo.537.jpg,1,Cluster 1 (Light wood shavings)
data/raw/Salmonella/salmo.538.jpg,2,Cluster 2 (Reddish-brown litter)
data/raw/Salmonella/salmo.539.jpg,2,Cluster 2 (Reddish-brown litter)
data/raw/Salmonella/salmo.54.jpg,1,Cluster 1 (Light wood shavings)
data/raw/Salmonella/salmo.540.jpg,1,Cluster 1 (Light wood shavings)
data/raw/Salmonella/salmo.541.jpg,0,Cluster 0 (Dark soil / concrete)
data/raw/Salmonella/salmo.542.jpg,1,Cluster 1 (Light wood shavings)
data/raw/Salmonella/salmo.543.jpg,1,Cluster 1 (Light wood shavings)
data/raw/Salmonella/salmo.544.jpg,3,Cluster 3 (Mixed straw / pen floor)
data/raw/Salmonella/salmo.545.jpg,1,Cluster 1 (Light wood shavings)
data/raw/Salmonella/salmo.546.jpg,3,Cluster 3 (Mixed straw / pen floor)
data/raw/Salmonella/salmo.547.jpg,3,Cluster 3 (Mixed straw / pen floor)
data/raw/Salmonella/salmo.548.jpg,1,Cluster 1 (Light wood shavings)
data/raw/Salmonella/salmo.549.jpg,2,Cluster 2 (Reddish-brown litter)
data/raw/Salmonella/salmo.55.jpg,2,Cluster 2 (Reddish-brown litter)
data/raw/Salmonella/salmo.550.jpg,0,Cluster 0 (Dark soil / concrete)
data/raw/Salmonella/salmo.551.jpg,3,Cluster 3 (Mixed straw / pen floor)
data/raw/Salmonella/salmo.552.jpg,3,Cluster 3 (Mixed straw / pen floor)
data/raw/Salmonella/salmo.553.jpg,1,Cluster 1 (Light wood shavings)
data/raw/Salmonella/salmo.554.jpg,3,Cluster 3 (Mixed straw / pen floor)
data/raw/Salmonella/salmo.555.jpg,1,Cluster 1 (Light wood shavings)
data/raw/Salmonella/salmo.556.jpg,1,Cluster 1 (Light wood shavings)
data/raw/Salmonella/salmo.557.jpg,0,Cluster 0 (Dark soil / concrete)
data/raw/Salmonella/salmo.558.jpg,3,Cluster 3 (Mixed straw / pen floor)
data/raw/Salmonella/salmo.559.jpg,3,Cluster 3 (Mixed straw / pen floor)
data/raw/Salmonella/salmo.56.jpg,3,Cluster 3 (Mixed straw / pen floor)
data/raw/Salmonella/salmo.560.jpg,1,Cluster 1 (Light wood shavings)
data/raw/Salmonella/salmo.561.jpg,1,Cluster 1 (Light wood shavings)
data/raw/Salmonella/salmo.562.jpg,2,Cluster 2 (Reddish-brown litter)
data/raw/Salmonella/salmo.563.jpg,3,Cluster 3 (Mixed straw / pen floor)
data/raw/Salmonella/salmo.564.jpg,3,Cluster 3 (Mixed straw / pen floor)
data/raw/Salmonella/salmo.565.jpg,3,Cluster 3 (Mixed straw / pen floor)
data/raw/Salmonella/salmo.566.jpg,1,Cluster 1 (Light wood shavings)
data/raw/Salmonella/salmo.567.jpg,1,Cluster 1 (Light wood shavings)
data/raw/Salmonella/salmo.568.jpg,1,Cluster 1 (Light wood shavings)
data/raw/Salmonella/salmo.569.jpg,1,Cluster 1 (Light wood shavings)
data/raw/Salmonella/salmo.57.jpg,0,Cluster 0 (Dark soil / concrete)
data/raw/Salmonella/salmo.570.jpg,2,Cluster 2 (Reddish-brown litter)
data/raw/Salmonella/salmo.571.jpg,1,Cluster 1 (Light wood shavings)
data/raw/Salmonella/salmo.572.jpg,1,Cluster 1 (Light wood shavings)
data/raw/Salmonella/salmo.573.jpg,1,Cluster 1 (Light wood shavings)
data/raw/Salmonella/salmo.574.jpg,1,Cluster 1 (Light wood shavings)
data/raw/Salmonella/salmo.575.jpg,1,Cluster 1 (Light wood shavings)
data/raw/Salmonella/salmo.576.jpg,1,Cluster 1 (Light wood shavings)
data/raw/Salmonella/salmo.577.jpg,1,Cluster 1 (Light wood shavings)
data/raw/Salmonella/salmo.578.jpg,3,Cluster 3 (Mixed straw / pen floor)
data/raw/Salmonella/salmo.579.jpg,1,Cluster 1 (Light wood shavings)
data/raw/Salmonella/salmo.58.jpg,1,Cluster 1 (Light wood shavings)
data/raw/Salmonella/salmo.580.jpg,3,Cluster 3 (Mixed straw / pen floor)
data/raw/Salmonella/salmo.581.jpg,1,Cluster 1 (Light wood shavings)
data/raw/Salmonella/salmo.582.jpg,1,Cluster 1 (Light wood shavings)
data/raw/Salmonella/salmo.583.jpg,1,Cluster 1 (Light wood shavings)
data/raw/Salmonella/salmo.584.jpg,3,Cluster 3 (Mixed straw / pen floor)
data/raw/Salmonella/salmo.585.jpg,1,Cluster 1 (Light wood shavings)
data/raw/Salmonella/salmo.586.jpg,1,Cluster 1 (Light wood shavings)
data/raw/Salmonella/salmo.587.jpg,1,Cluster 1 (Light wood shavings)
data/raw/Salmonella/salmo.588.jpg,3,Cluster 3 (Mixed straw / pen floor)
data/raw/Salmonella/salmo.589.jpg,3,Cluster 3 (Mixed straw / pen floor)
data/raw/Salmonella/salmo.59.jpg,0,Cluster 0 (Dark soil / concrete)
data/raw/Salmonella/salmo.590.jpg,0,Cluster 0 (Dark soil / concrete)
data/raw/Salmonella/salmo.591.jpg,2,Cluster 2 (Reddish-brown litter)
data/raw/Salmonella/salmo.592.jpg,1,Cluster 1 (Light wood shavings)
data/raw/Salmonella/salmo.593.jpg,2,Cluster 2 (Reddish-brown litter)
data/raw/Salmonella/salmo.594.jpg,1,Cluster 1 (Light wood shavings)
data/raw/Salmonella/salmo.595.jpg,3,Cluster 3 (Mixed straw / pen floor)
data/raw/Salmonella/salmo.596.jpg,0,Cluster 0 (Dark soil / concrete)
data/raw/Salmonella/salmo.597.jpg,3,Cluster 3 (Mixed straw / pen floor)
data/raw/Salmonella/salmo.598.jpg,1,Cluster 1 (Light wood shavings)
data/raw/Salmonella/salmo.599.jpg,2,Cluster 2 (Reddish-brown litter)
data/raw/Salmonella/salmo.6.jpg,2,Cluster 2 (Reddish-brown litter)
data/raw/Salmonella/salmo.60.jpg,1,Cluster 1 (Light wood shavings)
data/raw/Salmonella/salmo.600.jpg,3,Cluster 3 (Mixed straw / pen floor)
data/raw/Salmonella/salmo.601.jpg,1,Cluster 1 (Light wood shavings)
data/raw/Salmonella/salmo.602.jpg,0,Cluster 0 (Dark soil / concrete)
data/raw/Salmonella/salmo.603.jpg,1,Cluster 1 (Light wood shavings)
data/raw/Salmonella/salmo.604.jpg,1,Cluster 1 (Light wood shavings)
data/raw/Salmonella/salmo.605.jpg,1,Cluster 1 (Light wood shavings)
data/raw/Salmonella/salmo.606.jpg,1,Cluster 1 (Light wood shavings)
data/raw/Salmonella/salmo.607.jpg,1,Cluster 1 (Light wood shavings)
data/raw/Salmonella/salmo.608.jpg,2,Cluster 2 (Reddish-brown litter)
data/raw/Salmonella/salmo.609.jpg,1,Cluster 1 (Light wood shavings)
data/raw/Salmonella/salmo.61.jpg,3,Cluster 3 (Mixed straw / pen floor)
data/raw/Salmonella/salmo.610.jpg,1,Cluster 1 (Light wood shavings)
data/raw/Salmonella/salmo.611.jpg,1,Cluster 1 (Light wood shavings)
data/raw/Salmonella/salmo.612.jpg,1,Cluster 1 (Light wood shavings)
data/raw/Salmonella/salmo.613.jpg,1,Cluster 1 (Light wood shavings)
data/raw/Salmonella/salmo.614.jpg,1,Cluster 1 (Light wood shavings)
data/raw/Salmonella/salmo.615.jpg,1,Cluster 1 (Light wood shavings)
data/raw/Salmonella/salmo.616.jpg,3,Cluster 3 (Mixed straw / pen floor)
data/raw/Salmonella/salmo.617.jpg,1,Cluster 1 (Light wood shavings)
data/raw/Salmonella/salmo.618.jpg,2,Cluster 2 (Reddish-brown litter)
data/raw/Salmonella/salmo.619.jpg,0,Cluster 0 (Dark soil / concrete)
data/raw/Salmonella/salmo.62.jpg,1,Cluster 1 (Light wood shavings)
data/raw/Salmonella/salmo.620.jpg,3,Cluster 3 (Mixed straw / pen floor)
data/raw/Salmonella/salmo.621.jpg,1,Cluster 1 (Light wood shavings)
data/raw/Salmonella/salmo.622.jpg,1,Cluster 1 (Light wood shavings)
data/raw/Salmonella/salmo.623.jpg,1,Cluster 1 (Light wood shavings)
data/raw/Salmonella/salmo.624.jpg,2,Cluster 2 (Reddish-brown litter)
data/raw/Salmonella/salmo.625.jpg,2,Cluster 2 (Reddish-brown litter)
data/raw/Salmonella/salmo.626.jpg,3,Cluster 3 (Mixed straw / pen floor)
data/raw/Salmonella/salmo.627.jpg,0,Cluster 0 (Dark soil / concrete)
data/raw/Salmonella/salmo.628.jpg,1,Cluster 1 (Light wood shavings)
data/raw/Salmonella/salmo.629.jpg,0,Cluster 0 (Dark soil / concrete)
data/raw/Salmonella/salmo.63.jpg,3,Cluster 3 (Mixed straw / pen floor)
data/raw/Salmonella/salmo.630.jpg,3,Cluster 3 (Mixed straw / pen floor)
data/raw/Salmonella/salmo.631.jpg,0,Cluster 0 (Dark soil / concrete)
data/raw/Salmonella/salmo.632.jpg,2,Cluster 2 (Reddish-brown litter)
data/raw/Salmonella/salmo.633.jpg,1,Cluster 1 (Light wood shavings)
data/raw/Salmonella/salmo.634.jpg,1,Cluster 1 (Light wood shavings)
data/raw/Salmonella/salmo.635.jpg,0,Cluster 0 (Dark soil / concrete)
data/raw/Salmonella/salmo.636.jpg,1,Cluster 1 (Light wood shavings)
data/raw/Salmonella/salmo.637.jpg,1,Cluster 1 (Light wood shavings)
data/raw/Salmonella/salmo.638.jpg,1,Cluster 1 (Light wood shavings)
data/raw/Salmonella/salmo.639.jpg,1,Cluster 1 (Light wood shavings)
data/raw/Salmonella/salmo.64.jpg,3,Cluster 3 (Mixed straw / pen floor)
data/raw/Salmonella/salmo.640.jpg,1,Cluster 1 (Light wood shavings)
data/raw/Salmonella/salmo.641.jpg,3,Cluster 3 (Mixed straw / pen floor)
data/raw/Salmonella/salmo.642.jpg,1,Cluster 1 (Light wood shavings)
data/raw/Salmonella/salmo.643.jpg,1,Cluster 1 (Light wood shavings)
data/raw/Salmonella/salmo.644.jpg,3,Cluster 3 (Mixed straw / pen floor)
data/raw/Salmonella/salmo.645.jpg,0,Cluster 0 (Dark soil / concrete)
data/raw/Salmonella/salmo.646.jpg,1,Cluster 1 (Light wood shavings)
data/raw/Salmonella/salmo.647.jpg,2,Cluster 2 (Reddish-brown litter)
data/raw/Salmonella/salmo.648.jpg,2,Cluster 2 (Reddish-brown litter)
data/raw/Salmonella/salmo.649.jpg,1,Cluster 1 (Light wood shavings)
data/raw/Salmonella/salmo.65.jpg,1,Cluster 1 (Light wood shavings)
data/raw/Salmonella/salmo.650.jpg,1,Cluster 1 (Light wood shavings)
data/raw/Salmonella/salmo.651.jpg,1,Cluster 1 (Light wood shavings)
data/raw/Salmonella/salmo.652.jpg,1,Cluster 1 (Light wood shavings)
data/raw/Salmonella/salmo.653.jpg,1,Cluster 1 (Light wood shavings)
data/raw/Salmonella/salmo.654.jpg,1,Cluster 1 (Light wood shavings)
data/raw/Salmonella/salmo.655.jpg,1,Cluster 1 (Light wood shavings)
data/raw/Salmonella/salmo.656.jpg,3,Cluster 3 (Mixed straw / pen floor)
data/raw/Salmonella/salmo.657.jpg,2,Cluster 2 (Reddish-brown litter)
data/raw/Salmonella/salmo.658.jpg,1,Cluster 1 (Light wood shavings)
data/raw/Salmonella/salmo.659.jpg,0,Cluster 0 (Dark soil / concrete)
data/raw/Salmonella/salmo.66.jpg,1,Cluster 1 (Light wood shavings)
data/raw/Salmonella/salmo.660.jpg,0,Cluster 0 (Dark soil / concrete)
data/raw/Salmonella/salmo.661.jpg,1,Cluster 1 (Light wood shavings)
data/raw/Salmonella/salmo.662.jpg,1,Cluster 1 (Light wood shavings)
data/raw/Salmonella/salmo.663.jpg,1,Cluster 1 (Light wood shavings)
data/raw/Salmonella/salmo.664.jpg,3,Cluster 3 (Mixed straw / pen floor)
data/raw/Salmonella/salmo.665.jpg,2,Cluster 2 (Reddish-brown litter)
data/raw/Salmonella/salmo.666.jpg,1,Cluster 1 (Light wood shavings)
data/raw/Salmonella/salmo.667.jpg,1,Cluster 1 (Light wood shavings)
data/raw/Salmonella/salmo.668.jpg,1,Cluster 1 (Light wood shavings)
data/raw/Salmonella/salmo.669.jpg,2,Cluster 2 (Reddish-brown litter)
data/raw/Salmonella/salmo.67.jpg,1,Cluster 1 (Light wood shavings)
data/raw/Salmonella/salmo.670.jpg,1,Cluster 1 (Light wood shavings)
data/raw/Salmonella/salmo.671.jpg,1,Cluster 1 (Light wood shavings)
data/raw/Salmonella/salmo.672.jpg,1,Cluster 1 (Light wood shavings)
data/raw/Salmonella/salmo.673.jpg,1,Cluster 1 (Light wood shavings)
data/raw/Salmonella/salmo.674.jpg,0,Cluster 0 (Dark soil / concrete)
data/raw/Salmonella/salmo.675.jpg,1,Cluster 1 (Light wood shavings)
data/raw/Salmonella/salmo.676.jpg,1,Cluster 1 (Light wood shavings)
data/raw/Salmonella/salmo.677.jpg,1,Cluster 1 (Light wood shavings)
data/raw/Salmonella/salmo.678.jpg,1,Cluster 1 (Light wood shavings)
data/raw/Salmonella/salmo.679.jpg,2,Cluster 2 (Reddish-brown litter)
data/raw/Salmonella/salmo.68.jpg,3,Cluster 3 (Mixed straw / pen floor)
data/raw/Salmonella/salmo.680.jpg,2,Cluster 2 (Reddish-brown litter)
data/raw/Salmonella/salmo.681.jpg,2,Cluster 2 (Reddish-brown litter)
data/raw/Salmonella/salmo.682.jpg,1,Cluster 1 (Light wood shavings)
data/raw/Salmonella/salmo.683.jpg,2,Cluster 2 (Reddish-brown litter)
data/raw/Salmonella/salmo.684.jpg,1,Cluster 1 (Light wood shavings)
data/raw/Salmonella/salmo.685.jpg,3,Cluster 3 (Mixed straw / pen floor)
data/raw/Salmonella/salmo.686.jpg,1,Cluster 1 (Light wood shavings)
data/raw/Salmonella/salmo.687.jpg,0,Cluster 0 (Dark soil / concrete)
data/raw/Salmonella/salmo.688.jpg,0,Cluster 0 (Dark soil / concrete)
data/raw/Salmonella/salmo.689.jpg,3,Cluster 3 (Mixed straw / pen floor)
data/raw/Salmonella/salmo.69.jpg,1,Cluster 1 (Light wood shavings)
data/raw/Salmonella/salmo.690.jpg,1,Cluster 1 (Light wood shavings)
data/raw/Salmonella/salmo.691.jpg,1,Cluster 1 (Light wood shavings)
data/raw/Salmonella/salmo.692.jpg,1,Cluster 1 (Light wood shavings)
data/raw/Salmonella/salmo.693.jpg,1,Cluster 1 (Light wood shavings)
data/raw/Salmonella/salmo.694.jpg,3,Cluster 3 (Mixed straw / pen floor)
data/raw/Salmonella/salmo.695.jpg,3,Cluster 3 (Mixed straw / pen floor)
data/raw/Salmonella/salmo.696.jpg,1,Cluster 1 (Light wood shavings)
data/raw/Salmonella/salmo.697.jpg,0,Cluster 0 (Dark soil / concrete)
data/raw/Salmonella/salmo.698.jpg,3,Cluster 3 (Mixed straw / pen floor)
data/raw/Salmonella/salmo.699.jpg,3,Cluster 3 (Mixed straw / pen floor)
data/raw/Salmonella/salmo.7.jpg,1,Cluster 1 (Light wood shavings)
data/raw/Salmonella/salmo.70.jpg,1,Cluster 1 (Light wood shavings)
data/raw/Salmonella/salmo.700.jpg,1,Cluster 1 (Light wood shavings)
data/raw/Salmonella/salmo.701.jpg,1,Cluster 1 (Light wood shavings)
data/raw/Salmonella/salmo.702.jpg,3,Cluster 3 (Mixed straw / pen floor)
data/raw/Salmonella/salmo.703.jpg,3,Cluster 3 (Mixed straw / pen floor)
data/raw/Salmonella/salmo.704.jpg,1,Cluster 1 (Light wood shavings)
data/raw/Salmonella/salmo.705.jpg,1,Cluster 1 (Light wood shavings)
data/raw/Salmonella/salmo.706.jpg,3,Cluster 3 (Mixed straw / pen floor)
data/raw/Salmonella/salmo.707.jpg,1,Cluster 1 (Light wood shavings)
data/raw/Salmonella/salmo.708.jpg,1,Cluster 1 (Light wood shavings)
data/raw/Salmonella/salmo.709.jpg,3,Cluster 3 (Mixed straw / pen floor)
data/raw/Salmonella/salmo.71.jpg,2,Cluster 2 (Reddish-brown litter)
data/raw/Salmonella/salmo.710.jpg,1,Cluster 1 (Light wood shavings)
data/raw/Salmonella/salmo.711.jpg,1,Cluster 1 (Light wood shavings)
data/raw/Salmonella/salmo.712.jpg,1,Cluster 1 (Light wood shavings)
data/raw/Salmonella/salmo.713.jpg,0,Cluster 0 (Dark soil / concrete)
data/raw/Salmonella/salmo.714.jpg,3,Cluster 3 (Mixed straw / pen floor)
data/raw/Salmonella/salmo.715.jpg,1,Cluster 1 (Light wood shavings)
data/raw/Salmonella/salmo.716.jpg,2,Cluster 2 (Reddish-brown litter)
data/raw/Salmonella/salmo.717.jpg,3,Cluster 3 (Mixed straw / pen floor)
data/raw/Salmonella/salmo.718.jpg,1,Cluster 1 (Light wood shavings)
data/raw/Salmonella/salmo.719.jpg,1,Cluster 1 (Light wood shavings)
data/raw/Salmonella/salmo.72.jpg,2,Cluster 2 (Reddish-brown litter)
data/raw/Salmonella/salmo.720.jpg,2,Cluster 2 (Reddish-brown litter)
data/raw/Salmonella/salmo.721.jpg,1,Cluster 1 (Light wood shavings)
data/raw/Salmonella/salmo.722.jpg,1,Cluster 1 (Light wood shavings)
data/raw/Salmonella/salmo.723.jpg,3,Cluster 3 (Mixed straw / pen floor)
data/raw/Salmonella/salmo.724.jpg,3,Cluster 3 (Mixed straw / pen floor)
data/raw/Salmonella/salmo.725.jpg,1,Cluster 1 (Light wood shavings)
data/raw/Salmonella/salmo.726.jpg,3,Cluster 3 (Mixed straw / pen floor)
data/raw/Salmonella/salmo.727.jpg,1,Cluster 1 (Light wood shavings)
data/raw/Salmonella/salmo.728.jpg,0,Cluster 0 (Dark soil / concrete)
data/raw/Salmonella/salmo.729.jpg,1,Cluster 1 (Light wood shavings)
data/raw/Salmonella/salmo.73.jpg,2,Cluster 2 (Reddish-brown litter)
data/raw/Salmonella/salmo.730.jpg,1,Cluster 1 (Light wood shavings)
data/raw/Salmonella/salmo.731.jpg,1,Cluster 1 (Light wood shavings)
data/raw/Salmonella/salmo.732.jpg,3,Cluster 3 (Mixed straw / pen floor)
data/raw/Salmonella/salmo.733.jpg,1,Cluster 1 (Light wood shavings)
data/raw/Salmonella/salmo.734.jpg,1,Cluster 1 (Light wood shavings)
data/raw/Salmonella/salmo.735.jpg,1,Cluster 1 (Light wood shavings)
data/raw/Salmonella/salmo.736.jpg,1,Cluster 1 (Light wood shavings)
data/raw/Salmonella/salmo.737.jpg,1,Cluster 1 (Light wood shavings)
data/raw/Salmonella/salmo.738.jpg,3,Cluster 3 (Mixed straw / pen floor)
data/raw/Salmonella/salmo.739.jpg,3,Cluster 3 (Mixed straw / pen floor)
data/raw/Salmonella/salmo.74.jpg,1,Cluster 1 (Light wood shavings)
data/raw/Salmonella/salmo.740.jpg,1,Cluster 1 (Light wood shavings)
data/raw/Salmonella/salmo.741.jpg,1,Cluster 1 (Light wood shavings)
data/raw/Salmonella/salmo.742.jpg,3,Cluster 3 (Mixed straw / pen floor)
data/raw/Salmonella/salmo.743.jpg,1,Cluster 1 (Light wood shavings)
data/raw/Salmonella/salmo.744.jpg,2,Cluster 2 (Reddish-brown litter)
data/raw/Salmonella/salmo.745.jpg,3,Cluster 3 (Mixed straw / pen floor)
data/raw/Salmonella/salmo.746.jpg,1,Cluster 1 (Light wood shavings)
data/raw/Salmonella/salmo.747.jpg,1,Cluster 1 (Light wood shavings)
data/raw/Salmonella/salmo.748.jpg,3,Cluster 3 (Mixed straw / pen floor)
data/raw/Salmonella/salmo.749.jpg,1,Cluster 1 (Light wood shavings)
data/raw/Salmonella/salmo.75.jpg,1,Cluster 1 (Light wood shavings)
data/raw/Salmonella/salmo.750.jpg,2,Cluster 2 (Reddish-brown litter)
data/raw/Salmonella/salmo.751.jpg,1,Cluster 1 (Light wood shavings)
data/raw/Salmonella/salmo.752.jpg,1,Cluster 1 (Light wood shavings)
data/raw/Salmonella/salmo.753.jpg,1,Cluster 1 (Light wood shavings)
data/raw/Salmonella/salmo.754.jpg,1,Cluster 1 (Light wood shavings)
data/raw/Salmonella/salmo.755.jpg,3,Cluster 3 (Mixed straw / pen floor)
data/raw/Salmonella/salmo.756.jpg,1,Cluster 1 (Light wood shavings)
data/raw/Salmonella/salmo.757.jpg,1,Cluster 1 (Light wood shavings)
data/raw/Salmonella/salmo.758.jpg,1,Cluster 1 (Light wood shavings)
data/raw/Salmonella/salmo.759.jpg,1,Cluster 1 (Light wood shavings)
data/raw/Salmonella/salmo.76.jpg,3,Cluster 3 (Mixed straw / pen floor)
data/raw/Salmonella/salmo.760.jpg,2,Cluster 2 (Reddish-brown litter)
data/raw/Salmonella/salmo.761.jpg,2,Cluster 2 (Reddish-brown litter)
data/raw/Salmonella/salmo.762.jpg,1,Cluster 1 (Light wood shavings)
data/raw/Salmonella/salmo.763.jpg,1,Cluster 1 (Light wood shavings)
data/raw/Salmonella/salmo.764.jpg,0,Cluster 0 (Dark soil / concrete)
data/raw/Salmonella/salmo.765.jpg,3,Cluster 3 (Mixed straw / pen floor)
data/raw/Salmonella/salmo.766.jpg,2,Cluster 2 (Reddish-brown litter)
data/raw/Salmonella/salmo.767.jpg,1,Cluster 1 (Light wood shavings)
data/raw/Salmonella/salmo.768.jpg,2,Cluster 2 (Reddish-brown litter)
data/raw/Salmonella/salmo.769.jpg,3,Cluster 3 (Mixed straw / pen floor)
data/raw/Salmonella/salmo.77.jpg,1,Cluster 1 (Light wood shavings)
data/raw/Salmonella/salmo.770.jpg,2,Cluster 2 (Reddish-brown litter)
data/raw/Salmonella/salmo.771.jpg,1,Cluster 1 (Light wood shavings)
data/raw/Salmonella/salmo.772.jpg,1,Cluster 1 (Light wood shavings)
data/raw/Salmonella/salmo.773.jpg,1,Cluster 1 (Light wood shavings)
data/raw/Salmonella/salmo.774.jpg,1,Cluster 1 (Light wood shavings)
data/raw/Salmonella/salmo.775.jpg,1,Cluster 1 (Light wood shavings)
data/raw/Salmonella/salmo.776.jpg,1,Cluster 1 (Light wood shavings)
data/raw/Salmonella/salmo.777.jpg,3,Cluster 3 (Mixed straw / pen floor)
data/raw/Salmonella/salmo.778.jpg,1,Cluster 1 (Light wood shavings)
data/raw/Salmonella/salmo.779.jpg,1,Cluster 1 (Light wood shavings)
data/raw/Salmonella/salmo.78.jpg,1,Cluster 1 (Light wood shavings)
data/raw/Salmonella/salmo.780.jpg,1,Cluster 1 (Light wood shavings)
data/raw/Salmonella/salmo.781.jpg,1,Cluster 1 (Light wood shavings)
data/raw/Salmonella/salmo.782.jpg,2,Cluster 2 (Reddish-brown litter)
data/raw/Salmonella/salmo.783.jpg,1,Cluster 1 (Light wood shavings)
data/raw/Salmonella/salmo.784.jpg,1,Cluster 1 (Light wood shavings)
data/raw/Salmonella/salmo.785.jpg,1,Cluster 1 (Light wood shavings)
data/raw/Salmonella/salmo.786.jpg,2,Cluster 2 (Reddish-brown litter)
data/raw/Salmonella/salmo.787.jpg,3,Cluster 3 (Mixed straw / pen floor)
data/raw/Salmonella/salmo.788.jpg,1,Cluster 1 (Light wood shavings)
data/raw/Salmonella/salmo.789.jpg,1,Cluster 1 (Light wood shavings)
data/raw/Salmonella/salmo.79.jpg,3,Cluster 3 (Mixed straw / pen floor)
data/raw/Salmonella/salmo.790.jpg,1,Cluster 1 (Light wood shavings)
data/raw/Salmonella/salmo.791.jpg,1,Cluster 1 (Light wood shavings)
data/raw/Salmonella/salmo.792.jpg,0,Cluster 0 (Dark soil / concrete)
data/raw/Salmonella/salmo.793.jpg,3,Cluster 3 (Mixed straw / pen floor)
data/raw/Salmonella/salmo.794.jpg,3,Cluster 3 (Mixed straw / pen floor)
data/raw/Salmonella/salmo.795.jpg,1,Cluster 1 (Light wood shavings)
data/raw/Salmonella/salmo.796.jpg,2,Cluster 2 (Reddish-brown litter)
data/raw/Salmonella/salmo.797.jpg,3,Cluster 3 (Mixed straw / pen floor)
data/raw/Salmonella/salmo.798.jpg,0,Cluster 0 (Dark soil / concrete)
data/raw/Salmonella/salmo.799.jpg,1,Cluster 1 (Light wood shavings)
data/raw/Salmonella/salmo.8.jpg,1,Cluster 1 (Light wood shavings)
data/raw/Salmonella/salmo.80.jpg,1,Cluster 1 (Light wood shavings)
data/raw/Salmonella/salmo.800.jpg,3,Cluster 3 (Mixed straw / pen floor)
data/raw/Salmonella/salmo.801.jpg,1,Cluster 1 (Light wood shavings)
data/raw/Salmonella/salmo.802.jpg,1,Cluster 1 (Light wood shavings)
data/raw/Salmonella/salmo.803.jpg,2,Cluster 2 (Reddish-brown litter)
data/raw/Salmonella/salmo.804.jpg,1,Cluster 1 (Light wood shavings)
data/raw/Salmonella/salmo.805.jpg,1,Cluster 1 (Light wood shavings)
data/raw/Salmonella/salmo.806.jpg,3,Cluster 3 (Mixed straw / pen floor)
data/raw/Salmonella/salmo.807.jpg,1,Cluster 1 (Light wood shavings)
data/raw/Salmonella/salmo.808.jpg,1,Cluster 1 (Light wood shavings)
data/raw/Salmonella/salmo.809.jpg,1,Cluster 1 (Light wood shavings)
data/raw/Salmonella/salmo.81.jpg,1,Cluster 1 (Light wood shavings)
data/raw/Salmonella/salmo.810.jpg,1,Cluster 1 (Light wood shavings)
data/raw/Salmonella/salmo.811.jpg,3,Cluster 3 (Mixed straw / pen floor)
data/raw/Salmonella/salmo.812.jpg,2,Cluster 2 (Reddish-brown litter)
data/raw/Salmonella/salmo.813.jpg,2,Cluster 2 (Reddish-brown litter)
data/raw/Salmonella/salmo.814.jpg,1,Cluster 1 (Light wood shavings)
data/raw/Salmonella/salmo.815.jpg,1,Cluster 1 (Light wood shavings)
data/raw/Salmonella/salmo.816.jpg,2,Cluster 2 (Reddish-brown litter)
data/raw/Salmonella/salmo.817.jpg,1,Cluster 1 (Light wood shavings)
data/raw/Salmonella/salmo.818.jpg,1,Cluster 1 (Light wood shavings)
data/raw/Salmonella/salmo.819.jpg,1,Cluster 1 (Light wood shavings)
data/raw/Salmonella/salmo.82.jpg,0,Cluster 0 (Dark soil / concrete)
data/raw/Salmonella/salmo.820.jpg,0,Cluster 0 (Dark soil / concrete)
data/raw/Salmonella/salmo.821.jpg,1,Cluster 1 (Light wood shavings)
data/raw/Salmonella/salmo.822.jpg,2,Cluster 2 (Reddish-brown litter)
data/raw/Salmonella/salmo.823.jpg,1,Cluster 1 (Light wood shavings)
data/raw/Salmonella/salmo.824.jpg,2,Cluster 2 (Reddish-brown litter)
data/raw/Salmonella/salmo.825.jpg,1,Cluster 1 (Light wood shavings)
data/raw/Salmonella/salmo.826.jpg,1,Cluster 1 (Light wood shavings)
data/raw/Salmonella/salmo.827.jpg,1,Cluster 1 (Light wood shavings)
data/raw/Salmonella/salmo.828.jpg,1,Cluster 1 (Light wood shavings)
data/raw/Salmonella/salmo.829.jpg,1,Cluster 1 (Light wood shavings)
data/raw/Salmonella/salmo.83.jpg,1,Cluster 1 (Light wood shavings)
data/raw/Salmonella/salmo.830.jpg,3,Cluster 3 (Mixed straw / pen floor)
data/raw/Salmonella/salmo.831.jpg,0,Cluster 0 (Dark soil / concrete)
data/raw/Salmonella/salmo.832.jpg,3,Cluster 3 (Mixed straw / pen floor)
data/raw/Salmonella/salmo.833.jpg,1,Cluster 1 (Light wood shavings)
data/raw/Salmonella/salmo.834.jpg,1,Cluster 1 (Light wood shavings)
data/raw/Salmonella/salmo.835.jpg,3,Cluster 3 (Mixed straw / pen floor)
data/raw/Salmonella/salmo.836.jpg,1,Cluster 1 (Light wood shavings)
data/raw/Salmonella/salmo.837.jpg,3,Cluster 3 (Mixed straw / pen floor)
data/raw/Salmonella/salmo.838.jpg,3,Cluster 3 (Mixed straw / pen floor)
data/raw/Salmonella/salmo.839.jpg,1,Cluster 1 (Light wood shavings)
data/raw/Salmonella/salmo.84.jpg,1,Cluster 1 (Light wood shavings)
data/raw/Salmonella/salmo.840.jpg,1,Cluster 1 (Light wood shavings)
data/raw/Salmonella/salmo.841.jpg,1,Cluster 1 (Light wood shavings)
data/raw/Salmonella/salmo.842.jpg,1,Cluster 1 (Light wood shavings)
data/raw/Salmonella/salmo.843.jpg,1,Cluster 1 (Light wood shavings)
data/raw/Salmonella/salmo.844.jpg,1,Cluster 1 (Light wood shavings)
data/raw/Salmonella/salmo.845.jpg,1,Cluster 1 (Light wood shavings)
data/raw/Salmonella/salmo.846.jpg,0,Cluster 0 (Dark soil / concrete)
data/raw/Salmonella/salmo.847.jpg,1,Cluster 1 (Light wood shavings)
data/raw/Salmonella/salmo.848.jpg,3,Cluster 3 (Mixed straw / pen floor)
data/raw/Salmonella/salmo.849.jpg,1,Cluster 1 (Light wood shavings)
data/raw/Salmonella/salmo.85.jpg,0,Cluster 0 (Dark soil / concrete)
data/raw/Salmonella/salmo.850.jpg,1,Cluster 1 (Light wood shavings)
data/raw/Salmonella/salmo.851.jpg,1,Cluster 1 (Light wood shavings)
data/raw/Salmonella/salmo.852.jpg,1,Cluster 1 (Light wood shavings)
data/raw/Salmonella/salmo.853.jpg,1,Cluster 1 (Light wood shavings)
data/raw/Salmonella/salmo.854.jpg,2,Cluster 2 (Reddish-brown litter)
data/raw/Salmonella/salmo.855.jpg,1,Cluster 1 (Light wood shavings)
data/raw/Salmonella/salmo.856.jpg,0,Cluster 0 (Dark soil / concrete)
data/raw/Salmonella/salmo.857.jpg,1,Cluster 1 (Light wood shavings)
data/raw/Salmonella/salmo.858.jpg,1,Cluster 1 (Light wood shavings)
data/raw/Salmonella/salmo.859.jpg,0,Cluster 0 (Dark soil / concrete)
data/raw/Salmonella/salmo.86.jpg,1,Cluster 1 (Light wood shavings)
data/raw/Salmonella/salmo.860.jpg,1,Cluster 1 (Light wood shavings)
data/raw/Salmonella/salmo.861.jpg,1,Cluster 1 (Light wood shavings)
data/raw/Salmonella/salmo.862.jpg,1,Cluster 1 (Light wood shavings)
data/raw/Salmonella/salmo.863.jpg,2,Cluster 2 (Reddish-brown litter)
data/raw/Salmonella/salmo.864.jpg,2,Cluster 2 (Reddish-brown litter)
data/raw/Salmonella/salmo.865.jpg,1,Cluster 1 (Light wood shavings)
data/raw/Salmonella/salmo.866.jpg,1,Cluster 1 (Light wood shavings)
data/raw/Salmonella/salmo.867.jpg,2,Cluster 2 (Reddish-brown litter)
data/raw/Salmonella/salmo.868.jpg,1,Cluster 1 (Light wood shavings)
data/raw/Salmonella/salmo.869.jpg,1,Cluster 1 (Light wood shavings)
data/raw/Salmonella/salmo.87.jpg,1,Cluster 1 (Light wood shavings)
data/raw/Salmonella/salmo.870.jpg,3,Cluster 3 (Mixed straw / pen floor)
data/raw/Salmonella/salmo.871.jpg,1,Cluster 1 (Light wood shavings)
data/raw/Salmonella/salmo.872.jpg,1,Cluster 1 (Light wood shavings)
data/raw/Salmonella/salmo.873.jpg,1,Cluster 1 (Light wood shavings)
data/raw/Salmonella/salmo.874.jpg,1,Cluster 1 (Light wood shavings)
data/raw/Salmonella/salmo.875.jpg,3,Cluster 3 (Mixed straw / pen floor)
data/raw/Salmonella/salmo.876.jpg,1,Cluster 1 (Light wood shavings)
data/raw/Salmonella/salmo.877.jpg,1,Cluster 1 (Light wood shavings)
data/raw/Salmonella/salmo.878.jpg,2,Cluster 2 (Reddish-brown litter)
data/raw/Salmonella/salmo.879.jpg,1,Cluster 1 (Light wood shavings)
data/raw/Salmonella/salmo.88.jpg,1,Cluster 1 (Light wood shavings)
data/raw/Salmonella/salmo.880.jpg,1,Cluster 1 (Light wood shavings)
data/raw/Salmonella/salmo.881.jpg,3,Cluster 3 (Mixed straw / pen floor)
data/raw/Salmonella/salmo.882.jpg,1,Cluster 1 (Light wood shavings)
data/raw/Salmonella/salmo.883.jpg,1,Cluster 1 (Light wood shavings)
data/raw/Salmonella/salmo.884.jpg,1,Cluster 1 (Light wood shavings)
data/raw/Salmonella/salmo.885.jpg,1,Cluster 1 (Light wood shavings)
data/raw/Salmonella/salmo.886.jpg,1,Cluster 1 (Light wood shavings)
data/raw/Salmonella/salmo.887.jpg,1,Cluster 1 (Light wood shavings)
data/raw/Salmonella/salmo.888.jpg,3,Cluster 3 (Mixed straw / pen floor)
data/raw/Salmonella/salmo.889.jpg,0,Cluster 0 (Dark soil / concrete)
data/raw/Salmonella/salmo.89.jpg,2,Cluster 2 (Reddish-brown litter)
data/raw/Salmonella/salmo.890.jpg,1,Cluster 1 (Light wood shavings)
data/raw/Salmonella/salmo.891.jpg,1,Cluster 1 (Light wood shavings)
data/raw/Salmonella/salmo.892.jpg,1,Cluster 1 (Light wood shavings)
data/raw/Salmonella/salmo.893.jpg,1,Cluster 1 (Light wood shavings)
data/raw/Salmonella/salmo.894.jpg,1,Cluster 1 (Light wood shavings)
data/raw/Salmonella/salmo.895.jpg,0,Cluster 0 (Dark soil / concrete)
data/raw/Salmonella/salmo.896.jpg,1,Cluster 1 (Light wood shavings)
data/raw/Salmonella/salmo.897.jpg,3,Cluster 3 (Mixed straw / pen floor)
data/raw/Salmonella/salmo.898.jpg,1,Cluster 1 (Light wood shavings)
data/raw/Salmonella/salmo.899.jpg,1,Cluster 1 (Light wood shavings)
data/raw/Salmonella/salmo.9.jpg,1,Cluster 1 (Light wood shavings)
data/raw/Salmonella/salmo.90.jpg,1,Cluster 1 (Light wood shavings)
data/raw/Salmonella/salmo.900.jpg,1,Cluster 1 (Light wood shavings)
data/raw/Salmonella/salmo.901.jpg,1,Cluster 1 (Light wood shavings)
data/raw/Salmonella/salmo.902.jpg,1,Cluster 1 (Light wood shavings)
data/raw/Salmonella/salmo.903.jpg,1,Cluster 1 (Light wood shavings)
data/raw/Salmonella/salmo.904.jpg,1,Cluster 1 (Light wood shavings)
data/raw/Salmonella/salmo.905.jpg,1,Cluster 1 (Light wood shavings)
data/raw/Salmonella/salmo.906.jpg,1,Cluster 1 (Light wood shavings)
data/raw/Salmonella/salmo.907.jpg,3,Cluster 3 (Mixed straw / pen floor)
data/raw/Salmonella/salmo.908.jpg,1,Cluster 1 (Light wood shavings)
data/raw/Salmonella/salmo.909.jpg,0,Cluster 0 (Dark soil / concrete)
data/raw/Salmonella/salmo.91.jpg,1,Cluster 1 (Light wood shavings)
data/raw/Salmonella/salmo.910.jpg,1,Cluster 1 (Light wood shavings)
data/raw/Salmonella/salmo.911.jpg,1,Cluster 1 (Light wood shavings)
data/raw/Salmonella/salmo.912.jpg,1,Cluster 1 (Light wood shavings)
data/raw/Salmonella/salmo.913.jpg,2,Cluster 2 (Reddish-brown litter)
data/raw/Salmonella/salmo.914.jpg,1,Cluster 1 (Light wood shavings)
data/raw/Salmonella/salmo.915.jpg,0,Cluster 0 (Dark soil / concrete)
data/raw/Salmonella/salmo.916.jpg,2,Cluster 2 (Reddish-brown litter)
data/raw/Salmonella/salmo.917.jpg,1,Cluster 1 (Light wood shavings)
data/raw/Salmonella/salmo.918.jpg,3,Cluster 3 (Mixed straw / pen floor)
data/raw/Salmonella/salmo.919.jpg,3,Cluster 3 (Mixed straw / pen floor)
data/raw/Salmonella/salmo.92.jpg,1,Cluster 1 (Light wood shavings)
data/raw/Salmonella/salmo.920.jpg,3,Cluster 3 (Mixed straw / pen floor)
data/raw/Salmonella/salmo.921.jpg,1,Cluster 1 (Light wood shavings)
data/raw/Salmonella/salmo.922.jpg,3,Cluster 3 (Mixed straw / pen floor)
data/raw/Salmonella/salmo.923.jpg,1,Cluster 1 (Light wood shavings)
data/raw/Salmonella/salmo.924.jpg,1,Cluster 1 (Light wood shavings)
data/raw/Salmonella/salmo.925.jpg,3,Cluster 3 (Mixed straw / pen floor)
data/raw/Salmonella/salmo.926.jpg,1,Cluster 1 (Light wood shavings)
data/raw/Salmonella/salmo.927.jpg,3,Cluster 3 (Mixed straw / pen floor)
data/raw/Salmonella/salmo.928.jpg,3,Cluster 3 (Mixed straw / pen floor)
data/raw/Salmonella/salmo.929.jpg,0,Cluster 0 (Dark soil / concrete)
data/raw/Salmonella/salmo.93.jpg,3,Cluster 3 (Mixed straw / pen floor)
data/raw/Salmonella/salmo.930.jpg,1,Cluster 1 (Light wood shavings)
data/raw/Salmonella/salmo.931.jpg,1,Cluster 1 (Light wood shavings)
data/raw/Salmonella/salmo.932.jpg,3,Cluster 3 (Mixed straw / pen floor)
data/raw/Salmonella/salmo.933.jpg,1,Cluster 1 (Light wood shavings)
data/raw/Salmonella/salmo.934.jpg,1,Cluster 1 (Light wood shavings)
data/raw/Salmonella/salmo.935.jpg,3,Cluster 3 (Mixed straw / pen floor)
data/raw/Salmonella/salmo.936.jpg,1,Cluster 1 (Light wood shavings)
data/raw/Salmonella/salmo.937.jpg,1,Cluster 1 (Light wood shavings)
data/raw/Salmonella/salmo.938.jpg,2,Cluster 2 (Reddish-brown litter)
data/raw/Salmonella/salmo.939.jpg,1,Cluster 1 (Light wood shavings)
data/raw/Salmonella/salmo.94.jpg,1,Cluster 1 (Light wood shavings)
data/raw/Salmonella/salmo.940.jpg,1,Cluster 1 (Light wood shavings)
data/raw/Salmonella/salmo.941.jpg,0,Cluster 0 (Dark soil / concrete)
data/raw/Salmonella/salmo.942.jpg,3,Cluster 3 (Mixed straw / pen floor)
data/raw/Salmonella/salmo.943.jpg,1,Cluster 1 (Light wood shavings)
data/raw/Salmonella/salmo.944.jpg,1,Cluster 1 (Light wood shavings)
data/raw/Salmonella/salmo.945.jpg,1,Cluster 1 (Light wood shavings)
data/raw/Salmonella/salmo.946.jpg,1,Cluster 1 (Light wood shavings)
data/raw/Salmonella/salmo.947.jpg,3,Cluster 3 (Mixed straw / pen floor)
data/raw/Salmonella/salmo.948.jpg,1,Cluster 1 (Light wood shavings)
data/raw/Salmonella/salmo.949.jpg,2,Cluster 2 (Reddish-brown litter)
data/raw/Salmonella/salmo.95.jpg,2,Cluster 2 (Reddish-brown litter)
data/raw/Salmonella/salmo.950.jpg,1,Cluster 1 (Light wood shavings)
data/raw/Salmonella/salmo.951.jpg,2,Cluster 2 (Reddish-brown litter)
data/raw/Salmonella/salmo.952.jpg,1,Cluster 1 (Light wood shavings)
data/raw/Salmonella/salmo.953.jpg,2,Cluster 2 (Reddish-brown litter)
data/raw/Salmonella/salmo.954.jpg,3,Cluster 3 (Mixed straw / pen floor)
data/raw/Salmonella/salmo.955.jpg,1,Cluster 1 (Light wood shavings)
data/raw/Salmonella/salmo.956.jpg,3,Cluster 3 (Mixed straw / pen floor)
data/raw/Salmonella/salmo.957.jpg,1,Cluster 1 (Light wood shavings)
data/raw/Salmonella/salmo.958.jpg,1,Cluster 1 (Light wood shavings)
data/raw/Salmonella/salmo.959.jpg,3,Cluster 3 (Mixed straw / pen floor)
data/raw/Salmonella/salmo.96.jpg,1,Cluster 1 (Light wood shavings)
data/raw/Salmonella/salmo.960.jpg,1,Cluster 1 (Light wood shavings)
data/raw/Salmonella/salmo.961.jpg,1,Cluster 1 (Light wood shavings)
data/raw/Salmonella/salmo.962.jpg,2,Cluster 2 (Reddish-brown litter)
data/raw/Salmonella/salmo.963.jpg,1,Cluster 1 (Light wood shavings)
data/raw/Salmonella/salmo.964.jpg,1,Cluster 1 (Light wood shavings)
data/raw/Salmonella/salmo.965.jpg,0,Cluster 0 (Dark soil / concrete)
data/raw/Salmonella/salmo.966.jpg,1,Cluster 1 (Light wood shavings)
data/raw/Salmonella/salmo.967.jpg,2,Cluster 2 (Reddish-brown litter)
data/raw/Salmonella/salmo.968.jpg,2,Cluster 2 (Reddish-brown litter)
data/raw/Salmonella/salmo.969.jpg,1,Cluster 1 (Light wood shavings)
data/raw/Salmonella/salmo.97.jpg,2,Cluster 2 (Reddish-brown litter)
data/raw/Salmonella/salmo.970.jpg,1,Cluster 1 (Light wood shavings)
data/raw/Salmonella/salmo.971.jpg,0,Cluster 0 (Dark soil / concrete)
data/raw/Salmonella/salmo.972.jpg,1,Cluster 1 (Light wood shavings)
data/raw/Salmonella/salmo.973.jpg,3,Cluster 3 (Mixed straw / pen floor)
data/raw/Salmonella/salmo.974.jpg,2,Cluster 2 (Reddish-brown litter)
data/raw/Salmonella/salmo.975.jpg,1,Cluster 1 (Light wood shavings)
data/raw/Salmonella/salmo.976.jpg,0,Cluster 0 (Dark soil / concrete)
data/raw/Salmonella/salmo.977.jpg,1,Cluster 1 (Light wood shavings)
data/raw/Salmonella/salmo.978.jpg,1,Cluster 1 (Light wood shavings)
data/raw/Salmonella/salmo.979.jpg,1,Cluster 1 (Light wood shavings)
data/raw/Salmonella/salmo.98.jpg,0,Cluster 0 (Dark soil / concrete)
data/raw/Salmonella/salmo.980.jpg,1,Cluster 1 (Light wood shavings)
data/raw/Salmonella/salmo.981.jpg,0,Cluster 0 (Dark soil / concrete)
data/raw/Salmonella/salmo.982.jpg,3,Cluster 3 (Mixed straw / pen floor)
data/raw/Salmonella/salmo.983.jpg,2,Cluster 2 (Reddish-brown litter)
data/raw/Salmonella/salmo.984.jpg,1,Cluster 1 (Light wood shavings)
data/raw/Salmonella/salmo.985.jpg,1,Cluster 1 (Light wood shavings)
data/raw/Salmonella/salmo.986.jpg,0,Cluster 0 (Dark soil / concrete)
data/raw/Salmonella/salmo.987.jpg,0,Cluster 0 (Dark soil / concrete)
data/raw/Salmonella/salmo.988.jpg,1,Cluster 1 (Light wood shavings)
data/raw/Salmonella/salmo.989.jpg,1,Cluster 1 (Light wood shavings)
data/raw/Salmonella/salmo.99.jpg,3,Cluster 3 (Mixed straw / pen floor)
data/raw/Salmonella/salmo.990.jpg,1,Cluster 1 (Light wood shavings)
data/raw/Salmonella/salmo.991.jpg,0,Cluster 0 (Dark soil / concrete)
data/raw/Salmonella/salmo.992.jpg,2,Cluster 2 (Reddish-brown litter)
data/raw/Salmonella/salmo.993.jpg,1,Cluster 1 (Light wood shavings)
data/raw/Salmonella/salmo.994.jpg,3,Cluster 3 (Mixed straw / pen floor)
data/raw/Salmonella/salmo.995.jpg,1,Cluster 1 (Light wood shavings)
data/raw/Salmonella/salmo.996.jpg,3,Cluster 3 (Mixed straw / pen floor)
data/raw/Salmonella/salmo.997.jpg,3,Cluster 3 (Mixed straw / pen floor)
data/raw/Salmonella/salmo.998.jpg,3,Cluster 3 (Mixed straw / pen floor)
data/raw/Salmonella/salmo.999.jpg,1,Cluster 1 (Light wood shavings)
