filepath,label,width,height,filesize,md5,group_id
data/raw/Coccidiosis/cocci.0.jpg,Coccidiosis,224,224,29486,1b5c8ff25a408bc911cb6c15f8c5c13f,0
data/raw/Coccidiosis/cocci.1.jpg,Coccidiosis,224,224,36884,59d911828d641ef64b2d61c607c28c8a,1
data/raw/Coccidiosis/cocci.10.jpg,Coccidiosis,224,224,28900,21c42f9fdb84c43ccc2710a6ba7937d6,2
data/raw/Coccidiosis/cocci.100.jpg,Coccidiosis,224,224,34752,cb1d938e8528a23f6f8ecd74037292bc,3
data/raw/Coccidiosis/cocci.1000.jpg,Coccidiosis,224,224,27996,bfb4f6d9d40981a5aaaa5894267d312a,4
data/raw/Coccidiosis/cocci.1001.jpg,Coccidiosis,224,224,23116,5bf51525b61bed6b3b03370e7526b3a0,5
data/raw/Coccidiosis/cocci.1002.jpg,Coccidiosis,224,224,27695,618e4aad86bf3edf835489269bb78fd0,6
data/raw/Coccidiosis/cocci.1003.jpg,Coccidiosis,224,224,35415,6018aadaccff3c4cebcff0daa0ac1e3e,7
data/raw/Coccidiosis/cocci.1004.jpg,Coccidiosis,224,224,37749,7442beb790871ffb7e418378d7259a32,8
data/raw/Coccidiosis/cocci.1005.jpg,Coccidiosis,224,224,28544,4be885c3edef923ab8034c878e17c11a,9
data/raw/Coccidiosis/cocci.1006.jpg,Coccidiosis,224,224,25108,7c3fc3fc4298f2f421fffc464dac8e87,10
data/raw/Coccidiosis/cocci.1007.jpg,Coccidiosis,224,224,32507,f991da75d57e9bda8b92150a1e7cd1b4,11
data/raw/Coccidiosis/cocci.1008.jpg,Coccidiosis,224,224,36633,c63074b49a4ac6975e187bea57e3f264,12
data/raw/Coccidiosis/cocci.1009.jpg,Coccidiosis,224,224,30299,4908099236d6ef0121729c1d83060245,13
data/raw/Coccidiosis/cocci.101.jpg,Coccidiosis,224,224,42159,8b8044526621d4f8e113755b641e6ad8,14
data/raw/Coccidiosis/cocci.1010.jpg,Coccidiosis,224,224,27314,6ded0402f9b3a400ffb82d5996133f18,15
data/raw/Coccidiosis/cocci.1011.jpg,Coccidiosis,224,224,33844,52c4fec41a13eabdee02e6498813b0a7,16
data/raw/Coccidiosis/cocci.1012.jpg,Coccidiosis,224,224,29189,836968593e7e774711f0e6c2082206cd,17
data/raw/Coccidiosis/cocci.1013.jpg,Coccidiosis,224,224,43771,db4c008ffdc1502add2db37bcadacd05,18
data/raw/Coccidiosis/cocci.1014.jpg,Coccidiosis,224,224,31936,b02599779da4d4552a0894dfba7c303c,19
data/raw/Coccidiosis/cocci.1015.jpg,Coccidiosis,224,224,33883,7f1d59861fd4d30a44337b8832dd7e91,20
data/raw/Coccidiosis/cocci.1016.jpg,Coccidiosis,224,224,42845,f09d65a5296c3e127ccd9be49cebe75a,21
data/raw/Coccidiosis/cocci.1017.jpg,Coccidiosis,224,224,29360,5f11f48939e1ab7a88614b1bf2e8c640,22
data/raw/Coccidiosis/cocci.1018.jpg,Coccidiosis,224,224,36406,9c0b032ba30e6adf016765444c929a61,23
data/raw/Coccidiosis/cocci.1019.jpg,Coccidiosis,224,224,35941,4513e4c97a7440915ee13c5325bcca8b,24
data/raw/Coccidiosis/cocci.102.jpg,Coccidiosis,224,224,26881,ce146cbd1082ac44fa27a3ee22163b23,25
data/raw/Coccidiosis/cocci.1020.jpg,Coccidiosis,224,224,38753,55dfb0e7d71815e525f9d4d215ad0882,26
data/raw/Coccidiosis/cocci.1021.jpg,Coccidiosis,224,224,44166,2320d50e935782bf6ac27a622e7dc382,27
data/raw/Coccidiosis/cocci.1022.jpg,Coccidiosis,224,224,32155,fb3e2fcc3b378c79816a00d5f22b4883,28
data/raw/Coccidiosis/cocci.1023.jpg,Coccidiosis,224,224,37251,0238a87abcb10baf241cbd3878b619e2,29
data/raw/Coccidiosis/cocci.1024.jpg,Coccidiosis,224,224,31987,674cc9a19649fe620ef73834100918e1,30
data/raw/Coccidiosis/cocci.1025.jpg,Coccidiosis,224,224,27529,f6d3fc0ac7cc240ef1e3e76071773283,31
data/raw/Coccidiosis/cocci.1026.jpg,Coccidiosis,224,224,31444,a63076a100ff643523ce15d2d2d468ce,32
data/raw/Coccidiosis/cocci.1027.jpg,Coccidiosis,224,224,36277,4bb62d5f8754abda51f974ea26043c3c,33
data/raw/Coccidiosis/cocci.1028.jpg,Coccidiosis,224,224,33980,371e76aaea03bf224c524c6c3f963743,34
data/raw/Coccidiosis/cocci.1029.jpg,Coccidiosis,224,224,30025,162dac6c845ced237db3f74004d3556d,35
data/raw/Coccidiosis/cocci.103.jpg,Coccidiosis,224,224,33174,78666d22f057c13747c2f80aced39cff,36
data/raw/Coccidiosis/cocci.1030.jpg,Coccidiosis,224,224,21526,2036444b8ea2fb9d50aa95125c5e67b4,37
data/raw/Coccidiosis/cocci.1031.jpg,Coccidiosis,224,224,45719,5ff58947660ecdaeb9725ecb79d89eeb,38
data/raw/Coccidiosis/cocci.1032.jpg,Coccidiosis,224,224,32143,11d5a0d41cf6e94248a50e1c3cd7c4cd,39
data/raw/Coccidiosis/cocci.1033.jpg,Coccidiosis,224,224,38876,e6a812933661a02701dae21a33d50fbc,40
data/raw/Coccidiosis/cocci.1034.jpg,Coccidiosis,224,224,33318,0ee69a229713503285cfe8bd2fb520fb,41
data/raw/Coccidiosis/cocci.1035.jpg,Coccidiosis,224,224,21223,e3a3414125a09b442285a9d54c343f7f,42
data/raw/Coccidiosis/cocci.1036.jpg,Coccidiosis,224,224,26413,2245000d46ad7cd6a1ea80675e3864a9,43
data/raw/Coccidiosis/cocci.1037.jpg,Coccidiosis,224,224,30982,94567e03aefbc02cfaea2f988e199e56,44
data/raw/Coccidiosis/cocci.1038.jpg,Coccidiosis,224,224,34418,55dceb1583e35e9b69b3f94f46e73aeb,45
data/raw/Coccidiosis/cocci.1039.jpg,Coccidiosis,224,224,35184,6b65dd3057fa45db1345ac8c0175d9e5,46
data/raw/Coccidiosis/cocci.104.jpg,Coccidiosis,224,224,22063,f5d9eaaaaade6b80a897753afb77de66,47
data/raw/Coccidiosis/cocci.1040.jpg,Coccidiosis,224,224,38659,def9c2dfd0964782e9fdb89a8a889b3f,48
data/raw/Coccidiosis/cocci.1041.jpg,Coccidiosis,224,224,46244,4edeacc258fa18dc93505dc96c35565e,49
data/raw/Coccidiosis/cocci.1042.jpg,Coccidiosis,224,224,41701,3ecefca9238c0d35f1592966773ebd44,50
data/raw/Coccidiosis/cocci.1043.jpg,Coccidiosis,224,224,35987,5df0da4df91ab019a32f425a1859b7af,51
data/raw/Coccidiosis/cocci.1044.jpg,Coccidiosis,224,224,32653,06a0e5e5d4e6080878e6555d32c7956b,52
data/raw/Coccidiosis/cocci.1045.jpg,Coccidiosis,224,224,32015,9db02cd530c53bd74009848c3beb19a8,53
data/raw/Coccidiosis/cocci.1046.jpg,Coccidiosis,224,224,21417,088e73626b470fffcf2d5f8ee5f3e73a,54
data/raw/Coccidiosis/cocci.1047.jpg,Coccidiosis,224,224,35853,f381152896f1662a5e4a2411fef9e15b,55
data/raw/Coccidiosis/cocci.1048.jpg,Coccidiosis,224,224,23590,3e528626245c482e34b8a4cfa7b1aaa1,56
data/raw/Coccidiosis/cocci.1049.jpg,Coccidiosis,224,224,24596,5b6804dc2558c9d6b031665e678e4df0,57
data/raw/Coccidiosis/cocci.105.jpg,Coccidiosis,224,224,22486,492439e88a82e4fd26edeea7fdb59b33,58
data/raw/Coccidiosis/cocci.1050.jpg,Coccidiosis,224,224,34450,125e1e58e88e1fc9135e9d7eb33ef599,59
data/raw/Coccidiosis/cocci.1051.jpg,Coccidiosis,224,224,32747,1d7853c31e830ed8c7328f0f0393fc0d,60
data/raw/Coccidiosis/cocci.1052.jpg,Coccidiosis,224,224,31018,e72264aa1bc86589427350d4ed412aca,61
data/raw/Coccidiosis/cocci.1053.jpg,Coccidiosis,224,224,39566,41aa67ae6360a3fca7d5c933c9d4263f,62
data/raw/Coccidiosis/cocci.1054.jpg,Coccidiosis,224,224,24016,5b4ebd1a5b3b783ab736a28f1209b3dc,63
data/raw/Coccidiosis/cocci.1055.jpg,Coccidiosis,224,224,23886,a0ae5722d773fec42b304a7842fddaf7,64
data/raw/Coccidiosis/cocci.1056.jpg,Coccidiosis,224,224,25166,60abe44d603f73233bf1bddb25ed59b2,65
data/raw/Coccidiosis/cocci.1057.jpg,Coccidiosis,224,224,33761,d4bd22f5de7cc45969b7f5cc542c3d9d,66
data/raw/Coccidiosis/cocci.1058.jpg,Coccidiosis,224,224,30023,370998b54742584af9b57385498bd5cf,67
data/raw/Coccidiosis/cocci.1059.jpg,Coccidiosis,224,224,25032,23899e44bebb5823c3a751f3d071b49b,68
data/raw/Coccidiosis/cocci.106.jpg,Coccidiosis,224,224,26569,fe83d6eaae8d6dc3899a7b8c88c02a2a,69
data/raw/Coccidiosis/cocci.1060.jpg,Coccidiosis,224,224,28103,1cd14ede426e9b2537a44e380182023f,70
data/raw/Coccidiosis/cocci.1061.jpg,Coccidiosis,224,224,30956,20da792fd54c6110cf6f28354e8b556e,71
data/raw/Coccidiosis/cocci.1062.jpg,Coccidiosis,224,224,29388,eb97811961b7acfb80aa7c6e76e760b7,72
data/raw/Coccidiosis/cocci.1063.jpg,Coccidiosis,224,224,29454,fa84b4c966cf7d2aa4e3c75bb9ba1247,73
data/raw/Coccidiosis/cocci.1064.jpg,Coccidiosis,224,224,37141,2fef88326b46b0b0bd367ee1f3bfac48,74
data/raw/Coccidiosis/cocci.1065.jpg,Coccidiosis,224,224,40879,d4fd34c4bd42f11902d71ee67661b96d,75
data/raw/Coccidiosis/cocci.1066.jpg,Coccidiosis,224,224,36338,f3f32f29ec1b2e088ee298c7230b11ba,76
data/raw/Coccidiosis/cocci.1067.jpg,Coccidiosis,224,224,29793,8ac72046540714882c09774af39ac217,77
data/raw/Coccidiosis/cocci.1068.jpg,Coccidiosis,224,224,23185,eba5774e1332d2a073bed2243406d91f,78
data/raw/Coccidiosis/cocci.1069.jpg,Coccidiosis,224,224,41435,1d6d7553dee8f14d5cfbb6d6600298b9,79
data/raw/Coccidiosis/cocci.107.jpg,Coccidiosis,224,224,26088,ac807339cbf16498fecc67b95c5da84a,80
data/raw/Coccidiosis/cocci.1070.jpg,Coccidiosis,224,224,30215,3bf99d1b09af2e1374d8cc6aff548fb9,81
data/raw/Coccidiosis/cocci.1071.jpg,Coccidiosis,224,224,25796,344a4c8388d57e619c156ee06a6e8d07,82
data/raw/Coccidiosis/cocci.1072.jpg,Coccidiosis,224,224,26888,f12c7756eb2e8611733a1b8b2344e4e7,83
data/raw/Coccidiosis/cocci.1073.jpg,Coccidiosis,224,224,37553,24ce1d066092fc3ac16e0c3f532577d4,84
data/raw/Coccidiosis/cocci.1074.jpg,Coccidiosis,224,224,40750,f2ffbbc9bb69eb19cf46656793444126,85
data/raw/Coccidiosis/cocci.1075.jpg,Coccidiosis,224,224,31905,f5277a9e51e9e296e4750b9d816b51a7,86
data/raw/Coccidiosis/cocci.1076.jpg,Coccidiosis,224,224,41164,2a940e3fe00899d91769991f5d451657,87
data/raw/Coccidiosis/cocci.1077.jpg,Coccidiosis,224,224,29929,825b4f48305554f5a2d7beee39304b62,88
data/raw/Coccidiosis/cocci.1078.jpg,Coccidiosis,224,224,34821,e806304713db1ce93fa149f11cd0b5e5,89
data/raw/Coccidiosis/cocci.1079.jpg,Coccidiosis,224,224,40378,4bfe3f089a628bece285a6df538b809e,90
data/raw/Coccidiosis/cocci.108.jpg,Coccidiosis,224,224,32632,bdaee605a2027d81fd5081a733fd2ca3,91
data/raw/Coccidiosis/cocci.1080.jpg,Coccidiosis,224,224,34669,4da4e4b7240e2c8b869ad22662a70da4,92
data/raw/Coccidiosis/cocci.1081.jpg,Coccidiosis,224,224,37375,b78744f065605ba8cc01b1f1d6e6eae6,93
data/raw/Coccidiosis/cocci.1082.jpg,Coccidiosis,224,224,32005,b96e17c2d6476ebbfc1022545ef0ed59,94
data/raw/Coccidiosis/cocci.1083.jpg,Coccidiosis,224,224,43053,6c7f135a8c1be6d60710e94c7ad7a575,95
data/raw/Coccidiosis/cocci.1084.jpg,Coccidiosis,224,224,42935,24d29e160b2efd8d8586b8c272a3d335,96
data/raw/Coccidiosis/cocci.1085.jpg,Coccidiosis,224,224,38153,3f751f6ff66ee85e715d458dc18275da,97
data/raw/Coccidiosis/cocci.1086.jpg,Coccidiosis,224,224,29689,3988fbbd077a281831728c5ad3a02e1e,98
data/raw/Coccidiosis/cocci.1087.jpg,Coccidiosis,224,224,39208,395622d71213a2890533e5e765661aaa,99
data/raw/Coccidiosis/cocci.1088.jpg,Coccidiosis,224,224,27630,28594f068b371e763fafb432c61fda1c,100
data/raw/Coccidiosis/cocci.1089.jpg,Coccidiosis,224,224,30869,75842f8f4539b8b940677e57d178c764,101
data/raw/Coccidiosis/cocci.109.jpg,Coccidiosis,224,224,22457,062e1624c438e644eeb6d0247ae85a90,102
data/raw/Coccidiosis/cocci.1090.jpg,Coccidiosis,224,224,35397,6ff48105565ae09cb19a76bce2391fa3,103
data/raw/Coccidiosis/cocci.1091.jpg,Coccidiosis,224,224,24735,92104dd927e22442ad0f1b27a366b1a6,104
data/raw/Coccidiosis/cocci.1092.jpg,Coccidiosis,224,224,30544,0bb4c996a598901c30c20ce6d209f6e5,105
data/raw/Coccidiosis/cocci.1093.jpg,Coccidiosis,224,224,20761,81e92fcd9da54a8d544395ad1cf6fdf8,106
data/raw/Coccidiosis/cocci.1094.jpg,Coccidiosis,224,224,28544,299b5fd5c5a2c91b1a4f4f73d160ec9b,107
data/raw/Coccidiosis/cocci.1095.jpg,Coccidiosis,224,224,26042,51b8c7e0bb01c1af49c0b57aa295e791,108
data/raw/Coccidiosis/cocci.1096.jpg,Coccidiosis,224,224,41226,beae8cfb423adb6c8fd44fc40530e06d,109
data/raw/Coccidiosis/cocci.1097.jpg,Coccidiosis,224,224,34515,34fcd6e76c1a3f62a9442cd6c512b0e2,110
data/raw/Coccidiosis/cocci.1098.jpg,Coccidiosis,224,224,29555,78668cb8a21891decd75889153e80303,111
data/raw/Coccidiosis/cocci.1099.jpg,Coccidiosis,224,224,24391,2da455c30a8965ad1e599e6aab0333ad,112
data/raw/Coccidiosis/cocci.11.jpg,Coccidiosis,224,224,34139,a6e0e75048dc33cb7f4052056b1c4939,113
data/raw/Coccidiosis/cocci.110.jpg,Coccidiosis,224,224,41468,b97a18061b2e845ff88a28d23eb554d6,114
data/raw/Coccidiosis/cocci.1100.jpg,Coccidiosis,224,224,26172,e2a05c6d8b51d45cf6e2ab68af06e2e7,115
data/raw/Coccidiosis/cocci.1101.jpg,Coccidiosis,224,224,32575,fd181cf26193a980928c342775f8bc5d,116
data/raw/Coccidiosis/cocci.1102.jpg,Coccidiosis,224,224,21269,21498fd1bd2737159ad51d77b2672a38,117
data/raw/Coccidiosis/cocci.1103.jpg,Coccidiosis,224,224,34687,bff8bc31c08870a1f908eeeac642643e,118
data/raw/Coccidiosis/cocci.1104.jpg,Coccidiosis,224,224,38692,51b396bce74f984316eb767df03710d2,119
data/raw/Coccidiosis/cocci.1105.jpg,Coccidiosis,224,224,24859,18c596725d86d95469f5a4ccddb65c45,120
data/raw/Coccidiosis/cocci.1106.jpg,Coccidiosis,224,224,26760,842c4570296b65d06577efc6e1d77816,121
data/raw/Coccidiosis/cocci.1107.jpg,Coccidiosis,224,224,17294,7e0ae7cc8fc1fad4901a53fb9981da84,122
data/raw/Coccidiosis/cocci.1108.jpg,Coccidiosis,224,224,19464,be46c38dbff48ada7019e3e450df19c3,123
data/raw/Coccidiosis/cocci.1109.jpg,Coccidiosis,224,224,38422,49fc639b6546a2786cb9b3b2d2d9d6ab,124
data/raw/Coccidiosis/cocci.111.jpg,Coccidiosis,224,224,35584,fe2a34d07199f9801fadccf85322219e,125
data/raw/Coccidiosis/cocci.1110.jpg,Coccidiosis,224,224,31044,e1e61da35d41ad9d444e90b1e8565994,126
data/raw/Coccidiosis/cocci.1111.jpg,Coccidiosis,224,224,40599,c14c4c122c89faa0f280aa273c0fc5a7,127
data/raw/Coccidiosis/cocci.1112.jpg,Coccidiosis,224,224,29893,8a2690288208e8c40bfc626d43cd259a,128
data/raw/Coccidiosis/cocci.1113.jpg,Coccidiosis,224,224,35235,c6000854074f0accd83915c494b8c39f,129
data/raw/Coccidiosis/cocci.1114.jpg,Coccidiosis,224,224,27015,53098d4bcfed7e174c2041e90f16195f,130
data/raw/Coccidiosis/cocci.1115.jpg,Coccidiosis,224,224,33307,ae4cbd014743052f3664041ed30e659b,131
data/raw/Coccidiosis/cocci.1116.jpg,Coccidiosis,224,224,35398,84f1956dbbecd4bc8bca0bc98879e4fa,132
data/raw/Coccidiosis/cocci.1117.jpg,Coccidiosis,224,224,23558,360123c39145029ef2e30faa678f93cb,133
data/raw/Coccidiosis/cocci.1118.jpg,Coccidiosis,224,224,35614,a3e54338bad45d31627e57d469c16e39,134
data/raw/Coccidiosis/cocci.1119.jpg,Coccidiosis,224,224,30536,e45579611b0f00fc845d49d21a705886,135
data/raw/Coccidiosis/cocci.112.jpg,Coccidiosis,224,224,28594,3e6895da4ae8723362a57d6df5b00065,136
data/raw/Coccidiosis/cocci.1120.jpg,Coccidiosis,224,224,36270,293297e25dc1d06b8d1779524b389d7f,137
data/raw/Coccidiosis/cocci.1121.jpg,Coccidiosis,224,224,30738,019c021cd9c371be32d53bd6e5498263,138
data/raw/Coccidiosis/cocci.1122.jpg,Coccidiosis,224,224,42802,502dd30bc51eec9e72e0b90888c41158,139
data/raw/Coccidiosis/cocci.1123.jpg,Coccidiosis,224,224,35022,48aaa7e48f6e79c6777e9b3a6f6739f0,140
data/raw/Coccidiosis/cocci.1124.jpg,Coccidiosis,224,224,25713,3fe832cfdf166d0785ef24897da0b65e,141
data/raw/Coccidiosis/cocci.1125.jpg,Coccidiosis,224,224,28798,076f10e4322fe9bfd5599a06860bdd19,142
data/raw/Coccidiosis/cocci.1126.jpg,Coccidiosis,224,224,24998,b21b78a6e3aabad5b338af6d9208206c,143
data/raw/Coccidiosis/cocci.1127.jpg,Coccidiosis,224,224,20314,3cadf0875b7b3f450b3c2d3fef681e5f,144
data/raw/Coccidiosis/cocci.1128.jpg,Coccidiosis,224,224,28431,3377c1f200c5ff3a2aebdb5e8fd5c15b,145
data/raw/Coccidiosis/cocci.1129.jpg,Coccidiosis,224,224,34464,0a68255712016c9c378cabff7c96b84f,146
data/raw/Coccidiosis/cocci.113.jpg,Coccidiosis,224,224,31444,e072bf997d0c0a0bcea6702a38a4a62b,147
data/raw/Coccidiosis/cocci.1130.jpg,Coccidiosis,224,224,36614,78b30328f6d364971aadc5b2f495741f,148
data/raw/Coccidiosis/cocci.1131.jpg,Coccidiosis,224,224,20761,81e92fcd9da54a8d544395ad1cf6fdf8,106
data/raw/Coccidiosis/cocci.1132.jpg,Coccidiosis,224,224,35196,868cd61db33139043c9bf00ff0aa19da,149
data/raw/Coccidiosis/cocci.1133.jpg,Coccidiosis,224,224,19398,9f0fb796bb8b46efd3c0f726242d8231,150
data/raw/Coccidiosis/cocci.1134.jpg,Coccidiosis,224,224,29568,e913b63949d8c9ab72c8519003db4d22,151
data/raw/Coccidiosis/cocci.1135.jpg,Coccidiosis,224,224,32098,9ffa8178c4bfa06698366f272349b89e,152
data/raw/Coccidiosis/cocci.1136.jpg,Coccidiosis,224,224,29059,07d7490e8c373579af7414a0a55cc7ec,153
data/raw/Coccidiosis/cocci.1137.jpg,Coccidiosis,224,224,22773,4e4faf16c3e14c8be685a4a90ef798f9,154
data/raw/Coccidiosis/cocci.1138.jpg,Coccidiosis,224,224,26190,ba5c0e47e21b61112a30daf628a2002c,155
data/raw/Coccidiosis/cocci.1139.jpg,Coccidiosis,224,224,37151,403ddc11764129fb4b8b842310826bc4,156
data/raw/Coccidiosis/cocci.114.jpg,Coccidiosis,224,224,43898,e6d360c2c05e6c7986ece84340c51c1c,157
data/raw/Coccidiosis/cocci.1140.jpg,Coccidiosis,224,224,26113,c97451cd6bae508c8d39585e346abd6f,158
data/raw/Coccidiosis/cocci.1141.jpg,Coccidiosis,224,224,26705,e3339f7774fa4436296424693ee9d8f1,159
data/raw/Coccidiosis/cocci.1142.jpg,Coccidiosis,224,224,36566,7b296bb640a66273bdfd3cd081affc1d,160
data/raw/Coccidiosis/cocci.1143.jpg,Coccidiosis,224,224,41993,87b390cacb7bfd205d108358d3f5ba1b,161
data/raw/Coccidiosis/cocci.1144.jpg,Coccidiosis,224,224,23318,6ee7113345408ea7c3f63e75c308dc6d,162
data/raw/Coccidiosis/cocci.1145.jpg,Coccidiosis,224,224,23337,91342121b5a6bd1561185f2ce6ddc12b,163
data/raw/Coccidiosis/cocci.1146.jpg,Coccidiosis,224,224,24760,9073c4466c8d93085adabea0cf75b253,164
data/raw/Coccidiosis/cocci.1147.jpg,Coccidiosis,224,224,30657,4519b3027d60f212926bcef5b7cb009b,165
data/raw/Coccidiosis/cocci.1148.jpg,Coccidiosis,224,224,38007,73c1de81e32c97e15b0f6340b6a97228,166
data/raw/Coccidiosis/cocci.1149.jpg,Coccidiosis,224,224,31818,7e21d6d76e31df6bc0e0e8533967ba8f,167
data/raw/Coccidiosis/cocci.115.jpg,Coccidiosis,224,224,37469,0bb3f8aa09276150d8a39ce91840a696,168
data/raw/Coccidiosis/cocci.1150.jpg,Coccidiosis,224,224,31524,6cc82b674d1bb3657955743599dbf2a0,169
data/raw/Coccidiosis/cocci.1151.jpg,Coccidiosis,224,224,42484,92c377d1c8f9eb675fd7892215e632e3,170
data/raw/Coccidiosis/cocci.1152.jpg,Coccidiosis,224,224,33739,da8d58fd43123b8ae2d981c768527cd8,171
data/raw/Coccidiosis/cocci.1153.jpg,Coccidiosis,224,224,29456,f15a370532bfb6ea1eef42d6864e05f4,172
data/raw/Coccidiosis/cocci.1154.jpg,Coccidiosis,224,224,28918,86712cdb889cbdadae279f55a0d08b17,173
data/raw/Coccidiosis/cocci.1155.jpg,Coccidiosis,224,224,26591,8fca2274dbe91fa67549e87a319863fc,174
data/raw/Coccidiosis/cocci.1156.jpg,Coccidiosis,224,224,34847,c19779a97408122e4f830af393a83f78,175
data/raw/Coccidiosis/cocci.1157.jpg,Coccidiosis,224,224,34707,99c4d33a84ae0bd66a93931a1bb26d1e,176
data/raw/Coccidiosis/cocci.1158.jpg,Coccidiosis,224,224,25398,0d1651a7656985c745f4b148cfdb1c85,177
data/raw/Coccidiosis/cocci.1159.jpg,Coccidiosis,224,224,34996,1381506f5fcb15b846685dd516c68b25,178
data/raw/Coccidiosis/cocci.116.jpg,Coccidiosis,224,224,28063,6908b6f21b3afb1049cf09458dc1e708,179
data/raw/Coccidiosis/cocci.1160.jpg,Coccidiosis,224,224,30827,b3c48be38d006cb581ce0b718f0f39c4,180
data/raw/Coccidiosis/cocci.1161.jpg,Coccidiosis,224,224,35496,f1d2f663a8e864d0f0e061095c81caee,181
data/raw/Coccidiosis/cocci.1162.jpg,Coccidiosis,224,224,26777,3a46b3678837a98aa28a15d37e48cc30,182
data/raw/Coccidiosis/cocci.1163.jpg,Coccidiosis,224,224,28621,765042a65c138c438860bc355029d292,183
data/raw/Coccidiosis/cocci.1164.jpg,Coccidiosis,224,224,24650,778d99977e9c4b799afab9b6ca4d54d9,184
data/raw/Coccidiosis/cocci.1165.jpg,Coccidiosis,224,224,32722,3e33f5c26dd70e74141f5b0a88bca00f,185
data/raw/Coccidiosis/cocci.1166.jpg,Coccidiosis,224,224,34496,db22c8db627ae66118561aab1a10461f,186
data/raw/Coccidiosis/cocci.1167.jpg,Coccidiosis,224,224,35680,6acf6c99072312ee9dbbc1aca41870ac,187
data/raw/Coccidiosis/cocci.1168.jpg,Coccidiosis,224,224,34433,b4200379d275a52826d962bbe9c054d6,188
data/raw/Coccidiosis/cocci.1169.jpg,Coccidiosis,224,224,35614,619e5e03fd4a3659296e1f82a7b771ab,189
data/raw/Coccidiosis/cocci.117.jpg,Coccidiosis,224,224,29956,21dc06f17e17a51b742ade67a41814cb,190
data/raw/Coccidiosis/cocci.1170.jpg,Coccidiosis,224,224,36617,07810165c23eeb0f311ae5477bcc6dc8,191
data/raw/Coccidiosis/cocci.1171.jpg,Coccidiosis,224,224,34445,f85f53766d3aab95d78fe38559df026b,192
data/raw/Coccidiosis/cocci.1172.jpg,Coccidiosis,224,224,37834,1744444144d9914f34d5a93865ab36aa,193
data/raw/Coccidiosis/cocci.1173.jpg,Coccidiosis,224,224,29375,9dd5733d21f6a4a648897f3e0fa451ff,194
data/raw/Coccidiosis/cocci.1174.jpg,Coccidiosis,224,224,32695,e0093fefde1a6fb0f2ad9c5bac7835a6,195
data/raw/Coccidiosis/cocci.1175.jpg,Coccidiosis,224,224,21227,c5ea0cd33afaeff3a3db2230df087861,196
data/raw/Coccidiosis/cocci.1176.jpg,Coccidiosis,224,224,34881,6d01fcc4b294f5fda834330b706f2a3d,197
data/raw/Coccidiosis/cocci.1177.jpg,Coccidiosis,224,224,35012,5a62b165d3636b048f965d359512c8f9,198
data/raw/Coccidiosis/cocci.1178.jpg,Coccidiosis,224,224,39027,bcc8d00580c27cde44c1f93010f2c257,199
data/raw/Coccidiosis/cocci.1179.jpg,Coccidiosis,224,224,32736,1a458665acf8f8801d25c1a0b2902b89,200
data/raw/Coccidiosis/cocci.118.jpg,Coccidiosis,224,224,30295,d0fcf725112ab49c4dd3083dc0ca1581,201
data/raw/Coccidiosis/cocci.1180.jpg,Coccidiosis,224,224,34515,34fcd6e76c1a3f62a9442cd6c512b0e2,110
data/raw/Coccidiosis/cocci.1181.jpg,Coccidiosis,224,224,27425,41272e35014db1faeb279675bb6b8bb6,202
data/raw/Coccidiosis/cocci.1182.jpg,Coccidiosis,224,224,38683,fdbf9a25035e759ed42300b981e4232c,203
data/raw/Coccidiosis/cocci.1183.jpg,Coccidiosis,224,224,31774,c4817b98cd19f110169ecfd7e466213a,204
data/raw/Coccidiosis/cocci.1184.jpg,Coccidiosis,224,224,25222,175bb245a579b0c98779398f93eacb8d,205
data/raw/Coccidiosis/cocci.1185.jpg,Coccidiosis,224,224,30748,45e2bb09f566db24be876b8837a95aa3,206
data/raw/Coccidiosis/cocci.1186.jpg,Coccidiosis,224,224,35062,8c0e6b59473134fd40734aa36f9330e4,207
data/raw/Coccidiosis/cocci.1187.jpg,Coccidiosis,224,224,27179,db5c204837da2900741e932dd01233f4,208
data/raw/Coccidiosis/cocci.1188.jpg,Coccidiosis,224,224,42343,45d8ac24a2a1fc48dbb3a48e92fe73c6,209
data/raw/Coccidiosis/cocci.1189.jpg,Coccidiosis,224,224,33517,3d3c2ae2c665676ffb56b1bf500d6fe0,210
data/raw/Coccidiosis/cocci.119.jpg,Coccidiosis,224,224,41471,ff867053633b093b183ce097a56b76db,211
data/raw/Coccidiosis/cocci.1190.jpg,Coccidiosis,224,224,27925,42a359cf20b353e86720183232207155,212
data/raw/Coccidiosis/cocci.1191.jpg,Coccidiosis,224,224,28364,eee338820f536fd1b96fad0e63b8c9f0,213
data/raw/Coccidiosis/cocci.1192.jpg,Coccidiosis,224,224,31069,362bcf8062d153c97c58dab51b090f77,214
data/raw/Coccidiosis/cocci.1193.jpg,Coccidiosis,224,224,40316,0ecb8f477a4df1c56159889d47ec5afa,215
data/raw/Coccidiosis/cocci.1194.jpg,Coccidiosis,224,224,33334,c46da4cd90e83e0e97d02423ce1a5385,216
data/raw/Coccidiosis/cocci.1195.jpg,Coccidiosis,224,224,32166,8e068926767969511df7fe5c499b5f8f,217
data/raw/Coccidiosis/cocci.1196.jpg,Coccidiosis,224,224,38814,f67654e022fb7459adaea6d99cbf17a7,218
data/raw/Coccidiosis/cocci.1197.jpg,Coccidiosis,224,224,33477,622e96993cd9930f0f2ec222521d9534,219
data/raw/Coccidiosis/cocci.1198.jpg,Coccidiosis,224,224,39336,cf45d8e868784c6191835b9f62e60a7d,220
data/raw/Coccidiosis/cocci.1199.jpg,Coccidiosis,224,224,38385,f91f436afeb9c0e800504b08613e9ce8,221
data/raw/Coccidiosis/cocci.12.jpg,Coccidiosis,224,224,29095,7952f61094df6f02fbaa33fad26aa579,222
data/raw/Coccidiosis/cocci.120.jpg,Coccidiosis,224,224,27992,eb91f578cee8a15abe56ef7c301e612c,223
data/raw/Coccidiosis/cocci.1200.jpg,Coccidiosis,224,224,23786,b75858e07aafa15c0b03cdd16ecf3132,224
data/raw/Coccidiosis/cocci.1201.jpg,Coccidiosis,224,224,36680,0f08eda6291005fc73559b557ef51a4e,225
data/raw/Coccidiosis/cocci.1202.jpg,Coccidiosis,224,224,41003,6b6c358f4e88ac19d19273495dd317bd,226
data/raw/Coccidiosis/cocci.1203.jpg,Coccidiosis,224,224,22813,feb1424b71497c568d44d40f6509518d,227
data/raw/Coccidiosis/cocci.1204.jpg,Coccidiosis,224,224,32220,2b734d32c429f045d8f4b7c5deb87613,228
data/raw/Coccidiosis/cocci.1205.jpg,Coccidiosis,224,224,32938,8714297105c0ea83bad4495090f51608,229
data/raw/Coccidiosis/cocci.1206.jpg,Coccidiosis,224,224,41372,35e0dd2d1e5655a845e2588285740ed2,230
data/raw/Coccidiosis/cocci.1207.jpg,Coccidiosis,224,224,25529,8df600e06847e4453b6794941b3d5b25,231
data/raw/Coccidiosis/cocci.1208.jpg,Coccidiosis,224,224,34319,dd7f0f445dd640e25101969af5983114,232
data/raw/Coccidiosis/cocci.1209.jpg,Coccidiosis,224,224,33029,b44383f380285e7fc6bce68e4d6505e1,233
data/raw/Coccidiosis/cocci.121.jpg,Coccidiosis,224,224,21339,2a44ab6b0b2673e41aedbc9994d0bf8f,234
data/raw/Coccidiosis/cocci.1210.jpg,Coccidiosis,224,224,33768,17987f45ea43c68339cc868a99b63105,235
data/raw/Coccidiosis/cocci.1211.jpg,Coccidiosis,224,224,38648,a2b2eb2b685acf0084779788c9ec846a,236
data/raw/Coccidiosis/cocci.1212.jpg,Coccidiosis,224,224,37290,7d787fba3da50f0eb477951fe257a247,237
data/raw/Coccidiosis/cocci.1213.jpg,Coccidiosis,224,224,28531,8d9aab1783530740c9587b499b74990f,238
data/raw/Coccidiosis/cocci.1214.jpg,Coccidiosis,224,224,31600,67fbc00359961e01e285e8be84d0e5fe,239
data/raw/Coccidiosis/cocci.1215.jpg,Coccidiosis,224,224,31203,fd26b7300ead39ecbff189b739d19c17,240
data/raw/Coccidiosis/cocci.1216.jpg,Coccidiosis,224,224,38407,21b683c8cdc546d7b0df6ce5aa5be4e5,241
data/raw/Coccidiosis/cocci.1217.jpg,Coccidiosis,224,224,42116,9dbb7812de7b22cfc84a9c8dfc1aeced,242
data/raw/Coccidiosis/cocci.1218.jpg,Coccidiosis,224,224,33979,4536267f0b0b9df95d430a5be3a2640e,243
data/raw/Coccidiosis/cocci.1219.jpg,Coccidiosis,224,224,36083,37eed56c504ba9e3d885908421573310,244
data/raw/Coccidiosis/cocci.122.jpg,Coccidiosis,224,224,37205,411ee90e497fb0923a00a4cc4fb75a4f,245
data/raw/Coccidiosis/cocci.1220.jpg,Coccidiosis,224,224,33711,eb40647395b4d7a03348a371d138cefd,246
data/raw/Coccidiosis/cocci.1221.jpg,Coccidiosis,224,224,22944,c2c52d2b72fe7d36b318caaf4e65d3e9,247
data/raw/Coccidiosis/cocci.1222.jpg,Coccidiosis,224,224,38535,092699842094af78e174555f35ac2fb9,248
data/raw/Coccidiosis/cocci.1223.jpg,Coccidiosis,224,224,40976,782986226a06aa96a64214702e659f0e,249
data/raw/Coccidiosis/cocci.1224.jpg,Coccidiosis,224,224,35533,33861d434fc7fd5dd19824cfcc52c7b8,250
data/raw/Coccidiosis/cocci.1225.jpg,Coccidiosis,224,224,41913,2be3b931b2eef88fbf358a274b7283e7,251
data/raw/Coccidiosis/cocci.1226.jpg,Coccidiosis,224,224,36923,074727c375bf406fd54cacbb248a8bb5,252
data/raw/Coccidiosis/cocci.1227.jpg,Coccidiosis,224,224,37905,7d5e24d9b97bfae46da6739f8c2f1a8d,253
data/raw/Coccidiosis/cocci.1228.jpg,Coccidiosis,224,224,36546,3b9a99718c6d826b1e30cb4e5d6c9159,254
data/raw/Coccidiosis/cocci.1229.jpg,Coccidiosis,224,224,20108,ad120ae365104c8a2a5d3ca9a8a07494,255
data/raw/Coccidiosis/cocci.123.jpg,Coccidiosis,224,224,22227,c8dbe8e5ceaf49c1ae5086ef8a4927fb,256
data/raw/Coccidiosis/cocci.1230.jpg,Coccidiosis,224,224,35974,a5cb4efe599ba2fcb25ebcb2544dd4bc,257
data/raw/Coccidiosis/cocci.1231.jpg,Coccidiosis,224,224,43165,71d19c559134207751bb5f4c599b3b4d,258
data/raw/Coccidiosis/cocci.1232.jpg,Coccidiosis,224,224,31841,41010a3ffe926c30b060a56c68b780fe,259
data/raw/Coccidiosis/cocci.1233.jpg,Coccidiosis,224,224,23959,e7b8c1146ba7fbd6f0c368f5f3654806,260
data/raw/Coccidiosis/cocci.1234.jpg,Coccidiosis,224,224,27452,2a4548e4301d63167a00776bd19edd55,261
data/raw/Coccidiosis/cocci.1235.jpg,Coccidiosis,224,224,38853,6495ea9ab0235ff059c45d0de60f45b7,262
data/raw/Coccidiosis/cocci.1236.jpg,Coccidiosis,224,224,42698,fbb6d51447cb11423ac5dd2ecc5a1d48,263
data/raw/Coccidiosis/cocci.1237.jpg,Coccidiosis,224,224,28136,9ca284ae6e18b34b80944049408e3c86,264
data/raw/Coccidiosis/cocci.1238.jpg,Coccidiosis,224,224,34812,8ecef73e04ea6fabfc934c5372d60a84,265
data/raw/Coccidiosis/cocci.1239.jpg,Coccidiosis,224,224,38457,0fa03c185c22ac238af2c6d93bb650f5,266
data/raw/Coccidiosis/cocci.124.jpg,Coccidiosis,224,224,33623,f575583972aca647ec39c390a7af0b9c,267
data/raw/Coccidiosis/cocci.1240.jpg,Coccidiosis,224,224,25314,bf3136c1f3f914a2335cee8caec4fb4f,268
data/raw/Coccidiosis/cocci.1241.jpg,Coccidiosis,224,224,27923,7367750f96faf5c841172312fdd61070,269
data/raw/Coccidiosis/cocci.1242.jpg,Coccidiosis,224,224,42670,7d89086d71fceb9c36f29a3ff7c67872,270
data/raw/Coccidiosis/cocci.1243.jpg,Coccidiosis,224,224,32397,acca10e769ac7cfd18cf717923fa698a,271
data/raw/Coccidiosis/cocci.1244.jpg,Coccidiosis,224,224,21636,684d35db65180082b88bcaf1f70834c8,272
data/raw/Coccidiosis/cocci.1245.jpg,Coccidiosis,224,224,33104,6941d5b7259b066b4d220aa4063adcc2,273
data/raw/Coccidiosis/cocci.1246.jpg,Coccidiosis,224,224,29133,e9df9537c10a763794fbdd271bf396f0,274
data/raw/Coccidiosis/cocci.1247.jpg,Coccidiosis,224,224,37679,8e02dfcfb03eb0aa07b0c92266c95aa7,275
data/raw/Coccidiosis/cocci.1248.jpg,Coccidiosis,224,224,36993,c5b4eed539e497e2204f7d7f5faa53a1,276
data/raw/Coccidiosis/cocci.1249.jpg,Coccidiosis,224,224,33751,abf151e30b3e025fbeec10cd64c14207,277
data/raw/Coccidiosis/cocci.125.jpg,Coccidiosis,224,224,21179,a5a97af0c5638e8de9af07861a9f8f13,278
data/raw/Coccidiosis/cocci.1250.jpg,Coccidiosis,224,224,27160,f60963629ef4c43fd0d676201b5c0f93,279
data/raw/Coccidiosis/cocci.1251.jpg,Coccidiosis,224,224,41550,3d08b2220e3e0093d0d119637939fb86,280
data/raw/Coccidiosis/cocci.1252.jpg,Coccidiosis,224,224,37821,c1972c6eb3f582ca2e80f3fccfc29594,281
data/raw/Coccidiosis/cocci.1253.jpg,Coccidiosis,224,224,31746,2bcb518e93221f24084b38004390ae26,282
data/raw/Coccidiosis/cocci.1254.jpg,Coccidiosis,224,224,39719,e4c7828b23849cda5afbdbbdabe8dd02,283
data/raw/Coccidiosis/cocci.1255.jpg,Coccidiosis,224,224,28621,6d648fde7881e821323b3f4bbf5eb120,284
data/raw/Coccidiosis/cocci.1256.jpg,Coccidiosis,224,224,38372,0dae9d579f03e48f2e4f427914788428,285
data/raw/Coccidiosis/cocci.1257.jpg,Coccidiosis,224,224,39604,7a81932d5924a47cfcc87c6ef588e068,286
data/raw/Coccidiosis/cocci.1258.jpg,Coccidiosis,224,224,44136,a94d8fed7aa396b8ca3f3c8bf3312ee0,287
data/raw/Coccidiosis/cocci.1259.jpg,Coccidiosis,224,224,27043,9e8bdbf83b76f5b5561e7a44cfc4088d,288
data/raw/Coccidiosis/cocci.126.jpg,Coccidiosis,224,224,32384,a571d1bfeb80514df3b098b4ce523aed,289
data/raw/Coccidiosis/cocci.1260.jpg,Coccidiosis,224,224,42558,13126c8093413c31917aaee3481d4fce,290
data/raw/Coccidiosis/cocci.1261.jpg,Coccidiosis,224,224,34027,ffe9b6c4db8e71aa8958da7401922cc6,291
data/raw/Coccidiosis/cocci.1262.jpg,Coccidiosis,224,224,44918,da1e09231b5db412c6be980b36c5c0c1,292
data/raw/Coccidiosis/cocci.1263.jpg,Coccidiosis,224,224,25561,220b703753644167514b50e5873e738d,293
data/raw/Coccidiosis/cocci.1264.jpg,Coccidiosis,224,224,31203,94127d335990c410792ede5a5d6886c7,294
data/raw/Coccidiosis/cocci.1265.jpg,Coccidiosis,224,224,31415,925e0933eb52a90f52e2d51d6daefbcf,295
data/raw/Coccidiosis/cocci.1266.jpg,Coccidiosis,224,224,15662,afaeacacbaa5b9b99764158b8b04eee5,296
data/raw/Coccidiosis/cocci.1267.jpg,Coccidiosis,224,224,28444,00daa9ca665eee88ca58edb96345b197,297
data/raw/Coccidiosis/cocci.1268.jpg,Coccidiosis,224,224,32199,8f51cc9fa0238b79da6fc80e437d88ea,298
data/raw/Coccidiosis/cocci.1269.jpg,Coccidiosis,224,224,44675,e4c1c83e99899ca12dbda06c6092d95e,299
data/raw/Coccidiosis/cocci.127.jpg,Coccidiosis,224,224,31512,2654d459acaed85e4d6a2e46aa943ca3,300
data/raw/Coccidiosis/cocci.1270.jpg,Coccidiosis,224,224,18711,e14728e2a1daa8709e73661ffb36275a,301
data/raw/Coccidiosis/cocci.1271.jpg,Coccidiosis,224,224,25309,c3a8f8954735fb452deea1c2be5643ff,302
data/raw/Coccidiosis/cocci.1272.jpg,Coccidiosis,224,224,27966,edd85e50474124b23c7324615374ac5c,303
data/raw/Coccidiosis/cocci.1273.jpg,Coccidiosis,224,224,46409,c909c08de187b0d890d4fec53af9591d,304
data/raw/Coccidiosis/cocci.1274.jpg,Coccidiosis,224,224,36710,fe26a31669df73546f8d58dff8559a2b,305
data/raw/Coccidiosis/cocci.1275.jpg,Coccidiosis,224,224,30628,ff3a005e1b444e83fa20e7cf3c135d99,306
data/raw/Coccidiosis/cocci.1276.jpg,Coccidiosis,224,224,31680,7663b5bdb13f14a922aa1436076f1fff,307
data/raw/Coccidiosis/cocci.1277.jpg,Coccidiosis,224,224,29288,aa86201aae53e33a0e2f07dfae5a17ef,308
data/raw/Coccidiosis/cocci.1278.jpg,Coccidiosis,224,224,34870,f9b1758885bea88b0c540357d9fdc518,309
data/raw/Coccidiosis/cocci.1279.jpg,Coccidiosis,224,224,37695,a99728f442212691cbedb068af3ddfb2,310
data/raw/Coccidiosis/cocci.128.jpg,Coccidiosis,224,224,42338,403daa39dbaf06b86891a26159c45772,311
data/raw/Coccidiosis/cocci.1280.jpg,Coccidiosis,224,224,25717,429f8c477a38b544fced30b1b34ece0a,312
data/raw/Coccidiosis/cocci.1281.jpg,Coccidiosis,224,224,30231,9dafbb8618af0fbc6b259d046f768dba,313
data/raw/Coccidiosis/cocci.1282.jpg,Coccidiosis,224,224,28354,640e2a553d67ff23e16ff3caa561de99,314
data/raw/Coccidiosis/cocci.1283.jpg,Coccidiosis,224,224,29955,e882ab98bd475b563b159a485c6a886c,315
data/raw/Coccidiosis/cocci.1284.jpg,Coccidiosis,224,224,28513,907b16a26b655296aa0cb4e0c5706664,316
data/raw/Coccidiosis/cocci.1285.jpg,Coccidiosis,224,224,45785,3b6111b19e3bc0dfeaf04ee21d8b9d8c,317
data/raw/Coccidiosis/cocci.1286.jpg,Coccidiosis,224,224,32538,266b5c81859112bd1b9aeaf43926bb43,318
data/raw/Coccidiosis/cocci.1287.jpg,Coccidiosis,224,224,23428,7c1f5e61160f8dfd88f0e72b35739a6c,319
data/raw/Coccidiosis/cocci.1288.jpg,Coccidiosis,224,224,30965,0b15ae3784426816e7bd2988558a4cc7,320
data/raw/Coccidiosis/cocci.1289.jpg,Coccidiosis,224,224,41249,1e52cea21bfc22e95642f0d0de1a6f09,321
data/raw/Coccidiosis/cocci.129.jpg,Coccidiosis,224,224,30777,85eea5b9b5c59a1ee5acd8021b4984bf,322
data/raw/Coccidiosis/cocci.1290.jpg,Coccidiosis,224,224,28431,2841fa4273cf70a6b67a76ca2d1bec08,323
data/raw/Coccidiosis/cocci.1291.jpg,Coccidiosis,224,224,27932,2faff17c5b2a54c1aaba4841856e09b4,324
data/raw/Coccidiosis/cocci.1292.jpg,Coccidiosis,224,224,39252,159770dc4484563aa280c6eabe4d5443,325
data/raw/Coccidiosis/cocci.1293.jpg,Coccidiosis,224,224,33318,720638854d6958189668b67536d92da0,326
data/raw/Coccidiosis/cocci.1294.jpg,Coccidiosis,224,224,27749,55d184219e15ae6bd1a04d150ca3ea92,327
data/raw/Coccidiosis/cocci.1295.jpg,Coccidiosis,224,224,33448,ec5992d17e68ddfc9df8f1a9b5563443,328
data/raw/Coccidiosis/cocci.1296.jpg,Coccidiosis,224,224,39091,e123abefcb07e29493cccfc78bc81efa,329
data/raw/Coccidiosis/cocci.1297.jpg,Coccidiosis,224,224,34730,e3c1f7566658a54e5c18426468952c8b,330
data/raw/Coccidiosis/cocci.1298.jpg,Coccidiosis,224,224,35891,2f7e612709bf59ae378f2f1e3c88ce0b,331
data/raw/Coccidiosis/cocci.1299.jpg,Coccidiosis,224,224,33124,9cc129409bf42c87743e25b778b052d1,332
data/raw/Coccidiosis/cocci.13.jpg,Coccidiosis,224,224,37882,e013564e1f5888ff8e196adf9a41d8ae,333
data/raw/Coccidiosis/cocci.130.jpg,Coccidiosis,224,224,33215,331f78ac97f40adf83aca58b4bc42ad9,334
data/raw/Coccidiosis/cocci.1300.jpg,Coccidiosis,224,224,31941,c19800713ba5a457a5749dbf9058df74,335
data/raw/Coccidiosis/cocci.1301.jpg,Coccidiosis,224,224,32952,dfe4f05580bd9d3d538ed90ed0186b2c,336
data/raw/Coccidiosis/cocci.1302.jpg,Coccidiosis,224,224,21711,f22bb9eb573f3aee854ecb89e04594d2,337
data/raw/Coccidiosis/cocci.1303.jpg,Coccidiosis,224,224,36289,bb94c4987da4434ea569154968233df1,338
data/raw/Coccidiosis/cocci.1304.jpg,Coccidiosis,224,224,30773,6bec662d49f7860f4a21c9d0075e32d1,339
data/raw/Coccidiosis/cocci.1305.jpg,Coccidiosis,224,224,29482,4fee1ca67b04c432367dd7617341326a,340
data/raw/Coccidiosis/cocci.1306.jpg,Coccidiosis,224,224,34432,4716d9601ca5e5f2f1874361fa4e1bc8,341
data/raw/Coccidiosis/cocci.1307.jpg,Coccidiosis,224,224,36986,6cf93252301b4768de15d9eed3b489e0,342
data/raw/Coccidiosis/cocci.1308.jpg,Coccidiosis,224,224,39842,eb5fe7f3fffc07115c3c2ce67998f555,343
data/raw/Coccidiosis/cocci.1309.jpg,Coccidiosis,224,224,36071,c421f8d490e54a8e8d10d8179cfa0260,344
data/raw/Coccidiosis/cocci.131.jpg,Coccidiosis,224,224,36798,74bf6e1e179a84e3a7c41c4d0308e76b,345
data/raw/Coccidiosis/cocci.1310.jpg,Coccidiosis,224,224,42802,502dd30bc51eec9e72e0b90888c41158,139
data/raw/Coccidiosis/cocci.1311.jpg,Coccidiosis,224,224,29666,3a1c41d8d6073863ffc92d5d508acaf4,346
data/raw/Coccidiosis/cocci.1312.jpg,Coccidiosis,224,224,27636,f030fed1ccd714ca4ee7f60650b6a14c,347
data/raw/Coccidiosis/cocci.1313.jpg,Coccidiosis,224,224,32288,99d0c31b7e9cfc8991bb88fd291df00c,348
data/raw/Coccidiosis/cocci.1314.jpg,Coccidiosis,224,224,41436,1321081803090f7f18ab93f47295dae8,349
data/raw/Coccidiosis/cocci.1315.jpg,Coccidiosis,224,224,44839,3c48903db33277d6e27233f4e827936b,350
data/raw/Coccidiosis/cocci.1316.jpg,Coccidiosis,224,224,42603,8f3f875a3eeb195abecee98f1dcffae9,351
data/raw/Coccidiosis/cocci.1317.jpg,Coccidiosis,224,224,28783,9209e445164e245870e785bfdd95ad81,352
data/raw/Coccidiosis/cocci.1318.jpg,Coccidiosis,224,224,41279,6b22390fa30c901cf1aeaf0fe2344021,353
data/raw/Coccidiosis/cocci.1319.jpg,Coccidiosis,224,224,29702,399b014527ba2cea01b8841f4d0e3ed5,354
data/raw/Coccidiosis/cocci.132.jpg,Coccidiosis,224,224,29673,fb7f5550cf01b219778c12e95f967ea2,355
data/raw/Coccidiosis/cocci.1320.jpg,Coccidiosis,224,224,38037,d38f192659c5abe0b6e4a56f023867e4,356
data/raw/Coccidiosis/cocci.1321.jpg,Coccidiosis,224,224,41118,14651dc6eee085811a0a8300a5a31282,357
data/raw/Coccidiosis/cocci.1322.jpg,Coccidiosis,224,224,29036,61b31fb751c0a0947ef1049499b26ad5,358
data/raw/Coccidiosis/cocci.1323.jpg,Coccidiosis,224,224,22494,cbcdb7a99318c1b458f0bdfcee21ab83,359
data/raw/Coccidiosis/cocci.1324.jpg,Coccidiosis,224,224,37826,f9cbc86cfa6316c56d92ffb9a4780be3,360
data/raw/Coccidiosis/cocci.1325.jpg,Coccidiosis,224,224,21656,e9fb6b10e631fc7a2d23c14c059b9efe,361
data/raw/Coccidiosis/cocci.1326.jpg,Coccidiosis,224,224,20548,ac39228d2558516f1644e6b5ebabbd07,362
data/raw/Coccidiosis/cocci.1327.jpg,Coccidiosis,224,224,32574,61133d9e0d2f7f5f484c12eb08b4a229,363
data/raw/Coccidiosis/cocci.1328.jpg,Coccidiosis,224,224,43435,69a6fcb26b9ca4eddd971ecf268352f8,364
data/raw/Coccidiosis/cocci.1329.jpg,Coccidiosis,224,224,30087,3d618ac8c49c4b58d4c1bb4a6c23de78,365
data/raw/Coccidiosis/cocci.133.jpg,Coccidiosis,224,224,36962,4b0917377751eb789693615e97fc2111,366
data/raw/Coccidiosis/cocci.1330.jpg,Coccidiosis,224,224,34125,a3c8b44e3fd08f41cc97895ed2256856,367
data/raw/Coccidiosis/cocci.1331.jpg,Coccidiosis,224,224,32882,5b53f844da1c61cd076f2de064dfc2ca,368
data/raw/Coccidiosis/cocci.1332.jpg,Coccidiosis,224,224,34409,a8619211df911d83e9571bb91052e723,369
data/raw/Coccidiosis/cocci.1333.jpg,Coccidiosis,224,224,26755,510cc5fed6d1bbf666abd50cc91594f3,370
data/raw/Coccidiosis/cocci.1334.jpg,Coccidiosis,224,224,33497,168c2186a7d59e9b0c770c4b040d4e7f,371
data/raw/Coccidiosis/cocci.1335.jpg,Coccidiosis,224,224,27048,2b5d8e866fca1f18b08c860696265bdb,372
data/raw/Coccidiosis/cocci.1336.jpg,Coccidiosis,224,224,28212,1a9b1dae1130d3a3d3e4eb92bcf65f16,373
data/raw/Coccidiosis/cocci.1337.jpg,Coccidiosis,224,224,34391,ef30c4d206a66ed3768cfe199ba278e5,374
data/raw/Coccidiosis/cocci.1338.jpg,Coccidiosis,224,224,25289,f4d8b485a9fba4ab2cd752bd081ea225,375
data/raw/Coccidiosis/cocci.1339.jpg,Coccidiosis,224,224,41120,49fa53d43b0bcb610690a6268b57fa6d,376
data/raw/Coccidiosis/cocci.134.jpg,Coccidiosis,224,224,23295,4f894d9b8f9835d3b04feeb86de075c0,377
data/raw/Coccidiosis/cocci.1340.jpg,Coccidiosis,224,224,33168,7559c2669e03dd62cd0615877bdbe2a0,378
data/raw/Coccidiosis/cocci.1341.jpg,Coccidiosis,224,224,37161,6f6d6e8e5d7e5f9839883743e5435aa6,379
data/raw/Coccidiosis/cocci.1342.jpg,Coccidiosis,224,224,25761,96affe96293076d08f738368a2564684,380
data/raw/Coccidiosis/cocci.1343.jpg,Coccidiosis,224,224,18623,8afe9749ec2c3eac669d85f953f75a95,381
data/raw/Coccidiosis/cocci.1344.jpg,Coccidiosis,224,224,24202,a9345a6d05c4508abf41614e74358f7e,382
data/raw/Coccidiosis/cocci.1345.jpg,Coccidiosis,224,224,35169,a5192a644a63951602d7164aa2e49db1,383
data/raw/Coccidiosis/cocci.1346.jpg,Coccidiosis,224,224,28579,458e95bd88b8f1cd40b952f7367c4214,384
data/raw/Coccidiosis/cocci.1347.jpg,Coccidiosis,224,224,37919,144155a4b1670d2c304c6a4b3939eaa4,385
data/raw/Coccidiosis/cocci.1348.jpg,Coccidiosis,224,224,36542,58061a74fc301d3f9688f6f516576f99,386
data/raw/Coccidiosis/cocci.1349.jpg,Coccidiosis,224,224,20996,d8ee1dc4f99dcd899e9ee8c9263fcdc4,387
data/raw/Coccidiosis/cocci.135.jpg,Coccidiosis,224,224,37053,8901314ed00e9f4818152159918161c1,388
data/raw/Coccidiosis/cocci.1350.jpg,Coccidiosis,224,224,35529,97a2b422aa7ac6debd9162d724d63873,389
data/raw/Coccidiosis/cocci.1351.jpg,Coccidiosis,224,224,22621,a050fc5c7951eae713148ec7ee7d9832,390
data/raw/Coccidiosis/cocci.1352.jpg,Coccidiosis,224,224,36281,aee18f858b7d000db7c9f63ffdc72a12,391
data/raw/Coccidiosis/cocci.1353.jpg,Coccidiosis,224,224,26380,ae3622e0ac9aa2593db779a96be4a204,392
data/raw/Coccidiosis/cocci.1354.jpg,Coccidiosis,224,224,33689,47dfd6c657fde0b51fb0a9da4ca56bfa,393
data/raw/Coccidiosis/cocci.1355.jpg,Coccidiosis,224,224,40167,4711d44309d39d2e425f66ce5b092932,394
data/raw/Coccidiosis/cocci.1356.jpg,Coccidiosis,224,224,34750,fe808f716307463af62420e2ad3cfdbb,395
data/raw/Coccidiosis/cocci.1357.jpg,Coccidiosis,224,224,30287,bfa0cdcefa76b74ab572b38d9910efd1,396
data/raw/Coccidiosis/cocci.1358.jpg,Coccidiosis,224,224,37693,f7dc007883308005cefb85d6d1c1b677,397
data/raw/Coccidiosis/cocci.1359.jpg,Coccidiosis,224,224,32759,d89fea3b8d2bd5019f57e21962b2c109,398
data/raw/Coccidiosis/cocci.136.jpg,Coccidiosis,224,224,25961,b0dd2a484e8d6b3bab9a225824ed84cc,399
data/raw/Coccidiosis/cocci.1360.jpg,Coccidiosis,224,224,24542,bf5371b2e2a3af8b3dba732ee944f269,400
data/raw/Coccidiosis/cocci.1361.jpg,Coccidiosis,224,224,31898,65f36ab999119b57a4a04f37eea30486,401
data/raw/Coccidiosis/cocci.1362.jpg,Coccidiosis,224,224,36972,df6d5281ee45bb3cc16d19862646664a,402
data/raw/Coccidiosis/cocci.1363.jpg,Coccidiosis,224,224,40921,3850180504022ca42c5d3b5e5fb5759b,403
data/raw/Coccidiosis/cocci.1364.jpg,Coccidiosis,224,224,37792,0cc0d2d7d2f81170669195c0aa08dac8,404
data/raw/Coccidiosis/cocci.1365.jpg,Coccidiosis,224,224,32702,867179b595e95404189da2f235780539,405
data/raw/Coccidiosis/cocci.1366.jpg,Coccidiosis,224,224,34548,9c68a5ca9789a6dfa8965fc684c5635a,406
data/raw/Coccidiosis/cocci.1367.jpg,Coccidiosis,224,224,33734,78fe4d6f044c57edb437303215533cd5,407
data/raw/Coccidiosis/cocci.1368.jpg,Coccidiosis,224,224,28604,5da2ef33db73554f87f128ffd673da63,408
data/raw/Coccidiosis/cocci.1369.jpg,Coccidiosis,224,224,45173,7ca67256c75d4a64dafedad39057c3f2,409
data/raw/Coccidiosis/cocci.137.jpg,Coccidiosis,224,224,25659,6dae6af6c6d25e958f384b7aa44328ea,410
data/raw/Coccidiosis/cocci.1370.jpg,Coccidiosis,224,224,34213,7982abafd37bd512600ab047c5bf617a,411
data/raw/Coccidiosis/cocci.1371.jpg,Coccidiosis,224,224,39264,bcf2fcf88c34e85026edd9e73f4c80ca,412
data/raw/Coccidiosis/cocci.1372.jpg,Coccidiosis,224,224,25792,dda143f9512ad3f7fa81be27cf9f0f18,413
data/raw/Coccidiosis/cocci.1373.jpg,Coccidiosis,224,224,33006,055eea2269b68e6a507ed9766b60eb2c,414
data/raw/Coccidiosis/cocci.1374.jpg,Coccidiosis,224,224,25000,4640ffc13018cffb65612596ca8aabca,415
data/raw/Coccidiosis/cocci.1375.jpg,Coccidiosis,224,224,39744,ddff0349f57eaaf65d20251037031502,416
data/raw/Coccidiosis/cocci.1376.jpg,Coccidiosis,224,224,32374,d41915e724fcb9b5d7f7b4167f1566ab,417
data/raw/Coccidiosis/cocci.1377.jpg,Coccidiosis,224,224,42443,5fcc1fbfbc73494c46a3e2518d2d21dd,418
data/raw/Coccidiosis/cocci.1378.jpg,Coccidiosis,224,224,27758,b9ceadfe69f4ed5965cf60c58126c28c,419
data/raw/Coccidiosis/cocci.1379.jpg,Coccidiosis,224,224,39245,d0981a89dc2d3dd3046e8f8b8fd00c65,420
data/raw/Coccidiosis/cocci.138.jpg,Coccidiosis,224,224,34898,722e0c62529dcb737eeda88aa5a84b16,421
data/raw/Coccidiosis/cocci.1380.jpg,Coccidiosis,224,224,27950,578b5633c95fc39df0b608e7d44e2958,422
data/raw/Coccidiosis/cocci.1381.jpg,Coccidiosis,224,224,33368,1f272f8a377027de26db596046f6d625,423
data/raw/Coccidiosis/cocci.1382.jpg,Coccidiosis,224,224,38858,1098832b9f61819c1c0630e9cf794662,424
data/raw/Coccidiosis/cocci.1383.jpg,Coccidiosis,224,224,36215,1e7476706e10f3078451ea8e8477a8eb,425
data/raw/Coccidiosis/cocci.1384.jpg,Coccidiosis,224,224,37325,948ac1565340fc8f30b92917ecccfdd9,426
data/raw/Coccidiosis/cocci.1385.jpg,Coccidiosis,224,224,37482,2d3f13a128e1d8d515015c9673d89fb5,427
data/raw/Coccidiosis/cocci.1386.jpg,Coccidiosis,224,224,44452,c1ee18c1c2a4a323c47f8b7209d042ec,428
data/raw/Coccidiosis/cocci.1387.jpg,Coccidiosis,224,224,34926,e9cf99a6cb235bf1255adf97e3368f3f,429
data/raw/Coccidiosis/cocci.1388.jpg,Coccidiosis,224,224,29473,88c8384a8a0446544d0e653f9087d98a,430
data/raw/Coccidiosis/cocci.1389.jpg,Coccidiosis,224,224,24541,d7b969b06d4306a92ac5b65c6d5d4a2f,431
data/raw/Coccidiosis/cocci.139.jpg,Coccidiosis,224,224,36718,9a896e924183d0645960aa6858abc3f3,432
data/raw/Coccidiosis/cocci.1390.jpg,Coccidiosis,224,224,33669,e5369690ab1b576b6aefb53f2f3db9c4,433
data/raw/Coccidiosis/cocci.1391.jpg,Coccidiosis,224,224,19465,afd818c5b85960c01aa7c225dac42f5d,434
data/raw/Coccidiosis/cocci.1392.jpg,Coccidiosis,224,224,17852,890daf09eac5e85ee68b81421ca5e216,435
data/raw/Coccidiosis/cocci.1393.jpg,Coccidiosis,224,224,23350,49489b913a52ffb84be964c6b17100f0,436
data/raw/Coccidiosis/cocci.1394.jpg,Coccidiosis,224,224,27615,7f516ca0763df9abcadb5cde3006cd15,437
data/raw/Coccidiosis/cocci.1395.jpg,Coccidiosis,224,224,26013,62b1d3a9a0b03599dfad01ec94c721ec,438
data/raw/Coccidiosis/cocci.1396.jpg,Coccidiosis,224,224,30886,21301e5427a3634e841a9e8160b13d1c,439
data/raw/Coccidiosis/cocci.1397.jpg,Coccidiosis,224,224,43645,b50dad54a2c6f446c8a77dc79b4758ef,440
data/raw/Coccidiosis/cocci.1398.jpg,Coccidiosis,224,224,23843,6534ff38c2bb825e634e68457db64ab4,441
data/raw/Coccidiosis/cocci.1399.jpg,Coccidiosis,224,224,33975,b349717d72a6b37c415f232db480ca1d,442
data/raw/Coccidiosis/cocci.14.jpg,Coccidiosis,224,224,26465,1367dbb7911d40c205d44292816ab0c1,443
data/raw/Coccidiosis/cocci.140.jpg,Coccidiosis,224,224,39256,33fda48a60b23fb2ad7f1d6f58c12ae4,444
data/raw/Coccidiosis/cocci.1400.jpg,Coccidiosis,224,224,25872,9e9a948d26a86c6dd8f6c9f643494dc8,445
data/raw/Coccidiosis/cocci.1401.jpg,Coccidiosis,224,224,34983,105e8231b1f71020a75536bb3fa5c54a,446
data/raw/Coccidiosis/cocci.1402.jpg,Coccidiosis,224,224,16254,ee3b1b282ea9806a0c11e11f86168ed3,447
data/raw/Coccidiosis/cocci.1403.jpg,Coccidiosis,224,224,23407,3d02c811b14cdced00324fc9764c0c05,448
data/raw/Coccidiosis/cocci.1404.jpg,Coccidiosis,224,224,16858,94c3b83b3c39f272b2206713e4736c06,449
data/raw/Coccidiosis/cocci.1405.jpg,Coccidiosis,224,224,35441,6a8572709a66c503c303bbe5a7f61de9,450
data/raw/Coccidiosis/cocci.1406.jpg,Coccidiosis,224,224,35625,9fbeef6c5189fbd589af1c1f726a1c4b,451
data/raw/Coccidiosis/cocci.1407.jpg,Coccidiosis,224,224,36352,95e36df7bda820751a49f35e620a778f,452
data/raw/Coccidiosis/cocci.1408.jpg,Coccidiosis,224,224,23921,d7db9138f2a6acb8adc86790255c80f5,453
data/raw/Coccidiosis/cocci.1409.jpg,Coccidiosis,224,224,25265,2c88461bd36f063de8e0d987efa7c1d1,454
data/raw/Coccidiosis/cocci.141.jpg,Coccidiosis,224,224,32043,228692570d536ff7fd20f8ea04ab6f69,455
data/raw/Coccidiosis/cocci.1410.jpg,Coccidiosis,224,224,36218,e6466369a7d6d435c2d82ba985d6db1b,456
data/raw/Coccidiosis/cocci.1411.jpg,Coccidiosis,224,224,34875,aa4345a1dd146e97581bccdde11a5a47,457
data/raw/Coccidiosis/cocci.1412.jpg,Coccidiosis,224,224,34191,fb593578922d370e943b12cf36d7d7e7,458
data/raw/Coccidiosis/cocci.1413.jpg,Coccidiosis,224,224,21770,2f91aba4c00ea9b240476dc32f81d1e0,459
data/raw/Coccidiosis/cocci.1414.jpg,Coccidiosis,224,224,34518,9cac48d4885d897227dc2ebdf88f4e6d,460
data/raw/Coccidiosis/cocci.1415.jpg,Coccidiosis,224,224,28720,89942d4834d283598777951f07704109,461
data/raw/Coccidiosis/cocci.1416.jpg,Coccidiosis,224,224,37757,1834e4dd036860f8bb7679eb41bb9031,462
data/raw/Coccidiosis/cocci.1417.jpg,Coccidiosis,224,224,24428,3f6187097d679d42344f526afe9e01f6,463
data/raw/Coccidiosis/cocci.1418.jpg,Coccidiosis,224,224,35398,ca83a9b1d7db0629390eeef94d7214b0,464
data/raw/Coccidiosis/cocci.1419.jpg,Coccidiosis,224,224,23799,3698de2681608407c0c226f738228b96,465
data/raw/Coccidiosis/cocci.142.jpg,Coccidiosis,224,224,28471,6aed41af090edc7be32310e380b3e3c4,466
data/raw/Coccidiosis/cocci.1420.jpg,Coccidiosis,224,224,35969,071e17aaddb77ed6f1f54c1b285829d0,467
data/raw/Coccidiosis/cocci.1421.jpg,Coccidiosis,224,224,26392,b2caad1bde14027836237fccf35d816c,468
data/raw/Coccidiosis/cocci.1422.jpg,Coccidiosis,224,224,30734,cd6287b44ed678e9c1937c8abde05cc3,469
data/raw/Coccidiosis/cocci.1423.jpg,Coccidiosis,224,224,21086,e1fe37a5c2c6fd4734ed6fd4aedfe695,470
data/raw/Coccidiosis/cocci.1424.jpg,Coccidiosis,224,224,33629,d9f975fbd1377182372b8cfec3b802df,471
data/raw/Coccidiosis/cocci.1425.jpg,Coccidiosis,224,224,30316,db4a4d907a384d3bf2e6d298c9d32fda,472
data/raw/Coccidiosis/cocci.1426.jpg,Coccidiosis,224,224,36418,10619579812584e0e6e8fdd944281d48,473
data/raw/Coccidiosis/cocci.1427.jpg,Coccidiosis,224,224,34869,94fa4097d9e858111efbb0267a36a7fd,474
data/raw/Coccidiosis/cocci.1428.jpg,Coccidiosis,224,224,41368,024bc42cc4e98eb792b37f530fafca9a,475
data/raw/Coccidiosis/cocci.1429.jpg,Coccidiosis,224,224,41625,3e58c582e79df7d08c199aeeb5821293,476
data/raw/Coccidiosis/cocci.143.jpg,Coccidiosis,224,224,30017,b487836b1a6b76a3b29eff6073a5ca65,477
data/raw/Coccidiosis/cocci.1430.jpg,Coccidiosis,224,224,46784,44d5e07028ad58748b3b5b4b4bae0fcd,478
data/raw/Coccidiosis/cocci.1431.jpg,Coccidiosis,224,224,36900,6975768cab3df2a1f20c5575c3ec5755,479
data/raw/Coccidiosis/cocci.1432.jpg,Coccidiosis,224,224,37476,7a06a90a95cd446049e7615d69ad868e,480
data/raw/Coccidiosis/cocci.1433.jpg,Coccidiosis,224,224,42448,afbf630285a9b34a8a2a628652d7dfe0,481
data/raw/Coccidiosis/cocci.1434.jpg,Coccidiosis,224,224,25310,d02ff4e0150044948e314ad2bdb3b032,482
data/raw/Coccidiosis/cocci.1435.jpg,Coccidiosis,224,224,43671,f33c164a29542cf170b621d9f1ec9803,483
data/raw/Coccidiosis/cocci.1436.jpg,Coccidiosis,224,224,19573,c6072c096e2589ede035e69967e2258f,484
data/raw/Coccidiosis/cocci.1437.jpg,Coccidiosis,224,224,32868,4ba2c6e3f77be32a72a2531c28cc617c,485
data/raw/Coccidiosis/cocci.1438.jpg,Coccidiosis,224,224,34038,03240e27b67869372e7661f276c49fff,486
data/raw/Coccidiosis/cocci.1439.jpg,Coccidiosis,224,224,24222,a43527fc731e82f2dc120214b9a1c898,487
data/raw/Coccidiosis/cocci.144.jpg,Coccidiosis,224,224,34140,54605dfc43823501ade58a01ab8273bd,488
data/raw/Coccidiosis/cocci.1440.jpg,Coccidiosis,224,224,40757,3cdd835c0dfb08abd4ec98bbdac8b3aa,489
data/raw/Coccidiosis/cocci.1441.jpg,Coccidiosis,224,224,42093,465d775f1a60b8a45381e9a1273448de,490
data/raw/Coccidiosis/cocci.1442.jpg,Coccidiosis,224,224,33816,e432895bc2a6390cded858b08808be0a,491
data/raw/Coccidiosis/cocci.1443.jpg,Coccidiosis,224,224,32866,e4d4ee93c4f87a07415cac74c06c450f,492
data/raw/Coccidiosis/cocci.1444.jpg,Coccidiosis,224,224,46329,2da5102efd44ec26e583ed31346faad9,493
data/raw/Coccidiosis/cocci.1445.jpg,Coccidiosis,224,224,19785,4867103f2b3489062688774a78f2da28,494
data/raw/Coccidiosis/cocci.1446.jpg,Coccidiosis,224,224,29133,e9df9537c10a763794fbdd271bf396f0,274
data/raw/Coccidiosis/cocci.1447.jpg,Coccidiosis,224,224,32554,31c638515c317ace86bfc4174f4dfbc9,495
data/raw/Coccidiosis/cocci.1448.jpg,Coccidiosis,224,224,34536,195ab628b5dbae3b6cac02b78b5643b9,496
data/raw/Coccidiosis/cocci.1449.jpg,Coccidiosis,224,224,38350,a22c45da0caa157c976b5fc1710e1469,497
data/raw/Coccidiosis/cocci.145.jpg,Coccidiosis,224,224,36760,32adab847840e6c642cbcee6e59fed5f,498
data/raw/Coccidiosis/cocci.1450.jpg,Coccidiosis,224,224,24916,cc2dde811425f1470db14aee02724b8b,499
data/raw/Coccidiosis/cocci.1451.jpg,Coccidiosis,224,224,38250,3c77d46260fc1c0a702d06df10d1d3f6,500
data/raw/Coccidiosis/cocci.1452.jpg,Coccidiosis,224,224,33936,1efbf2f48267a696d70ac5043f3915f0,501
data/raw/Coccidiosis/cocci.1453.jpg,Coccidiosis,224,224,31185,94184961ae3e7cd3044153ef494b6220,502
data/raw/Coccidiosis/cocci.1454.jpg,Coccidiosis,224,224,33300,fe0077f17842539f22b8b1ea9be70e3d,503
data/raw/Coccidiosis/cocci.1455.jpg,Coccidiosis,224,224,21964,dfbd7ba4db662b3088187f2156d74faf,504
data/raw/Coccidiosis/cocci.1456.jpg,Coccidiosis,224,224,32044,f9dd84663dd59f4d27607e69e48d83e4,505
data/raw/Coccidiosis/cocci.1457.jpg,Coccidiosis,224,224,28929,12771dd8987972b97893755a79ca2e09,506
data/raw/Coccidiosis/cocci.1458.jpg,Coccidiosis,224,224,29867,5c5c19eb4b55c9ff05673681ea449cd9,507
data/raw/Coccidiosis/cocci.1459.jpg,Coccidiosis,224,224,32492,39d41c75f23eb7ad0978d9f4d3ba0393,508
data/raw/Coccidiosis/cocci.146.jpg,Coccidiosis,224,224,31081,b6e271551db6aeb100319350022db5ec,509
data/raw/Coccidiosis/cocci.1460.jpg,Coccidiosis,224,224,28486,5580910b6e59878058fad0b9712902a0,510
data/raw/Coccidiosis/cocci.1461.jpg,Coccidiosis,224,224,40709,64a06ffa91528010ee6ccdf646623e0d,511
data/raw/Coccidiosis/cocci.1462.jpg,Coccidiosis,224,224,44396,d8580d6c3d56ad4fbaa9ca3110ae9f24,512
data/raw/Coccidiosis/cocci.1463.jpg,Coccidiosis,224,224,22514,9e9c3bfeb32b34567e3a512b22e75fbc,513
data/raw/Coccidiosis/cocci.1464.jpg,Coccidiosis,224,224,29762,2d2130cbdb9e043df219511b65198047,514
data/raw/Coccidiosis/cocci.1465.jpg,Coccidiosis,224,224,29684,82d9650bef9dfad63b51f528409d4ed4,515
data/raw/Coccidiosis/cocci.1466.jpg,Coccidiosis,224,224,38888,933a89e04d77ddfa65d0431110b19075,516
data/raw/Coccidiosis/cocci.1467.jpg,Coccidiosis,224,224,30898,b10e04d779603da585a8a1ab60e36877,517
data/raw/Coccidiosis/cocci.1468.jpg,Coccidiosis,224,224,41561,b744a85668f62c75949449fa2e6e4d81,518
data/raw/Coccidiosis/cocci.1469.jpg,Coccidiosis,224,224,33865,c482f0ca0738dd3db1280023f4ef4407,519
data/raw/Coccidiosis/cocci.147.jpg,Coccidiosis,224,224,21827,599de5739c240b5a9f1916a1269bab35,520
data/raw/Coccidiosis/cocci.1470.jpg,Coccidiosis,224,224,43599,404f2da86d7351706c5609bf61c34cf2,521
data/raw/Coccidiosis/cocci.1471.jpg,Coccidiosis,224,224,24158,a26b79dd8dd4ce55f6d258909499cdee,522
data/raw/Coccidiosis/cocci.1472.jpg,Coccidiosis,224,224,30087,ad92b8f165d9c61a16fa9d7850097ed9,523
data/raw/Coccidiosis/cocci.1473.jpg,Coccidiosis,224,224,37155,23006d2d0b33b36353588bdce8a5e7a8,524
data/raw/Coccidiosis/cocci.1474.jpg,Coccidiosis,224,224,34175,da709fee0273ef2b5370176cc5c0d390,525
data/raw/Coccidiosis/cocci.1475.jpg,Coccidiosis,224,224,29365,f65cd74b61810aacc9d4a84c4ff54b69,526
data/raw/Coccidiosis/cocci.1476.jpg,Coccidiosis,224,224,33241,1f6c9cb595b5dd2ff07e030a0bd3269b,527
data/raw/Coccidiosis/cocci.1477.jpg,Coccidiosis,224,224,34604,590132e8774c941e6051745f1a75ff4a,528
data/raw/Coccidiosis/cocci.1478.jpg,Coccidiosis,224,224,34912,bc6e8b7ecef5febd6924ad635ed5911e,529
data/raw/Coccidiosis/cocci.1479.jpg,Coccidiosis,224,224,33258,50adf630fefc5e811aea4c30e9ffd5ba,530
data/raw/Coccidiosis/cocci.148.jpg,Coccidiosis,224,224,39992,51e1517c78609e1321032911580a8963,531
data/raw/Coccidiosis/cocci.1480.jpg,Coccidiosis,224,224,32484,a3d92eade24fab1d8e759f2bf6f217cd,532
data/raw/Coccidiosis/cocci.1481.jpg,Coccidiosis,224,224,35378,15276db2cd43d256c9e640c2c06f6f92,533
data/raw/Coccidiosis/cocci.1482.jpg,Coccidiosis,224,224,31631,ebcbba857fb0be931715cdec6c95ae37,534
data/raw/Coccidiosis/cocci.1483.jpg,Coccidiosis,224,224,30618,a231d42b9b9bb78bfa8abdccb0b540f5,535
data/raw/Coccidiosis/cocci.1484.jpg,Coccidiosis,224,224,26604,1a599d5467581e493becf2e95ebe3286,536
data/raw/Coccidiosis/cocci.1485.jpg,Coccidiosis,224,224,32041,bd987fa1af8ed732a209925b73f2edc5,537
data/raw/Coccidiosis/cocci.1486.jpg,Coccidiosis,224,224,34927,734635577ba8c59369ff4fc3a979fc1b,538
data/raw/Coccidiosis/cocci.1487.jpg,Coccidiosis,224,224,25175,c538a435a7240c54c9c51133cba14d60,539
data/raw/Coccidiosis/cocci.1488.jpg,Coccidiosis,224,224,32680,1af80c2039af8682cf33a14cc4bf0653,540
data/raw/Coccidiosis/cocci.1489.jpg,Coccidiosis,224,224,41300,6488b9fda04349cc41fbb62a7c288879,541
data/raw/Coccidiosis/cocci.149.jpg,Coccidiosis,224,224,29633,a15c6854dd2539344fdfc5984f86c4a3,542
data/raw/Coccidiosis/cocci.1490.jpg,Coccidiosis,224,224,38071,cde643400f2b2c8d4b1634c71c6f53f1,543
data/raw/Coccidiosis/cocci.1491.jpg,Coccidiosis,224,224,26513,08dac2f1f67962ffabbdc98468625bf1,544
data/raw/Coccidiosis/cocci.1492.jpg,Coccidiosis,224,224,40802,677eaec179ca597593547b4dfc12ee22,545
data/raw/Coccidiosis/cocci.1493.jpg,Coccidiosis,224,224,37806,296464d4bb6944cc696c0b1ff3cad0da,546
data/raw/Coccidiosis/cocci.1494.jpg,Coccidiosis,224,224,36672,8dfe322609545a1cbc64160f47676ce3,547
data/raw/Coccidiosis/cocci.1495.jpg,Coccidiosis,224,224,21605,a196f8e09139568ada42d5001570ba14,548
data/raw/Coccidiosis/cocci.1496.jpg,Coccidiosis,224,224,35283,945c870064e438ecf4e04ea3840a9f04,549
data/raw/Coccidiosis/cocci.1497.jpg,Coccidiosis,224,224,29673,fb7f5550cf01b219778c12e95f967ea2,355
data/raw/Coccidiosis/cocci.1498.jpg,Coccidiosis,224,224,33062,1c98b3565724185d331422d731444268,550
data/raw/Coccidiosis/cocci.1499.jpg,Coccidiosis,224,224,33803,6e0950486a4a88dc619f5819e6e26a71,551
data/raw/Coccidiosis/cocci.15.jpg,Coccidiosis,224,224,34333,453b8d93197c90162998b90d95609c58,552
data/raw/Coccidiosis/cocci.150.jpg,Coccidiosis,224,224,38314,6dc7e4c6c4ead9f5c3a0fb9914765864,553
data/raw/Coccidiosis/cocci.1500.jpg,Coccidiosis,224,224,29637,73896bff761d316843f7a830d8dc2cc1,554
data/raw/Coccidiosis/cocci.1501.jpg,Coccidiosis,224,224,39745,30d1d0a8db1fc89d70315369e0a8f105,555
data/raw/Coccidiosis/cocci.1502.jpg,Coccidiosis,224,224,42230,b286d2a1c2578bbef0db66419801ac50,556
data/raw/Coccidiosis/cocci.1503.jpg,Coccidiosis,224,224,31886,d45e04af979cdd2ebc31129c5b57baed,557
data/raw/Coccidiosis/cocci.1504.jpg,Coccidiosis,224,224,37858,fa3c3e0d1197bda1c7d1c64fb5848f3d,558
data/raw/Coccidiosis/cocci.1505.jpg,Coccidiosis,224,224,39619,70f0f13e5242732b8dc3ab6a67e434db,559
data/raw/Coccidiosis/cocci.1506.jpg,Coccidiosis,224,224,29268,5f425a4dbc7bc7ec2b30c60404a12de8,560
data/raw/Coccidiosis/cocci.1507.jpg,Coccidiosis,224,224,36076,63a26f3a4ed6feceaff9f31b44e52fc9,561
data/raw/Coccidiosis/cocci.1508.jpg,Coccidiosis,224,224,33424,2ed9a58cda5d3a22d78a833d810c1cbd,562
data/raw/Coccidiosis/cocci.1509.jpg,Coccidiosis,224,224,40242,1d30d3cd4a237d513d0bcc4d5a81acba,563
data/raw/Coccidiosis/cocci.151.jpg,Coccidiosis,224,224,32209,074d5771649e0de02353ad0ad533685e,564
data/raw/Coccidiosis/cocci.1510.jpg,Coccidiosis,224,224,25199,da53dbef3e18d3086af6a665606bc08c,565
data/raw/Coccidiosis/cocci.1511.jpg,Coccidiosis,224,224,31521,af3f2bb0253caa0f2fb335de222af638,566
data/raw/Coccidiosis/cocci.1512.jpg,Coccidiosis,224,224,42765,8814243a2b09d2a5dabc368ee714c4e0,567
data/raw/Coccidiosis/cocci.1513.jpg,Coccidiosis,224,224,38350,b1fdd76eecd134769721901d14e1883d,568
data/raw/Coccidiosis/cocci.1514.jpg,Coccidiosis,224,224,38995,280987b130b58dd65601326b2095f629,569
data/raw/Coccidiosis/cocci.1515.jpg,Coccidiosis,224,224,37868,8d3c01e5d7563e258d1f2fe0599065a2,570
data/raw/Coccidiosis/cocci.1516.jpg,Coccidiosis,224,224,27908,1cd7db37a376978b17830811e5cb665a,571
data/raw/Coccidiosis/cocci.1517.jpg,Coccidiosis,224,224,28233,b2fbedebf1af82a8fb208e0dfc1c28ad,572
data/raw/Coccidiosis/cocci.1518.jpg,Coccidiosis,224,224,25956,e806db07a73003d33599c44da91c128c,573
data/raw/Coccidiosis/cocci.1519.jpg,Coccidiosis,224,224,34285,040980bfb4ba9f2104dfa0f15527b55d,574
data/raw/Coccidiosis/cocci.152.jpg,Coccidiosis,224,224,36281,aee18f858b7d000db7c9f63ffdc72a12,391
data/raw/Coccidiosis/cocci.1520.jpg,Coccidiosis,224,224,39016,ec092338fa606e8cf8d36afbbd4b75d9,575
data/raw/Coccidiosis/cocci.1521.jpg,Coccidiosis,224,224,31282,ba793836620ba7c389f7d660740b1d76,576
data/raw/Coccidiosis/cocci.1522.jpg,Coccidiosis,224,224,39618,ab59ff703e18826988997a142fe3e977,577
data/raw/Coccidiosis/cocci.1523.jpg,Coccidiosis,224,224,36058,94837a4b8fc91ff3c0bb1506a895eedf,578
data/raw/Coccidiosis/cocci.1524.jpg,Coccidiosis,224,224,43824,fb914ba1e5f5916d8a27115b3c128e61,579
data/raw/Coccidiosis/cocci.1525.jpg,Coccidiosis,224,224,36816,28f68bba8c2897fb6973b2720b615d1e,580
data/raw/Coccidiosis/cocci.1526.jpg,Coccidiosis,224,224,27615,7f516ca0763df9abcadb5cde3006cd15,437
data/raw/Coccidiosis/cocci.1527.jpg,Coccidiosis,224,224,34207,14c4713e70895fade977e630c39b3f87,581
data/raw/Coccidiosis/cocci.1528.jpg,Coccidiosis,224,224,26280,913e30b1cfcefa9f9adce540f98617d7,582
data/raw/Coccidiosis/cocci.1529.jpg,Coccidiosis,224,224,26738,847239fc856588a5f936b577e2cec0a0,583
data/raw/Coccidiosis/cocci.153.jpg,Coccidiosis,224,224,27273,84e9cae4f889b6b510885b0ece7377fa,584
data/raw/Coccidiosis/cocci.1530.jpg,Coccidiosis,224,224,36737,eb98779b6d304cecc9d4faededd7a382,585
data/raw/Coccidiosis/cocci.1531.jpg,Coccidiosis,224,224,37148,7a96f207e1d2d40d5bc1624bdbea5b10,586
data/raw/Coccidiosis/cocci.1532.jpg,Coccidiosis,224,224,29288,b3eef2abffd6b7f3db7f359bb839731e,587
data/raw/Coccidiosis/cocci.1533.jpg,Coccidiosis,224,224,37582,0e00ff84b0ed4095900863bacafa95ea,588
data/raw/Coccidiosis/cocci.1534.jpg,Coccidiosis,224,224,35878,fcd2506744a96ead2cd5270deb81b65d,589
data/raw/Coccidiosis/cocci.1535.jpg,Coccidiosis,224,224,22158,db081037070f8f5fc9ed38aedb0af4f7,590
data/raw/Coccidiosis/cocci.1536.jpg,Coccidiosis,224,224,28213,5a70163256fe6daf993faf1afc7b1e37,591
data/raw/Coccidiosis/cocci.1537.jpg,Coccidiosis,224,224,37958,d3b187ed9fc6328064d4f3fa257521c6,592
data/raw/Coccidiosis/cocci.1538.jpg,Coccidiosis,224,224,20424,10017010a9112db9ee6e44e5ac5b0027,593
data/raw/Coccidiosis/cocci.1539.jpg,Coccidiosis,224,224,28366,b77faad66032c101d535dceb62a19ced,594
data/raw/Coccidiosis/cocci.154.jpg,Coccidiosis,224,224,33021,bd902013af224b4e69926bb7e67cb7ba,595
data/raw/Coccidiosis/cocci.1540.jpg,Coccidiosis,224,224,36789,46a650b14c4cabe3a3554b57e4a3b31e,596
data/raw/Coccidiosis/cocci.1541.jpg,Coccidiosis,224,224,29893,8a2690288208e8c40bfc626d43cd259a,128
data/raw/Coccidiosis/cocci.1542.jpg,Coccidiosis,224,224,25013,afc0d863801cb1e2f663a075f63569aa,597
data/raw/Coccidiosis/cocci.1543.jpg,Coccidiosis,224,224,23558,360123c39145029ef2e30faa678f93cb,133
data/raw/Coccidiosis/cocci.1544.jpg,Coccidiosis,224,224,26760,842c4570296b65d06577efc6e1d77816,121
data/raw/Coccidiosis/cocci.1545.jpg,Coccidiosis,224,224,34518,9cac48d4885d897227dc2ebdf88f4e6d,460
data/raw/Coccidiosis/cocci.1546.jpg,Coccidiosis,224,224,40687,c1a90abf2877bda6d03e19be23ce04de,598
data/raw/Coccidiosis/cocci.1547.jpg,Coccidiosis,224,224,32670,f20e6423616abf5fed3a04847a4b92c4,599
data/raw/Coccidiosis/cocci.1548.jpg,Coccidiosis,224,224,34576,d269087a57e8cdbf43e88a2580ba037c,600
data/raw/Coccidiosis/cocci.1549.jpg,Coccidiosis,224,224,36143,2397df3f76c07592973b0e5a2437bc44,601
data/raw/Coccidiosis/cocci.155.jpg,Coccidiosis,224,224,20489,4098f0a09cecbf44579236914a293c0b,602
data/raw/Coccidiosis/cocci.1550.jpg,Coccidiosis,224,224,31010,3df9a845865c2911cfd8ced4ce350c1d,603
data/raw/Coccidiosis/cocci.1551.jpg,Coccidiosis,224,224,38597,05c14e5654c319dbd2a68b761caa68e6,604
data/raw/Coccidiosis/cocci.1552.jpg,Coccidiosis,224,224,32947,f3244964ae197460d8c3d44c5ff1193e,605
data/raw/Coccidiosis/cocci.1553.jpg,Coccidiosis,224,224,43476,0ae597d4f76b7f379790f3046504f83c,606
data/raw/Coccidiosis/cocci.1554.jpg,Coccidiosis,224,224,23088,469244bc29407f8f43775d0b07a57ea8,607
data/raw/Coccidiosis/cocci.1555.jpg,Coccidiosis,224,224,37336,2c45bc7c349d371d0deb1fe068a45d70,608
data/raw/Coccidiosis/cocci.1556.jpg,Coccidiosis,224,224,34441,0c39d447498ff7d54dcf2df4c034e1eb,609
data/raw/Coccidiosis/cocci.1557.jpg,Coccidiosis,224,224,36102,da0ce080c663909b500fa2e04811a8c2,610
data/raw/Coccidiosis/cocci.1558.jpg,Coccidiosis,224,224,33036,c35f4d369b31303e51be575d21d78d93,611
data/raw/Coccidiosis/cocci.1559.jpg,Coccidiosis,224,224,27900,dde817afaf21060e45fd85671457b5b2,612
data/raw/Coccidiosis/cocci.156.jpg,Coccidiosis,224,224,25161,20a1dbb33792ac61b35b8450fb2f1e95,613
data/raw/Coccidiosis/cocci.1560.jpg,Coccidiosis,224,224,32466,980cb067cd264b8424f516131fdedc28,614
data/raw/Coccidiosis/cocci.1561.jpg,Coccidiosis,224,224,35067,a9c63150c8658d19166545fb77281cfe,615
data/raw/Coccidiosis/cocci.1562.jpg,Coccidiosis,224,224,42963,681805367de0e1453c9cb2861a1838fb,616
data/raw/Coccidiosis/cocci.1563.jpg,Coccidiosis,224,224,42963,681805367de0e1453c9cb2861a1838fb,616
data/raw/Coccidiosis/cocci.1564.jpg,Coccidiosis,224,224,40574,122b86bd18df5d83bb21a8aea499dfd7,617
data/raw/Coccidiosis/cocci.1565.jpg,Coccidiosis,224,224,36950,d1e2cf94bb79c6f14e089d557f9db394,618
data/raw/Coccidiosis/cocci.1566.jpg,Coccidiosis,224,224,22371,6e3615a8c404745bc41500b985dfb089,619
data/raw/Coccidiosis/cocci.1567.jpg,Coccidiosis,224,224,31916,104ec8f8b822813d36d61c561f562ac8,620
data/raw/Coccidiosis/cocci.1568.jpg,Coccidiosis,224,224,20653,2a06773322bca3adf6dc276ff8ae9a41,621
data/raw/Coccidiosis/cocci.1569.jpg,Coccidiosis,224,224,34027,ffe9b6c4db8e71aa8958da7401922cc6,291
data/raw/Coccidiosis/cocci.157.jpg,Coccidiosis,224,224,28330,07df661e04b7375afeb670968a336d33,622
data/raw/Coccidiosis/cocci.1570.jpg,Coccidiosis,224,224,37720,6c5eb09e5079683f4960698e248fcc4b,623
data/raw/Coccidiosis/cocci.1571.jpg,Coccidiosis,224,224,26950,2a8c8de593a1fd931c6b09f1f296ecf9,624
data/raw/Coccidiosis/cocci.1572.jpg,Coccidiosis,224,224,30738,019c021cd9c371be32d53bd6e5498263,138
data/raw/Coccidiosis/cocci.1573.jpg,Coccidiosis,224,224,40222,f5307618a7c665bcaac97239d9d9b7d9,625
data/raw/Coccidiosis/cocci.1574.jpg,Coccidiosis,224,224,37741,a5280479c7b494ac0189e89588925f2b,626
data/raw/Coccidiosis/cocci.1575.jpg,Coccidiosis,224,224,25347,7c8363d55ce5edba2a729cffb3bb3dbd,627
data/raw/Coccidiosis/cocci.1576.jpg,Coccidiosis,224,224,25848,d1f227609bbc03cfb221414e6e272649,628
data/raw/Coccidiosis/cocci.1577.jpg,Coccidiosis,224,224,37776,8051ba0c641676309199467a24c00467,629
data/raw/Coccidiosis/cocci.1578.jpg,Coccidiosis,224,224,31094,939047e8a18ef6499071758518bf6aca,630
data/raw/Coccidiosis/cocci.1579.jpg,Coccidiosis,224,224,39052,3128d84b6e899512130cd9035b37d28a,631
data/raw/Coccidiosis/cocci.158.jpg,Coccidiosis,224,224,26645,68b40b94a499c4bd94284f5b83788aaf,632
data/raw/Coccidiosis/cocci.1580.jpg,Coccidiosis,224,224,38421,3797c16d80e1ef7d87d4cddb3f97fe03,633
data/raw/Coccidiosis/cocci.1581.jpg,Coccidiosis,224,224,23537,7c40691d35127d7fc13029e1760c4e7b,634
data/raw/Coccidiosis/cocci.1582.jpg,Coccidiosis,224,224,36165,d0510c65fe1753a4a7c1c77dfa1e6801,635
data/raw/Coccidiosis/cocci.1583.jpg,Coccidiosis,224,224,19896,139a25151b55532531323432003a7d3f,636
data/raw/Coccidiosis/cocci.1584.jpg,Coccidiosis,224,224,28208,ef5c5e7638f849ae1d2611af76648e59,637
data/raw/Coccidiosis/cocci.1585.jpg,Coccidiosis,224,224,38307,328808c0f108b322581e509fd0e6239b,638
data/raw/Coccidiosis/cocci.1586.jpg,Coccidiosis,224,224,33163,0568e75fcd59fd71b4ad39974bb9f597,639
data/raw/Coccidiosis/cocci.1587.jpg,Coccidiosis,224,224,36584,604ed58b66545369fa84f6a39f066c5d,640
data/raw/Coccidiosis/cocci.1588.jpg,Coccidiosis,224,224,42044,2cfcc89e755ed37f95a8889932d99246,641
data/raw/Coccidiosis/cocci.1589.jpg,Coccidiosis,224,224,28784,4aea8b19b52021bcc54b6060d423157e,642
data/raw/Coccidiosis/cocci.159.jpg,Coccidiosis,224,224,33002,9a55f433d2dc6f58eeec08d2af9ec9a5,643
data/raw/Coccidiosis/cocci.1590.jpg,Coccidiosis,224,224,25172,eca2e95ed8b2769bc177016ee4837338,644
data/raw/Coccidiosis/cocci.1591.jpg,Coccidiosis,224,224,41792,4488d89d707a1847428ea5a5aded7023,645
data/raw/Coccidiosis/cocci.1592.jpg,Coccidiosis,224,224,41623,7ade98c9bc8ceaef2b0347d1992ceb7d,646
data/raw/Coccidiosis/cocci.1593.jpg,Coccidiosis,224,224,17762,14e309dffdea7427d87c3e1ed62beac3,647
data/raw/Coccidiosis/cocci.1594.jpg,Coccidiosis,224,224,42831,8037e1a66a0d9763ce9f4a760b3fbec7,648
data/raw/Coccidiosis/cocci.1595.jpg,Coccidiosis,224,224,34978,4255757745f329f9d94396c536728fd5,649
data/raw/Coccidiosis/cocci.1596.jpg,Coccidiosis,224,224,32468,2eaab9797561898dd3eff4457c4baace,650
data/raw/Coccidiosis/cocci.1597.jpg,Coccidiosis,224,224,32261,e4845dc9f05f85045f6da02d32370c73,651
data/raw/Coccidiosis/cocci.1598.jpg,Coccidiosis,224,224,33086,778c2fbb06e42b746a305528ba0baa9e,652
data/raw/Coccidiosis/cocci.1599.jpg,Coccidiosis,224,224,34618,d5e24c38c25a6116656077f24d38acd4,653
data/raw/Coccidiosis/cocci.16.jpg,Coccidiosis,224,224,29016,5480c93416561ce32240cdf25a45b83c,654
data/raw/Coccidiosis/cocci.160.jpg,Coccidiosis,224,224,40378,4bfe3f089a628bece285a6df538b809e,90
data/raw/Coccidiosis/cocci.1600.jpg,Coccidiosis,224,224,33398,fb7e182fe58438503e24dbb83626d7d2,655
data/raw/Coccidiosis/cocci.1601.jpg,Coccidiosis,224,224,40949,17514fb1dd178ca091b2a691250e9a6f,656
data/raw/Coccidiosis/cocci.1602.jpg,Coccidiosis,224,224,26931,b6408a3605718d715324884897992897,657
data/raw/Coccidiosis/cocci.1603.jpg,Coccidiosis,224,224,41921,7775c4c7269f5cb98d0f249bf1aaa3a6,658
data/raw/Coccidiosis/cocci.1604.jpg,Coccidiosis,224,224,33223,319194789b5e04f856af51cbd81f35c1,659
data/raw/Coccidiosis/cocci.1605.jpg,Coccidiosis,224,224,38673,ea70e229ec0fae10640618ff848a9519,660
data/raw/Coccidiosis/cocci.1606.jpg,Coccidiosis,224,224,35977,0f1d943685741ef547090ed2eaf60ade,661
data/raw/Coccidiosis/cocci.1607.jpg,Coccidiosis,224,224,35335,321ec67c394bf8be4c19d0b8bf6d860e,662
data/raw/Coccidiosis/cocci.1608.jpg,Coccidiosis,224,224,36226,3499f6d7b56cca34564fd3e1db5439f0,663
data/raw/Coccidiosis/cocci.1609.jpg,Coccidiosis,224,224,33424,2ed9a58cda5d3a22d78a833d810c1cbd,562
data/raw/Coccidiosis/cocci.161.jpg,Coccidiosis,224,224,30869,1fb8dd4f1102e242fce63f6964240f07,664
data/raw/Coccidiosis/cocci.1610.jpg,Coccidiosis,224,224,38692,51b396bce74f984316eb767df03710d2,119
data/raw/Coccidiosis/cocci.1611.jpg,Coccidiosis,224,224,27502,524c446f895cffb45d34cf05fb270aca,665
data/raw/Coccidiosis/cocci.1612.jpg,Coccidiosis,224,224,30858,2c6ca13b33b9fcc16c8a774360f760fc,666
data/raw/Coccidiosis/cocci.1613.jpg,Coccidiosis,224,224,29688,698dcba98f3a6e613edc9282ad6c1b22,667
data/raw/Coccidiosis/cocci.1614.jpg,Coccidiosis,224,224,34226,a2734e28d61548de4246a667b01676c7,668
data/raw/Coccidiosis/cocci.1615.jpg,Coccidiosis,224,224,34858,91bfec61d1161853eed33bb910685a98,669
data/raw/Coccidiosis/cocci.1616.jpg,Coccidiosis,224,224,35074,49df9c287978a9f10d431d31e55f728f,670
data/raw/Coccidiosis/cocci.1617.jpg,Coccidiosis,224,224,32421,cb272f008ebee9bad3a595530ede3e45,671
data/raw/Coccidiosis/cocci.1618.jpg,Coccidiosis,224,224,31365,5189fa3acab6ed39a4d7d6745557de69,672
data/raw/Coccidiosis/cocci.1619.jpg,Coccidiosis,224,224,29300,32729c22363a6784741c97e8cb4d13c6,673
data/raw/Coccidiosis/cocci.162.jpg,Coccidiosis,224,224,23465,e6acdb2257c519d5135c948d4ba4450d,674
data/raw/Coccidiosis/cocci.1620.jpg,Coccidiosis,224,224,34136,d58b25128555a5eac5225cad45ee02b7,675
data/raw/Coccidiosis/cocci.1621.jpg,Coccidiosis,224,224,38794,aa863d6c39b14ecd6a1bb9bdf219a308,676
data/raw/Coccidiosis/cocci.1622.jpg,Coccidiosis,224,224,37485,3ed81abdb45be4ea9d33cf9044cbd40d,677
data/raw/Coccidiosis/cocci.1623.jpg,Coccidiosis,224,224,50860,edb3a5232e7d3d3e97702013f7533dc0,678
data/raw/Coccidiosis/cocci.1624.jpg,Coccidiosis,224,224,41339,241b12d4ef00de38a877ced8d0335ba9,679
data/raw/Coccidiosis/cocci.1625.jpg,Coccidiosis,224,224,38040,761d49228469e9c2159771834e30665a,680
data/raw/Coccidiosis/cocci.1626.jpg,Coccidiosis,224,224,37002,968eda843126fc0d0bdf9eba9eedbf3e,681
data/raw/Coccidiosis/cocci.1627.jpg,Coccidiosis,224,224,32396,81f4693f1e3b38a5b9ad2643860c7fea,682
data/raw/Coccidiosis/cocci.1628.jpg,Coccidiosis,224,224,38757,d8671d255e26b39a6e77cd3ad8d46ba1,683
data/raw/Coccidiosis/cocci.1629.jpg,Coccidiosis,224,224,36813,78a955a9a169cffc67f860e83b27b334,684
data/raw/Coccidiosis/cocci.163.jpg,Coccidiosis,224,224,47358,6bd0de8f0206f2f0bca5b3c348e1dacc,685
data/raw/Coccidiosis/cocci.1630.jpg,Coccidiosis,224,224,39227,0c2df094fece04fda013d4c7a010630f,686
data/raw/Coccidiosis/cocci.1631.jpg,Coccidiosis,224,224,31675,6ed62dddcd8cf76f29f383a95ccb970f,687
data/raw/Coccidiosis/cocci.1632.jpg,Coccidiosis,224,224,37328,e6dd4fb11fa8a9151b0b39ba8846ec59,688
data/raw/Coccidiosis/cocci.1633.jpg,Coccidiosis,224,224,37171,a75495c722b5f41c2bfee413ffe277ae,689
data/raw/Coccidiosis/cocci.1634.jpg,Coccidiosis,224,224,27335,a0cd292a91120a536d812c78475c250c,690
data/raw/Coccidiosis/cocci.1635.jpg,Coccidiosis,224,224,34914,4853afa57029dd6ab0d720dd69208a5b,691
data/raw/Coccidiosis/cocci.1636.jpg,Coccidiosis,224,224,27251,93254179a6283b4e84a51e188e038c5b,692
data/raw/Coccidiosis/cocci.1637.jpg,Coccidiosis,224,224,38119,11371e5631f400d5a19a63eb603c5b9f,693
data/raw/Coccidiosis/cocci.1638.jpg,Coccidiosis,224,224,40775,db44407acdd86ae38a7ecede1f9620d7,694
data/raw/Coccidiosis/cocci.1639.jpg,Coccidiosis,224,224,25500,e223c3daf36fb06eba921ca43eb15212,695
data/raw/Coccidiosis/cocci.164.jpg,Coccidiosis,224,224,27907,f1d4cd673d28b7016a17c420b8f614e5,696
data/raw/Coccidiosis/cocci.1640.jpg,Coccidiosis,224,224,26352,7776df99048cd8991f3864fb8d053366,697
data/raw/Coccidiosis/cocci.1641.jpg,Coccidiosis,224,224,21352,22c26b4963e1d7087e10b57146db7baa,698
data/raw/Coccidiosis/cocci.1642.jpg,Coccidiosis,224,224,30600,bcba1bfc353d46eaafd19dc8bd0d42e1,699
data/raw/Coccidiosis/cocci.1643.jpg,Coccidiosis,224,224,32644,646bb5f94200a2be06f6ad22f0f669e3,700
data/raw/Coccidiosis/cocci.1644.jpg,Coccidiosis,224,224,41075,4fa834a4117ccab2479886bd67cec31b,701
data/raw/Coccidiosis/cocci.1645.jpg,Coccidiosis,224,224,27925,42a359cf20b353e86720183232207155,212
data/raw/Coccidiosis/cocci.1646.jpg,Coccidiosis,224,224,36032,bb8d0c35a7e43aa2cd4f2628fffcc193,702
data/raw/Coccidiosis/cocci.1647.jpg,Coccidiosis,224,224,29308,89aad7806a177c5de34dbbaced4eafa5,703
data/raw/Coccidiosis/cocci.1648.jpg,Coccidiosis,224,224,33738,087dd8cfe1350e01cc39fc1f84300348,704
data/raw/Coccidiosis/cocci.1649.jpg,Coccidiosis,224,224,34810,f76f589c6a0796703f16dc8e6aa988f7,705
data/raw/Coccidiosis/cocci.165.jpg,Coccidiosis,224,224,48890,c8a18c06c924f005e02d3b2c5c4d0f03,706
data/raw/Coccidiosis/cocci.1650.jpg,Coccidiosis,224,224,29020,a7dcffed403009a7f5f7b5eeb75fc1ea,707
data/raw/Coccidiosis/cocci.1651.jpg,Coccidiosis,224,224,51186,545f3cee1ef70cb1c4adf062919a6f76,708
data/raw/Coccidiosis/cocci.1652.jpg,Coccidiosis,224,224,19637,9b67ead94c610cded1aecf732b997354,709
data/raw/Coccidiosis/cocci.1653.jpg,Coccidiosis,224,224,29609,d2839a3977d439ce7fe9886a94a7eed8,710
data/raw/Coccidiosis/cocci.1654.jpg,Coccidiosis,224,224,40503,eab293975ca3478151bb72ae0c3c2832,711
data/raw/Coccidiosis/cocci.1655.jpg,Coccidiosis,224,224,39208,5ce559beea8f9d6e0f014732bbf97f8a,712
data/raw/Coccidiosis/cocci.1656.jpg,Coccidiosis,224,224,41447,a11ecb70c0481ee0af0f04f889a7fdcc,713
data/raw/Coccidiosis/cocci.1657.jpg,Coccidiosis,224,224,29632,6155d343a07d800d2ef5686375a39e32,714
data/raw/Coccidiosis/cocci.1658.jpg,Coccidiosis,224,224,34750,fe808f716307463af62420e2ad3cfdbb,395
data/raw/Coccidiosis/cocci.1659.jpg,Coccidiosis,224,224,27452,2a4548e4301d63167a00776bd19edd55,261
data/raw/Coccidiosis/cocci.166.jpg,Coccidiosis,224,224,28561,702d5f3fde53b97f42701c4e91e7ca2d,715
data/raw/Coccidiosis/cocci.1660.jpg,Coccidiosis,224,224,43004,2adc777fbd8bfd5c1764fb092e00fb31,716
data/raw/Coccidiosis/cocci.1661.jpg,Coccidiosis,224,224,22507,80f1aaaab6c195db1c969ffac0888442,717
data/raw/Coccidiosis/cocci.1662.jpg,Coccidiosis,224,224,33167,ca203e72101773ad749b64c84ac2dd92,718
data/raw/Coccidiosis/cocci.1663.jpg,Coccidiosis,224,224,33062,5bd4d16b0ebcf7fa7fdc08d8c3cecfbf,719
data/raw/Coccidiosis/cocci.1664.jpg,Coccidiosis,224,224,39284,7e61985a8726f03c9e99cbdb2f682b54,720
data/raw/Coccidiosis/cocci.1665.jpg,Coccidiosis,224,224,39604,04d6b7b2dd808ad7abe8be73f01b519d,721
data/raw/Coccidiosis/cocci.1666.jpg,Coccidiosis,224,224,18702,27bfe4a09c964e71d65ab78fc07e3807,722
data/raw/Coccidiosis/cocci.1667.jpg,Coccidiosis,224,224,38906,a9dbabbc5361969a2f211eae9f7b5101,723
data/raw/Coccidiosis/cocci.1668.jpg,Coccidiosis,224,224,33141,1aec8b2997a6f979fe0c72de13eff594,724
data/raw/Coccidiosis/cocci.1669.jpg,Coccidiosis,224,224,38027,59f693b0748e879a406c21ab18d5a9a7,725
data/raw/Coccidiosis/cocci.167.jpg,Coccidiosis,224,224,34057,1142c898eae38754eff4cbfc780723a7,726
data/raw/Coccidiosis/cocci.1670.jpg,Coccidiosis,224,224,41563,47878fd592a4805ac81ae96e4a43df3d,727
data/raw/Coccidiosis/cocci.1671.jpg,Coccidiosis,224,224,40860,0eaad89d0264361c4558b7d46a6da1e0,728
data/raw/Coccidiosis/cocci.1672.jpg,Coccidiosis,224,224,20489,4098f0a09cecbf44579236914a293c0b,602
data/raw/Coccidiosis/cocci.1673.jpg,Coccidiosis,224,224,42529,c440bdfa414f93acb27622302b07dacc,729
data/raw/Coccidiosis/cocci.1674.jpg,Coccidiosis,224,224,26911,24b6812ea0bf2a9836cd6cbedfb32967,730
data/raw/Coccidiosis/cocci.1675.jpg,Coccidiosis,224,224,40649,61f6d320e023f09723e13a404d0bde12,731
data/raw/Coccidiosis/cocci.1676.jpg,Coccidiosis,224,224,23088,469244bc29407f8f43775d0b07a57ea8,607
data/raw/Coccidiosis/cocci.1677.jpg,Coccidiosis,224,224,41307,75f42fe4163220f38c119617f4065d6f,732
data/raw/Coccidiosis/cocci.1678.jpg,Coccidiosis,224,224,31710,63717ad6495beef707a5f25c354ff1e8,733
data/raw/Coccidiosis/cocci.1679.jpg,Coccidiosis,224,224,39927,6a02080b1d0a28d40ece1a5532726172,734
data/raw/Coccidiosis/cocci.168.jpg,Coccidiosis,224,224,32855,45b539b4caa82ce51d7deb94ff870f31,735
data/raw/Coccidiosis/cocci.1680.jpg,Coccidiosis,224,224,40082,b8e7669ac92d31fef19eae65f9d8cf90,736
data/raw/Coccidiosis/cocci.1681.jpg,Coccidiosis,224,224,38397,ab62ad2e291243164a5887377fb928b2,737
data/raw/Coccidiosis/cocci.1682.jpg,Coccidiosis,224,224,31658,1b537b59a27c03de2fa4c873e9775386,738
data/raw/Coccidiosis/cocci.1683.jpg,Coccidiosis,224,224,28263,b020d76aa149c6abfa2c5c7dd442fcfc,739
data/raw/Coccidiosis/cocci.1684.jpg,Coccidiosis,224,224,29978,bfc9c360d7b8f084c1f78d6006dde4d0,740
data/raw/Coccidiosis/cocci.1685.jpg,Coccidiosis,224,224,35683,812235eb8abad6ac71998543755e9f8f,741
data/raw/Coccidiosis/cocci.1686.jpg,Coccidiosis,224,224,34272,0d87565c0258fe706e94c2cc72d0256b,742
data/raw/Coccidiosis/cocci.1687.jpg,Coccidiosis,224,224,35960,97f3b6ec53f300f4c71c6bf4e5eb79e1,743
data/raw/Coccidiosis/cocci.1688.jpg,Coccidiosis,224,224,18893,dd4c5fa8adb1d040a8f9dc3f6ae8b22c,744
data/raw/Coccidiosis/cocci.1689.jpg,Coccidiosis,224,224,36692,962be28a5d612a84cd81aebd55cfc411,745
data/raw/Coccidiosis/cocci.169.jpg,Coccidiosis,224,224,18565,671d2e382e075173a1f4f5e92d9d9464,746
data/raw/Coccidiosis/cocci.1690.jpg,Coccidiosis,224,224,39928,0b65bcbaec6fbf373d7ba4a694201702,747
data/raw/Coccidiosis/cocci.1691.jpg,Coccidiosis,224,224,31435,0230ea8abee9391c0f76134cebf6381c,748
data/raw/Coccidiosis/cocci.1692.jpg,Coccidiosis,224,224,27918,6b1ed344b11ed6dfc1086c934da4c84d,749
data/raw/Coccidiosis/cocci.1693.jpg,Coccidiosis,224,224,36419,cc3093efad2fb687e1e99c4053a1511a,750
data/raw/Coccidiosis/cocci.1694.jpg,Coccidiosis,224,224,35712,92debcd9504cbf41f8c986fde4b79086,751
data/raw/Coccidiosis/cocci.1695.jpg,Coccidiosis,224,224,38065,aad0e13270f36576d0d08e9cf6aae75a,752
data/raw/Coccidiosis/cocci.1696.jpg,Coccidiosis,224,224,25848,d1f227609bbc03cfb221414e6e272649,628
data/raw/Coccidiosis/cocci.1697.jpg,Coccidiosis,224,224,24503,06b08fa43b55c838576f40a7ff16cd79,753
data/raw/Coccidiosis/cocci.1698.jpg,Coccidiosis,224,224,38345,ddab1a77b7dd1961954a53515b1cecd3,754
data/raw/Coccidiosis/cocci.1699.jpg,Coccidiosis,224,224,33995,14a8d3394092067019fcd5ac4b3b7754,755
data/raw/Coccidiosis/cocci.17.jpg,Coccidiosis,224,224,31662,bb44ec6d42da2e9a1e14c8cb3ee1587c,756
data/raw/Coccidiosis/cocci.170.jpg,Coccidiosis,224,224,29665,dfcb5e58015e223f2c9de05bcb7a825c,757
data/raw/Coccidiosis/cocci.1700.jpg,Coccidiosis,224,224,34974,fbd02ca17005891117bf8496739755ae,758
data/raw/Coccidiosis/cocci.1701.jpg,Coccidiosis,224,224,32697,59c91b1410302363c9734148dbe09d3c,759
data/raw/Coccidiosis/cocci.1702.jpg,Coccidiosis,224,224,28658,ef3c5ca1424a7f7540f656f37c8f3551,760
data/raw/Coccidiosis/cocci.1703.jpg,Coccidiosis,224,224,34323,b0d550cc3a143584b67961838f5deea6,761
data/raw/Coccidiosis/cocci.1704.jpg,Coccidiosis,224,224,32836,5765f82a6c3a0757ccece09611c78902,762
data/raw/Coccidiosis/cocci.1705.jpg,Coccidiosis,224,224,20851,76ed1791775a694f3b6f8537b8931b6b,763
data/raw/Coccidiosis/cocci.1706.jpg,Coccidiosis,224,224,44398,84eb61a9837361a038265bd0c2337ed1,764
data/raw/Coccidiosis/cocci.1707.jpg,Coccidiosis,224,224,35538,ec71577b56a4790d35ae17118d6611d8,765
data/raw/Coccidiosis/cocci.1708.jpg,Coccidiosis,224,224,24788,48b779dbd8a8c3ee389d5c67494fe638,766
data/raw/Coccidiosis/cocci.1709.jpg,Coccidiosis,224,224,36280,7660210e1342a30d81de3e35586faba3,767
data/raw/Coccidiosis/cocci.171.jpg,Coccidiosis,224,224,32722,58122f49bc63d35c1db0eea870650fb6,768
data/raw/Coccidiosis/cocci.1710.jpg,Coccidiosis,224,224,32036,6d4aaac32b8dcfdbea8112d08418e21b,769
data/raw/Coccidiosis/cocci.1711.jpg,Coccidiosis,224,224,38831,b8c0920ffc03052a03c76baa0a06ebec,770
data/raw/Coccidiosis/cocci.1712.jpg,Coccidiosis,224,224,22913,0985a45a6290be1238595ea499b04944,771
data/raw/Coccidiosis/cocci.1713.jpg,Coccidiosis,224,224,28274,376b9d93ea59b587a3c4631265e9f2bd,772
data/raw/Coccidiosis/cocci.1714.jpg,Coccidiosis,224,224,25116,b2bbda46658fe2e952f98b98d25bd5b7,773
data/raw/Coccidiosis/cocci.1715.jpg,Coccidiosis,224,224,35115,f845ea5f351d6ced448912c68b236d18,774
data/raw/Coccidiosis/cocci.1716.jpg,Coccidiosis,224,224,21622,b7c8566d16fbe09796ec7fcd0f7a39b6,775
data/raw/Coccidiosis/cocci.1717.jpg,Coccidiosis,224,224,34078,970d3c3c05fe284a6e868a21e220b151,776
data/raw/Coccidiosis/cocci.1718.jpg,Coccidiosis,224,224,23591,5a409d8a6f491ba17f09662ccc066318,777
data/raw/Coccidiosis/cocci.1719.jpg,Coccidiosis,224,224,36447,2b89d8dd2754c08575145405b4897596,778
data/raw/Coccidiosis/cocci.172.jpg,Coccidiosis,224,224,32611,a79c8d2dccd272825a9ed21db492ee17,779
data/raw/Coccidiosis/cocci.1720.jpg,Coccidiosis,224,224,40242,1d30d3cd4a237d513d0bcc4d5a81acba,563
data/raw/Coccidiosis/cocci.1721.jpg,Coccidiosis,224,224,25517,b59a2935ae033c7762dd09aa31ebc76a,780
data/raw/Coccidiosis/cocci.1722.jpg,Coccidiosis,224,224,32956,33d20a17a46e6bbb5832850178f16ad6,781
data/raw/Coccidiosis/cocci.1723.jpg,Coccidiosis,224,224,37092,28900e68561a0e09871354d1ac942ad5,782
data/raw/Coccidiosis/cocci.1724.jpg,Coccidiosis,224,224,39513,0d5f124e9a8a9f6b46e9a714545a5b0e,783
data/raw/Coccidiosis/cocci.1725.jpg,Coccidiosis,224,224,29955,e882ab98bd475b563b159a485c6a886c,315
data/raw/Coccidiosis/cocci.1726.jpg,Coccidiosis,224,224,35219,419b1042f31c8c908f57925229cb492c,784
data/raw/Coccidiosis/cocci.1727.jpg,Coccidiosis,224,224,30813,6804ad3eb0e33f5c68b96a407c471415,785
data/raw/Coccidiosis/cocci.1728.jpg,Coccidiosis,224,224,33521,f3e58a1c1befe61741721df192f8e194,786
data/raw/Coccidiosis/cocci.1729.jpg,Coccidiosis,224,224,39240,f91297f2b8e835810c75f063c8d7b315,787
data/raw/Coccidiosis/cocci.173.jpg,Coccidiosis,224,224,22120,575e2753460f30a885b0b0200cf077ed,788
data/raw/Coccidiosis/cocci.1730.jpg,Coccidiosis,224,224,31992,cb314f502a5799d37290a1a4f0291ed9,789
data/raw/Coccidiosis/cocci.1731.jpg,Coccidiosis,224,224,40875,a9da2c5ee3b9e783f45276b06074d76a,790
data/raw/Coccidiosis/cocci.1732.jpg,Coccidiosis,224,224,29252,0c276d6eba67b6463557625e6c84344c,791
data/raw/Coccidiosis/cocci.1733.jpg,Coccidiosis,224,224,26550,1615a4df9c395b49e5a06fa59ecbcb05,792
data/raw/Coccidiosis/cocci.1734.jpg,Coccidiosis,224,224,28182,2b6dff09e752c8c78415de055fe2edec,793
data/raw/Coccidiosis/cocci.1735.jpg,Coccidiosis,224,224,25635,c8b7ef2a9aed66f8c9487303bda86e40,794
data/raw/Coccidiosis/cocci.1736.jpg,Coccidiosis,224,224,31410,0801824f2a0b1cafb6bb7f9f9572e704,795
data/raw/Coccidiosis/cocci.1737.jpg,Coccidiosis,224,224,22004,84aaae3bc919912ab28a78a3cd9d6f21,796
data/raw/Coccidiosis/cocci.1738.jpg,Coccidiosis,224,224,35335,321ec67c394bf8be4c19d0b8bf6d860e,662
data/raw/Coccidiosis/cocci.1739.jpg,Coccidiosis,224,224,44606,af9834648185033758dcf7a7e89357d2,797
data/raw/Coccidiosis/cocci.174.jpg,Coccidiosis,224,224,38649,c6776c11c64cef327913c54ced1c0d49,798
data/raw/Coccidiosis/cocci.1740.jpg,Coccidiosis,224,224,32860,d831661f79129deba2f1172285a8733a,799
data/raw/Coccidiosis/cocci.1741.jpg,Coccidiosis,224,224,31277,6079bccb47edea3b7b72f63d2d03bfbb,800
data/raw/Coccidiosis/cocci.1742.jpg,Coccidiosis,224,224,21566,d20f22ece757215b51b06fed531a9311,801
data/raw/Coccidiosis/cocci.1743.jpg,Coccidiosis,224,224,43254,1ece5c9df0184d60e27fce1d6e6e5312,802
data/raw/Coccidiosis/cocci.1744.jpg,Coccidiosis,224,224,38801,1f767679c96bd4d7f0cd51629c599dae,803
data/raw/Coccidiosis/cocci.1745.jpg,Coccidiosis,224,224,35439,77374bf02fa6694ad66aa54b1582bdf8,804
data/raw/Coccidiosis/cocci.1746.jpg,Coccidiosis,224,224,26207,e6f28d0cdff9a180ffa9de748be31d34,805
data/raw/Coccidiosis/cocci.1747.jpg,Coccidiosis,224,224,24723,b495ff4373bc8dcbd3979c3cb467efbc,806
data/raw/Coccidiosis/cocci.1748.jpg,Coccidiosis,224,224,39041,37f5e004d90d706139e40b9f06598d1b,807
data/raw/Coccidiosis/cocci.1749.jpg,Coccidiosis,224,224,42806,43ced3c1217a0aa475119ab77b3ec015,808
data/raw/Coccidiosis/cocci.175.jpg,Coccidiosis,224,224,31014,81256a4c7a5d52803ad588daee5d5994,809
data/raw/Coccidiosis/cocci.1750.jpg,Coccidiosis,224,224,29100,9402f9ce21027dc19f0dfd584c23a54c,810
data/raw/Coccidiosis/cocci.1751.jpg,Coccidiosis,224,224,33949,5cf6c802b681207e1b0f26b962edde2c,811
data/raw/Coccidiosis/cocci.1752.jpg,Coccidiosis,224,224,44657,6acc2f0981033828eb3348747f005c95,812
data/raw/Coccidiosis/cocci.1753.jpg,Coccidiosis,224,224,34709,fcf59c190ec7dbc7769cd3e7b2ec59c6,813
data/raw/Coccidiosis/cocci.1754.jpg,Coccidiosis,224,224,33665,2018c66bf62181258bebd677a16be4ea,814
data/raw/Coccidiosis/cocci.1755.jpg,Coccidiosis,224,224,36599,0c7a9abd18802b4fb857fabe8accd456,815
data/raw/Coccidiosis/cocci.1756.jpg,Coccidiosis,224,224,31692,c1115f91d023cc26d6869d7e67b72436,816
data/raw/Coccidiosis/cocci.1757.jpg,Coccidiosis,224,224,42064,fc3a1a6edfa39ca69ee447f119fa8fe3,817
data/raw/Coccidiosis/cocci.1758.jpg,Coccidiosis,224,224,38915,6df5c282fd86032c958143eacf862199,818
data/raw/Coccidiosis/cocci.1759.jpg,Coccidiosis,224,224,30793,491757cb4e56113421985a7524381da2,819
data/raw/Coccidiosis/cocci.176.jpg,Coccidiosis,224,224,42391,de8ebcc9d3c8dc1a55a4260cc2c8c0d5,820
data/raw/Coccidiosis/cocci.1760.jpg,Coccidiosis,224,224,44237,a4b346f1861f29c8223489e625241d57,821
data/raw/Coccidiosis/cocci.1761.jpg,Coccidiosis,224,224,32317,cbbab163baad0fc5bf15a670ba8dacbb,822
data/raw/Coccidiosis/cocci.1762.jpg,Coccidiosis,224,224,35032,f9a898e555d5408750045ecf67add35a,823
data/raw/Coccidiosis/cocci.1763.jpg,Coccidiosis,224,224,25847,8876a4009b3bef705a363fd4336bc6b1,824
data/raw/Coccidiosis/cocci.1764.jpg,Coccidiosis,224,224,27197,d449774401ca72af9dfa17ffcc78c390,825
data/raw/Coccidiosis/cocci.1765.jpg,Coccidiosis,224,224,29337,738efe8dd5b1813af2bf7d0f717e4738,826
data/raw/Coccidiosis/cocci.1766.jpg,Coccidiosis,224,224,38985,be2f39bb85d66110025bcaece96f3135,827
data/raw/Coccidiosis/cocci.1767.jpg,Coccidiosis,224,224,30078,2b198bfa95f3c800976a6076136a9f11,828
data/raw/Coccidiosis/cocci.1768.jpg,Coccidiosis,224,224,29228,a17968d1893059e0b5c42a620bf288f4,829
data/raw/Coccidiosis/cocci.1769.jpg,Coccidiosis,224,224,36225,2f644699f5ab4f63bc4e5cf353ddfba6,830
data/raw/Coccidiosis/cocci.177.jpg,Coccidiosis,224,224,33950,ae1332cd660936cf911b10320954dcf6,831
data/raw/Coccidiosis/cocci.1770.jpg,Coccidiosis,224,224,41962,485f006671e939755276f15582dad046,832
data/raw/Coccidiosis/cocci.1771.jpg,Coccidiosis,224,224,34067,229c5e7832c31935aac1e75007ad4819,833
data/raw/Coccidiosis/cocci.1772.jpg,Coccidiosis,224,224,33174,78666d22f057c13747c2f80aced39cff,36
data/raw/Coccidiosis/cocci.1773.jpg,Coccidiosis,224,224,26692,500cfd112f0429c8389569e0b51169ec,834
data/raw/Coccidiosis/cocci.1774.jpg,Coccidiosis,224,224,35745,78d843309421812270900bff05a363ff,835
data/raw/Coccidiosis/cocci.1775.jpg,Coccidiosis,224,224,33743,43cad8d23a18ee3c8cc52d031a5ee69f,836
data/raw/Coccidiosis/cocci.1776.jpg,Coccidiosis,224,224,34095,4f306b38841b801c46a7de9c7477569a,837
data/raw/Coccidiosis/cocci.1777.jpg,Coccidiosis,224,224,35070,e1452e7056b8c7b55369f523786410fb,838
data/raw/Coccidiosis/cocci.1778.jpg,Coccidiosis,224,224,34144,66485e969e2bcebb9ab224352f4ab7db,839
data/raw/Coccidiosis/cocci.1779.jpg,Coccidiosis,224,224,37211,71dfef678b2ea84c00698dc54e4b0915,840
data/raw/Coccidiosis/cocci.178.jpg,Coccidiosis,224,224,32193,3861e0dc2c29f490d0001e42f24b8cbf,841
data/raw/Coccidiosis/cocci.1780.jpg,Coccidiosis,224,224,27958,ff969dc31053b6c586d10599afbb5295,842
data/raw/Coccidiosis/cocci.1781.jpg,Coccidiosis,224,224,24702,f87b0f3a7bab7d5a3eccf06e1574571c,843
data/raw/Coccidiosis/cocci.1782.jpg,Coccidiosis,224,224,32389,f4a778eb8737a8997b77936c7ae0a3fc,844
data/raw/Coccidiosis/cocci.1783.jpg,Coccidiosis,224,224,32713,59b8d3f1127174a78f5f548a29766e67,845
data/raw/Coccidiosis/cocci.1784.jpg,Coccidiosis,224,224,33768,17987f45ea43c68339cc868a99b63105,235
data/raw/Coccidiosis/cocci.1785.jpg,Coccidiosis,224,224,24803,0a900d006379a8663ad050cf4f862a12,846
data/raw/Coccidiosis/cocci.1786.jpg,Coccidiosis,224,224,44527,902bf2660d9ecf905391ac71988740f9,847
data/raw/Coccidiosis/cocci.1787.jpg,Coccidiosis,224,224,40343,6bed40aaa1ae0abe98c26af1cec1c66c,848
data/raw/Coccidiosis/cocci.1788.jpg,Coccidiosis,224,224,33243,ced4ecc4d3c8695dbccc3ea2c03cbef2,849
data/raw/Coccidiosis/cocci.1789.jpg,Coccidiosis,224,224,33916,4da6aee138c024d0f9a27870f72821c5,850
data/raw/Coccidiosis/cocci.179.jpg,Coccidiosis,224,224,35871,1774f15da8a88a959b325d478143c077,851
data/raw/Coccidiosis/cocci.1790.jpg,Coccidiosis,224,224,33697,097d0a6a126cdc1d6487cdaf943758b3,852
data/raw/Coccidiosis/cocci.1791.jpg,Coccidiosis,224,224,44303,8dc8a21d9a5e8f3c88101ec4fb1711a5,853
data/raw/Coccidiosis/cocci.1792.jpg,Coccidiosis,224,224,25807,17394a7bdca0dbdc315e6a37290dd468,854
data/raw/Coccidiosis/cocci.1793.jpg,Coccidiosis,224,224,37298,e9b75a3695d01c350a29c694da48b954,855
data/raw/Coccidiosis/cocci.1794.jpg,Coccidiosis,224,224,34304,207886ac6917af8d01544160b1d463e4,856
data/raw/Coccidiosis/cocci.1795.jpg,Coccidiosis,224,224,27856,a0000cdb57d151737629604adc067399,857
data/raw/Coccidiosis/cocci.1796.jpg,Coccidiosis,224,224,28690,015135837564df179d18d71c45b5560d,858
data/raw/Coccidiosis/cocci.1797.jpg,Coccidiosis,224,224,28516,99bcbc5ea20eba3ac8c25d1f890c3f7f,859
data/raw/Coccidiosis/cocci.1798.jpg,Coccidiosis,224,224,33871,843f799e2f57d47b4689a6a851b88865,860
data/raw/Coccidiosis/cocci.1799.jpg,Coccidiosis,224,224,37421,954a0c3b1434d6c578841efcd38a292a,861
data/raw/Coccidiosis/cocci.18.jpg,Coccidiosis,224,224,27342,42697fc7e46acb788dbfa86364861015,862
data/raw/Coccidiosis/cocci.180.jpg,Coccidiosis,224,224,31176,e64000b624b315599f412e316a0a574d,863
data/raw/Coccidiosis/cocci.1800.jpg,Coccidiosis,224,224,35627,a0ac9ad5897a676f24b420fa6bed5fff,864
data/raw/Coccidiosis/cocci.1801.jpg,Coccidiosis,224,224,32972,e092637993bc5ab8bc58469a2e12147e,865
data/raw/Coccidiosis/cocci.1802.jpg,Coccidiosis,224,224,25832,3afd32728cc7bed3a276102d96251ae4,866
data/raw/Coccidiosis/cocci.1803.jpg,Coccidiosis,224,224,20519,5e6e481f4b4c9c3aa883c9db5144f5e2,867
data/raw/Coccidiosis/cocci.1804.jpg,Coccidiosis,224,224,24996,8f5215380c000d2c286be67f0828e682,868
data/raw/Coccidiosis/cocci.1805.jpg,Coccidiosis,224,224,36505,fd46b5f13a11214ca8e26338c4a2cc2b,869
data/raw/Coccidiosis/cocci.1806.jpg,Coccidiosis,224,224,33939,1323841d1e220e761c0591fb8f47a7a2,870
data/raw/Coccidiosis/cocci.1807.jpg,Coccidiosis,224,224,37092,28900e68561a0e09871354d1ac942ad5,782
data/raw/Coccidiosis/cocci.1808.jpg,Coccidiosis,224,224,43742,577ffe2debf454ff749397320b69dd56,871
data/raw/Coccidiosis/cocci.1809.jpg,Coccidiosis,224,224,34381,c79629f90826accd683d33e2bcd26115,872
data/raw/Coccidiosis/cocci.181.jpg,Coccidiosis,224,224,28631,abf958e5ce8bb773735a0147cc81e4a6,873
data/raw/Coccidiosis/cocci.1810.jpg,Coccidiosis,224,224,26388,aa7ec953fbb7b5a97a23a71fcd7ff658,874
data/raw/Coccidiosis/cocci.1811.jpg,Coccidiosis,224,224,44324,6704f89f53ee4ab3a61ab74d81d9c562,875
data/raw/Coccidiosis/cocci.1812.jpg,Coccidiosis,224,224,26610,ae6bced64173005c2c9ae2289b054109,876
data/raw/Coccidiosis/cocci.1813.jpg,Coccidiosis,224,224,41904,bab82ddc0839f8cb1f776e5638279fd3,877
data/raw/Coccidiosis/cocci.1814.jpg,Coccidiosis,224,224,38915,108f940d88b0c49c4f648a39812d651e,878
data/raw/Coccidiosis/cocci.1815.jpg,Coccidiosis,224,224,39282,f1aa31b23cabd4489e8d81a3bd7fc381,879
data/raw/Coccidiosis/cocci.1816.jpg,Coccidiosis,224,224,34447,e9eab6cc98666f21939a6113b8c3d500,880
data/raw/Coccidiosis/cocci.1817.jpg,Coccidiosis,224,224,29823,722aee85be8f5fa57866f592fbe3be97,881
data/raw/Coccidiosis/cocci.1818.jpg,Coccidiosis,224,224,34861,101d10a6517c5ca24a6e6101a3a6ca9f,882
data/raw/Coccidiosis/cocci.1819.jpg,Coccidiosis,224,224,38291,226b3218e1ca8ea4406a2fde1e2d9bf7,883
data/raw/Coccidiosis/cocci.182.jpg,Coccidiosis,224,224,35757,4cd52319554b76fcbfc5732bf437f3e4,884
data/raw/Coccidiosis/cocci.1820.jpg,Coccidiosis,224,224,26628,fbb51b27a0f5c83db0be848e74e4c67a,885
data/raw/Coccidiosis/cocci.1821.jpg,Coccidiosis,224,224,24186,25d31c7a998397bf556f072157d70cb5,886
data/raw/Coccidiosis/cocci.1822.jpg,Coccidiosis,224,224,29777,ad7a268e6c65d28691f43891390a3cd3,887
data/raw/Coccidiosis/cocci.1823.jpg,Coccidiosis,224,224,41513,b6a871ecf45258f576f8bf8d215750b0,888
data/raw/Coccidiosis/cocci.1824.jpg,Coccidiosis,224,224,37577,a4a6ce697facc8e7a7fb83338c3a12e3,889
data/raw/Coccidiosis/cocci.1825.jpg,Coccidiosis,224,224,33360,3bb2c48e270fa626c1cadf3f3c85217d,890
data/raw/Coccidiosis/cocci.1826.jpg,Coccidiosis,224,224,35062,7c6e28e5afc5b085a9dbab45a6cfbea6,891
data/raw/Coccidiosis/cocci.1827.jpg,Coccidiosis,224,224,24052,7344b8506b654970b64b5361f1582b1e,892
data/raw/Coccidiosis/cocci.1828.jpg,Coccidiosis,224,224,26820,f922a17f0ce87d339b515dda0490c7b0,893
data/raw/Coccidiosis/cocci.1829.jpg,Coccidiosis,224,224,27950,a51bf44a6ab2f6fa01dc6a31a2860090,894
data/raw/Coccidiosis/cocci.183.jpg,Coccidiosis,224,224,27425,41272e35014db1faeb279675bb6b8bb6,202
data/raw/Coccidiosis/cocci.1830.jpg,Coccidiosis,224,224,33006,a40dcb6d63f3bab2faa94ce012ef45c9,895
data/raw/Coccidiosis/cocci.1831.jpg,Coccidiosis,224,224,28565,bc7a70451e582d54b3edf38a381d5729,896
data/raw/Coccidiosis/cocci.1832.jpg,Coccidiosis,224,224,27239,9675b0555cc932b2d182b5c98b617e70,897
data/raw/Coccidiosis/cocci.1833.jpg,Coccidiosis,224,224,24257,ffc0c4ccc1d976b8b148400cad3f40e8,898
data/raw/Coccidiosis/cocci.1834.jpg,Coccidiosis,224,224,39831,89faf52068845fda0c1c1ebcdbec6d90,899
data/raw/Coccidiosis/cocci.1835.jpg,Coccidiosis,224,224,42360,cf23b4048dd5d4419e6e89fd9cdbe04b,900
data/raw/Coccidiosis/cocci.1836.jpg,Coccidiosis,224,224,40342,a07eea7181c8092bb3365ae58883dc7d,901
data/raw/Coccidiosis/cocci.1837.jpg,Coccidiosis,224,224,36651,27a715b34064aab305ab96b7420dc357,902
data/raw/Coccidiosis/cocci.1838.jpg,Coccidiosis,224,224,22625,ac75c69689497e4dd81ace188a52b1ff,903
data/raw/Coccidiosis/cocci.1839.jpg,Coccidiosis,224,224,29585,331f276e1f05ed5ea573d8aa9137c1ab,904
data/raw/Coccidiosis/cocci.184.jpg,Coccidiosis,224,224,33428,22dedc1a8394b1fe8cd1aa88ea0f5a45,905
data/raw/Coccidiosis/cocci.1840.jpg,Coccidiosis,224,224,32527,ce4b3f67f4f3fa3e63579664ab6c5582,906
data/raw/Coccidiosis/cocci.1841.jpg,Coccidiosis,224,224,31316,91e6bd257d65701e5e8aee9b09ebd99e,907
data/raw/Coccidiosis/cocci.1842.jpg,Coccidiosis,224,224,38216,9daf414eb48149f160436d51869ea197,908
data/raw/Coccidiosis/cocci.1843.jpg,Coccidiosis,224,224,24912,654f6fba75505ff0ccdec9ef9dc70378,909
data/raw/Coccidiosis/cocci.1844.jpg,Coccidiosis,224,224,35455,87dc20a05eab56d8415bc536605ef088,910
data/raw/Coccidiosis/cocci.1845.jpg,Coccidiosis,224,224,30811,f5761d954060425e69bf401465021c8a,911
data/raw/Coccidiosis/cocci.1846.jpg,Coccidiosis,224,224,32658,6a5724f33af4384aea601ce71828d900,912
data/raw/Coccidiosis/cocci.1847.jpg,Coccidiosis,224,224,41030,bd87a5772f9748b591ae26e52956ebbc,913
data/raw/Coccidiosis/cocci.1848.jpg,Coccidiosis,224,224,32986,f35b5ad74e40a0b007286b118436f422,914
data/raw/Coccidiosis/cocci.1849.jpg,Coccidiosis,224,224,34547,92b869128a0cb102adcaa4f5ce614b03,915
data/raw/Coccidiosis/cocci.185.jpg,Coccidiosis,224,224,40493,f2f8f8a9a7ebc46f245eac2d31ce8c0e,916
data/raw/Coccidiosis/cocci.1850.jpg,Coccidiosis,224,224,44896,78b85b2292dcfb0386033d8524c2279a,917
data/raw/Coccidiosis/cocci.1851.jpg,Coccidiosis,224,224,36924,700f0b127661acfcdbe96a45bd108237,918
data/raw/Coccidiosis/cocci.1852.jpg,Coccidiosis,224,224,34508,f264b0240ed348ec2089faa9ad1d9073,919
data/raw/Coccidiosis/cocci.1853.jpg,Coccidiosis,224,224,39288,856cfe8b393586d6ecc6265a714d18be,920
data/raw/Coccidiosis/cocci.1854.jpg,Coccidiosis,224,224,48350,3467b181ef35b83ee70583129a37927e,921
data/raw/Coccidiosis/cocci.1855.jpg,Coccidiosis,224,224,31102,ca70e4948e73582324fd786ff9f1cfd5,922
data/raw/Coccidiosis/cocci.1856.jpg,Coccidiosis,224,224,32041,093008d186502ed4773a1262c624058b,923
data/raw/Coccidiosis/cocci.1857.jpg,Coccidiosis,224,224,28129,4062aa38c3b790b1f30e9355df37c695,924
data/raw/Coccidiosis/cocci.1858.jpg,Coccidiosis,224,224,39448,bfd979f7a073818e62c58bf55e50ab85,925
data/raw/Coccidiosis/cocci.1859.jpg,Coccidiosis,224,224,43726,227b2b449519e09fe4766d1ffe9600bb,926
data/raw/Coccidiosis/cocci.186.jpg,Coccidiosis,224,224,46991,1903ad3c9f6aa207c4c3ae0abbbd5882,927
data/raw/Coccidiosis/cocci.1860.jpg,Coccidiosis,224,224,42800,164a63e510e350d4d93bdf60de6d3bef,928
data/raw/Coccidiosis/cocci.1861.jpg,Coccidiosis,224,224,31246,67579aeecb326ff7144f20ab8fde5185,929
data/raw/Coccidiosis/cocci.1862.jpg,Coccidiosis,224,224,23088,06397aeafdcc0dd4ea06bc11c8df31ce,930
data/raw/Coccidiosis/cocci.1863.jpg,Coccidiosis,224,224,22688,f8b963944cc7d84ccaf355f84f14dd78,931
data/raw/Coccidiosis/cocci.1864.jpg,Coccidiosis,224,224,33505,f753892cc35d6dfd596d7ddb52bffb2d,932
data/raw/Coccidiosis/cocci.1865.jpg,Coccidiosis,224,224,40788,1bacd8ac6e2ec66b1005b7e4e2f3546b,933
data/raw/Coccidiosis/cocci.1866.jpg,Coccidiosis,224,224,31176,e64000b624b315599f412e316a0a574d,863
data/raw/Coccidiosis/cocci.1867.jpg,Coccidiosis,224,224,35816,56e24c92e0b29f413dbbe13b39032ae3,934
data/raw/Coccidiosis/cocci.1868.jpg,Coccidiosis,224,224,28790,8aa89e5d0a319cb2982106a034ee20a0,935
data/raw/Coccidiosis/cocci.1869.jpg,Coccidiosis,224,224,44945,13cf13c99282132edecec2187e98b335,936
data/raw/Coccidiosis/cocci.187.jpg,Coccidiosis,224,224,23633,2657ab724c1a1a30f337a35ddfd1bdba,937
data/raw/Coccidiosis/cocci.1870.jpg,Coccidiosis,224,224,34532,586f0c802bd2b3a2f196b2bba161b9af,938
data/raw/Coccidiosis/cocci.1871.jpg,Coccidiosis,224,224,39717,d08d70416f7ff0703208544078398ee7,939
data/raw/Coccidiosis/cocci.1872.jpg,Coccidiosis,224,224,26186,fbf71744231fafc864c2f6ca9ee69bc0,940
data/raw/Coccidiosis/cocci.1873.jpg,Coccidiosis,224,224,33161,624965db274c730eccbba8a3fb8e43c8,941
data/raw/Coccidiosis/cocci.1874.jpg,Coccidiosis,224,224,23448,4777c99404418f74b566bff314f1dc98,942
data/raw/Coccidiosis/cocci.1875.jpg,Coccidiosis,224,224,30913,2852f62f11504a4001097a7e34ee2a7e,943
data/raw/Coccidiosis/cocci.1876.jpg,Coccidiosis,224,224,31003,7e3eec73e99509fc2c53d3d42d6fdbac,944
data/raw/Coccidiosis/cocci.1877.jpg,Coccidiosis,224,224,33304,f18b9876f9536bfed7ccc81a34aba313,945
data/raw/Coccidiosis/cocci.1878.jpg,Coccidiosis,224,224,39957,a5f4986cf86a8020d13c738a67a25c1e,946
data/raw/Coccidiosis/cocci.1879.jpg,Coccidiosis,224,224,43582,e263af8383bed42f16e2f5e7382e4d10,947
data/raw/Coccidiosis/cocci.188.jpg,Coccidiosis,224,224,33460,d6124694ea099d7000c355f22a1982a2,948
data/raw/Coccidiosis/cocci.1880.jpg,Coccidiosis,224,224,31145,43764e664c94be0823a3db2fb428f0ef,949
data/raw/Coccidiosis/cocci.1881.jpg,Coccidiosis,224,224,36992,221f76e59258b7894b85305ce57c6ba9,950
data/raw/Coccidiosis/cocci.1882.jpg,Coccidiosis,224,224,38603,dc5b2802fe2f58c747282e0ec798abb9,951
data/raw/Coccidiosis/cocci.1883.jpg,Coccidiosis,224,224,41639,cae7e8be0f5f50a5d96c9f3989bb4191,952
data/raw/Coccidiosis/cocci.1884.jpg,Coccidiosis,224,224,20304,9a26a292f8616937c4fc081c961b9133,953
data/raw/Coccidiosis/cocci.1885.jpg,Coccidiosis,224,224,39673,c8789090340475a46e9488a1ea78dde1,954
data/raw/Coccidiosis/cocci.1886.jpg,Coccidiosis,224,224,22113,fa9d66bb7d5b1c3be12dee5430b8e099,955
data/raw/Coccidiosis/cocci.1887.jpg,Coccidiosis,224,224,32481,c23071853f400aabc4ac5c21a85dab9e,956
data/raw/Coccidiosis/cocci.1888.jpg,Coccidiosis,224,224,36741,bd9ea8e1b1d00947c5385b0acfa87731,957
data/raw/Coccidiosis/cocci.1889.jpg,Coccidiosis,224,224,38929,34ded5d83a3b7353480749568c687b26,958
data/raw/Coccidiosis/cocci.189.jpg,Coccidiosis,224,224,28878,e4f24ceb689afea817190c17f49169ad,959
data/raw/Coccidiosis/cocci.1890.jpg,Coccidiosis,224,224,37708,af4da0d052bf7f06ca2c0a38ab73c569,960
data/raw/Coccidiosis/cocci.1891.jpg,Coccidiosis,224,224,31774,5d54429b89ed12861a4ed25e8eafdd09,961
data/raw/Coccidiosis/cocci.1892.jpg,Coccidiosis,224,224,30600,bcba1bfc353d46eaafd19dc8bd0d42e1,699
data/raw/Coccidiosis/cocci.1893.jpg,Coccidiosis,224,224,25508,6df9c9e8d46bc60c55a3eba2b5d61d53,962
data/raw/Coccidiosis/cocci.1894.jpg,Coccidiosis,224,224,24585,6ee5381e4535e32b300cf2f4649b6c70,963
data/raw/Coccidiosis/cocci.1895.jpg,Coccidiosis,224,224,32397,acca10e769ac7cfd18cf717923fa698a,271
data/raw/Coccidiosis/cocci.1896.jpg,Coccidiosis,224,224,29704,c3b3a0f7a1941b1ca60b5ea2b6bae26a,964
data/raw/Coccidiosis/cocci.1897.jpg,Coccidiosis,224,224,32986,f35b5ad74e40a0b007286b118436f422,914
data/raw/Coccidiosis/cocci.1898.jpg,Coccidiosis,224,224,41452,e1614768ee8d7264bbc462a6a38837c4,965
data/raw/Coccidiosis/cocci.1899.jpg,Coccidiosis,224,224,32217,7609c2beaa6f8df63bf7b425dbb4b767,966
data/raw/Coccidiosis/cocci.19.jpg,Coccidiosis,224,224,24570,0a9f563f3fba0a0b6ad054fb1ff7c230,967
data/raw/Coccidiosis/cocci.190.jpg,Coccidiosis,224,224,49479,69229ca85bd1282c1e73c1a5a8cd2592,968
data/raw/Coccidiosis/cocci.1900.jpg,Coccidiosis,224,224,26795,46aba5a6437a38886bf83ff0c6ef2f03,969
data/raw/Coccidiosis/cocci.1901.jpg,Coccidiosis,224,224,35200,2d8780001ec1c9d7288bdce08b8cf89c,970
data/raw/Coccidiosis/cocci.1902.jpg,Coccidiosis,224,224,23996,1f9b98f8383559b1c936654be558f5d6,971
data/raw/Coccidiosis/cocci.1903.jpg,Coccidiosis,224,224,41395,18a8d2f300c7b597fbf57e48cb548c4b,972
data/raw/Coccidiosis/cocci.1904.jpg,Coccidiosis,224,224,26550,1615a4df9c395b49e5a06fa59ecbcb05,792
data/raw/Coccidiosis/cocci.1905.jpg,Coccidiosis,224,224,25766,726402eda413582b36e5943482a731fe,973
data/raw/Coccidiosis/cocci.1906.jpg,Coccidiosis,224,224,33020,b87ac5bbc1300a5e9aa708749ced9c91,974
data/raw/Coccidiosis/cocci.1907.jpg,Coccidiosis,224,224,50457,62be3e09afa8ee59005865b8e459eda3,975
data/raw/Coccidiosis/cocci.1908.jpg,Coccidiosis,224,224,36953,4a679370f044c7cf195f2f29be0764bb,976
data/raw/Coccidiosis/cocci.1909.jpg,Coccidiosis,224,224,38080,98789c5101a0228210d999f618c06879,977
data/raw/Coccidiosis/cocci.191.jpg,Coccidiosis,224,224,31343,33a9a787332d62bd37f7c4ebb364a48b,978
data/raw/Coccidiosis/cocci.1910.jpg,Coccidiosis,224,224,34928,c7dd554785b30f5b57b5be2293b47509,979
data/raw/Coccidiosis/cocci.1911.jpg,Coccidiosis,224,224,30541,fa28f2dc3070430b9b206141266161a9,980
data/raw/Coccidiosis/cocci.1912.jpg,Coccidiosis,224,224,32901,8a01bb31a674e8d450380b35a4a49781,981
data/raw/Coccidiosis/cocci.1913.jpg,Coccidiosis,224,224,32481,c23071853f400aabc4ac5c21a85dab9e,956
data/raw/Coccidiosis/cocci.1914.jpg,Coccidiosis,224,224,35836,3fbfca2140f7cca824c7f43f8fb04b13,982
data/raw/Coccidiosis/cocci.1915.jpg,Coccidiosis,224,224,31819,c715e18e804dba1902ce3bd24f741b1d,983
data/raw/Coccidiosis/cocci.1916.jpg,Coccidiosis,224,224,34903,127f0529823eeeb91c751eb2094d2158,984
data/raw/Coccidiosis/cocci.1917.jpg,Coccidiosis,224,224,37897,2a7886e2c59944ce9ba02be4b77cc6cc,985
data/raw/Coccidiosis/cocci.1918.jpg,Coccidiosis,224,224,25072,0f84d0fdc9203a589082599c0c204670,986
data/raw/Coccidiosis/cocci.1919.jpg,Coccidiosis,224,224,36929,c671830c2dc4847c1936b557b6410d17,987
data/raw/Coccidiosis/cocci.192.jpg,Coccidiosis,224,224,35773,b73512ffe61291e8f29bb0729b5b5bdd,988
data/raw/Coccidiosis/cocci.1920.jpg,Coccidiosis,224,224,37490,59051a6f6a267d9037038f5a5d8c641b,989
data/raw/Coccidiosis/cocci.1921.jpg,Coccidiosis,224,224,24393,d9258476ae5e48463191e84d5187d81b,990
data/raw/Coccidiosis/cocci.1922.jpg,Coccidiosis,224,224,37157,ae1a64baad943071b4746a9b0dda858a,991
data/raw/Coccidiosis/cocci.1923.jpg,Coccidiosis,224,224,28154,6fb6d9ff3c97d41ed9dd7c862e9918b9,992
data/raw/Coccidiosis/cocci.1924.jpg,Coccidiosis,224,224,24210,be9a510a48c628405b3e0c2146ac1b1d,993
data/raw/Coccidiosis/cocci.1925.jpg,Coccidiosis,224,224,35224,4167b91bf4e17931ba22ca33ca5b1b4f,994
data/raw/Coccidiosis/cocci.1926.jpg,Coccidiosis,224,224,33970,ae9827626a33674675d221b136d7a9ee,995
data/raw/Coccidiosis/cocci.1927.jpg,Coccidiosis,224,224,28186,f19be8989ce5d060aaefca389cd7be99,996
data/raw/Coccidiosis/cocci.1928.jpg,Coccidiosis,224,224,35223,30c069fc3242b3e2c771ffc7aef484a1,997
data/raw/Coccidiosis/cocci.1929.jpg,Coccidiosis,224,224,22205,cb7102efb0d93c4384e5cbceff5524d6,998
data/raw/Coccidiosis/cocci.193.jpg,Coccidiosis,224,224,27172,469078e16e5621897b19237bdf65c040,999
data/raw/Coccidiosis/cocci.1930.jpg,Coccidiosis,224,224,33908,b023645c878dfb5af1bd14ef1b5371d2,1000
data/raw/Coccidiosis/cocci.1931.jpg,Coccidiosis,224,224,36582,b989613b765029b2af2b4bc820cc1fdf,1001
data/raw/Coccidiosis/cocci.1932.jpg,Coccidiosis,224,224,24262,708fdf61ab04d1652d38b647627e2b9b,1002
data/raw/Coccidiosis/cocci.1933.jpg,Coccidiosis,224,224,28208,ef5c5e7638f849ae1d2611af76648e59,637
data/raw/Coccidiosis/cocci.1934.jpg,Coccidiosis,224,224,43726,227b2b449519e09fe4766d1ffe9600bb,926
data/raw/Coccidiosis/cocci.1935.jpg,Coccidiosis,224,224,36682,20177e61c64639a25685f4bd15651fcb,1003
data/raw/Coccidiosis/cocci.1936.jpg,Coccidiosis,224,224,27913,80a80285769788dbb3afc4bb91ddacfb,1004
data/raw/Coccidiosis/cocci.1937.jpg,Coccidiosis,224,224,30217,5440cd49c715c3ddc14dc228300a6feb,1005
data/raw/Coccidiosis/cocci.1938.jpg,Coccidiosis,224,224,37544,f8602dfa66dffd74ba85cb5179327ba1,1006
data/raw/Coccidiosis/cocci.1939.jpg,Coccidiosis,224,224,33047,f85f68237b5696659e976f14f7e79603,1007
data/raw/Coccidiosis/cocci.194.jpg,Coccidiosis,224,224,35970,09d8268c4d77d9162a89ff726767405b,1008
data/raw/Coccidiosis/cocci.1940.jpg,Coccidiosis,224,224,19616,2a06bcc5ab269a1959350d21d3e26c7d,1009
data/raw/Coccidiosis/cocci.1941.jpg,Coccidiosis,224,224,38361,bd6dcabb8591dbc4c8843a44595ebbe7,1010
data/raw/Coccidiosis/cocci.1942.jpg,Coccidiosis,224,224,37491,c514af99006507fef27e3cc54cc36f64,1011
data/raw/Coccidiosis/cocci.1943.jpg,Coccidiosis,224,224,24793,1a064e00412a06823d567dd8cfd9a12a,1012
data/raw/Coccidiosis/cocci.1944.jpg,Coccidiosis,224,224,41655,dc16e3e98509cc11272afff016a5ced4,1013
data/raw/Coccidiosis/cocci.1945.jpg,Coccidiosis,224,224,38864,e3022d29929fd81971b25628295e3c81,1014
data/raw/Coccidiosis/cocci.1946.jpg,Coccidiosis,224,224,25072,0f84d0fdc9203a589082599c0c204670,986
data/raw/Coccidiosis/cocci.1947.jpg,Coccidiosis,224,224,32802,ce47b7b641d59ad665acdcde7f57c3aa,1015
data/raw/Coccidiosis/cocci.1948.jpg,Coccidiosis,224,224,30228,8a7aec2a59306735d5c1433bf71312a1,1016
data/raw/Coccidiosis/cocci.1949.jpg,Coccidiosis,224,224,31494,08971d1c828f77cf0c3f601a538e2c43,1017
data/raw/Coccidiosis/cocci.195.jpg,Coccidiosis,224,224,33266,60086e6e9899ccff4209e539997fb816,1018
data/raw/Coccidiosis/cocci.1950.jpg,Coccidiosis,224,224,40879,d4fd34c4bd42f11902d71ee67661b96d,75
data/raw/Coccidiosis/cocci.1951.jpg,Coccidiosis,224,224,31940,f8a57143484d922a494e18a1e64cc8cc,1019
data/raw/Coccidiosis/cocci.1952.jpg,Coccidiosis,224,224,32580,e2d99d3a7233cddf206fdaa67e61684f,1020
data/raw/Coccidiosis/cocci.1953.jpg,Coccidiosis,224,224,35626,1f2730722681ee89d41279d2c53b60df,1021
data/raw/Coccidiosis/cocci.1954.jpg,Coccidiosis,224,224,29251,0df1651cf3fdae9d616ae2be6b558f54,1022
data/raw/Coccidiosis/cocci.1955.jpg,Coccidiosis,224,224,24616,f6f8a79a3fbcc990c5edd4d500674635,1023
data/raw/Coccidiosis/cocci.1956.jpg,Coccidiosis,224,224,34542,64d1f2990449763ee0d1d70d7c5f141f,1024
data/raw/Coccidiosis/cocci.1957.jpg,Coccidiosis,224,224,26090,447810f805bbb18898c54871986d1199,1025
data/raw/Coccidiosis/cocci.1958.jpg,Coccidiosis,224,224,33916,4b7715eb59368e0aaa96b33addef9a1b,1026
data/raw/Coccidiosis/cocci.1959.jpg,Coccidiosis,224,224,34375,351110756f9b503e469d4fbf82764c9a,1027
data/raw/Coccidiosis/cocci.196.jpg,Coccidiosis,224,224,35032,f9a898e555d5408750045ecf67add35a,823
data/raw/Coccidiosis/cocci.1960.jpg,Coccidiosis,224,224,29932,5ba981ae7f240f45f5e5dee3a6e9ce6d,1028
data/raw/Coccidiosis/cocci.1961.jpg,Coccidiosis,224,224,38551,50055999e3f65bac569c03a5c8cf3b65,1029
data/raw/Coccidiosis/cocci.1962.jpg,Coccidiosis,224,224,34524,7cbc84d6db908dd68331f1bd678409d0,1030
data/raw/Coccidiosis/cocci.1963.jpg,Coccidiosis,224,224,34239,841deb2a1397001a59e6b284483c8d82,1031
data/raw/Coccidiosis/cocci.1964.jpg,Coccidiosis,224,224,32999,9f811473406a73049719e08fc92845b5,1032
data/raw/Coccidiosis/cocci.1965.jpg,Coccidiosis,224,224,32766,9b941b0a6fe642c4741db2a10d59ed2b,1033
data/raw/Coccidiosis/cocci.1966.jpg,Coccidiosis,224,224,36125,3d38e5fd4d1d46c5eba56d89facd9fb7,1034
data/raw/Coccidiosis/cocci.1967.jpg,Coccidiosis,224,224,35271,07be916930f671594439ffd44fdd9f16,1035
data/raw/Coccidiosis/cocci.1968.jpg,Coccidiosis,224,224,44504,e9783a89a5efa84711bce4041ef0318c,1036
data/raw/Coccidiosis/cocci.1969.jpg,Coccidiosis,224,224,30308,667bafee34a174dc3623a734fbe074df,1037
data/raw/Coccidiosis/cocci.197.jpg,Coccidiosis,224,224,34685,4aac8a81c46cdff3eaacdba976049cb5,1038
data/raw/Coccidiosis/cocci.1970.jpg,Coccidiosis,224,224,41850,cadc810ef38ff3206530dc1c46279ecc,1039
data/raw/Coccidiosis/cocci.1971.jpg,Coccidiosis,224,224,38015,bab27204bab746f4a4607dd14921f1b6,1040
data/raw/Coccidiosis/cocci.1972.jpg,Coccidiosis,224,224,41648,9489a28b86cad1d37b2f9094901bf95d,1041
data/raw/Coccidiosis/cocci.1973.jpg,Coccidiosis,224,224,23822,ed35878c24db1494d3160d3164d5318e,1042
data/raw/Coccidiosis/cocci.1974.jpg,Coccidiosis,224,224,45222,93f3f8479445ebae0d95002d041cf4c5,1043
data/raw/Coccidiosis/cocci.1975.jpg,Coccidiosis,224,224,37141,2fef88326b46b0b0bd367ee1f3bfac48,74
data/raw/Coccidiosis/cocci.1976.jpg,Coccidiosis,224,224,26916,50b44074be986818247ba234edee4b15,1044
data/raw/Coccidiosis/cocci.1977.jpg,Coccidiosis,224,224,40051,e88095e32298dda0fbeca8cef99fedbc,1045
data/raw/Coccidiosis/cocci.1978.jpg,Coccidiosis,224,224,38479,d72dfa9080227498f1452c8da4d3e08b,1046
data/raw/Coccidiosis/cocci.1979.jpg,Coccidiosis,224,224,29213,60542658e4ebac6a47503456faee85b3,1047
data/raw/Coccidiosis/cocci.198.jpg,Coccidiosis,224,224,36416,02774e2470f32f27bf1b82645fb80a68,1048
data/raw/Coccidiosis/cocci.1980.jpg,Coccidiosis,224,224,22677,ac059c23cfbe7c91a019faa7b074c873,1049
data/raw/Coccidiosis/cocci.1981.jpg,Coccidiosis,224,224,35474,f9a07aa7d61f0991215a906828538168,1050
data/raw/Coccidiosis/cocci.1982.jpg,Coccidiosis,224,224,28724,08a1b481e7640d21b90cbd94af86e86f,1051
data/raw/Coccidiosis/cocci.1983.jpg,Coccidiosis,224,224,38053,420fdb3095935d4b705e7592860787dd,1052
data/raw/Coccidiosis/cocci.1984.jpg,Coccidiosis,224,224,28998,3af2e8f70962747def24079dc7b03ddb,1053
data/raw/Coccidiosis/cocci.1985.jpg,Coccidiosis,224,224,33536,e43a4298f30a5ba660effa77139b6b48,1054
data/raw/Coccidiosis/cocci.1986.jpg,Coccidiosis,224,224,35596,edf8824574d823e9e32b3478d3c21ed3,1055
data/raw/Coccidiosis/cocci.1987.jpg,Coccidiosis,224,224,35704,554a5cdbd2fcb5d64ef8c1e20633df60,1056
data/raw/Coccidiosis/cocci.1988.jpg,Coccidiosis,224,224,28264,4d3e9fdd5086cb055e1136a7a647cda5,1057
data/raw/Coccidiosis/cocci.1989.jpg,Coccidiosis,224,224,30245,bbb3fe5ad62139a7aeac6060be6aa1e2,1058
data/raw/Coccidiosis/cocci.199.jpg,Coccidiosis,224,224,39420,be20b38f5669d26ff713f62a287fe06e,1059
data/raw/Coccidiosis/cocci.1990.jpg,Coccidiosis,224,224,36745,d0ef38ae0b2cdf5b40ad2fde91728595,1060
data/raw/Coccidiosis/cocci.1991.jpg,Coccidiosis,224,224,32369,ae5087ac475c49579b3e11148ba79a2d,1061
data/raw/Coccidiosis/cocci.1992.jpg,Coccidiosis,224,224,30610,fe807b810296b7a8b439ebde2f868544,1062
data/raw/Coccidiosis/cocci.1993.jpg,Coccidiosis,224,224,37462,032cbfb5b98256e624e4a9976c8eb411,1063
data/raw/Coccidiosis/cocci.1994.jpg,Coccidiosis,224,224,26594,26044e7161e7c9e45bf7db9da45fb7d4,1064
data/raw/Coccidiosis/cocci.1995.jpg,Coccidiosis,224,224,38711,446a5d8595c315653980bda28cbbc8f9,1065
data/raw/Coccidiosis/cocci.1996.jpg,Coccidiosis,224,224,44541,5d70b65e19e8f545fd920f1d9b35897d,1066
data/raw/Coccidiosis/cocci.1997.jpg,Coccidiosis,224,224,21064,5b7e61218f5e40b1eabb8b484b7bf11f,1067
data/raw/Coccidiosis/cocci.1998.jpg,Coccidiosis,224,224,34757,88b1526bdd3849d481e80a9ad22936c5,1068
data/raw/Coccidiosis/cocci.1999.jpg,Coccidiosis,224,224,26618,77d068ea346c020de48358040d11cb72,1069
data/raw/Coccidiosis/cocci.2.jpg,Coccidiosis,224,224,24216,ba10213ebb6e8d369dd1f196cd87852f,1070
data/raw/Coccidiosis/cocci.20.jpg,Coccidiosis,224,224,31108,57b5758137926b089fa8e888cc381b19,1071
data/raw/Coccidiosis/cocci.200.jpg,Coccidiosis,224,224,36953,4dca7ba14bbac7a4a7c6dfb7303080ea,1072
data/raw/Coccidiosis/cocci.2000.jpg,Coccidiosis,224,224,31300,0364ae49ee119bc2872c9e8bb1e47279,1073
data/raw/Coccidiosis/cocci.2001.jpg,Coccidiosis,224,224,24853,f6cdab9f814ba72d57297a183b22787f,1074
data/raw/Coccidiosis/cocci.2002.jpg,Coccidiosis,224,224,32124,f456226547286131404288ee644100e2,1075
data/raw/Coccidiosis/cocci.2003.jpg,Coccidiosis,224,224,31059,9b0d9da0324d70333af1bf6f417c283b,1076
data/raw/Coccidiosis/cocci.2004.jpg,Coccidiosis,224,224,21177,92f8ecfbdde141b143c9cdf2b490e7dc,1077
data/raw/Coccidiosis/cocci.2005.jpg,Coccidiosis,224,224,37722,43e3ce2eeaf8c614c8783f970bd5c4a8,1078
data/raw/Coccidiosis/cocci.2006.jpg,Coccidiosis,224,224,24133,81d44dfd92cbe9871765271c35e38963,1079
data/raw/Coccidiosis/cocci.2007.jpg,Coccidiosis,224,224,43040,f986838d834a47ed9d797f2d83fd16a2,1080
data/raw/Coccidiosis/cocci.2008.jpg,Coccidiosis,224,224,25275,80ca7cc2c295a1f305cc047114cef640,1081
data/raw/Coccidiosis/cocci.2009.jpg,Coccidiosis,224,224,25615,12686fc2d18508f72ac1b90d6787dddb,1082
data/raw/Coccidiosis/cocci.201.jpg,Coccidiosis,224,224,27372,d970cf84bffd27a988cfba84aa6f1501,1083
data/raw/Coccidiosis/cocci.2010.jpg,Coccidiosis,224,224,25643,682a8beef6126d44661cbe2ec59f79b4,1084
data/raw/Coccidiosis/cocci.2011.jpg,Coccidiosis,224,224,24977,ea7d9b345dd533a86ddb74f7f4a3736b,1085
data/raw/Coccidiosis/cocci.2012.jpg,Coccidiosis,224,224,42977,f2eab9cdea93d7e4217dfca0327a0ead,1086
data/raw/Coccidiosis/cocci.2013.jpg,Coccidiosis,224,224,36234,bb31d831f40a23e4fe971380807d233f,1087
data/raw/Coccidiosis/cocci.2014.jpg,Coccidiosis,224,224,23040,608fdde2677b0e613ce65bc9ed960543,1088
data/raw/Coccidiosis/cocci.2015.jpg,Coccidiosis,224,224,25813,f89cec52ac6ecda7e5d757aeb8f70223,1089
data/raw/Coccidiosis/cocci.2016.jpg,Coccidiosis,224,224,24786,4914a6f6a5673e475df046ff23f3c860,1090
data/raw/Coccidiosis/cocci.2017.jpg,Coccidiosis,224,224,24996,6aa99379732a83e84d277ee5f6616304,1091
data/raw/Coccidiosis/cocci.2018.jpg,Coccidiosis,224,224,27313,e8788b9859e93714534ef03ad94d2f31,1092
data/raw/Coccidiosis/cocci.2019.jpg,Coccidiosis,224,224,37406,24b1dbef8663134ccbb335c925273b8d,1093
data/raw/Coccidiosis/cocci.202.jpg,Coccidiosis,224,224,30538,0680c706c3b5c8f700f9cce7b63664ba,1094
data/raw/Coccidiosis/cocci.2020.jpg,Coccidiosis,224,224,28569,1e76002ef07f9653bcc95bfcf16e9510,1095
data/raw/Coccidiosis/cocci.2021.jpg,Coccidiosis,224,224,33738,087dd8cfe1350e01cc39fc1f84300348,704
data/raw/Coccidiosis/cocci.2022.jpg,Coccidiosis,224,224,25879,29c3331abc9b7f13fb136ccfb510c5e2,1096
data/raw/Coccidiosis/cocci.2023.jpg,Coccidiosis,224,224,33254,62b1f614a954474ff451b0ac22532511,1097
data/raw/Coccidiosis/cocci.2024.jpg,Coccidiosis,224,224,34265,7eb3353f7e8faff71e2398dd937923c8,1098
data/raw/Coccidiosis/cocci.2025.jpg,Coccidiosis,224,224,20917,039d7d4fafd2f761d2ada708e0469940,1099
data/raw/Coccidiosis/cocci.2026.jpg,Coccidiosis,224,224,43374,774d53a3a834e8fdc4e0ca718c485511,1100
data/raw/Coccidiosis/cocci.2027.jpg,Coccidiosis,224,224,29879,8b16f534c735c2500667d8c64615cf2b,1101
data/raw/Coccidiosis/cocci.2028.jpg,Coccidiosis,224,224,40347,18cd3932aeeb43ec486fcc119fab7c19,1102
data/raw/Coccidiosis/cocci.2029.jpg,Coccidiosis,224,224,27988,896d7d29686b5906b7b0bd55d8ae9f36,1103
data/raw/Coccidiosis/cocci.203.jpg,Coccidiosis,224,224,39406,0fa67194205ec8e4e70155c5dcfd5d90,1104
data/raw/Coccidiosis/cocci.2030.jpg,Coccidiosis,224,224,32285,ac97fe9fe88565174e7cacd36a3a6e8c,1105
data/raw/Coccidiosis/cocci.2031.jpg,Coccidiosis,224,224,31091,5782733a05eae74ee4d0402d7cfec717,1106
data/raw/Coccidiosis/cocci.2032.jpg,Coccidiosis,224,224,29956,21dc06f17e17a51b742ade67a41814cb,190
data/raw/Coccidiosis/cocci.2033.jpg,Coccidiosis,224,224,37205,411ee90e497fb0923a00a4cc4fb75a4f,245
data/raw/Coccidiosis/cocci.2034.jpg,Coccidiosis,224,224,39789,fefefb888c5e121087fa254032b9b66d,1107
data/raw/Coccidiosis/cocci.2035.jpg,Coccidiosis,224,224,37291,6b710b7c56f6e1ebd4e5c45118bf3e86,1108
data/raw/Coccidiosis/cocci.2036.jpg,Coccidiosis,224,224,41524,2d23260e7b99a758fa32f8574e466bee,1109
data/raw/Coccidiosis/cocci.2037.jpg,Coccidiosis,224,224,33874,7779dc3e6db04cf0fa4277b11d5779eb,1110
data/raw/Coccidiosis/cocci.2038.jpg,Coccidiosis,224,224,39079,a5054229480549b95cd47c2cfbb9952d,1111
data/raw/Coccidiosis/cocci.2039.jpg,Coccidiosis,224,224,45430,b0b7cdb5d119d9cb6bea37eadd65deec,1112
data/raw/Coccidiosis/cocci.204.jpg,Coccidiosis,224,224,40795,c96691087833af08f8ba131854a62624,1113
data/raw/Coccidiosis/cocci.2040.jpg,Coccidiosis,224,224,36344,dd11c0ddbabaa0ba78f790e27aa88d1b,1114
data/raw/Coccidiosis/cocci.2041.jpg,Coccidiosis,224,224,38212,e8bd91f924a2aa6d2b5d7601ae89729c,1115
data/raw/Coccidiosis/cocci.2042.jpg,Coccidiosis,224,224,36310,254c8b1a094ff5644011727cf2492e12,1116
data/raw/Coccidiosis/cocci.2043.jpg,Coccidiosis,224,224,31671,f4491157e95b3daa491ce4d661a5911b,1117
data/raw/Coccidiosis/cocci.2044.jpg,Coccidiosis,224,224,40583,7626c94912bb415da5ddfafe8456878c,1118
data/raw/Coccidiosis/cocci.2045.jpg,Coccidiosis,224,224,23448,4777c99404418f74b566bff314f1dc98,942
data/raw/Coccidiosis/cocci.2046.jpg,Coccidiosis,224,224,43007,a9f6cf17a91653f8a5a535da5ce0e43d,1119
data/raw/Coccidiosis/cocci.2047.jpg,Coccidiosis,224,224,30758,bf1782511afc3575e484d4ed93163198,1120
data/raw/Coccidiosis/cocci.2048.jpg,Coccidiosis,224,224,27593,c7b33d518fc93a4e5777baa69181fb17,1121
data/raw/Coccidiosis/cocci.2049.jpg,Coccidiosis,224,224,37019,3bd5a40c6422d800173d522462682117,1122
data/raw/Coccidiosis/cocci.205.jpg,Coccidiosis,224,224,35170,86d584798915d01a67ea79bf2932c42c,1123
data/raw/Coccidiosis/cocci.2050.jpg,Coccidiosis,224,224,26539,d00cfdc603d4b514944578f72be807f6,1124
data/raw/Coccidiosis/cocci.2051.jpg,Coccidiosis,224,224,27711,a1952acfecb84e59a47980bf4db11748,1125
data/raw/Coccidiosis/cocci.2052.jpg,Coccidiosis,224,224,22800,a807c10e1e18da0f1503f9b6ec10a347,1126
data/raw/Coccidiosis/cocci.2053.jpg,Coccidiosis,224,224,25568,a643116b9138d9228ccf6503c3c1bfae,1127
data/raw/Coccidiosis/cocci.2054.jpg,Coccidiosis,224,224,29992,439f248cc2974df3e91788d554042433,1128
data/raw/Coccidiosis/cocci.2055.jpg,Coccidiosis,224,224,38985,be2f39bb85d66110025bcaece96f3135,827
data/raw/Coccidiosis/cocci.2056.jpg,Coccidiosis,224,224,41968,63a4d17946296c5e91b11d4e6eaa1bd0,1129
data/raw/Coccidiosis/cocci.2057.jpg,Coccidiosis,224,224,32850,e36119209a070c1f04e3f2459a17bccc,1130
data/raw/Coccidiosis/cocci.2058.jpg,Coccidiosis,224,224,29908,edcfe833b6ec0f44c1b647233f853148,1131
data/raw/Coccidiosis/cocci.2059.jpg,Coccidiosis,224,224,37994,6974800fc8838039570123fb78d05647,1132
data/raw/Coccidiosis/cocci.206.jpg,Coccidiosis,224,224,21920,e6d77560bd8fcf5ee85e7f3026b819df,1133
data/raw/Coccidiosis/cocci.2060.jpg,Coccidiosis,224,224,21958,3ed296d586f764887ad864fffa05feb9,1134
data/raw/Coccidiosis/cocci.2061.jpg,Coccidiosis,224,224,21177,0cbc639a3f50efb2b3d6f3482ea447e0,1135
data/raw/Coccidiosis/cocci.2062.jpg,Coccidiosis,224,224,34476,534ecb47eca28c0a1e81205692e576fa,1136
data/raw/Coccidiosis/cocci.2063.jpg,Coccidiosis,224,224,29052,6d5fd1b652a9b350afe12194d115e69a,1137
data/raw/Coccidiosis/cocci.2064.jpg,Coccidiosis,224,224,26550,5b1655f3c96bdf5e2e2a7c9fe5b1a803,1138
data/raw/Coccidiosis/cocci.2065.jpg,Coccidiosis,224,224,44249,2e0869f9e9c07ccd8f13fb4ebdcf6651,1139
data/raw/Coccidiosis/cocci.2066.jpg,Coccidiosis,224,224,30631,ca9c6ec5dc69dabee63dafe8a6880ae8,1140
data/raw/Coccidiosis/cocci.2067.jpg,Coccidiosis,224,224,31058,2537a46160d39bf7afa9b862f4a7e336,1141
data/raw/Coccidiosis/cocci.2068.jpg,Coccidiosis,224,224,40948,caf81f7485bd85f0a3555940558aa26b,1142
data/raw/Coccidiosis/cocci.2069.jpg,Coccidiosis,224,224,35522,c6d62138208acb271ff12674e50ef05e,1143
data/raw/Coccidiosis/cocci.207.jpg,Coccidiosis,224,224,38856,53331154e8c7c0f12d2860f40c15f661,1144
data/raw/Coccidiosis/cocci.2070.jpg,Coccidiosis,224,224,45427,238c6dfbba3c34343b1cc2c5988a33a2,1145
data/raw/Coccidiosis/cocci.2071.jpg,Coccidiosis,224,224,31842,a4eea6e0da8d50a2dc19056546f64ec8,1146
data/raw/Coccidiosis/cocci.2072.jpg,Coccidiosis,224,224,44226,5847618234ea99f79ebcd936d57eb3b7,1147
data/raw/Coccidiosis/cocci.2073.jpg,Coccidiosis,224,224,37061,22c589a14c3b508a350e75efc40e5948,1148
data/raw/Coccidiosis/cocci.2074.jpg,Coccidiosis,224,224,32577,4d75883eef017a370911dfa7b2109f63,1149
data/raw/Coccidiosis/cocci.2075.jpg,Coccidiosis,224,224,35023,54c485ed79fd4c9abdaf80df8bbc7a0d,1150
data/raw/Coccidiosis/cocci.2076.jpg,Coccidiosis,224,224,29998,79054430bd4101eb40441a9e33f87b69,1151
data/raw/Coccidiosis/cocci.2077.jpg,Coccidiosis,224,224,38464,77c68b9f7c892be9dcb1c74696c30b2a,1152
data/raw/Coccidiosis/cocci.2078.jpg,Coccidiosis,224,224,32938,8714297105c0ea83bad4495090f51608,229
data/raw/Coccidiosis/cocci.2079.jpg,Coccidiosis,224,224,31548,25472780431526e8568ec011d64726f3,1153
data/raw/Coccidiosis/cocci.208.jpg,Coccidiosis,224,224,41461,e244cfbd8a2e0b56b4c0f4c88c6cb5ce,1154
data/raw/Coccidiosis/cocci.2080.jpg,Coccidiosis,224,224,32221,a9426cc2e639dc0123c1da6c9a1505d8,1155
data/raw/Coccidiosis/cocci.2081.jpg,Coccidiosis,224,224,39957,11e1b901e5a0a28613c69986cc3409c0,1156
data/raw/Coccidiosis/cocci.2082.jpg,Coccidiosis,224,224,34925,86f59af050a3455cd17c193c0401f0c9,1157
data/raw/Coccidiosis/cocci.2083.jpg,Coccidiosis,224,224,33424,782749bacea6af1a8b516c6abe5c14c5,1158
data/raw/Coccidiosis/cocci.2084.jpg,Coccidiosis,224,224,33465,e3b78027c6bde647bb94b21a57b3be65,1159
data/raw/Coccidiosis/cocci.2085.jpg,Coccidiosis,224,224,30758,bf1782511afc3575e484d4ed93163198,1120
data/raw/Coccidiosis/cocci.2086.jpg,Coccidiosis,224,224,26735,d7ad696e3a8ca64f71c00e7f2a26dc5f,1160
data/raw/Coccidiosis/cocci.2087.jpg,Coccidiosis,224,224,30265,0d3899dee5f19d1976e9ac94dd8192cb,1161
data/raw/Coccidiosis/cocci.2088.jpg,Coccidiosis,224,224,28036,b406dcd88df18bf44126b81b95a61af9,1162
data/raw/Coccidiosis/cocci.2089.jpg,Coccidiosis,224,224,24651,c98cde641e5da8767d771adb159d060e,1163
data/raw/Coccidiosis/cocci.209.jpg,Coccidiosis,224,224,45457,62cc094e8f323606ca31e38669df7a1b,1164
data/raw/Coccidiosis/cocci.2090.jpg,Coccidiosis,224,224,33533,0e65fca6171b831f5ddd0fa40b77480c,1165
data/raw/Coccidiosis/cocci.2091.jpg,Coccidiosis,224,224,22841,db98f29bb5f98fedfd1fb8cf8125d89f,1166
data/raw/Coccidiosis/cocci.2092.jpg,Coccidiosis,224,224,30096,c2be8e1e1802b6e55d911f9accd7f9d6,1167
data/raw/Coccidiosis/cocci.2093.jpg,Coccidiosis,224,224,28154,6fb6d9ff3c97d41ed9dd7c862e9918b9,992
data/raw/Coccidiosis/cocci.2094.jpg,Coccidiosis,224,224,38035,bacc82fa6cc3e79709ccbab8e5ddea06,1168
data/raw/Coccidiosis/cocci.2095.jpg,Coccidiosis,224,224,21623,d2a4285380725503e9b0a6373e1f8fb4,1169
data/raw/Coccidiosis/cocci.2096.jpg,Coccidiosis,224,224,31902,d701ac2397ecae4d6e2dfee68e8677c6,1170
data/raw/Coccidiosis/cocci.2097.jpg,Coccidiosis,224,224,31657,5b4d883b2cd956ab25cf9361b85ec714,1171
data/raw/Coccidiosis/cocci.2098.jpg,Coccidiosis,224,224,30862,80567debf6bf785d82bc1d4b16984a5b,1172
data/raw/Coccidiosis/cocci.2099.jpg,Coccidiosis,224,224,32636,959e67b5b73a961a44db6d41d842f70a,1173
data/raw/Coccidiosis/cocci.21.jpg,Coccidiosis,224,224,18980,77c67c49b217b9ec39337ff026c6b5a0,1174
data/raw/Coccidiosis/cocci.210.jpg,Coccidiosis,224,224,40825,9048366b8c44b7b3da34e1c21efad823,1175
data/raw/Coccidiosis/cocci.2100.jpg,Coccidiosis,224,224,39997,39a0d9a23c835eca3ad84031eaead6d3,1176
data/raw/Coccidiosis/cocci.2101.jpg,Coccidiosis,224,224,23993,5af815de217e4f3b85908272583ad2a1,1177
data/raw/Coccidiosis/cocci.2102.jpg,Coccidiosis,224,224,30571,995f8f2936f463462456bfcca9c97709,1178
data/raw/Coccidiosis/cocci.211.jpg,Coccidiosis,224,224,40533,d99026c6d82a797bf5deed21b0cf771b,1179
data/raw/Coccidiosis/cocci.212.jpg,Coccidiosis,224,224,29050,da83dd134addd7bfbcfb1cd03f1dfe4c,1180
data/raw/Coccidiosis/cocci.213.jpg,Coccidiosis,224,224,34793,488492be6bd44812f96651d68a117470,1181
data/raw/Coccidiosis/cocci.214.jpg,Coccidiosis,224,224,43468,7903aabe0ea8fc3e86574a8a7fbeda8e,1182
data/raw/Coccidiosis/cocci.215.jpg,Coccidiosis,224,224,29620,7c73c1efd4736b3ec7e666722b71812c,1183
data/raw/Coccidiosis/cocci.216.jpg,Coccidiosis,224,224,44553,6b4c6d052b7f2b984fd9bea5ecc34820,1184
data/raw/Coccidiosis/cocci.217.jpg,Coccidiosis,224,224,22861,e51ba61dfd60a4e947de4c071769c743,1185
data/raw/Coccidiosis/cocci.218.jpg,Coccidiosis,224,224,41436,1321081803090f7f18ab93f47295dae8,349
data/raw/Coccidiosis/cocci.219.jpg,Coccidiosis,224,224,33639,a3893a417e4ddd218994aa82c981810f,1186
data/raw/Coccidiosis/cocci.22.jpg,Coccidiosis,224,224,33780,d860a9d624913ba64c082800aa41b1c8,1187
data/raw/Coccidiosis/cocci.220.jpg,Coccidiosis,224,224,41524,4099dc8a6ab163dfb3e8933b39e27d44,1188
data/raw/Coccidiosis/cocci.221.jpg,Coccidiosis,224,224,33689,d760e19fcb788245f439b587da9ac1ed,1189
data/raw/Coccidiosis/cocci.222.jpg,Coccidiosis,224,224,28559,078ba43dcc6ab1190400c23c5816089d,1190
data/raw/Coccidiosis/cocci.223.jpg,Coccidiosis,224,224,32866,e4d4ee93c4f87a07415cac74c06c450f,492
data/raw/Coccidiosis/cocci.224.jpg,Coccidiosis,224,224,30684,95e1beabd5267d1dd0eed25f4c68ecb6,1191
data/raw/Coccidiosis/cocci.225.jpg,Coccidiosis,224,224,22848,cad7ad8141e69e73240b70466b1f1c2b,1192
data/raw/Coccidiosis/cocci.226.jpg,Coccidiosis,224,224,28486,5580910b6e59878058fad0b9712902a0,510
data/raw/Coccidiosis/cocci.227.jpg,Coccidiosis,224,224,21296,bf5525fd9d0161c3cb48550ab8bb6393,1193
data/raw/Coccidiosis/cocci.228.jpg,Coccidiosis,224,224,36963,9a43a0e1ef37ffe6a85fdba52a621db7,1194
data/raw/Coccidiosis/cocci.229.jpg,Coccidiosis,224,224,29228,a17968d1893059e0b5c42a620bf288f4,829
data/raw/Coccidiosis/cocci.23.jpg,Coccidiosis,224,224,33140,1d08d101de72940be24527f12eb844cd,1195
data/raw/Coccidiosis/cocci.230.jpg,Coccidiosis,224,224,32216,b0df1c9531df42b6095103d60bcd686f,1196
data/raw/Coccidiosis/cocci.231.jpg,Coccidiosis,224,224,35235,0a0dba49595c834f8fa93cb1716e27d4,1197
data/raw/Coccidiosis/cocci.232.jpg,Coccidiosis,224,224,29111,fa3f532a033864d8089a659eced329ea,1198
data/raw/Coccidiosis/cocci.233.jpg,Coccidiosis,224,224,29253,e32580230127629417f3594406c8165d,1199
data/raw/Coccidiosis/cocci.234.jpg,Coccidiosis,224,224,20519,5e6e481f4b4c9c3aa883c9db5144f5e2,867
data/raw/Coccidiosis/cocci.235.jpg,Coccidiosis,224,224,36781,0d12efc0d1b343181ac00a947c6d4474,1200
data/raw/Coccidiosis/cocci.236.jpg,Coccidiosis,224,224,31759,9977d869876571d88ec7d3171e5a4b9d,1201
data/raw/Coccidiosis/cocci.237.jpg,Coccidiosis,224,224,28203,f4bc47eae5905d010c3df40abb35df47,1202
data/raw/Coccidiosis/cocci.238.jpg,Coccidiosis,224,224,41468,930254a0c9b7576817077eb1a92f6e9e,1203
data/raw/Coccidiosis/cocci.239.jpg,Coccidiosis,224,224,39934,b8dc4132b64309979dce539a259fa784,1204
data/raw/Coccidiosis/cocci.24.jpg,Coccidiosis,224,224,36634,4f7cc7b89b2e2a2f814d3c239b9ac17f,1205
data/raw/Coccidiosis/cocci.240.jpg,Coccidiosis,224,224,39842,eb5fe7f3fffc07115c3c2ce67998f555,343
data/raw/Coccidiosis/cocci.241.jpg,Coccidiosis,224,224,35426,f6d79f7f0cf5b049cc9258b6aeab8b71,1206
data/raw/Coccidiosis/cocci.242.jpg,Coccidiosis,224,224,37393,1ade7d7e7064693ff37ac0ec29e69897,1207
data/raw/Coccidiosis/cocci.243.jpg,Coccidiosis,224,224,25622,f9fe18bc1cce6540deec1d6850ab9ce0,1208
data/raw/Coccidiosis/cocci.244.jpg,Coccidiosis,224,224,29088,7c969f92ced08f86cf49146f4c28c5d6,1209
data/raw/Coccidiosis/cocci.245.jpg,Coccidiosis,224,224,30657,4519b3027d60f212926bcef5b7cb009b,165
data/raw/Coccidiosis/cocci.246.jpg,Coccidiosis,224,224,33251,772aac4d164112a41c1dcf7f9214cace,1210
data/raw/Coccidiosis/cocci.247.jpg,Coccidiosis,224,224,25314,bf3136c1f3f914a2335cee8caec4fb4f,268
data/raw/Coccidiosis/cocci.248.jpg,Coccidiosis,224,224,24310,608e9fe39af0eaca432dca14a5443a04,1211
data/raw/Coccidiosis/cocci.249.jpg,Coccidiosis,224,224,37041,6861a8f9fb014bf95a1d2518c1117b91,1212
data/raw/Coccidiosis/cocci.25.jpg,Coccidiosis,224,224,43079,c8dd1f3018375738c33335dda34d2ca2,1213
data/raw/Coccidiosis/cocci.250.jpg,Coccidiosis,224,224,44504,e9783a89a5efa84711bce4041ef0318c,1036
data/raw/Coccidiosis/cocci.251.jpg,Coccidiosis,224,224,24305,20abd97d782e32e6f069266a6cab581d,1214
data/raw/Coccidiosis/cocci.252.jpg,Coccidiosis,224,224,39106,f83b4ef78ad6fa9e050f55469b46bcb2,1215
data/raw/Coccidiosis/cocci.253.jpg,Coccidiosis,224,224,34777,39efe63a2677ca2a1bb0df6bfa292c49,1216
data/raw/Coccidiosis/cocci.254.jpg,Coccidiosis,224,224,35712,e8c6851f0acff0796e6ea808ca0226bd,1217
data/raw/Coccidiosis/cocci.255.jpg,Coccidiosis,224,224,31144,de5f8f85b4b2e57558baddcf803dcfd4,1218
data/raw/Coccidiosis/cocci.256.jpg,Coccidiosis,224,224,26278,43fa81c95ace48583d0e67e8768fc50c,1219
data/raw/Coccidiosis/cocci.257.jpg,Coccidiosis,224,224,28798,07a525d6dfcaf2dce5b24525e582e44d,1220
data/raw/Coccidiosis/cocci.258.jpg,Coccidiosis,224,224,36197,297ceeb19f5911466f22ee8598939e61,1221
data/raw/Coccidiosis/cocci.259.jpg,Coccidiosis,224,224,29862,31c49cb284a9903d6bd30fd06385b1f8,1222
data/raw/Coccidiosis/cocci.26.jpg,Coccidiosis,224,224,41343,f9dacef24ce9055066a047364d861e72,1223
data/raw/Coccidiosis/cocci.260.jpg,Coccidiosis,224,224,18822,8b53f821f7d23574990efcce6b0c6364,1224
data/raw/Coccidiosis/cocci.261.jpg,Coccidiosis,224,224,45651,fc1bc25775d478521bc6f4dcc34d66f0,1225
data/raw/Coccidiosis/cocci.262.jpg,Coccidiosis,224,224,34209,7c524c1d44ef933ef0cff7b9ab06156c,1226
data/raw/Coccidiosis/cocci.263.jpg,Coccidiosis,224,224,26330,a4f9d164780d3a01ce32ede54fb8dcdb,1227
data/raw/Coccidiosis/cocci.264.jpg,Coccidiosis,224,224,33680,782552b461e7acd28064c1384051e386,1228
data/raw/Coccidiosis/cocci.265.jpg,Coccidiosis,224,224,37973,240af205e64614c5822e255709219dd8,1229
data/raw/Coccidiosis/cocci.266.jpg,Coccidiosis,224,224,38561,6cb6841d5d0f4aae71306872c42a63d4,1230
data/raw/Coccidiosis/cocci.267.jpg,Coccidiosis,224,224,36747,c1b49496d641d0a18419320efd40a273,1231
data/raw/Coccidiosis/cocci.268.jpg,Coccidiosis,224,224,35030,e9718b5e1670c8ee47b392f3e9933c30,1232
data/raw/Coccidiosis/cocci.269.jpg,Coccidiosis,224,224,39801,f813a3beddc20ceb445d7feaef9ec6e0,1233
data/raw/Coccidiosis/cocci.27.jpg,Coccidiosis,224,224,32205,138bd5d4caba06bd365681cecd818da0,1234
data/raw/Coccidiosis/cocci.270.jpg,Coccidiosis,224,224,27826,6b750ba4e152326814ea85664a4ea94d,1235
data/raw/Coccidiosis/cocci.271.jpg,Coccidiosis,224,224,27738,155c49bc074982cc27427ad7216f150b,1236
data/raw/Coccidiosis/cocci.272.jpg,Coccidiosis,224,224,33720,609373152332d8a8817c43d54fd33da2,1237
data/raw/Coccidiosis/cocci.273.jpg,Coccidiosis,224,224,42157,62f21adda96203962b78d67883efb49a,1238
data/raw/Coccidiosis/cocci.274.jpg,Coccidiosis,224,224,26717,19a7a3060ad9d806bec7c8aad3244818,1239
data/raw/Coccidiosis/cocci.275.jpg,Coccidiosis,224,224,35880,b17317678ecf9f93d53daa19b4957a06,1240
data/raw/Coccidiosis/cocci.276.jpg,Coccidiosis,224,224,43193,eb6c10cca0c811da332635a501ab700e,1241
data/raw/Coccidiosis/cocci.277.jpg,Coccidiosis,224,224,32724,d998eaea1f17a44c70da7db873dc0f0a,1242
data/raw/Coccidiosis/cocci.278.jpg,Coccidiosis,224,224,31710,63717ad6495beef707a5f25c354ff1e8,733
data/raw/Coccidiosis/cocci.279.jpg,Coccidiosis,224,224,19188,1e55e2a90f3997e1bd20a42907034642,1243
data/raw/Coccidiosis/cocci.28.jpg,Coccidiosis,224,224,42119,a7fabb63aa8759d7835cabaf748c6674,1244
data/raw/Coccidiosis/cocci.280.jpg,Coccidiosis,224,224,19139,f1f746042005fb58f51c97579611d4c4,1245
data/raw/Coccidiosis/cocci.281.jpg,Coccidiosis,224,224,41734,158d47a84a9e56f1bc1909c31aae578e,1246
data/raw/Coccidiosis/cocci.282.jpg,Coccidiosis,224,224,38664,82a45ae570f55348578c662f0a1c4033,1247
data/raw/Coccidiosis/cocci.283.jpg,Coccidiosis,224,224,39536,85fbd7696d4b09a81c430543dc21866b,1248
data/raw/Coccidiosis/cocci.284.jpg,Coccidiosis,224,224,38198,fe6dd66f983c3bc721db15d73f774507,1249
data/raw/Coccidiosis/cocci.285.jpg,Coccidiosis,224,224,36997,f9d3ba7f2287ae6b02edea3a910e180a,1250
data/raw/Coccidiosis/cocci.286.jpg,Coccidiosis,224,224,32728,52205c401fdc747f7d1890276e2c61a5,1251
data/raw/Coccidiosis/cocci.287.jpg,Coccidiosis,224,224,38864,e3022d29929fd81971b25628295e3c81,1014
data/raw/Coccidiosis/cocci.288.jpg,Coccidiosis,224,224,26265,b22ff55ef42238aef9220e7ca1035a1e,1252
data/raw/Coccidiosis/cocci.289.jpg,Coccidiosis,224,224,37987,41e24ef66dc8f34461b0e09b6a229753,1253
data/raw/Coccidiosis/cocci.29.jpg,Coccidiosis,224,224,34783,081aabb3936a5bbfe1ab309c65b2ebd3,1254
data/raw/Coccidiosis/cocci.290.jpg,Coccidiosis,224,224,35173,e84d4f69918262865e433be835b5b6c9,1255
data/raw/Coccidiosis/cocci.291.jpg,Coccidiosis,224,224,32670,51b0ea7ed18a8a5b2e91ec08087530ce,1256
data/raw/Coccidiosis/cocci.292.jpg,Coccidiosis,224,224,26603,a830021ec37f421f05de2e9b6f8893be,1257
data/raw/Coccidiosis/cocci.293.jpg,Coccidiosis,224,224,33115,f17e4e664ffd0d6200f3b0dc5411858c,1258
data/raw/Coccidiosis/cocci.294.jpg,Coccidiosis,224,224,37093,7f6083fde848085d16f3aeba094714bd,1259
data/raw/Coccidiosis/cocci.295.jpg,Coccidiosis,224,224,44813,dc777d8af225ed0158dbd206edcf31c1,1260
data/raw/Coccidiosis/cocci.296.jpg,Coccidiosis,224,224,29893,07efe9e13909b40c91d7ae40b793e95f,1261
data/raw/Coccidiosis/cocci.297.jpg,Coccidiosis,224,224,40686,9695b20b1416853b30a92d300ed3fca0,1262
data/raw/Coccidiosis/cocci.298.jpg,Coccidiosis,224,224,34602,568336d1b56df2fe97d54e42d9e5c6e6,1263
data/raw/Coccidiosis/cocci.299.jpg,Coccidiosis,224,224,43612,5968548f73f0360b25543c8f8c7d5b71,1264
data/raw/Coccidiosis/cocci.3.jpg,Coccidiosis,224,224,34937,225d528eddec20c310790a9d034bb401,1265
data/raw/Coccidiosis/cocci.30.jpg,Coccidiosis,224,224,41936,7126c4a7d5f64a527473b5bd51ab24de,1266
data/raw/Coccidiosis/cocci.300.jpg,Coccidiosis,224,224,23487,144d742bb85d3c870502da311442dcbe,1267
data/raw/Coccidiosis/cocci.301.jpg,Coccidiosis,224,224,27057,0ca817d23e10eebc305bc496951493a8,1268
data/raw/Coccidiosis/cocci.302.jpg,Coccidiosis,224,224,32553,6f62e8ede025ee766960d765a2e9b3fd,1269
data/raw/Coccidiosis/cocci.303.jpg,Coccidiosis,224,224,37695,e371f6d2098c5803473f987d1eccab6a,1270
data/raw/Coccidiosis/cocci.304.jpg,Coccidiosis,224,224,32512,ed4b9abec9d3823e9b8475b6410e9a39,1271
data/raw/Coccidiosis/cocci.305.jpg,Coccidiosis,224,224,27209,b55374a598a920ba3e18a05bfc8352d7,1272
data/raw/Coccidiosis/cocci.306.jpg,Coccidiosis,224,224,44991,787a671d8bdb0cd548587569ba0dcb1b,1273
data/raw/Coccidiosis/cocci.307.jpg,Coccidiosis,224,224,28852,b3e91929cfd48c6c537ce2f433fafa14,1274
data/raw/Coccidiosis/cocci.308.jpg,Coccidiosis,224,224,26595,a6c1b56109834fd10ae8ec4b32ff23a4,1275
data/raw/Coccidiosis/cocci.309.jpg,Coccidiosis,224,224,32697,59c91b1410302363c9734148dbe09d3c,759
data/raw/Coccidiosis/cocci.31.jpg,Coccidiosis,224,224,29038,8dd8fcfd7627a5c75dca3437ca0aca1e,1276
data/raw/Coccidiosis/cocci.310.jpg,Coccidiosis,224,224,33908,b023645c878dfb5af1bd14ef1b5371d2,1000
data/raw/Coccidiosis/cocci.311.jpg,Coccidiosis,224,224,29555,63abca88496f2d8940c8c6836293b080,1277
data/raw/Coccidiosis/cocci.312.jpg,Coccidiosis,224,224,26314,427b67c58042a3931af0e560fd822537,1278
data/raw/Coccidiosis/cocci.313.jpg,Coccidiosis,224,224,32002,4d705c4a9b2189c30c1971515ffa2eb2,1279
data/raw/Coccidiosis/cocci.314.jpg,Coccidiosis,224,224,37051,48e5426ca7fc8178e649705232a80a25,1280
data/raw/Coccidiosis/cocci.315.jpg,Coccidiosis,224,224,31659,08e44242146e7bcd2697c89ed3b1a915,1281
data/raw/Coccidiosis/cocci.316.jpg,Coccidiosis,224,224,37948,e57065c3d93fd8fe0323ae4599f1360a,1282
data/raw/Coccidiosis/cocci.317.jpg,Coccidiosis,224,224,44023,9932cc19367d086780f5e9982fec088d,1283
data/raw/Coccidiosis/cocci.318.jpg,Coccidiosis,224,224,36863,5fa5d431ef926859d7176e149d062e22,1284
data/raw/Coccidiosis/cocci.319.jpg,Coccidiosis,224,224,29705,68913284dc9e6051e746159f69132863,1285
data/raw/Coccidiosis/cocci.32.jpg,Coccidiosis,224,224,37523,f60242a31fd5a08bacf69d54aad50075,1286
data/raw/Coccidiosis/cocci.320.jpg,Coccidiosis,224,224,37613,c83eb620ca5416761b208ea9ebec2368,1287
data/raw/Coccidiosis/cocci.321.jpg,Coccidiosis,224,224,29534,ecc0717cc52408d97ff2f2380cbef153,1288
data/raw/Coccidiosis/cocci.322.jpg,Coccidiosis,224,224,32292,80d95763db499ab04ddd010c887e9861,1289
data/raw/Coccidiosis/cocci.323.jpg,Coccidiosis,224,224,35399,2d41de5979d9c85aef9afae35ab296f8,1290
data/raw/Coccidiosis/cocci.324.jpg,Coccidiosis,224,224,32292,766a283b47993e9eb61fdf2131534a91,1291
data/raw/Coccidiosis/cocci.325.jpg,Coccidiosis,224,224,21725,192a82d4f3faa4b5e8495eef33f38ec7,1292
data/raw/Coccidiosis/cocci.326.jpg,Coccidiosis,224,224,16730,e1c9248620b636c282a5ac5c63430f93,1293
data/raw/Coccidiosis/cocci.327.jpg,Coccidiosis,224,224,36992,221f76e59258b7894b85305ce57c6ba9,950
data/raw/Coccidiosis/cocci.328.jpg,Coccidiosis,224,224,36631,8e02feca058066d4527958c41bbfc514,1294
data/raw/Coccidiosis/cocci.329.jpg,Coccidiosis,224,224,33069,7c20df0b33a5092c9e41816157bc6a33,1295
data/raw/Coccidiosis/cocci.33.jpg,Coccidiosis,224,224,36281,aee18f858b7d000db7c9f63ffdc72a12,391
data/raw/Coccidiosis/cocci.330.jpg,Coccidiosis,224,224,44728,5645332ac50e020cfd8597cb096f6f4d,1296
data/raw/Coccidiosis/cocci.331.jpg,Coccidiosis,224,224,38510,a9519bb23597026b7058b5ba1bff0c28,1297
data/raw/Coccidiosis/cocci.332.jpg,Coccidiosis,224,224,35677,5584a9392a8a8e52583591d461fbafcc,1298
data/raw/Coccidiosis/cocci.333.jpg,Coccidiosis,224,224,40860,60369a66493704424b1da3c738ede427,1299
data/raw/Coccidiosis/cocci.334.jpg,Coccidiosis,224,224,22290,87541b2ec614d8c9bf95b35128209164,1300
data/raw/Coccidiosis/cocci.335.jpg,Coccidiosis,224,224,26354,be5b0b4e439ae7e29eec6ed7b8be7ab4,1301
data/raw/Coccidiosis/cocci.336.jpg,Coccidiosis,224,224,24773,28863e60dae8a0adc07e2c9e26551ce7,1302
data/raw/Coccidiosis/cocci.337.jpg,Coccidiosis,224,224,42276,eaad070ef5d76158770d61904e77fd60,1303
data/raw/Coccidiosis/cocci.338.jpg,Coccidiosis,224,224,28374,f4e31f9995d65a93c2b89f889d934346,1304
data/raw/Coccidiosis/cocci.339.jpg,Coccidiosis,224,224,35620,bdc29b24356fb524a71b0afca4f83dd1,1305
data/raw/Coccidiosis/cocci.34.jpg,Coccidiosis,224,224,38977,dc0009a08f3aadb9f33bbb1e1a8a892f,1306
data/raw/Coccidiosis/cocci.340.jpg,Coccidiosis,224,224,40533,2395043fb5f9d620ef550020bada8345,1307
data/raw/Coccidiosis/cocci.341.jpg,Coccidiosis,224,224,32421,cb272f008ebee9bad3a595530ede3e45,671
data/raw/Coccidiosis/cocci.342.jpg,Coccidiosis,224,224,36650,6d1a6e4eb453398a81aef8e33fa1a4f7,1308
data/raw/Coccidiosis/cocci.343.jpg,Coccidiosis,224,224,41786,2476a66e110c0f6b141988cd702de923,1309
data/raw/Coccidiosis/cocci.344.jpg,Coccidiosis,224,224,22494,5bc7299df0dd95a50539bacbabd3c85a,1310
data/raw/Coccidiosis/cocci.345.jpg,Coccidiosis,224,224,32512,3d34b6e63fe79e97f5585df983ec947e,1311
data/raw/Coccidiosis/cocci.346.jpg,Coccidiosis,224,224,32440,ca187085dc50790ed923f5805e0f4bb4,1312
data/raw/Coccidiosis/cocci.347.jpg,Coccidiosis,224,224,20593,a873759a5bbe32f960d9a7a2bcf98fea,1313
data/raw/Coccidiosis/cocci.348.jpg,Coccidiosis,224,224,32090,2b55504ecf0a01579776b8f5bed9cc08,1314
data/raw/Coccidiosis/cocci.349.jpg,Coccidiosis,224,224,34159,26fa3f404e232e37e751fb8dfd1f9d51,1315
data/raw/Coccidiosis/cocci.35.jpg,Coccidiosis,224,224,22156,4b147d0c19846744e9afac134d380b3a,1316
data/raw/Coccidiosis/cocci.350.jpg,Coccidiosis,224,224,43060,76ffbd2b03c1babe4010eb03c5bc5b3e,1317
data/raw/Coccidiosis/cocci.351.jpg,Coccidiosis,224,224,35534,61ac5c3e7c2b9a9b5a9fffe02fa02a6f,1318
data/raw/Coccidiosis/cocci.352.jpg,Coccidiosis,224,224,30511,6838529763ccc67f91894a17dff621ad,1319
data/raw/Coccidiosis/cocci.353.jpg,Coccidiosis,224,224,41983,62bdaf819f2a08c99974a4ce1eda89b6,1320
data/raw/Coccidiosis/cocci.354.jpg,Coccidiosis,224,224,32933,96c9a9b0d04b43b2a925ce8bbf1588bf,1321
data/raw/Coccidiosis/cocci.355.jpg,Coccidiosis,224,224,32635,43203c47e5afe35a3aefc8823e171453,1322
data/raw/Coccidiosis/cocci.356.jpg,Coccidiosis,224,224,30107,6e5ddf83e7c349a2b1be9a49db18ad17,1323
data/raw/Coccidiosis/cocci.357.jpg,Coccidiosis,224,224,22606,398832284c4c4b2c7231c4133e13c245,1324
data/raw/Coccidiosis/cocci.358.jpg,Coccidiosis,224,224,24174,bd9c2961d517a65dc7e9c47351285d59,1325
data/raw/Coccidiosis/cocci.359.jpg,Coccidiosis,224,224,29672,4e1770df5f60775cb88b8b55819a89d1,1326
data/raw/Coccidiosis/cocci.36.jpg,Coccidiosis,224,224,30245,bbb3fe5ad62139a7aeac6060be6aa1e2,1058
data/raw/Coccidiosis/cocci.360.jpg,Coccidiosis,224,224,33671,70f0b941fd872e7c4f9fc9b1bae0d14c,1327
data/raw/Coccidiosis/cocci.361.jpg,Coccidiosis,224,224,35276,cc07c3a84a5d6ed45965d485b29fd838,1328
data/raw/Coccidiosis/cocci.362.jpg,Coccidiosis,224,224,30548,5c4072f8261e741e804243a32d99a090,1329
data/raw/Coccidiosis/cocci.363.jpg,Coccidiosis,224,224,36655,b8fd4bf1032dfd62600675c34ff93d1a,1330
data/raw/Coccidiosis/cocci.364.jpg,Coccidiosis,224,224,36022,5776a2d589e851bb55b328b4c8545aaf,1331
data/raw/Coccidiosis/cocci.365.jpg,Coccidiosis,224,224,36953,4a679370f044c7cf195f2f29be0764bb,976
data/raw/Coccidiosis/cocci.366.jpg,Coccidiosis,224,224,30047,a824cae9354173c300dd359f13e8fdfb,1332
data/raw/Coccidiosis/cocci.367.jpg,Coccidiosis,224,224,33148,b950495b4769dab14e163b3feed57e66,1333
data/raw/Coccidiosis/cocci.368.jpg,Coccidiosis,224,224,28908,2de0ec412829f4378ffb113f15ff4289,1334
data/raw/Coccidiosis/cocci.369.jpg,Coccidiosis,224,224,35661,4b7955265cfa113420631048d905f333,1335
data/raw/Coccidiosis/cocci.37.jpg,Coccidiosis,224,224,34783,081aabb3936a5bbfe1ab309c65b2ebd3,1254
data/raw/Coccidiosis/cocci.370.jpg,Coccidiosis,224,224,38981,bbfa96b83745d74450a5f3ef443a3c56,1336
data/raw/Coccidiosis/cocci.371.jpg,Coccidiosis,224,224,28708,989f81d21aef8982053dae31f4981df6,1337
data/raw/Coccidiosis/cocci.372.jpg,Coccidiosis,224,224,36622,c5d8d329e4501c1593ad2dfbbe1617a6,1338
data/raw/Coccidiosis/cocci.373.jpg,Coccidiosis,224,224,36067,230142fe79076d355eded8f673a4084d,1339
data/raw/Coccidiosis/cocci.374.jpg,Coccidiosis,224,224,32012,15e8e3a5369e54f3fa51ee5d0e7f6f5e,1340
data/raw/Coccidiosis/cocci.375.jpg,Coccidiosis,224,224,39392,74f2cacc8418e2e0820d01585b51c625,1341
data/raw/Coccidiosis/cocci.376.jpg,Coccidiosis,224,224,22707,d93f3dd81c184ff182c198962690a228,1342
data/raw/Coccidiosis/cocci.377.jpg,Coccidiosis,224,224,18293,63a5b58ef940f4fa34743da6689a683a,1343
data/raw/Coccidiosis/cocci.378.jpg,Coccidiosis,224,224,19483,0979159a08cedab1a6ae386547ed0d49,1344
data/raw/Coccidiosis/cocci.379.jpg,Coccidiosis,224,224,28020,32e9a58ea28fa97c47574aca168a4cdf,1345
data/raw/Coccidiosis/cocci.38.jpg,Coccidiosis,224,224,33408,d6f8721c174692c973e2e528d4d069c0,1346
data/raw/Coccidiosis/cocci.380.jpg,Coccidiosis,224,224,30755,7d273676c9e3c54770be926ffa0110cb,1347
data/raw/Coccidiosis/cocci.381.jpg,Coccidiosis,224,224,32311,968498b2fef7c1dc528a67cfa0155dd2,1348
data/raw/Coccidiosis/cocci.382.jpg,Coccidiosis,224,224,23691,4576416da3a5becafc0ab2c3bc47fff4,1349
data/raw/Coccidiosis/cocci.383.jpg,Coccidiosis,224,224,30382,88c1701a2ef74d37de4704a6ebf6eea4,1350
data/raw/Coccidiosis/cocci.384.jpg,Coccidiosis,224,224,28329,b0f8220196ce3be083e3f2e9da1c7292,1351
data/raw/Coccidiosis/cocci.385.jpg,Coccidiosis,224,224,35293,be2895a065455ce376648346540dcc65,1352
data/raw/Coccidiosis/cocci.386.jpg,Coccidiosis,224,224,26338,265c5c781feceb9338087eff1dcf002d,1353
data/raw/Coccidiosis/cocci.387.jpg,Coccidiosis,224,224,26735,d7ad696e3a8ca64f71c00e7f2a26dc5f,1160
data/raw/Coccidiosis/cocci.388.jpg,Coccidiosis,224,224,38700,8136f020b81956888e819ff161daf046,1354
data/raw/Coccidiosis/cocci.389.jpg,Coccidiosis,224,224,23802,9f9e4f9f042b14ca3a961afadb509ffa,1355
data/raw/Coccidiosis/cocci.39.jpg,Coccidiosis,224,224,21884,8bba83537605489823184f52995da9c8,1356
data/raw/Coccidiosis/cocci.390.jpg,Coccidiosis,224,224,25524,be329c80d3d3b28ee4f00415d0cf9fd4,1357
data/raw/Coccidiosis/cocci.391.jpg,Coccidiosis,224,224,24322,c4275442ce42deb6bf94f25be7e37441,1358
data/raw/Coccidiosis/cocci.392.jpg,Coccidiosis,224,224,32602,4d849e1150336603184506bb30adbd06,1359
data/raw/Coccidiosis/cocci.393.jpg,Coccidiosis,224,224,30694,a62efe93b0db24f534901913818da135,1360
data/raw/Coccidiosis/cocci.394.jpg,Coccidiosis,224,224,36633,c63074b49a4ac6975e187bea57e3f264,12
data/raw/Coccidiosis/cocci.395.jpg,Coccidiosis,224,224,31277,8c6f65bec5f268ec4626490f32053851,1361
data/raw/Coccidiosis/cocci.396.jpg,Coccidiosis,224,224,31096,fab1f1e5d3aacfb085f9bfe53e377837,1362
data/raw/Coccidiosis/cocci.397.jpg,Coccidiosis,224,224,43870,8f534af3cfdf089fd309784796b62863,1363
data/raw/Coccidiosis/cocci.398.jpg,Coccidiosis,224,224,35446,cad31a3eccecf2b5d9a86c3330f27ca6,1364
data/raw/Coccidiosis/cocci.399.jpg,Coccidiosis,224,224,36716,2a9c714128961c30f8294d752ebe9ef6,1365
data/raw/Coccidiosis/cocci.4.jpg,Coccidiosis,224,224,32838,c7b63c6a7129dd8357a5c757c948e235,1366
data/raw/Coccidiosis/cocci.40.jpg,Coccidiosis,224,224,36054,45e790fc9e1a25ff4b58276a1333dfc6,1367
data/raw/Coccidiosis/cocci.400.jpg,Coccidiosis,224,224,32451,0ed41d7e036f5ec695a8538fa45754c3,1368
data/raw/Coccidiosis/cocci.401.jpg,Coccidiosis,224,224,31735,fc4a41f63b797a6f23923a7649c7b31b,1369
data/raw/Coccidiosis/cocci.402.jpg,Coccidiosis,224,224,42347,61011b5604c0fc93a2d965eeeedc08ba,1370
data/raw/Coccidiosis/cocci.403.jpg,Coccidiosis,224,224,45402,7af5fbf56b61722f2abf830a299a187d,1371
data/raw/Coccidiosis/cocci.404.jpg,Coccidiosis,224,224,27899,afab850403b2ca1800c7055995ab9e10,1372
data/raw/Coccidiosis/cocci.405.jpg,Coccidiosis,224,224,24874,8618486c1fe47b386f8ebedf7de72881,1373
data/raw/Coccidiosis/cocci.406.jpg,Coccidiosis,224,224,44032,3ceeba154e9a7b10fa004aff48d71b7e,1374
data/raw/Coccidiosis/cocci.407.jpg,Coccidiosis,224,224,36500,ef0e7ba6616ba0e9481d7716fcd362bb,1375
data/raw/Coccidiosis/cocci.408.jpg,Coccidiosis,224,224,38446,9c37140adfb6e78cb63c49819c3c75d0,1376
data/raw/Coccidiosis/cocci.409.jpg,Coccidiosis,224,224,26056,3d5fbec92dc821c2b5d7726ac3a28375,1377
data/raw/Coccidiosis/cocci.41.jpg,Coccidiosis,224,224,36530,35e08cdcb89edce1a62fe3932c604c04,1378
data/raw/Coccidiosis/cocci.410.jpg,Coccidiosis,224,224,27372,1e2e3f446ba12f68e2cf4d102b4aaa52,1379
data/raw/Coccidiosis/cocci.411.jpg,Coccidiosis,224,224,23741,648b14838d544ee37ac403f4c3fb4930,1380
data/raw/Coccidiosis/cocci.412.jpg,Coccidiosis,224,224,34063,20e06956677c46b9194172caad4111e1,1381
data/raw/Coccidiosis/cocci.413.jpg,Coccidiosis,224,224,36126,ec544a17776e66a5c4087a6abf275b43,1382
data/raw/Coccidiosis/cocci.414.jpg,Coccidiosis,224,224,37253,aee4c783aff8d69a716eae7a2cefdee5,1383
data/raw/Coccidiosis/cocci.415.jpg,Coccidiosis,224,224,21566,d20f22ece757215b51b06fed531a9311,801
data/raw/Coccidiosis/cocci.416.jpg,Coccidiosis,224,224,40599,c14c4c122c89faa0f280aa273c0fc5a7,127
data/raw/Coccidiosis/cocci.417.jpg,Coccidiosis,224,224,46324,e46480b56bd7c11cab325cd36ee1ea07,1384
data/raw/Coccidiosis/cocci.418.jpg,Coccidiosis,224,224,40347,18cd3932aeeb43ec486fcc119fab7c19,1102
data/raw/Coccidiosis/cocci.419.jpg,Coccidiosis,224,224,29549,8f91a7445386e7bc75a2bd87d59c6988,1385
data/raw/Coccidiosis/cocci.42.jpg,Coccidiosis,224,224,22443,d891c536ea6d0c5b209ca51ee4db7135,1386
data/raw/Coccidiosis/cocci.420.jpg,Coccidiosis,224,224,29665,dfcb5e58015e223f2c9de05bcb7a825c,757
data/raw/Coccidiosis/cocci.421.jpg,Coccidiosis,224,224,26096,5829e7f7b87c8296ae05f38056c773b0,1387
data/raw/Coccidiosis/cocci.422.jpg,Coccidiosis,224,224,21658,02b846ffee5e833bd09f2dffbd04aa07,1388
data/raw/Coccidiosis/cocci.423.jpg,Coccidiosis,224,224,33123,517fd093688f6d7315bd28b7d0cdb035,1389
data/raw/Coccidiosis/cocci.424.jpg,Coccidiosis,224,224,37495,3d0fefcc403852b704c747328b2c0dc1,1390
data/raw/Coccidiosis/cocci.425.jpg,Coccidiosis,224,224,23653,85cb24997782b537a9c770e05983203d,1391
data/raw/Coccidiosis/cocci.426.jpg,Coccidiosis,224,224,17040,ca0fa2d59b35d6267ff48450c08ec922,1392
data/raw/Coccidiosis/cocci.427.jpg,Coccidiosis,224,224,29395,071e7c6d71ac82e4687f392e4bc9200f,1393
data/raw/Coccidiosis/cocci.428.jpg,Coccidiosis,224,224,43822,97bc3f05d650bd279b7d49fb37a3153a,1394
data/raw/Coccidiosis/cocci.429.jpg,Coccidiosis,224,224,32777,28aee17e9f74249316eefd587ebda7ef,1395
data/raw/Coccidiosis/cocci.43.jpg,Coccidiosis,224,224,20073,7b54e21440283f2ba4d3aa0a683bb03b,1396
data/raw/Coccidiosis/cocci.430.jpg,Coccidiosis,224,224,34961,0eb33e29c431c539aa8c74bac3f779dc,1397
data/raw/Coccidiosis/cocci.431.jpg,Coccidiosis,224,224,31730,9c665b6e28ea772ff429ec1f2716441c,1398
data/raw/Coccidiosis/cocci.432.jpg,Coccidiosis,224,224,34215,9e6089e182eccff33ba0e8f60daa5eef,1399
data/raw/Coccidiosis/cocci.433.jpg,Coccidiosis,224,224,39745,30d1d0a8db1fc89d70315369e0a8f105,555
data/raw/Coccidiosis/cocci.434.jpg,Coccidiosis,224,224,26249,b7c492597d72d2da22034c84ad2b09ff,1400
data/raw/Coccidiosis/cocci.435.jpg,Coccidiosis,224,224,34959,1fcd83c1fe0c57362db477749a558fcd,1401
data/raw/Coccidiosis/cocci.436.jpg,Coccidiosis,224,224,20440,e0e92a197760e64c37fb0d71c411d3c8,1402
data/raw/Coccidiosis/cocci.437.jpg,Coccidiosis,224,224,34929,ac139865a16318da0f77cfb9060495a9,1403
data/raw/Coccidiosis/cocci.438.jpg,Coccidiosis,224,224,37658,8a689120c341fdd01046a7a95716a765,1404
data/raw/Coccidiosis/cocci.439.jpg,Coccidiosis,224,224,38565,8fade3152425fc379b7ef1f2843c1de5,1405
data/raw/Coccidiosis/cocci.44.jpg,Coccidiosis,224,224,42743,a8e647512c79480923ee4b5ea983f7b9,1406
data/raw/Coccidiosis/cocci.440.jpg,Coccidiosis,224,224,36216,12354d5970239b933407ca1640e2373d,1407
data/raw/Coccidiosis/cocci.441.jpg,Coccidiosis,224,224,27796,766dbce043357ccc65d3b3100ba13105,1408
data/raw/Coccidiosis/cocci.442.jpg,Coccidiosis,224,224,24501,26e5e7bcd2920fd8cbbd6258938b66bd,1409
data/raw/Coccidiosis/cocci.443.jpg,Coccidiosis,224,224,32709,207165b4ed9584b94e8b950e2b09d9df,1410
data/raw/Coccidiosis/cocci.444.jpg,Coccidiosis,224,224,36838,c1315fbd0ea5327fc098c3cd83ca8fe7,1411
data/raw/Coccidiosis/cocci.445.jpg,Coccidiosis,224,224,44594,061daaaa27d63a11d387d07ff0bdba55,1412
data/raw/Coccidiosis/cocci.446.jpg,Coccidiosis,224,224,30734,cd6287b44ed678e9c1937c8abde05cc3,469
data/raw/Coccidiosis/cocci.447.jpg,Coccidiosis,224,224,18479,3f3cbad4dc2183ff9990e2e593000513,1413
data/raw/Coccidiosis/cocci.448.jpg,Coccidiosis,224,224,41136,a3889f0494eedf911245c722d2b103ac,1414
data/raw/Coccidiosis/cocci.449.jpg,Coccidiosis,224,224,35728,612df2553c284ed7b62718760e07189b,1415
data/raw/Coccidiosis/cocci.45.jpg,Coccidiosis,224,224,42935,24d29e160b2efd8d8586b8c272a3d335,96
data/raw/Coccidiosis/cocci.450.jpg,Coccidiosis,224,224,23759,32c6b3d7dee3c8f2f3a04a79e5262805,1416
data/raw/Coccidiosis/cocci.451.jpg,Coccidiosis,224,224,38877,d836f81dd5e39fc8f6ff26a15d848e06,1417
data/raw/Coccidiosis/cocci.452.jpg,Coccidiosis,224,224,24631,76310275203ad0339286cb2ca31b0ede,1418
data/raw/Coccidiosis/cocci.453.jpg,Coccidiosis,224,224,25302,70ca31191877b9f752251c64ec40333a,1419
data/raw/Coccidiosis/cocci.454.jpg,Coccidiosis,224,224,31719,63ad4acf1bf73b00e489800b71198eb4,1420
data/raw/Coccidiosis/cocci.455.jpg,Coccidiosis,224,224,19767,e3370dce3f4efb237fba113fa2eb04bf,1421
data/raw/Coccidiosis/cocci.456.jpg,Coccidiosis,224,224,25585,5b775e09d19f245006ddd640d17b763c,1422
data/raw/Coccidiosis/cocci.457.jpg,Coccidiosis,224,224,40884,7779d57a6236925d69661cca8874bdcd,1423
data/raw/Coccidiosis/cocci.458.jpg,Coccidiosis,224,224,40324,ce35c461f57ce93bc3a43971c0a66f9b,1424
data/raw/Coccidiosis/cocci.459.jpg,Coccidiosis,224,224,34971,60e5dac6405949e8ab1d65169bc0e274,1425
data/raw/Coccidiosis/cocci.46.jpg,Coccidiosis,224,224,33259,13f4031859d15789719314308c3a36f2,1426
data/raw/Coccidiosis/cocci.460.jpg,Coccidiosis,224,224,26278,43fa81c95ace48583d0e67e8768fc50c,1219
data/raw/Coccidiosis/cocci.461.jpg,Coccidiosis,224,224,31212,3de14eaad28b86628871bd805ab13e42,1427
data/raw/Coccidiosis/cocci.462.jpg,Coccidiosis,224,224,32185,593ef576aaae10b527d2270033a2f181,1428
data/raw/Coccidiosis/cocci.463.jpg,Coccidiosis,224,224,30297,15889d1cde5ac5c0f297258a4ab4c58b,1429
data/raw/Coccidiosis/cocci.464.jpg,Coccidiosis,224,224,29300,32729c22363a6784741c97e8cb4d13c6,673
data/raw/Coccidiosis/cocci.465.jpg,Coccidiosis,224,224,30457,74b53760d64caef3fba096587de2bce5,1430
data/raw/Coccidiosis/cocci.466.jpg,Coccidiosis,224,224,30785,46c6d9b78f87aacc502ec7b8c91c1340,1431
data/raw/Coccidiosis/cocci.467.jpg,Coccidiosis,224,224,30730,a5a8258a750cd303930ea51021e8c4b5,1432
data/raw/Coccidiosis/cocci.468.jpg,Coccidiosis,224,224,34422,349eb64aae78bcbab2dcc72f446cd488,1433
data/raw/Coccidiosis/cocci.469.jpg,Coccidiosis,224,224,20361,b34eb428d006bf661a0010e8b4669990,1434
data/raw/Coccidiosis/cocci.47.jpg,Coccidiosis,224,224,21802,d6346666a29f6f51868e2d05bdff156d,1435
data/raw/Coccidiosis/cocci.470.jpg,Coccidiosis,224,224,38572,cfadb7e7c8a073f6514b09a2c8d7eadb,1436
data/raw/Coccidiosis/cocci.471.jpg,Coccidiosis,224,224,31501,749a17028a297e28b1ee70adbd40a440,1437
data/raw/Coccidiosis/cocci.472.jpg,Coccidiosis,224,224,24616,d31b1ebb7bd29d32b1ff37dea28da6cf,1438
data/raw/Coccidiosis/cocci.473.jpg,Coccidiosis,224,224,23200,0ba81aa8412aaaba98e9de543e5dd96d,1439
data/raw/Coccidiosis/cocci.474.jpg,Coccidiosis,224,224,40816,6a25e69579a0db823c92d6aa5f75c249,1440
data/raw/Coccidiosis/cocci.475.jpg,Coccidiosis,224,224,38859,9580098b8dfe1d7fe4f4365a0dbf4748,1441
data/raw/Coccidiosis/cocci.476.jpg,Coccidiosis,224,224,31085,0beb33a9f5c91dfd6510423d301f1b20,1442
data/raw/Coccidiosis/cocci.477.jpg,Coccidiosis,224,224,38072,678fac80c6fabc0700b3acb4d47c4b7f,1443
data/raw/Coccidiosis/cocci.478.jpg,Coccidiosis,224,224,27164,8074333f61c07bce8cb5f2b5632c768e,1444
data/raw/Coccidiosis/cocci.479.jpg,Coccidiosis,224,224,41011,65b8717777545491bba66299886cacc7,1445
data/raw/Coccidiosis/cocci.48.jpg,Coccidiosis,224,224,29359,c6a31786435eeaf0891bd7a448989569,1446
data/raw/Coccidiosis/cocci.480.jpg,Coccidiosis,224,224,32135,72e6b91a3af9596749e140e98582d544,1447
data/raw/Coccidiosis/cocci.481.jpg,Coccidiosis,224,224,34810,f76f589c6a0796703f16dc8e6aa988f7,705
data/raw/Coccidiosis/cocci.482.jpg,Coccidiosis,224,224,35750,e2e3d51fc2f663ab0745f326da81645a,1448
data/raw/Coccidiosis/cocci.483.jpg,Coccidiosis,224,224,29227,96f19ce10e704dc54e21e44d25f31449,1449
data/raw/Coccidiosis/cocci.484.jpg,Coccidiosis,224,224,31774,2233b0b720737514e8ee0f018647d197,1450
data/raw/Coccidiosis/cocci.485.jpg,Coccidiosis,224,224,43733,f64912bf0ca29d92bd58ed770d9de8aa,1451
data/raw/Coccidiosis/cocci.486.jpg,Coccidiosis,224,224,48436,440649544a671ec95ec0b8de3b2d2779,1452
data/raw/Coccidiosis/cocci.487.jpg,Coccidiosis,224,224,21289,2da255b275ea2c7d0f92a72ce308aa96,1453
data/raw/Coccidiosis/cocci.488.jpg,Coccidiosis,224,224,32592,f7dbbb9e921288f919706c366e57eb19,1454
data/raw/Coccidiosis/cocci.489.jpg,Coccidiosis,224,224,35997,0b76f9707c21363bb21ad3ab31f2de24,1455
data/raw/Coccidiosis/cocci.49.jpg,Coccidiosis,224,224,30946,35f8ee90817c708aee3ad64b35a41c55,1456
data/raw/Coccidiosis/cocci.490.jpg,Coccidiosis,224,224,39158,5a1bd21928e1940a8c8eb7fd00071b1a,1457
data/raw/Coccidiosis/cocci.491.jpg,Coccidiosis,224,224,28919,25be800b9f0c0b8dd8ffbaca2b2d72fa,1458
data/raw/Coccidiosis/cocci.492.jpg,Coccidiosis,224,224,31927,0635146898e128a3b989569b50168e59,1459
data/raw/Coccidiosis/cocci.493.jpg,Coccidiosis,224,224,37680,ebbad8379ac23f6c0968b786f1a8e742,1460
data/raw/Coccidiosis/cocci.494.jpg,Coccidiosis,224,224,27631,3503344226a7cd36e2cfb50e0d7c2503,1461
data/raw/Coccidiosis/cocci.495.jpg,Coccidiosis,224,224,24179,4ba4e6d257b1a20c93d746ae0cfb71ac,1462
data/raw/Coccidiosis/cocci.496.jpg,Coccidiosis,224,224,38061,7840fb8f5a55ae9f46a4aabb61c7cc21,1463
data/raw/Coccidiosis/cocci.497.jpg,Coccidiosis,224,224,20506,c72d3fefc14f6266dede8c015277a4c8,1464
data/raw/Coccidiosis/cocci.498.jpg,Coccidiosis,224,224,29276,c01f489ea79613c0a313e366aa92c513,1465
data/raw/Coccidiosis/cocci.499.jpg,Coccidiosis,224,224,33415,f531afe30c89912a82c0b9083f3bce15,1466
data/raw/Coccidiosis/cocci.5.jpg,Coccidiosis,224,224,36903,f649e345e10081f33797fb3bc3d26259,1467
data/raw/Coccidiosis/cocci.50.jpg,Coccidiosis,224,224,25785,e5f611db3a099ecb589b1e55b21b3123,1468
data/raw/Coccidiosis/cocci.500.jpg,Coccidiosis,224,224,31812,8625fa0cc5f6ea79b0b0d3e298965c34,1469
data/raw/Coccidiosis/cocci.501.jpg,Coccidiosis,224,224,45529,5aa1818272d36e3908f191326a9ac5a8,1470
data/raw/Coccidiosis/cocci.502.jpg,Coccidiosis,224,224,38063,1118985b2c115af5f5b758c4a54cd2ee,1471
data/raw/Coccidiosis/cocci.503.jpg,Coccidiosis,224,224,21526,2036444b8ea2fb9d50aa95125c5e67b4,37
data/raw/Coccidiosis/cocci.504.jpg,Coccidiosis,224,224,39513,03f80280c40a59b9c60b00895c4d513e,1472
data/raw/Coccidiosis/cocci.505.jpg,Coccidiosis,224,224,29159,4bb088b186363ba08e53c9147d2c116e,1473
data/raw/Coccidiosis/cocci.506.jpg,Coccidiosis,224,224,30753,0d08c4cdc2d96c769746948f9062e376,1474
data/raw/Coccidiosis/cocci.507.jpg,Coccidiosis,224,224,38700,7e489ae3c2af3f970490dffedcfe8a94,1475
data/raw/Coccidiosis/cocci.508.jpg,Coccidiosis,224,224,34734,4d986f5f7f59f16fd713aaf3a88ffddc,1476
data/raw/Coccidiosis/cocci.509.jpg,Coccidiosis,224,224,39430,c66eaa3a5bcb0303505e935d06a6692d,1477
data/raw/Coccidiosis/cocci.51.jpg,Coccidiosis,224,224,41372,35e0dd2d1e5655a845e2588285740ed2,230
data/raw/Coccidiosis/cocci.510.jpg,Coccidiosis,224,224,41687,70357849af3ae1a224f46c0f79f87952,1478
data/raw/Coccidiosis/cocci.511.jpg,Coccidiosis,224,224,39955,efca1ea85068122609d05f08c1efed55,1479
data/raw/Coccidiosis/cocci.512.jpg,Coccidiosis,224,224,29793,bbf64d215b9623153c14182336661344,1480
data/raw/Coccidiosis/cocci.513.jpg,Coccidiosis,224,224,25000,4640ffc13018cffb65612596ca8aabca,415
data/raw/Coccidiosis/cocci.514.jpg,Coccidiosis,224,224,30730,c5c7422606bfdce1929c95b1726c5fa5,1481
data/raw/Coccidiosis/cocci.515.jpg,Coccidiosis,224,224,38239,af403eda7ff99aa771e501b04d1525aa,1482
data/raw/Coccidiosis/cocci.516.jpg,Coccidiosis,224,224,41542,733b4fbc0aea8357e0e08e1c03070949,1483
data/raw/Coccidiosis/cocci.517.jpg,Coccidiosis,224,224,43661,372321a27eab692fc8ef612e9c94f9a5,1484
data/raw/Coccidiosis/cocci.518.jpg,Coccidiosis,224,224,28989,540d220119d16aa4e894e1241c958be2,1485
data/raw/Coccidiosis/cocci.519.jpg,Coccidiosis,224,224,31143,b6056e5c50b543c6108e45a0dff94a65,1486
data/raw/Coccidiosis/cocci.52.jpg,Coccidiosis,224,224,30142,09d63723e92533789786e8af2ee1381d,1487
data/raw/Coccidiosis/cocci.520.jpg,Coccidiosis,224,224,33299,1b27397b2d984508421752d33ea4b2f0,1488
data/raw/Coccidiosis/cocci.521.jpg,Coccidiosis,224,224,30830,519cb289abe76e6d375b759f9dcf70b9,1489
data/raw/Coccidiosis/cocci.522.jpg,Coccidiosis,224,224,35375,9f494aa15f98300d49ce3017093fb24b,1490
data/raw/Coccidiosis/cocci.523.jpg,Coccidiosis,224,224,44063,6fe2839537056a182e5a81d7d441b37f,1491
data/raw/Coccidiosis/cocci.524.jpg,Coccidiosis,224,224,25438,9af3d4d6cf6699c0f1dff4e74ff041bb,1492
data/raw/Coccidiosis/cocci.525.jpg,Coccidiosis,224,224,31171,6389944521c0794ab67169d8cde3f4a7,1493
data/raw/Coccidiosis/cocci.526.jpg,Coccidiosis,224,224,32493,f959cbb3e98f0d9808b23b2efb188e84,1494
data/raw/Coccidiosis/cocci.527.jpg,Coccidiosis,224,224,35840,70e8522e7c8a6da15025a01e864ac817,1495
data/raw/Coccidiosis/cocci.528.jpg,Coccidiosis,224,224,24678,6f2c90a683aa4b920f5e0952d17cc3d9,1496
data/raw/Coccidiosis/cocci.529.jpg,Coccidiosis,224,224,21511,d8c1374dcc1b23d01ca98b076a56368b,1497
data/raw/Coccidiosis/cocci.53.jpg,Coccidiosis,224,224,20434,e1ee724312ce1e9753f982d67586c39f,1498
data/raw/Coccidiosis/cocci.530.jpg,Coccidiosis,224,224,32115,d4d8f6a88e7189efc08ebf99e6982ae8,1499
data/raw/Coccidiosis/cocci.531.jpg,Coccidiosis,224,224,36275,0420f8371414a2fac3264869c8cc8831,1500
data/raw/Coccidiosis/cocci.532.jpg,Coccidiosis,224,224,17954,9d16b1829d10fd8ad19323631b8accd8,1501
data/raw/Coccidiosis/cocci.533.jpg,Coccidiosis,224,224,34516,e73d8f51d1b6cbb8e94efb06c1a2ef60,1502
data/raw/Coccidiosis/cocci.534.jpg,Coccidiosis,224,224,44120,cb0f73285b5aaaa65b4a8a4991472fbd,1503
data/raw/Coccidiosis/cocci.535.jpg,Coccidiosis,224,224,30234,267ed9cf51dc7f6ded3fcc96755df4c2,1504
data/raw/Coccidiosis/cocci.536.jpg,Coccidiosis,224,224,30648,f1d2a2bd7e58dec89e50c2a6ec9bf469,1505
data/raw/Coccidiosis/cocci.537.jpg,Coccidiosis,224,224,33689,48d48dab0ba89869e0cde61f53a848c7,1506
data/raw/Coccidiosis/cocci.538.jpg,Coccidiosis,224,224,36224,119407341892f8292165cb540b875d3f,1507
data/raw/Coccidiosis/cocci.539.jpg,Coccidiosis,224,224,22579,14c4bd136502c2bc2f15b96fc8ef2975,1508
data/raw/Coccidiosis/cocci.54.jpg,Coccidiosis,224,224,45309,fb4afd703b2e2d4343c8e5fa7582d18b,1509
data/raw/Coccidiosis/cocci.540.jpg,Coccidiosis,224,224,37134,ce64fa39569ace29f4efe16639dae6e8,1510
data/raw/Coccidiosis/cocci.541.jpg,Coccidiosis,224,224,32243,f9b4004cf8e4c60490e39db06186d42e,1511
data/raw/Coccidiosis/cocci.542.jpg,Coccidiosis,224,224,25273,43da29c44c49ed3aa184c0e5d23f4505,1512
data/raw/Coccidiosis/cocci.543.jpg,Coccidiosis,224,224,35938,48515e2abbff33818fb6630b925f35c7,1513
data/raw/Coccidiosis/cocci.544.jpg,Coccidiosis,224,224,35500,40b86a8de64cb9e98eb4272ca9201c45,1514
data/raw/Coccidiosis/cocci.545.jpg,Coccidiosis,224,224,26063,32c075e0bc486accb30d8db82e3fca97,1515
data/raw/Coccidiosis/cocci.546.jpg,Coccidiosis,224,224,31502,85515ee0398c575eef466db77a5f8a2d,1516
data/raw/Coccidiosis/cocci.547.jpg,Coccidiosis,224,224,26400,662e3bc9ae3aa684f6f50901eaf924d1,1517
data/raw/Coccidiosis/cocci.548.jpg,Coccidiosis,224,224,26623,527531e0d18cf0a82aa09e8383b43e3f,1518
data/raw/Coccidiosis/cocci.549.jpg,Coccidiosis,224,224,44899,a4b38af8e9882eb01e5c4ef3f69f8c59,1519
data/raw/Coccidiosis/cocci.55.jpg,Coccidiosis,224,224,29420,d6efab46b398b71e8dbda9c18c5acaf7,1520
data/raw/Coccidiosis/cocci.550.jpg,Coccidiosis,224,224,26553,d34fab9ede538082071af1c35e9b79a8,1521
data/raw/Coccidiosis/cocci.551.jpg,Coccidiosis,224,224,30359,c1bb9698f49144b625bb16ed2c992eea,1522
data/raw/Coccidiosis/cocci.552.jpg,Coccidiosis,224,224,31648,92cb8ffdbabdf85b88847136e095d2d2,1523
data/raw/Coccidiosis/cocci.553.jpg,Coccidiosis,224,224,40423,4578de3cb58459112701692f848f535c,1524
data/raw/Coccidiosis/cocci.554.jpg,Coccidiosis,224,224,37687,511a0c505f1e8f211164e2ba9c027d20,1525
data/raw/Coccidiosis/cocci.555.jpg,Coccidiosis,224,224,36168,40da6970ad35274864fd2ab38313e3bb,1526
data/raw/Coccidiosis/cocci.556.jpg,Coccidiosis,224,224,31424,1d3f7e9ac8b151c0e436fa69ac4da732,1527
data/raw/Coccidiosis/cocci.557.jpg,Coccidiosis,224,224,38149,4a68336f94e44c426ed404481427887d,1528
data/raw/Coccidiosis/cocci.558.jpg,Coccidiosis,224,224,27659,aeefc54f633ba868ece9db943ecc3479,1529
data/raw/Coccidiosis/cocci.559.jpg,Coccidiosis,224,224,25707,360cd1c1c751d37ded248b90a27f0a39,1530
data/raw/Coccidiosis/cocci.56.jpg,Coccidiosis,224,224,26595,a6a3a1545e644602476d3489684f9a9e,1531
data/raw/Coccidiosis/cocci.560.jpg,Coccidiosis,224,224,25638,b91f7d442abcd62c492e6cc87cfc14c5,1532
data/raw/Coccidiosis/cocci.561.jpg,Coccidiosis,224,224,47444,9f72b563aa5e945b8075e915f6a825b7,1533
data/raw/Coccidiosis/cocci.562.jpg,Coccidiosis,224,224,33368,428bec1896bac00ee25021a339a5c29f,1534
data/raw/Coccidiosis/cocci.563.jpg,Coccidiosis,224,224,30682,7a545774be335ac22a06a47fd1519ba2,1535
data/raw/Coccidiosis/cocci.564.jpg,Coccidiosis,224,224,41716,10b384c22fcc15cf0786c32c36358c32,1536
data/raw/Coccidiosis/cocci.565.jpg,Coccidiosis,224,224,33692,db14c35695ae3c17e2570e339909be60,1537
data/raw/Coccidiosis/cocci.566.jpg,Coccidiosis,224,224,28074,fa34673431afb8fb5c3cf5a394bbf31c,1538
data/raw/Coccidiosis/cocci.567.jpg,Coccidiosis,224,224,34122,b25f8ea7c2c0dd098fc1d7c238511a55,1539
data/raw/Coccidiosis/cocci.568.jpg,Coccidiosis,224,224,27825,8ef7ba31b45264e835d4cda791759bb5,1540
data/raw/Coccidiosis/cocci.569.jpg,Coccidiosis,224,224,30592,e183ffce6f1311424dc87b0cf7112f2a,1541
data/raw/Coccidiosis/cocci.57.jpg,Coccidiosis,224,224,41249,1e52cea21bfc22e95642f0d0de1a6f09,321
data/raw/Coccidiosis/cocci.570.jpg,Coccidiosis,224,224,21978,30f220497eed17df0b43847c18c22d8c,1542
data/raw/Coccidiosis/cocci.571.jpg,Coccidiosis,224,224,30114,2404d03615f9d44df796c0fa2ce69766,1543
data/raw/Coccidiosis/cocci.572.jpg,Coccidiosis,224,224,19457,513a42d85e684f4d5383a1d3e10ef45f,1544
data/raw/Coccidiosis/cocci.573.jpg,Coccidiosis,224,224,37720,6c5eb09e5079683f4960698e248fcc4b,623
data/raw/Coccidiosis/cocci.574.jpg,Coccidiosis,224,224,41904,bab82ddc0839f8cb1f776e5638279fd3,877
data/raw/Coccidiosis/cocci.575.jpg,Coccidiosis,224,224,31388,9406ac0c45f25ce2eb74d15ac6800ded,1545
data/raw/Coccidiosis/cocci.576.jpg,Coccidiosis,224,224,34464,0a68255712016c9c378cabff7c96b84f,146
data/raw/Coccidiosis/cocci.577.jpg,Coccidiosis,224,224,31512,3043f06ca47b95c7c94f8ffee86af2f7,1546
data/raw/Coccidiosis/cocci.578.jpg,Coccidiosis,224,224,41099,213b483d1608f9b51dbe0df173d1a0fd,1547
data/raw/Coccidiosis/cocci.579.jpg,Coccidiosis,224,224,38407,21b683c8cdc546d7b0df6ce5aa5be4e5,241
data/raw/Coccidiosis/cocci.58.jpg,Coccidiosis,224,224,24447,5beb93bfa571d9144964a5b2b08df659,1548
data/raw/Coccidiosis/cocci.580.jpg,Coccidiosis,224,224,28887,e941b56c3afb61da24a3732701263e93,1549
data/raw/Coccidiosis/cocci.581.jpg,Coccidiosis,224,224,36884,59d911828d641ef64b2d61c607c28c8a,1
data/raw/Coccidiosis/cocci.582.jpg,Coccidiosis,224,224,33040,2f673fdeea0abe3556b282eb25047964,1550
data/raw/Coccidiosis/cocci.583.jpg,Coccidiosis,224,224,38206,937405475d4b2b9b10b39f2c2cdf0b55,1551
data/raw/Coccidiosis/cocci.584.jpg,Coccidiosis,224,224,23194,2384a3d6df31c5c0b2f858a551d90362,1552
data/raw/Coccidiosis/cocci.585.jpg,Coccidiosis,224,224,35209,e2a1cfba2e0a7d06fe71e28f77bb6e18,1553
data/raw/Coccidiosis/cocci.586.jpg,Coccidiosis,224,224,26063,97ceb7fa0b7efd5e78521694c8cb705b,1554
data/raw/Coccidiosis/cocci.587.jpg,Coccidiosis,224,224,38298,fb43e65eb5caf98d1a51d4232ff800d2,1555
data/raw/Coccidiosis/cocci.588.jpg,Coccidiosis,224,224,37714,fae8148eb3b851d89c878201b0d9f49f,1556
data/raw/Coccidiosis/cocci.589.jpg,Coccidiosis,224,224,21786,8a54e20ec4653bacc035d5a643d164a8,1557
data/raw/Coccidiosis/cocci.59.jpg,Coccidiosis,224,224,18447,932d7298611043a6df909240be7da958,1558
data/raw/Coccidiosis/cocci.590.jpg,Coccidiosis,224,224,19921,2e4cf4effd4490774fc793849c0e813e,1559
data/raw/Coccidiosis/cocci.591.jpg,Coccidiosis,224,224,40949,17514fb1dd178ca091b2a691250e9a6f,656
data/raw/Coccidiosis/cocci.592.jpg,Coccidiosis,224,224,23295,723a5bc1ff3462d4e5fd51c3f3233152,1560
data/raw/Coccidiosis/cocci.593.jpg,Coccidiosis,224,224,26041,49405afae9e24a3073e3bd543d2cb1cb,1561
data/raw/Coccidiosis/cocci.594.jpg,Coccidiosis,224,224,37031,e26893ec57b7a6524514bc5de82293da,1562
data/raw/Coccidiosis/cocci.595.jpg,Coccidiosis,224,224,34986,f8df92a394534a4b0028781ae9fa24b3,1563
data/raw/Coccidiosis/cocci.596.jpg,Coccidiosis,224,224,28565,bc7a70451e582d54b3edf38a381d5729,896
data/raw/Coccidiosis/cocci.597.jpg,Coccidiosis,224,224,23886,a0ae5722d773fec42b304a7842fddaf7,64
data/raw/Coccidiosis/cocci.598.jpg,Coccidiosis,224,224,31813,316455f82aea511aedf911bec837f1a8,1564
data/raw/Coccidiosis/cocci.599.jpg,Coccidiosis,224,224,24966,bbc290068e3c19f9be29b788c3485071,1565
data/raw/Coccidiosis/cocci.6.jpg,Coccidiosis,224,224,23771,7e3a3075d3044b49b27fc680308b8302,1566
data/raw/Coccidiosis/cocci.60.jpg,Coccidiosis,224,224,44470,3431778b2c5b73c5a66de9a6079768ee,1567
data/raw/Coccidiosis/cocci.600.jpg,Coccidiosis,224,224,31054,70aca9e6234c39bb8fc13db33c27e9d3,1568
data/raw/Coccidiosis/cocci.601.jpg,Coccidiosis,224,224,35430,781f0fbbed4b3acae402294f7a4b7575,1569
data/raw/Coccidiosis/cocci.602.jpg,Coccidiosis,224,224,25214,1beb3d636bfaa42a40da28f5d631a899,1570
data/raw/Coccidiosis/cocci.603.jpg,Coccidiosis,224,224,47358,6bd0de8f0206f2f0bca5b3c348e1dacc,685
data/raw/Coccidiosis/cocci.604.jpg,Coccidiosis,224,224,37592,c769cb274c4a6890444e1f2682525326,1571
data/raw/Coccidiosis/cocci.605.jpg,Coccidiosis,224,224,40677,fc4f82aa6d31e557fbae509717ce761f,1572
data/raw/Coccidiosis/cocci.606.jpg,Coccidiosis,224,224,27350,ae1321d82e2868aff3066613a5523807,1573
data/raw/Coccidiosis/cocci.607.jpg,Coccidiosis,224,224,36266,a6b6f4eb6fd7ce4d18259628ab7d5902,1574
data/raw/Coccidiosis/cocci.608.jpg,Coccidiosis,224,224,23721,7dff305f8501ff50b9e0670f35e0fb6a,1575
data/raw/Coccidiosis/cocci.609.jpg,Coccidiosis,224,224,29104,8531d2c32b9d0ca54c2af9928d3fc909,1576
data/raw/Coccidiosis/cocci.61.jpg,Coccidiosis,224,224,33398,fb7e182fe58438503e24dbb83626d7d2,655
data/raw/Coccidiosis/cocci.610.jpg,Coccidiosis,224,224,30139,5f831429463e17621c738df7e63e34fd,1577
data/raw/Coccidiosis/cocci.611.jpg,Coccidiosis,224,224,40198,9b9837540e955dfcfeeead87d890cc17,1578
data/raw/Coccidiosis/cocci.612.jpg,Coccidiosis,224,224,35709,d068e81311dbaf3f02a35a3948a01c2c,1579
data/raw/Coccidiosis/cocci.613.jpg,Coccidiosis,224,224,32184,a9bed69a7d85fcb5f71592fadee11182,1580
data/raw/Coccidiosis/cocci.614.jpg,Coccidiosis,224,224,26460,303cc2237d3c56f28fab56a61291d160,1581
data/raw/Coccidiosis/cocci.615.jpg,Coccidiosis,224,224,25351,82ee7c3db6ff5057910edb3970e9dc37,1582
data/raw/Coccidiosis/cocci.616.jpg,Coccidiosis,224,224,32396,54c28fb4444ba12ed95cf65f696e7ebf,1583
data/raw/Coccidiosis/cocci.617.jpg,Coccidiosis,224,224,28981,310c2694f26e217f10a7065c3fbd5106,1584
data/raw/Coccidiosis/cocci.618.jpg,Coccidiosis,224,224,22218,065e3df334b76e8a2ce5916f35f6813e,1585
data/raw/Coccidiosis/cocci.619.jpg,Coccidiosis,224,224,48161,5d4a2725170291f8e53b397ae87ceb6b,1586
data/raw/Coccidiosis/cocci.62.jpg,Coccidiosis,224,224,32455,931313ae0729b31699876be74e25a364,1587
data/raw/Coccidiosis/cocci.620.jpg,Coccidiosis,224,224,32234,a9de9feec4c383bcd485a1ad3ec173cc,1588
data/raw/Coccidiosis/cocci.621.jpg,Coccidiosis,224,224,25550,69e7f923240c07cc8fb2ef1e532377cf,1589
data/raw/Coccidiosis/cocci.622.jpg,Coccidiosis,224,224,33557,0bcd9a47b1af29302cf18bb958667490,1590
data/raw/Coccidiosis/cocci.623.jpg,Coccidiosis,224,224,32933,889294c027b369a665e6b5d4f5ebd2a9,1591
data/raw/Coccidiosis/cocci.624.jpg,Coccidiosis,224,224,34212,1a8442d0c2160fd2ace42d69298c3fe2,1592
data/raw/Coccidiosis/cocci.625.jpg,Coccidiosis,224,224,42425,962e2fb73a971384506bb7d32a7a959d,1593
data/raw/Coccidiosis/cocci.626.jpg,Coccidiosis,224,224,36233,271e40bb519014f1eb40cf3082dfcebc,1594
data/raw/Coccidiosis/cocci.627.jpg,Coccidiosis,224,224,22164,25fe2040ad6ce19c822258ce998128d3,1595
data/raw/Coccidiosis/cocci.628.jpg,Coccidiosis,224,224,35933,51a6aa8c25783fc758420144907469c6,1596
data/raw/Coccidiosis/cocci.629.jpg,Coccidiosis,224,224,33715,69267728876737201997a76cf8c316c9,1597
data/raw/Coccidiosis/cocci.63.jpg,Coccidiosis,224,224,34220,0f9cdf127a559d75b161aabdc30f43e8,1598
data/raw/Coccidiosis/cocci.630.jpg,Coccidiosis,224,224,19188,a1ab295d5ebda287fb6ffabc1e6a9ed4,1599
data/raw/Coccidiosis/cocci.631.jpg,Coccidiosis,224,224,35895,76c4f5addde7a025b31cfe593af3622d,1600
data/raw/Coccidiosis/cocci.632.jpg,Coccidiosis,224,224,34503,4fd603ab46c21f23bdf8d52f1970d34c,1601
data/raw/Coccidiosis/cocci.633.jpg,Coccidiosis,224,224,28604,5da2ef33db73554f87f128ffd673da63,408
data/raw/Coccidiosis/cocci.634.jpg,Coccidiosis,224,224,36477,0c48d3ae8723bc08ae22dc947938d64a,1602
data/raw/Coccidiosis/cocci.635.jpg,Coccidiosis,224,224,29502,ab2d701ca9360f8f7e8af2d5680e5831,1603
data/raw/Coccidiosis/cocci.636.jpg,Coccidiosis,224,224,26186,fbf71744231fafc864c2f6ca9ee69bc0,940
data/raw/Coccidiosis/cocci.637.jpg,Coccidiosis,224,224,20820,b89d316f455882ba2fa46d1d3392250d,1604
data/raw/Coccidiosis/cocci.638.jpg,Coccidiosis,224,224,28043,69c749e61a98fa95e7556a1d0b6c2cf5,1605
data/raw/Coccidiosis/cocci.639.jpg,Coccidiosis,224,224,33209,8f13c9ee1e7b9451c1ea8547e24f8a08,1606
data/raw/Coccidiosis/cocci.64.jpg,Coccidiosis,224,224,26125,265436536f23eee6f9893c6c6263dff6,1607
data/raw/Coccidiosis/cocci.640.jpg,Coccidiosis,224,224,25713,3fe832cfdf166d0785ef24897da0b65e,141
data/raw/Coccidiosis/cocci.641.jpg,Coccidiosis,224,224,37596,7e26d297b7504567e1be31ec8656babe,1608
data/raw/Coccidiosis/cocci.642.jpg,Coccidiosis,224,224,33551,0e9dcca296e2419f1ec7ca3e903cc862,1609
data/raw/Coccidiosis/cocci.643.jpg,Coccidiosis,224,224,40812,96362c24315228e018f756953fb682bf,1610
data/raw/Coccidiosis/cocci.644.jpg,Coccidiosis,224,224,32932,0598c633b3327fed6ab1b337285268ad,1611
data/raw/Coccidiosis/cocci.645.jpg,Coccidiosis,224,224,24244,8b85dbdaff3542fb43e77d4fc196e24b,1612
data/raw/Coccidiosis/cocci.646.jpg,Coccidiosis,224,224,28722,ae584de905c773f9b391657231a4ac9c,1613
data/raw/Coccidiosis/cocci.647.jpg,Coccidiosis,224,224,39581,e05c6ff9ada79ba178104fbe46232b31,1614
data/raw/Coccidiosis/cocci.648.jpg,Coccidiosis,224,224,36228,3b53f5a3c680992056d9e4e70d60573c,1615
data/raw/Coccidiosis/cocci.649.jpg,Coccidiosis,224,224,35191,4013677e3847ee2faf843204ff60b739,1616
data/raw/Coccidiosis/cocci.65.jpg,Coccidiosis,224,224,21529,aace5278892a3763538eb3afd54e4d7a,1617
data/raw/Coccidiosis/cocci.650.jpg,Coccidiosis,224,224,28695,1fed5fa919a8128fe095d695b8b65918,1618
data/raw/Coccidiosis/cocci.651.jpg,Coccidiosis,224,224,36718,939752d0db676998671bbc2977cd03c0,1619
data/raw/Coccidiosis/cocci.652.jpg,Coccidiosis,224,224,28323,952edf5b0e62227a5485cc71f48ed13a,1620
data/raw/Coccidiosis/cocci.653.jpg,Coccidiosis,224,224,45370,3431066ea97e8d135caa8c015c08110b,1621
data/raw/Coccidiosis/cocci.654.jpg,Coccidiosis,224,224,25247,9082081b27d2e6a74b4aa1482e59be9a,1622
data/raw/Coccidiosis/cocci.655.jpg,Coccidiosis,224,224,43177,f5a0ed1177a12735ec28e4b67054a490,1623
data/raw/Coccidiosis/cocci.656.jpg,Coccidiosis,224,224,34852,544080dc34e9a917c0cfe3376f7eaba9,1624
data/raw/Coccidiosis/cocci.657.jpg,Coccidiosis,224,224,26544,251289b67ae84ff8831cd7fb5a2b7881,1625
data/raw/Coccidiosis/cocci.658.jpg,Coccidiosis,224,224,34578,acebebcf2d5155040facc52bff49270e,1626
data/raw/Coccidiosis/cocci.659.jpg,Coccidiosis,224,224,33941,ed83f9ccd96f6efd91c3b85aebfb2f86,1627
data/raw/Coccidiosis/cocci.66.jpg,Coccidiosis,224,224,29363,9920b0e1639ed62e716989dc70fe3cc6,1628
data/raw/Coccidiosis/cocci.660.jpg,Coccidiosis,224,224,33249,00bf23405990f3ae89e53b6d74e9f717,1629
data/raw/Coccidiosis/cocci.661.jpg,Coccidiosis,224,224,21553,19bee7d705f33cf087b158c708aac179,1630
data/raw/Coccidiosis/cocci.662.jpg,Coccidiosis,224,224,24451,8c6920653a50d7f7d1a95f77c6b22997,1631
data/raw/Coccidiosis/cocci.663.jpg,Coccidiosis,224,224,29309,1ff3e90e6bb69d4e9f4e26c0d79ae28f,1632
data/raw/Coccidiosis/cocci.664.jpg,Coccidiosis,224,224,27862,1a1fe1452fcb32461c7fbbaf85bd0271,1633
data/raw/Coccidiosis/cocci.665.jpg,Coccidiosis,224,224,31368,f27c873640cc7aa8157a29ba16ada55a,1634
data/raw/Coccidiosis/cocci.666.jpg,Coccidiosis,224,224,26261,d82846a6fb6d7f4dee1b4e4819825c31,1635
data/raw/Coccidiosis/cocci.667.jpg,Coccidiosis,224,224,39835,26a1653712dc00439ebae578e0e064ca,1636
data/raw/Coccidiosis/cocci.668.jpg,Coccidiosis,224,224,24338,9c0d3599ab286e94e4a04569c949e57d,1637
data/raw/Coccidiosis/cocci.669.jpg,Coccidiosis,224,224,21986,abeca26d1dfd44c75820e50070be8581,1638
data/raw/Coccidiosis/cocci.67.jpg,Coccidiosis,224,224,25963,1bcd7a039a8c870e241b1584a04fd47c,1639
data/raw/Coccidiosis/cocci.670.jpg,Coccidiosis,224,224,17786,a8ad75f8809891562b9484187d154fe0,1640
data/raw/Coccidiosis/cocci.671.jpg,Coccidiosis,224,224,27479,c942839f2f7205aa4b719251c36a67dd,1641
data/raw/Coccidiosis/cocci.672.jpg,Coccidiosis,224,224,31843,50da874c6ab5c00c29ffa09d2148e77b,1642
data/raw/Coccidiosis/cocci.673.jpg,Coccidiosis,224,224,24050,24f1957115394884cd8e4ed9b71dbde7,1643
data/raw/Coccidiosis/cocci.674.jpg,Coccidiosis,224,224,34744,fd988e8145f40afc8cc7330f8aa26385,1644
data/raw/Coccidiosis/cocci.675.jpg,Coccidiosis,224,224,25033,8be288543b7fb87b73e681982920d7ee,1645
data/raw/Coccidiosis/cocci.676.jpg,Coccidiosis,224,224,29739,b94d3ba2901c30f64c2c71bb41c38a77,1646
data/raw/Coccidiosis/cocci.677.jpg,Coccidiosis,224,224,26535,62db8a5f075c76e2c9ef3e65b5bbc6b6,1647
data/raw/Coccidiosis/cocci.678.jpg,Coccidiosis,224,224,38942,0da1b1c83885d6334ba13dfbaaf6fcae,1648
data/raw/Coccidiosis/cocci.679.jpg,Coccidiosis,224,224,36438,fc85be34f21a45919d5071491261f4e0,1649
data/raw/Coccidiosis/cocci.68.jpg,Coccidiosis,224,224,43632,302d2351eb11c3523da8eb5d6c91c952,1650
data/raw/Coccidiosis/cocci.680.jpg,Coccidiosis,224,224,33780,8e0ffed13343e3f6ad01507eb7acc5e9,1651
data/raw/Coccidiosis/cocci.681.jpg,Coccidiosis,224,224,25116,b2bbda46658fe2e952f98b98d25bd5b7,773
data/raw/Coccidiosis/cocci.682.jpg,Coccidiosis,224,224,26246,4c5a5bb3693fce4f52f5e1377e29b67f,1652
data/raw/Coccidiosis/cocci.683.jpg,Coccidiosis,224,224,27153,cb988e2a8dbe482947629a03c34e5074,1653
data/raw/Coccidiosis/cocci.684.jpg,Coccidiosis,224,224,41824,316cffda470f30e6637c7804108c22a9,1654
data/raw/Coccidiosis/cocci.685.jpg,Coccidiosis,224,224,29665,acfe97679185da8669e7907160ec23c3,1655
data/raw/Coccidiosis/cocci.686.jpg,Coccidiosis,224,224,34485,3487ee2016a45ce46b4c3fb2dd56b8cd,1656
data/raw/Coccidiosis/cocci.687.jpg,Coccidiosis,224,224,25854,6c73f90bf96ed534c42878f6309fb56a,1657
data/raw/Coccidiosis/cocci.688.jpg,Coccidiosis,224,224,36962,4b0917377751eb789693615e97fc2111,366
data/raw/Coccidiosis/cocci.689.jpg,Coccidiosis,224,224,39057,15cc71596bb104d6f9a41b66d5619271,1658
data/raw/Coccidiosis/cocci.69.jpg,Coccidiosis,224,224,30382,f00f8bc441e0d561734959fb6eff74c1,1659
data/raw/Coccidiosis/cocci.690.jpg,Coccidiosis,224,224,34070,126e64ec3c464b7227fdba0e4cb8daef,1660
data/raw/Coccidiosis/cocci.691.jpg,Coccidiosis,224,224,34233,1a99bbacbea756e7d3e61ae10c80147b,1661
data/raw/Coccidiosis/cocci.692.jpg,Coccidiosis,224,224,31512,2654d459acaed85e4d6a2e46aa943ca3,300
data/raw/Coccidiosis/cocci.693.jpg,Coccidiosis,224,224,31044,e1e61da35d41ad9d444e90b1e8565994,126
data/raw/Coccidiosis/cocci.694.jpg,Coccidiosis,224,224,45375,6defc38399f2f44bd581047360c87a5c,1662
data/raw/Coccidiosis/cocci.695.jpg,Coccidiosis,224,224,33737,20b4e5102134b37e609bcfa4d1e4a7ee,1663
data/raw/Coccidiosis/cocci.696.jpg,Coccidiosis,224,224,42448,afbf630285a9b34a8a2a628652d7dfe0,481
data/raw/Coccidiosis/cocci.697.jpg,Coccidiosis,224,224,36710,fe26a31669df73546f8d58dff8559a2b,305
data/raw/Coccidiosis/cocci.698.jpg,Coccidiosis,224,224,20287,99330dd4a45a752d8ec23cde0c363242,1664
data/raw/Coccidiosis/cocci.699.jpg,Coccidiosis,224,224,25032,f47e9656a34e300b121dc2240030a837,1665
data/raw/Coccidiosis/cocci.7.jpg,Coccidiosis,224,224,26916,50b44074be986818247ba234edee4b15,1044
data/raw/Coccidiosis/cocci.70.jpg,Coccidiosis,224,224,28338,30ded705833234b0bf9f9e05f47ede42,1666
data/raw/Coccidiosis/cocci.700.jpg,Coccidiosis,224,224,27139,93d1291473bf4660be92085698c9d6b4,1667
data/raw/Coccidiosis/cocci.701.jpg,Coccidiosis,224,224,28908,23575990a55200439a46218a35266369,1668
data/raw/Coccidiosis/cocci.702.jpg,Coccidiosis,224,224,28519,510731c0f19c4b32af2ebd8ceaef7d3e,1669
data/raw/Coccidiosis/cocci.703.jpg,Coccidiosis,224,224,31171,6389944521c0794ab67169d8cde3f4a7,1493
data/raw/Coccidiosis/cocci.704.jpg,Coccidiosis,224,224,31578,568d712cb1115237eceeaf1687574fb8,1670
data/raw/Coccidiosis/cocci.705.jpg,Coccidiosis,224,224,27657,5fd368a480c976fa0fc0c24c8c89f91b,1671
data/raw/Coccidiosis/cocci.706.jpg,Coccidiosis,224,224,28989,10099d6c4c39d9c504c3ac2c2227fc0d,1672
data/raw/Coccidiosis/cocci.707.jpg,Coccidiosis,224,224,25663,77f995a20e2e542f2a9966d8a6db4228,1673
data/raw/Coccidiosis/cocci.708.jpg,Coccidiosis,224,224,31491,c48ebe7e8ed47896fd14dbf941fe5572,1674
data/raw/Coccidiosis/cocci.709.jpg,Coccidiosis,224,224,28438,02fc8885ae31de4566bcb383a047d44e,1675
data/raw/Coccidiosis/cocci.71.jpg,Coccidiosis,224,224,38595,2b00b436cbf365254ca71f89aad073f5,1676
data/raw/Coccidiosis/cocci.710.jpg,Coccidiosis,224,224,36326,a7f610f5cdf7c4a54e273d3380e883d4,1677
data/raw/Coccidiosis/cocci.711.jpg,Coccidiosis,224,224,43401,7bbb0d1a97d6793f8702435c735fbf13,1678
data/raw/Coccidiosis/cocci.712.jpg,Coccidiosis,224,224,33344,1aa3b1f2ff7928811e79edd925dc78aa,1679
data/raw/Coccidiosis/cocci.713.jpg,Coccidiosis,224,224,33803,6e0950486a4a88dc619f5819e6e26a71,551
data/raw/Coccidiosis/cocci.714.jpg,Coccidiosis,224,224,40709,64a06ffa91528010ee6ccdf646623e0d,511
data/raw/Coccidiosis/cocci.715.jpg,Coccidiosis,224,224,41793,7b9083625356654aa58f6e570eae471e,1680
data/raw/Coccidiosis/cocci.716.jpg,Coccidiosis,224,224,26560,944459312dd821eebf4fc6af0be00f5a,1681
data/raw/Coccidiosis/cocci.717.jpg,Coccidiosis,224,224,33091,ece0a64287e579e023a41651f119ae4a,1682
data/raw/Coccidiosis/cocci.718.jpg,Coccidiosis,224,224,26895,511aae60ad867513798005a466eb1fe0,1683
data/raw/Coccidiosis/cocci.719.jpg,Coccidiosis,224,224,21347,3e08c9280b430addabd752cef420cc0b,1684
data/raw/Coccidiosis/cocci.72.jpg,Coccidiosis,224,224,25961,4b6a0abd920d309b57e614a6a9083f71,1685
data/raw/Coccidiosis/cocci.720.jpg,Coccidiosis,224,224,40816,6a25e69579a0db823c92d6aa5f75c249,1440
data/raw/Coccidiosis/cocci.721.jpg,Coccidiosis,224,224,35974,7d580c49b2cec80329f763506cb13859,1686
data/raw/Coccidiosis/cocci.722.jpg,Coccidiosis,224,224,42409,509b5805ed9e58b6559ce107bef92adf,1687
data/raw/Coccidiosis/cocci.723.jpg,Coccidiosis,224,224,30904,81beb9476789356a88d16433ccb8389c,1688
data/raw/Coccidiosis/cocci.724.jpg,Coccidiosis,224,224,29993,32c1a24184e5b44ff57bce53551ab05b,1689
data/raw/Coccidiosis/cocci.725.jpg,Coccidiosis,224,224,32320,a336b12597966af8f23407fd443972b5,1690
data/raw/Coccidiosis/cocci.726.jpg,Coccidiosis,224,224,25715,cd192565f9f683581af68f1a7216a472,1691
data/raw/Coccidiosis/cocci.727.jpg,Coccidiosis,224,224,34616,3a0c56ad0b705065ec4f4a111a3d52e7,1692
data/raw/Coccidiosis/cocci.728.jpg,Coccidiosis,224,224,26332,c687d2ffb528c867e62f9cf78c5cf63a,1693
data/raw/Coccidiosis/cocci.729.jpg,Coccidiosis,224,224,31309,7930d8eaa5685c50d7b4765863f29985,1694
data/raw/Coccidiosis/cocci.73.jpg,Coccidiosis,224,224,35359,319de9dce9f2c0c0a3d4a0f911d0c546,1695
data/raw/Coccidiosis/cocci.730.jpg,Coccidiosis,224,224,39257,ceb0a93af76651c7827e554f422c5cf5,1696
data/raw/Coccidiosis/cocci.731.jpg,Coccidiosis,224,224,30181,5b041eaf1e25de815cf38ac4f8f238ed,1697
data/raw/Coccidiosis/cocci.732.jpg,Coccidiosis,224,224,32960,53b12977f01a6fa6fb6154001d5df664,1698
data/raw/Coccidiosis/cocci.733.jpg,Coccidiosis,224,224,38962,688c65bac59bab35abf1addb5d4c5924,1699
data/raw/Coccidiosis/cocci.734.jpg,Coccidiosis,224,224,26019,ed6b9f1feb1df436c2f73b3ff5c534d0,1700
data/raw/Coccidiosis/cocci.735.jpg,Coccidiosis,224,224,19566,ee9648d785c9e86944075af2b0868b99,1701
data/raw/Coccidiosis/cocci.736.jpg,Coccidiosis,224,224,37098,69ec2a7325f0dfc44a14bc04e26bcfd4,1702
data/raw/Coccidiosis/cocci.737.jpg,Coccidiosis,224,224,36287,4e6eeab81e345f5bf6e4d490ce0b80fb,1703
data/raw/Coccidiosis/cocci.738.jpg,Coccidiosis,224,224,32417,187d3d6429470fc3125a55e9f3c3d1f7,1704
data/raw/Coccidiosis/cocci.739.jpg,Coccidiosis,224,224,31199,2d3dc8561b7ca838d9bf505e8f3f101b,1705
data/raw/Coccidiosis/cocci.74.jpg,Coccidiosis,224,224,18144,7766b4fa290c0f167f0695b54be7d53a,1706
data/raw/Coccidiosis/cocci.740.jpg,Coccidiosis,224,224,42054,74fe975494bec54b7ec978d622299598,1707
data/raw/Coccidiosis/cocci.741.jpg,Coccidiosis,224,224,39572,d135b819cae03dd7525ef1fc7ade653c,1708
data/raw/Coccidiosis/cocci.742.jpg,Coccidiosis,224,224,24993,bf9e34dffc4322f4485e725bab3f342f,1709
data/raw/Coccidiosis/cocci.743.jpg,Coccidiosis,224,224,28380,7a81316de410183e6bdfb1c786c36257,1710
data/raw/Coccidiosis/cocci.744.jpg,Coccidiosis,224,224,36553,5b59ac524ef7be978056824e6b62fd6c,1711
data/raw/Coccidiosis/cocci.745.jpg,Coccidiosis,224,224,36501,dfbcb97253d2664dd009fcc38ccca05a,1712
data/raw/Coccidiosis/cocci.746.jpg,Coccidiosis,224,224,28585,03b8749823fc3e53bf88988be5f5062c,1713
data/raw/Coccidiosis/cocci.747.jpg,Coccidiosis,224,224,47774,adfc18c99cc60c4e677d9092cfd6d8bb,1714
data/raw/Coccidiosis/cocci.748.jpg,Coccidiosis,224,224,28174,e6ee74bcd34b9d31c9a44c130172e2db,1715
data/raw/Coccidiosis/cocci.749.jpg,Coccidiosis,224,224,22168,112654f40238c478ffa472c3c3d1f4f9,1716
data/raw/Coccidiosis/cocci.75.jpg,Coccidiosis,224,224,21986,abeca26d1dfd44c75820e50070be8581,1638
data/raw/Coccidiosis/cocci.750.jpg,Coccidiosis,224,224,42643,e8178a558fac182fb7116f003d7ac41f,1717
data/raw/Coccidiosis/cocci.751.jpg,Coccidiosis,224,224,16661,d41618250752964416a09242f9c73cd4,1718
data/raw/Coccidiosis/cocci.752.jpg,Coccidiosis,224,224,28250,6f8a2430400e187f6bc3a564ce65313f,1719
data/raw/Coccidiosis/cocci.753.jpg,Coccidiosis,224,224,42482,2fcf0c645f51a6dabb91317464491e62,1720
data/raw/Coccidiosis/cocci.754.jpg,Coccidiosis,224,224,43532,dfd1feb10b0f7291cc55de005ca3ca9e,1721
data/raw/Coccidiosis/cocci.755.jpg,Coccidiosis,224,224,32694,73c9c8140b54c606f8f587d7b80a152e,1722
data/raw/Coccidiosis/cocci.756.jpg,Coccidiosis,224,224,30825,87fcd117d6b7b80d5448387f38c0afeb,1723
data/raw/Coccidiosis/cocci.757.jpg,Coccidiosis,224,224,31819,f76d7ed595db7b5b3e6901e82d2d4614,1724
data/raw/Coccidiosis/cocci.758.jpg,Coccidiosis,224,224,35415,e6e161ef24ea092af8ece80ed8e17102,1725
data/raw/Coccidiosis/cocci.759.jpg,Coccidiosis,224,224,37300,f3a461b6654cd953a31b4f1e02a2844c,1726
data/raw/Coccidiosis/cocci.76.jpg,Coccidiosis,224,224,25370,01f882fb1a9e6b7da99daf648ea4721c,1727
data/raw/Coccidiosis/cocci.760.jpg,Coccidiosis,224,224,30598,5fcce4f902d9a1ce2cb4eff99d30ef65,1728
data/raw/Coccidiosis/cocci.761.jpg,Coccidiosis,224,224,35151,cdc5650ca9ce3291aa80263314e5202b,1729
data/raw/Coccidiosis/cocci.762.jpg,Coccidiosis,224,224,36099,332ebfff35a4200200316c4ca72b4511,1730
data/raw/Coccidiosis/cocci.763.jpg,Coccidiosis,224,224,25257,18a5940139e6fcf5345d149fa8bf758b,1731
data/raw/Coccidiosis/cocci.764.jpg,Coccidiosis,224,224,24772,78a2097b359a74b0500d3caa5b972905,1732
data/raw/Coccidiosis/cocci.765.jpg,Coccidiosis,224,224,41750,ea745a3ac6da1a0e68fc0dd0119b62fc,1733
data/raw/Coccidiosis/cocci.766.jpg,Coccidiosis,224,224,31158,fc07eaaa2209602c05ea8c9162fb1613,1734
data/raw/Coccidiosis/cocci.767.jpg,Coccidiosis,224,224,28263,b020d76aa149c6abfa2c5c7dd442fcfc,739
data/raw/Coccidiosis/cocci.768.jpg,Coccidiosis,224,224,38371,35c2ce661a0c52310221bf0906a6dcab,1735
data/raw/Coccidiosis/cocci.769.jpg,Coccidiosis,224,224,35872,00125ad058bf4548e836a572a11a3aa6,1736
data/raw/Coccidiosis/cocci.77.jpg,Coccidiosis,224,224,38442,e3670f36554fe29d014a6788601bf611,1737
data/raw/Coccidiosis/cocci.770.jpg,Coccidiosis,224,224,21179,a5a97af0c5638e8de9af07861a9f8f13,278
data/raw/Coccidiosis/cocci.771.jpg,Coccidiosis,224,224,36939,344d5b39683ef11f776542172c7f9266,1738
data/raw/Coccidiosis/cocci.772.jpg,Coccidiosis,224,224,28345,dc858f525bd40c23be979ed45e1b287f,1739
data/raw/Coccidiosis/cocci.773.jpg,Coccidiosis,224,224,23182,ad7b18e2c15c4be0c32c360df501092e,1740
data/raw/Coccidiosis/cocci.774.jpg,Coccidiosis,224,224,49994,8881d7774a95e6ea1315e70690941fa2,1741
data/raw/Coccidiosis/cocci.775.jpg,Coccidiosis,224,224,31017,d7fca87a853045d566a9871def914fda,1742
data/raw/Coccidiosis/cocci.776.jpg,Coccidiosis,224,224,19315,b25d697583df4516c3a6096d9b2c27df,1743
data/raw/Coccidiosis/cocci.777.jpg,Coccidiosis,224,224,40717,0b0a05c861282701b4cf668e2de0384c,1744
data/raw/Coccidiosis/cocci.778.jpg,Coccidiosis,224,224,28791,623e39b57465a3052414c5196d0cbef7,1745
data/raw/Coccidiosis/cocci.779.jpg,Coccidiosis,224,224,22513,70682f60ab7c1ef57829bfc25646b131,1746
data/raw/Coccidiosis/cocci.78.jpg,Coccidiosis,224,224,28826,8e8c2a8928577a0f3a4a81076bb2c922,1747
data/raw/Coccidiosis/cocci.780.jpg,Coccidiosis,224,224,35836,3fbfca2140f7cca824c7f43f8fb04b13,982
data/raw/Coccidiosis/cocci.781.jpg,Coccidiosis,224,224,24585,6ee5381e4535e32b300cf2f4649b6c70,963
data/raw/Coccidiosis/cocci.782.jpg,Coccidiosis,224,224,38709,ad3a0243a7d2c3e4102a69665ebbda05,1748
data/raw/Coccidiosis/cocci.783.jpg,Coccidiosis,224,224,35823,212fad99102f8507dcc9643fe222d7dd,1749
data/raw/Coccidiosis/cocci.784.jpg,Coccidiosis,224,224,39241,5dbba2c94152bf27dbe6f8cd02856c25,1750
data/raw/Coccidiosis/cocci.785.jpg,Coccidiosis,224,224,28904,d64d89af1c4b38d873321cdfffdb5453,1751
data/raw/Coccidiosis/cocci.786.jpg,Coccidiosis,224,224,20240,b8c312fdaf7dbcb407a3b6e4671b825d,1752
data/raw/Coccidiosis/cocci.787.jpg,Coccidiosis,224,224,31291,5f0d4dbdce8b19bc83fbd17104c78322,1753
data/raw/Coccidiosis/cocci.788.jpg,Coccidiosis,224,224,22202,d047bd77bb5673b8e70a0e6e604164af,1754
data/raw/Coccidiosis/cocci.789.jpg,Coccidiosis,224,224,32368,ca0d683ccaa784588e801f45ba8b945a,1755
data/raw/Coccidiosis/cocci.79.jpg,Coccidiosis,224,224,35373,2e25d6f8b53b571ee32bc54147349bfb,1756
data/raw/Coccidiosis/cocci.790.jpg,Coccidiosis,224,224,26835,214595b560f5bb9daffd4f6746e07be2,1757
data/raw/Coccidiosis/cocci.791.jpg,Coccidiosis,224,224,42294,90deb86fd85743b280b1a3934cfcaa24,1758
data/raw/Coccidiosis/cocci.792.jpg,Coccidiosis,224,224,35894,273c7babcbbca8fa499290e3f6a6fb01,1759
data/raw/Coccidiosis/cocci.793.jpg,Coccidiosis,224,224,26895,511aae60ad867513798005a466eb1fe0,1683
data/raw/Coccidiosis/cocci.794.jpg,Coccidiosis,224,224,29681,3b5c0ba199ef3f9708f2bd746456f614,1760
data/raw/Coccidiosis/cocci.795.jpg,Coccidiosis,224,224,39450,9f6974b5c88005adbcd76593b74e1844,1761
data/raw/Coccidiosis/cocci.796.jpg,Coccidiosis,224,224,36418,10619579812584e0e6e8fdd944281d48,473
data/raw/Coccidiosis/cocci.797.jpg,Coccidiosis,224,224,28398,ad58696cb7867be7ee50d267ce8ea847,1762
data/raw/Coccidiosis/cocci.798.jpg,Coccidiosis,224,224,26224,6ca3c781e95edacde8257b1245d3ab67,1763
data/raw/Coccidiosis/cocci.799.jpg,Coccidiosis,224,224,35123,3643e08d0dcda825e84076e84ce8edda,1764
data/raw/Coccidiosis/cocci.8.jpg,Coccidiosis,224,224,35036,faad2276e4963377cd2072b1dddfbc87,1765
data/raw/Coccidiosis/cocci.80.jpg,Coccidiosis,224,224,34036,4006075a028cce7285a30cc3b6f0e0a9,1766
data/raw/Coccidiosis/cocci.800.jpg,Coccidiosis,224,224,25427,cf63a93b3eb9d365aa96a3f468b40d78,1767
data/raw/Coccidiosis/cocci.801.jpg,Coccidiosis,224,224,38352,6d9e7c3941eb70ab07e955a4cf204389,1768
data/raw/Coccidiosis/cocci.802.jpg,Coccidiosis,224,224,32600,6b7eff159c52af7177f80234348a2b35,1769
data/raw/Coccidiosis/cocci.803.jpg,Coccidiosis,224,224,27749,55d184219e15ae6bd1a04d150ca3ea92,327
data/raw/Coccidiosis/cocci.804.jpg,Coccidiosis,224,224,31172,7e55566e2a01b70fa84bc4340e81e1cc,1770
data/raw/Coccidiosis/cocci.805.jpg,Coccidiosis,224,224,33794,8bf91c81d7b4878f462385a4860338d6,1771
data/raw/Coccidiosis/cocci.806.jpg,Coccidiosis,224,224,32375,1a2ef3c04a10bada8a6f3abc0beb67c3,1772
data/raw/Coccidiosis/cocci.807.jpg,Coccidiosis,224,224,41928,01624660fbc733dbac249231c36a66af,1773
data/raw/Coccidiosis/cocci.808.jpg,Coccidiosis,224,224,35676,efc3716d2d49f8b1b47137607b7aaaa2,1774
data/raw/Coccidiosis/cocci.809.jpg,Coccidiosis,224,224,35664,6e663e7649abe7959fe1d0f33770c811,1775
data/raw/Coccidiosis/cocci.81.jpg,Coccidiosis,224,224,24030,463797535f231abd891b2ad6431193f7,1776
data/raw/Coccidiosis/cocci.810.jpg,Coccidiosis,224,224,37428,3274842d3b907f5cd33aa14019103a1b,1777
data/raw/Coccidiosis/cocci.811.jpg,Coccidiosis,224,224,26944,e00cc2b869e0a4d0c638d3c980d1408c,1778
data/raw/Coccidiosis/cocci.812.jpg,Coccidiosis,224,224,39639,4dd80889b7c562166b72dbe4bad28999,1779
data/raw/Coccidiosis/cocci.813.jpg,Coccidiosis,224,224,44399,69dee0975611bfe01ac9136922e83319,1780
data/raw/Coccidiosis/cocci.814.jpg,Coccidiosis,224,224,24587,2cefd03d02fef946367b8903e9d86400,1781
data/raw/Coccidiosis/cocci.815.jpg,Coccidiosis,224,224,32060,864a4c02e70d1e8ea8027b19e1c2c5c2,1782
data/raw/Coccidiosis/cocci.816.jpg,Coccidiosis,224,224,33040,1894d0e733088ae91cdc9ed9b75da0a8,1783
data/raw/Coccidiosis/cocci.817.jpg,Coccidiosis,224,224,24932,6424d48e564acc130ab32d58b30378ff,1784
data/raw/Coccidiosis/cocci.818.jpg,Coccidiosis,224,224,33461,2378f97ff317bcee5c8cc7d6269b83d4,1785
data/raw/Coccidiosis/cocci.819.jpg,Coccidiosis,224,224,29291,da835eeeffaa801c7f0625f8cb6eca50,1786
data/raw/Coccidiosis/cocci.82.jpg,Coccidiosis,224,224,36418,f81d54147de74e396602cf0ebb69d28d,1787
data/raw/Coccidiosis/cocci.820.jpg,Coccidiosis,224,224,31680,ef83f92a18e9dc5461cfc23f88a8c455,1788
data/raw/Coccidiosis/cocci.821.jpg,Coccidiosis,224,224,34346,7fec893fea13277146b8180be16d9ca1,1789
data/raw/Coccidiosis/cocci.822.jpg,Coccidiosis,224,224,32194,3014d2806590fb062e913ece4685d2ac,1790
data/raw/Coccidiosis/cocci.823.jpg,Coccidiosis,224,224,39955,efca1ea85068122609d05f08c1efed55,1479
data/raw/Coccidiosis/cocci.824.jpg,Coccidiosis,224,224,43081,d18347309318b25055fbeefb49122552,1791
data/raw/Coccidiosis/cocci.825.jpg,Coccidiosis,224,224,34666,411ef184372c58fd4264797767ac885e,1792
data/raw/Coccidiosis/cocci.826.jpg,Coccidiosis,224,224,41409,366b3208b200663b67c83820e9f14598,1793
data/raw/Coccidiosis/cocci.827.jpg,Coccidiosis,224,224,39803,14e9c3fde3b85e1c7c2bd594de3db6eb,1794
data/raw/Coccidiosis/cocci.828.jpg,Coccidiosis,224,224,42057,ebd75306faf415924a6fb0665ae08017,1795
data/raw/Coccidiosis/cocci.829.jpg,Coccidiosis,224,224,24480,4560523e1c9acd04a510775923defc82,1796
data/raw/Coccidiosis/cocci.83.jpg,Coccidiosis,224,224,23729,3c886237df70e8844dee923a6593f6fe,1797
data/raw/Coccidiosis/cocci.830.jpg,Coccidiosis,224,224,43307,89acdff1059bc177ee354320f61004e4,1798
data/raw/Coccidiosis/cocci.831.jpg,Coccidiosis,224,224,35099,0ebfad1950e3aabfc031086d022ced84,1799
data/raw/Coccidiosis/cocci.832.jpg,Coccidiosis,224,224,43632,302d2351eb11c3523da8eb5d6c91c952,1650
data/raw/Coccidiosis/cocci.833.jpg,Coccidiosis,224,224,37969,bd1abe10f094cd7b4efb3816f54732af,1800
data/raw/Coccidiosis/cocci.834.jpg,Coccidiosis,224,224,29846,b5ede73e992931275f9db50cd773fdc4,1801
data/raw/Coccidiosis/cocci.835.jpg,Coccidiosis,224,224,34797,b1c9973aecc5e9241826eee958f570fc,1802
data/raw/Coccidiosis/cocci.836.jpg,Coccidiosis,224,224,33473,b89543d60aaedf95953ceaa544e97b17,1803
data/raw/Coccidiosis/cocci.837.jpg,Coccidiosis,224,224,34366,c781d2e03a36e8004bd8453c15a29675,1804
data/raw/Coccidiosis/cocci.838.jpg,Coccidiosis,224,224,23031,933f5b45efe891155ed9fd94dcbf8b9f,1805
data/raw/Coccidiosis/cocci.839.jpg,Coccidiosis,224,224,36552,021c54346402748d09ae73122a07e9f7,1806
data/raw/Coccidiosis/cocci.84.jpg,Coccidiosis,224,224,37290,7d787fba3da50f0eb477951fe257a247,237
data/raw/Coccidiosis/cocci.840.jpg,Coccidiosis,224,224,42883,758f0ddc8bd2e9d03c51f5db47f89c0e,1807
data/raw/Coccidiosis/cocci.841.jpg,Coccidiosis,224,224,40178,de1b2b91c13e087c7479ece1f9664756,1808
data/raw/Coccidiosis/cocci.842.jpg,Coccidiosis,224,224,20050,8c4e7ecf04408d7e37e52214fa157f57,1809
data/raw/Coccidiosis/cocci.843.jpg,Coccidiosis,224,224,40228,d32daf3970f0a8bc9f672f4339fff01e,1810
data/raw/Coccidiosis/cocci.844.jpg,Coccidiosis,224,224,38243,ebfd1964e45b496a3319db7b4c0cba0f,1811
data/raw/Coccidiosis/cocci.845.jpg,Coccidiosis,224,224,40621,9e78b820ca094e7b40a1c035aba31399,1812
data/raw/Coccidiosis/cocci.846.jpg,Coccidiosis,224,224,25952,3ce9151db4376edb1d7955e5352b23d3,1813
data/raw/Coccidiosis/cocci.847.jpg,Coccidiosis,224,224,30257,02820466df17d48e8e411baf3ec54b1c,1814
data/raw/Coccidiosis/cocci.848.jpg,Coccidiosis,224,224,32843,d5b7e4faf96615e0a2badeec877a1fb4,1815
data/raw/Coccidiosis/cocci.849.jpg,Coccidiosis,224,224,27533,988ea1fb47ba8aa03e7030928668a5d1,1816
data/raw/Coccidiosis/cocci.85.jpg,Coccidiosis,224,224,23489,46b97b6497d69b75e09086f4b9cb0150,1817
data/raw/Coccidiosis/cocci.850.jpg,Coccidiosis,224,224,18206,ef5a8af8c5e407b10fec8299fbc8a1f4,1818
data/raw/Coccidiosis/cocci.851.jpg,Coccidiosis,224,224,32832,42b6d9e5c1a6749e24e629b798d316c1,1819
data/raw/Coccidiosis/cocci.852.jpg,Coccidiosis,224,224,31293,ce1da168e6a6bb566298a8708dca892d,1820
data/raw/Coccidiosis/cocci.853.jpg,Coccidiosis,224,224,22978,c79f02d97fd190f555ab1ce4140d15e4,1821
data/raw/Coccidiosis/cocci.854.jpg,Coccidiosis,224,224,25099,1901f141b3d428ef2fffcd56ea2af2d6,1822
data/raw/Coccidiosis/cocci.855.jpg,Coccidiosis,224,224,34470,cc9711612f3b915667212436111f6273,1823
data/raw/Coccidiosis/cocci.856.jpg,Coccidiosis,224,224,25685,b3896807540223e88165cc81fafd5abc,1824
data/raw/Coccidiosis/cocci.857.jpg,Coccidiosis,224,224,35727,331c5c93d1d518fb5c9c13f7ad5c9cd9,1825
data/raw/Coccidiosis/cocci.858.jpg,Coccidiosis,224,224,26325,30a563e4b4bccb9270c1332f935a5bd1,1826
data/raw/Coccidiosis/cocci.859.jpg,Coccidiosis,224,224,38246,d236ba7a62e71e56a0b63f24785dae7e,1827
data/raw/Coccidiosis/cocci.86.jpg,Coccidiosis,224,224,28652,a31dd828eb822feb587fcd2d5bd81d85,1828
data/raw/Coccidiosis/cocci.860.jpg,Coccidiosis,224,224,42398,36d92097445e74d6bee1466590f56848,1829
data/raw/Coccidiosis/cocci.861.jpg,Coccidiosis,224,224,26279,38b8ddec2eafc104b16560ab1a471f97,1830
data/raw/Coccidiosis/cocci.862.jpg,Coccidiosis,224,224,31910,5d7a5e70ade02eeaed04702845314c6b,1831
data/raw/Coccidiosis/cocci.863.jpg,Coccidiosis,224,224,32417,187d3d6429470fc3125a55e9f3c3d1f7,1704
data/raw/Coccidiosis/cocci.864.jpg,Coccidiosis,224,224,44696,2a10405e56e38efc11ce729a57ac52ce,1832
data/raw/Coccidiosis/cocci.865.jpg,Coccidiosis,224,224,39830,30830317fc1dc13dbc9cd0f5e0e8bb0a,1833
data/raw/Coccidiosis/cocci.866.jpg,Coccidiosis,224,224,29706,38606f5e1988b684ed5d6cf066041f67,1834
data/raw/Coccidiosis/cocci.867.jpg,Coccidiosis,224,224,34273,d5b83b65691a4d89b283f02cad469f27,1835
data/raw/Coccidiosis/cocci.868.jpg,Coccidiosis,224,224,28042,8bf19fcdc328d34a57b674618bbe1ee5,1836
data/raw/Coccidiosis/cocci.869.jpg,Coccidiosis,224,224,33857,d98849d24c3e6679bb6fc6d8c75ef200,1837
data/raw/Coccidiosis/cocci.87.jpg,Coccidiosis,224,224,25915,188bb10e00d0ef09bf024ff17e32d479,1838
data/raw/Coccidiosis/cocci.870.jpg,Coccidiosis,224,224,34645,b924005788eff5925ed946799cf4b0eb,1839
data/raw/Coccidiosis/cocci.871.jpg,Coccidiosis,224,224,22113,fa9d66bb7d5b1c3be12dee5430b8e099,955
data/raw/Coccidiosis/cocci.872.jpg,Coccidiosis,224,224,35398,ca83a9b1d7db0629390eeef94d7214b0,464
data/raw/Coccidiosis/cocci.873.jpg,Coccidiosis,224,224,34738,ae7b8a179323ef5507938247e432e7a4,1840
data/raw/Coccidiosis/cocci.874.jpg,Coccidiosis,224,224,37281,dd7f5ee5cfdd826a9647a473ac93280b,1841
data/raw/Coccidiosis/cocci.875.jpg,Coccidiosis,224,224,26734,e51cbeb44ff9cb73574b343930cdc4c2,1842
data/raw/Coccidiosis/cocci.876.jpg,Coccidiosis,224,224,29119,5b968f008ba9229fdce89791a91ba555,1843
data/raw/Coccidiosis/cocci.877.jpg,Coccidiosis,224,224,30634,096593d47adf73066b410bbc4751a4c6,1844
data/raw/Coccidiosis/cocci.878.jpg,Coccidiosis,224,224,33233,4c36c6a5048e06385ff5159e0e45a69e,1845
data/raw/Coccidiosis/cocci.879.jpg,Coccidiosis,224,224,34923,a1bb34a0bd2ed5b9b1ab2e58a19d5102,1846
data/raw/Coccidiosis/cocci.88.jpg,Coccidiosis,224,224,27816,8afce302539706380bf92a9dd722db63,1847
data/raw/Coccidiosis/cocci.880.jpg,Coccidiosis,224,224,31244,c7e74711b3aa14c7ba9bc41daea65882,1848
data/raw/Coccidiosis/cocci.881.jpg,Coccidiosis,224,224,22434,e2004e89c25769811b3020de796e7eb1,1849
data/raw/Coccidiosis/cocci.882.jpg,Coccidiosis,224,224,33460,d6124694ea099d7000c355f22a1982a2,948
data/raw/Coccidiosis/cocci.883.jpg,Coccidiosis,224,224,37072,0376a50fa1962875f3324354ad9ab6c5,1850
data/raw/Coccidiosis/cocci.884.jpg,Coccidiosis,224,224,33332,bf9ebb65e27bfcae541b38c1eebed117,1851
data/raw/Coccidiosis/cocci.885.jpg,Coccidiosis,224,224,22927,4744a71b53e6286209ea6583a2c3b97e,1852
data/raw/Coccidiosis/cocci.886.jpg,Coccidiosis,224,224,34265,7968c59bc734b54c5f06d79f55e2276d,1853
data/raw/Coccidiosis/cocci.887.jpg,Coccidiosis,224,224,39438,ef7577d49a1537cbee3b08dc76c38dfb,1854
data/raw/Coccidiosis/cocci.888.jpg,Coccidiosis,224,224,32601,c5f1ad264f1f1d6a6a16fda8f9108d81,1855
data/raw/Coccidiosis/cocci.889.jpg,Coccidiosis,224,224,28777,3e68ce7467e914beac177ea8e4a0d21e,1856
data/raw/Coccidiosis/cocci.89.jpg,Coccidiosis,224,224,27449,cb748028d9820fb7442ef2863194c822,1857
data/raw/Coccidiosis/cocci.890.jpg,Coccidiosis,224,224,38370,a004356dbd9a0e0340e8fdd21113f71c,1858
data/raw/Coccidiosis/cocci.891.jpg,Coccidiosis,224,224,26400,662e3bc9ae3aa684f6f50901eaf924d1,1517
data/raw/Coccidiosis/cocci.892.jpg,Coccidiosis,224,224,41723,7c720d718fbef18c57d1d03f75a53448,1859
data/raw/Coccidiosis/cocci.893.jpg,Coccidiosis,224,224,27796,766dbce043357ccc65d3b3100ba13105,1408
data/raw/Coccidiosis/cocci.894.jpg,Coccidiosis,224,224,34283,55b3e794eb828a75eb5e77df42adbd3d,1860
data/raw/Coccidiosis/cocci.895.jpg,Coccidiosis,224,224,37816,37337ad5b23932a28fa48c9d5d07768d,1861
data/raw/Coccidiosis/cocci.896.jpg,Coccidiosis,224,224,33613,0119525970e320e69d2c834491f531dd,1862
data/raw/Coccidiosis/cocci.897.jpg,Coccidiosis,224,224,25132,c5d0cd31b2e27380c0d8ecae2ce42ee1,1863
data/raw/Coccidiosis/cocci.898.jpg,Coccidiosis,224,224,38760,5fb1e040f7a344d0b78d5bcc855e0149,1864
data/raw/Coccidiosis/cocci.899.jpg,Coccidiosis,224,224,24542,df162c6d7e7e73208cffbb27504b28bd,1865
data/raw/Coccidiosis/cocci.9.jpg,Coccidiosis,224,224,28074,fa34673431afb8fb5c3cf5a394bbf31c,1538
data/raw/Coccidiosis/cocci.90.jpg,Coccidiosis,224,224,28169,1b6ab18d051a865855ca79cf739fccf4,1866
data/raw/Coccidiosis/cocci.900.jpg,Coccidiosis,224,224,32061,f8fa32236d4e802df88b1c988164a596,1867
data/raw/Coccidiosis/cocci.901.jpg,Coccidiosis,224,224,25304,18c5569640892f5f4c7d4606ab908000,1868
data/raw/Coccidiosis/cocci.902.jpg,Coccidiosis,224,224,30352,9138d1ef17b971e3876aa2fa3dbe1344,1869
data/raw/Coccidiosis/cocci.903.jpg,Coccidiosis,224,224,29140,4a03f5c969cb03029561ab54c3eae864,1870
data/raw/Coccidiosis/cocci.904.jpg,Coccidiosis,224,224,28149,ad6fa0016e66c810a7a64824e724259a,1871
data/raw/Coccidiosis/cocci.905.jpg,Coccidiosis,224,224,33369,bf0628952bd9ae4221362ea4512eb975,1872
data/raw/Coccidiosis/cocci.906.jpg,Coccidiosis,224,224,23766,41a28f08744543d9b780e68778d5c225,1873
data/raw/Coccidiosis/cocci.907.jpg,Coccidiosis,224,224,41983,62bdaf819f2a08c99974a4ce1eda89b6,1320
data/raw/Coccidiosis/cocci.908.jpg,Coccidiosis,224,224,37832,5b148c531697f98fe8e855f9d0bea8d4,1874
data/raw/Coccidiosis/cocci.909.jpg,Coccidiosis,224,224,22668,ec3c304ecb21f4aae2114a1d9e9b04bf,1875
data/raw/Coccidiosis/cocci.91.jpg,Coccidiosis,224,224,24892,8971f49a37f9cbc577a067afaf0916a8,1876
data/raw/Coccidiosis/cocci.910.jpg,Coccidiosis,224,224,31674,3534182a893339ee20cf26f35791ce25,1877
data/raw/Coccidiosis/cocci.911.jpg,Coccidiosis,224,224,32935,3d154794540e49d32a0eb5bcd5fe75f6,1878
data/raw/Coccidiosis/cocci.912.jpg,Coccidiosis,224,224,24028,e993f37a91483c9861bdfae873a0baca,1879
data/raw/Coccidiosis/cocci.913.jpg,Coccidiosis,224,224,30641,40aad55333f3f581fec502a686d093cf,1880
data/raw/Coccidiosis/cocci.914.jpg,Coccidiosis,224,224,36308,b49b57ca62bd097f1c1314738ddcce9c,1881
data/raw/Coccidiosis/cocci.915.jpg,Coccidiosis,224,224,27774,aeb06dda9af49e829e51c4ae8be6ca88,1882
data/raw/Coccidiosis/cocci.916.jpg,Coccidiosis,224,224,27904,f79bc08d33554dd2a7e78348340eeedb,1883
data/raw/Coccidiosis/cocci.917.jpg,Coccidiosis,224,224,33514,fca44732a9543846a096b63f8f65a420,1884
data/raw/Coccidiosis/cocci.918.jpg,Coccidiosis,224,224,32626,e86396a04d093187151348e5dc957d3b,1885
data/raw/Coccidiosis/cocci.919.jpg,Coccidiosis,224,224,20393,b0251d6cdb51577867a7de44209b8183,1886
data/raw/Coccidiosis/cocci.92.jpg,Coccidiosis,224,224,30298,70739ca3a14547267b71a0c59f972a5b,1887
data/raw/Coccidiosis/cocci.920.jpg,Coccidiosis,224,224,26279,62fceb10db4ab3beaa589558ae75b8c7,1888
data/raw/Coccidiosis/cocci.921.jpg,Coccidiosis,224,224,32017,3300e6d9c432254444d84ce20d861252,1889
data/raw/Coccidiosis/cocci.922.jpg,Coccidiosis,224,224,37048,7a5681e457681136e837f5a021af8896,1890
data/raw/Coccidiosis/cocci.923.jpg,Coccidiosis,224,224,25668,45ec60e3c769776d6f1acebc89b24f22,1891
data/raw/Coccidiosis/cocci.924.jpg,Coccidiosis,224,224,32350,9b6278780f3946b3749c474ddfd51478,1892
data/raw/Coccidiosis/cocci.925.jpg,Coccidiosis,224,224,27266,cebe308f2ea0168da11c7e9da53c994c,1893
data/raw/Coccidiosis/cocci.926.jpg,Coccidiosis,224,224,36482,f0ea4efb9e18f5ef6ee3e1914db39f35,1894
data/raw/Coccidiosis/cocci.927.jpg,Coccidiosis,224,224,46863,1fbd8a9f9118f8249a09c864c5de705e,1895
data/raw/Coccidiosis/cocci.928.jpg,Coccidiosis,224,224,36954,d1efc833eba632f31b9311a8512fa875,1896
data/raw/Coccidiosis/cocci.929.jpg,Coccidiosis,224,224,31217,63fcdb350b1c59c6fd444bff41e0ffd6,1897
data/raw/Coccidiosis/cocci.93.jpg,Coccidiosis,224,224,36804,e8c9731db6a470c78f4e01d3f659ecf2,1898
data/raw/Coccidiosis/cocci.930.jpg,Coccidiosis,224,224,33718,9dfa5a02fd06789ce3485b8895f851e5,1899
data/raw/Coccidiosis/cocci.931.jpg,Coccidiosis,224,224,30089,61a11b36ed23dfa33e322f13361a10a8,1900
data/raw/Coccidiosis/cocci.932.jpg,Coccidiosis,224,224,34503,c1ed6197e73cd313504e3fd5a8c581e3,1901
data/raw/Coccidiosis/cocci.933.jpg,Coccidiosis,224,224,20159,1f76f4f3fde86919e2ad69e678455255,1902
data/raw/Coccidiosis/cocci.934.jpg,Coccidiosis,224,224,31291,6c18709198323c4d40692fb9b508c417,1903
data/raw/Coccidiosis/cocci.935.jpg,Coccidiosis,224,224,31639,2f43ccca78c9f8e6e9bb002dacf5297f,1904
data/raw/Coccidiosis/cocci.936.jpg,Coccidiosis,224,224,18321,3a4024d5101d8b0d8619ca0884f908e6,1905
data/raw/Coccidiosis/cocci.937.jpg,Coccidiosis,224,224,34117,505f880ab0bda520928defb2581ad607,1906
data/raw/Coccidiosis/cocci.938.jpg,Coccidiosis,224,224,31722,f8990ee16af16687f75d8c768d8fefc2,1907
data/raw/Coccidiosis/cocci.939.jpg,Coccidiosis,224,224,18314,e753abf1e53d87977ac8a5484ce01c36,1908
data/raw/Coccidiosis/cocci.94.jpg,Coccidiosis,224,224,32955,55811c29a90e6526864c68a38d56f980,1909
data/raw/Coccidiosis/cocci.940.jpg,Coccidiosis,224,224,39118,7aa3ff2f390cd045d90f199c8945961d,1910
data/raw/Coccidiosis/cocci.941.jpg,Coccidiosis,224,224,38942,fbd9dbf4e2ae8e66fe94500f9e6c36f4,1911
data/raw/Coccidiosis/cocci.942.jpg,Coccidiosis,224,224,29284,d717e07b1600973b2812a1ea280ad238,1912
data/raw/Coccidiosis/cocci.943.jpg,Coccidiosis,224,224,39913,27828accc0090fe802ae40f470a3a8aa,1913
data/raw/Coccidiosis/cocci.944.jpg,Coccidiosis,224,224,25937,eadb2912c18c99827ff46c877a6f0c27,1914
data/raw/Coccidiosis/cocci.945.jpg,Coccidiosis,224,224,27412,ad62b6562600fcae68edb597f655e1e0,1915
data/raw/Coccidiosis/cocci.946.jpg,Coccidiosis,224,224,36964,da82b012984edb1d755bfe90b0471d0f,1916
data/raw/Coccidiosis/cocci.947.jpg,Coccidiosis,224,224,38416,f9e1165a1cd54fef9b504561f2ff5209,1917
data/raw/Coccidiosis/cocci.948.jpg,Coccidiosis,224,224,27651,cb40d55a11b2956c21d171bfc4a5a725,1918
data/raw/Coccidiosis/cocci.949.jpg,Coccidiosis,224,224,29475,f8ca6832f8d5a934652dcc07cb51e49a,1919
data/raw/Coccidiosis/cocci.95.jpg,Coccidiosis,224,224,31905,e6fb678bd4b3b31c19dc1a53d467bb10,1920
data/raw/Coccidiosis/cocci.950.jpg,Coccidiosis,224,224,38593,b8962f3050b594f4c453fd1651a85155,1921
data/raw/Coccidiosis/cocci.951.jpg,Coccidiosis,224,224,28430,7cd22c1c945ce39bf651c901f9f520f7,1922
data/raw/Coccidiosis/cocci.952.jpg,Coccidiosis,224,224,24811,0fc0dfc93bc4dda7a7d8ea4f270ef360,1923
data/raw/Coccidiosis/cocci.953.jpg,Coccidiosis,224,224,25187,196a431a621bbdd012e1e3cc3d5f32ac,1924
data/raw/Coccidiosis/cocci.954.jpg,Coccidiosis,224,224,36809,74ad4b5cd3253a22f48451c24c87d3c8,1925
data/raw/Coccidiosis/cocci.955.jpg,Coccidiosis,224,224,24365,259be25ce573a99347926c9e8633248a,1926
data/raw/Coccidiosis/cocci.956.jpg,Coccidiosis,224,224,31292,316dba8b71487c7c50a9f0e7a5eb0715,1927
data/raw/Coccidiosis/cocci.957.jpg,Coccidiosis,224,224,36989,9570f48e452737111488e1e3537644c7,1928
data/raw/Coccidiosis/cocci.958.jpg,Coccidiosis,224,224,30043,5599f97eb91c51d84fc1ccd98f9894ac,1929
data/raw/Coccidiosis/cocci.959.jpg,Coccidiosis,224,224,33351,1750223108a417aada4dc11e466d66a0,1930
data/raw/Coccidiosis/cocci.96.jpg,Coccidiosis,224,224,44153,74c9fd3a40f8d3add7383ffe58cffba3,1931
data/raw/Coccidiosis/cocci.960.jpg,Coccidiosis,224,224,28364,eee338820f536fd1b96fad0e63b8c9f0,213
data/raw/Coccidiosis/cocci.961.jpg,Coccidiosis,224,224,39952,3d43c4d7a7c6f6528857f77fb6da0d08,1932
data/raw/Coccidiosis/cocci.962.jpg,Coccidiosis,224,224,29495,08d72633f532e31258857eb891cea907,1933
data/raw/Coccidiosis/cocci.963.jpg,Coccidiosis,224,224,34213,7982abafd37bd512600ab047c5bf617a,411
data/raw/Coccidiosis/cocci.964.jpg,Coccidiosis,224,224,29002,5e412384fbb8dfea72e49a4bbcf1d8d6,1934
data/raw/Coccidiosis/cocci.965.jpg,Coccidiosis,224,224,37856,4aacb88711e386e9bb462216d7329885,1935
data/raw/Coccidiosis/cocci.966.jpg,Coccidiosis,224,224,41281,196c811fe7e96b736a21eb67da40ba1a,1936
data/raw/Coccidiosis/cocci.967.jpg,Coccidiosis,224,224,19922,20a772741fea9d5a852ffa5d906cec09,1937
data/raw/Coccidiosis/cocci.968.jpg,Coccidiosis,224,224,27078,5396c3b014b35f1d67660faa9f2fd78e,1938
data/raw/Coccidiosis/cocci.969.jpg,Coccidiosis,224,224,23578,017e26ddb4381f49deeaf5d11d9141ac,1939
data/raw/Coccidiosis/cocci.97.jpg,Coccidiosis,224,224,26391,57a9f4aa3805b8ab4cc31d1ebde341cf,1940
data/raw/Coccidiosis/cocci.970.jpg,Coccidiosis,224,224,36155,d8815fb45b399412cbbf3563d27985df,1941
data/raw/Coccidiosis/cocci.971.jpg,Coccidiosis,224,224,31022,6097c01eb7ee6fd7dd731efbacfc76e8,1942
data/raw/Coccidiosis/cocci.972.jpg,Coccidiosis,224,224,35333,fba6d8ba2c85e5df36b245b3623ba28c,1943
data/raw/Coccidiosis/cocci.973.jpg,Coccidiosis,224,224,35364,1e9640699b11d6c410d361913f03538d,1944
data/raw/Coccidiosis/cocci.974.jpg,Coccidiosis,224,224,29817,b773b77e3ce985baf67c3f3da4cf9597,1945
data/raw/Coccidiosis/cocci.975.jpg,Coccidiosis,224,224,34285,040980bfb4ba9f2104dfa0f15527b55d,574
data/raw/Coccidiosis/cocci.976.jpg,Coccidiosis,224,224,43728,a939d29e5106b53e780006204c0963f2,1946
data/raw/Coccidiosis/cocci.977.jpg,Coccidiosis,224,224,24248,415ab62df3ab15eca118fe1238757e93,1947
data/raw/Coccidiosis/cocci.978.jpg,Coccidiosis,224,224,28443,9856b52e98a284d8aa0a097454665bbf,1948
data/raw/Coccidiosis/cocci.979.jpg,Coccidiosis,224,224,27758,9b9afafd5166e72da93b3efebcbd6d22,1949
data/raw/Coccidiosis/cocci.98.jpg,Coccidiosis,224,224,38465,ce2cedca9523a3eda13ee8ddf2c62368,1950
data/raw/Coccidiosis/cocci.980.jpg,Coccidiosis,224,224,26924,d512461a938d1feb1c66fc49e8d17719,1951
data/raw/Coccidiosis/cocci.981.jpg,Coccidiosis,224,224,31980,6378c098bef593230b194e6b27b5f956,1952
data/raw/Coccidiosis/cocci.982.jpg,Coccidiosis,224,224,23501,acc024216058af919763e73338963855,1953
data/raw/Coccidiosis/cocci.983.jpg,Coccidiosis,224,224,29863,0e84023d4264521a39a11e15f64c158d,1954
data/raw/Coccidiosis/cocci.984.jpg,Coccidiosis,224,224,30280,0062cb1a976598d141cee652a20999be,1955
data/raw/Coccidiosis/cocci.985.jpg,Coccidiosis,224,224,34784,c9397a0545293c79f473c78028267b4c,1956
data/raw/Coccidiosis/cocci.986.jpg,Coccidiosis,224,224,30875,5e5f713ec4a11c538ca20fb3e153e258,1957
data/raw/Coccidiosis/cocci.987.jpg,Coccidiosis,224,224,24239,d2ac1e35be555c0f6b64739fb60ebc01,1958
data/raw/Coccidiosis/cocci.988.jpg,Coccidiosis,224,224,25257,18a5940139e6fcf5345d149fa8bf758b,1731
data/raw/Coccidiosis/cocci.989.jpg,Coccidiosis,224,224,26045,a146af6d4bb6e779e866cb8e8ca8ab21,1959
data/raw/Coccidiosis/cocci.99.jpg,Coccidiosis,224,224,40252,36c6678750bcb141fb584f268e52b280,1960
data/raw/Coccidiosis/cocci.990.jpg,Coccidiosis,224,224,31803,4133c8198432f6a9d35aafd12c9c7ad6,1961
data/raw/Coccidiosis/cocci.991.jpg,Coccidiosis,224,224,30281,9643314b5f50fe141c2d0e168e01e313,1962
data/raw/Coccidiosis/cocci.992.jpg,Coccidiosis,224,224,23875,662b6b9d72476f3b4dd47e4b824221f4,1963
data/raw/Coccidiosis/cocci.993.jpg,Coccidiosis,224,224,22627,8d521443d09ccf276d574e0838755c74,1964
data/raw/Coccidiosis/cocci.994.jpg,Coccidiosis,224,224,29473,88c8384a8a0446544d0e653f9087d98a,430
data/raw/Coccidiosis/cocci.995.jpg,Coccidiosis,224,224,34082,603fd8303fee3876268ed93b6056cc36,1965
data/raw/Coccidiosis/cocci.996.jpg,Coccidiosis,224,224,33831,c33315f3eb7b18047a64bd0c7bbdd9fe,1966
data/raw/Coccidiosis/cocci.997.jpg,Coccidiosis,224,224,29151,e4dfdc3700334eead321e5d406a710c7,1967
data/raw/Coccidiosis/cocci.998.jpg,Coccidiosis,224,224,22797,cd044c3fdb71f64f9fc15b1b0cf5311f,1968
data/raw/Coccidiosis/cocci.999.jpg,Coccidiosis,224,224,21875,afe199f069a2543ee9dea64433c91f55,1969
data/raw/Coccidiosis/pcrcocci.0.jpg,Coccidiosis,224,224,40584,cb0b7c1b8a95ceb29c4d532417f94907,1970
data/raw/Coccidiosis/pcrcocci.1.jpg,Coccidiosis,224,224,42279,44d4c3cc7171d12be67d189bab09a8e0,1971
data/raw/Coccidiosis/pcrcocci.10.jpg,Coccidiosis,224,224,63496,7008bb2546ca2d2ca167ef5b5505e5d1,1972
data/raw/Coccidiosis/pcrcocci.100.jpg,Coccidiosis,224,224,44139,3ecad5ec457ad7ed6f0cee41a6761dcb,1973
data/raw/Coccidiosis/pcrcocci.101.jpg,Coccidiosis,224,224,48547,c26381beb2c6bbf9238316096d246abe,1974
data/raw/Coccidiosis/pcrcocci.102.jpg,Coccidiosis,224,224,36106,248cd58e8d755f30f31a98f32a4c6bbf,1975
data/raw/Coccidiosis/pcrcocci.103.jpg,Coccidiosis,224,224,29434,635edfd9fb0c8c0e4702a7fdb57c8ab0,1976
data/raw/Coccidiosis/pcrcocci.104.jpg,Coccidiosis,224,224,26628,a1081d07c3ec00dd153e1cf5f4f385c8,1977
data/raw/Coccidiosis/pcrcocci.105.jpg,Coccidiosis,224,224,27370,0f80595e064b9c39c25eef73476a7168,1978
data/raw/Coccidiosis/pcrcocci.106.jpg,Coccidiosis,224,224,37024,b6d4ea55477772e25f93bac7c561012e,1979
data/raw/Coccidiosis/pcrcocci.107.jpg,Coccidiosis,224,224,54482,9776a5b06ffd4ea24300f440bbd0fb7e,1980
data/raw/Coccidiosis/pcrcocci.108.jpg,Coccidiosis,224,224,19892,1cc5eaa858702602a89dba69001520c1,1981
data/raw/Coccidiosis/pcrcocci.109.jpg,Coccidiosis,224,224,47781,db2db070a84997400df134bf4f2e12eb,1982
data/raw/Coccidiosis/pcrcocci.11.jpg,Coccidiosis,224,224,27959,91fecd3fd477339d55d63913ce98a19d,1983
data/raw/Coccidiosis/pcrcocci.110.jpg,Coccidiosis,224,224,41649,5ef1134c2f2bce6a2fc8fabfad3cb84c,1984
data/raw/Coccidiosis/pcrcocci.111.jpg,Coccidiosis,224,224,20216,b0b321654a7223d413ba6067b2725b34,1985
data/raw/Coccidiosis/pcrcocci.112.jpg,Coccidiosis,224,224,38340,3cf05e721a6eac667053c0cf9ee3631c,1986
data/raw/Coccidiosis/pcrcocci.113.jpg,Coccidiosis,224,224,24351,5a29ae47ed4b818b918027f663a4f94f,1987
data/raw/Coccidiosis/pcrcocci.114.jpg,Coccidiosis,224,224,30594,d8e05a050f2035d5de42bca03df21b9c,1988
data/raw/Coccidiosis/pcrcocci.115.jpg,Coccidiosis,224,224,45890,ed464d4de2e8df490e6872cc2124e260,1989
data/raw/Coccidiosis/pcrcocci.116.jpg,Coccidiosis,224,224,38402,5a913c126915c735fcd3a8f489bd281f,1990
data/raw/Coccidiosis/pcrcocci.117.jpg,Coccidiosis,224,224,32455,773d0099f764b527f4efd19b10a3b6c7,1991
data/raw/Coccidiosis/pcrcocci.118.jpg,Coccidiosis,224,224,42593,ef351c16de21a597b8ff671059469acf,1992
data/raw/Coccidiosis/pcrcocci.119.jpg,Coccidiosis,224,224,49590,fa5d73d76980c74ceb4aac787dda9a0d,1993
data/raw/Coccidiosis/pcrcocci.12.jpg,Coccidiosis,224,224,43342,6a844ae3bff64893087b1eedc1f60ccc,1994
data/raw/Coccidiosis/pcrcocci.120.jpg,Coccidiosis,224,224,28353,094bd2aba69d686b3605fcbda62c62dd,1995
data/raw/Coccidiosis/pcrcocci.121.jpg,Coccidiosis,224,224,52140,09119dddf2ddd3f48423e40ac6a33c78,1996
data/raw/Coccidiosis/pcrcocci.122.jpg,Coccidiosis,224,224,31123,c568fac88f899d6e32a4a67b909cb172,1997
data/raw/Coccidiosis/pcrcocci.123.jpg,Coccidiosis,224,224,44732,cd5679f443c1652a56b0c6de0e7c1c7f,1998
data/raw/Coccidiosis/pcrcocci.124.jpg,Coccidiosis,224,224,45407,7f0ca4ffc5b147b3dc91d64daf284ee1,1999
data/raw/Coccidiosis/pcrcocci.125.jpg,Coccidiosis,224,224,39162,39062994eb82759b3a67090c5bee0bf8,2000
data/raw/Coccidiosis/pcrcocci.126.jpg,Coccidiosis,224,224,41829,e1426561c0b3489cb56014410134fdf6,2001
data/raw/Coccidiosis/pcrcocci.127.jpg,Coccidiosis,224,224,52770,095b877c4eb978952a0b1c37af46fd45,2002
data/raw/Coccidiosis/pcrcocci.128.jpg,Coccidiosis,224,224,43750,76beb67ddfc0afce27eac50ecc60f82f,2003
data/raw/Coccidiosis/pcrcocci.129.jpg,Coccidiosis,224,224,44673,98a77d52032c68f66d80ebf00e970f6e,2004
data/raw/Coccidiosis/pcrcocci.13.jpg,Coccidiosis,224,224,37019,4f1760753249a53ef02fe05b0700e3aa,2005
data/raw/Coccidiosis/pcrcocci.130.jpg,Coccidiosis,224,224,39671,fd459a7df6a84354b2ad9563fdb3f2c2,2006
data/raw/Coccidiosis/pcrcocci.131.jpg,Coccidiosis,224,224,51066,e178cb7311d3b180a2a165cf0d5a489e,2007
data/raw/Coccidiosis/pcrcocci.132.jpg,Coccidiosis,224,224,41823,525230ddbd778e04a3a6e2f341ccd8ff,2008
data/raw/Coccidiosis/pcrcocci.133.jpg,Coccidiosis,224,224,22270,c356b46541b20b35763fb59a9148859c,2009
data/raw/Coccidiosis/pcrcocci.134.jpg,Coccidiosis,224,224,45262,c50279bfe4200eb3abfb814ade680a87,2010
data/raw/Coccidiosis/pcrcocci.135.jpg,Coccidiosis,224,224,44896,fc1082859275d99b9afe371352e745a7,2011
data/raw/Coccidiosis/pcrcocci.136.jpg,Coccidiosis,224,224,44782,720c1e6230772aaf21be62ae6b847fb0,2012
data/raw/Coccidiosis/pcrcocci.137.jpg,Coccidiosis,224,224,38782,a51dc7c0a4cfdb93bd7f0c9c4d5704be,2013
data/raw/Coccidiosis/pcrcocci.138.jpg,Coccidiosis,224,224,42150,ee2bd9c4788d7adf65fe4a34c8b8ff0c,2014
data/raw/Coccidiosis/pcrcocci.139.jpg,Coccidiosis,224,224,62327,00db1bc3a2ed3e8041577ff247fc8e4c,2015
data/raw/Coccidiosis/pcrcocci.14.jpg,Coccidiosis,224,224,30943,dcfd16cd645e4cafde553efbfab801e7,2016
data/raw/Coccidiosis/pcrcocci.140.jpg,Coccidiosis,224,224,42453,b3e88fc830c7d95411e59cf8d6df81cc,2017
data/raw/Coccidiosis/pcrcocci.141.jpg,Coccidiosis,224,224,38602,98dc7fc6dc881854a79e80182777d015,2018
data/raw/Coccidiosis/pcrcocci.142.jpg,Coccidiosis,224,224,38893,28deb7a1b0a6e800084aa690f14da220,2019
data/raw/Coccidiosis/pcrcocci.143.jpg,Coccidiosis,224,224,37844,b63afdb6a6104f74fa9d6400fcf7d122,2020
data/raw/Coccidiosis/pcrcocci.144.jpg,Coccidiosis,224,224,53054,85f6065de1b8f4fd56651907095a8683,2021
data/raw/Coccidiosis/pcrcocci.145.jpg,Coccidiosis,224,224,43201,75b2527ec65398892a749311e28c713a,2022
data/raw/Coccidiosis/pcrcocci.146.jpg,Coccidiosis,224,224,25768,05ac4c8834b7f1583d604af611c13d0e,2023
data/raw/Coccidiosis/pcrcocci.147.jpg,Coccidiosis,224,224,40961,3320ef3e9df2d9f4e1a23e39c33726d4,2024
data/raw/Coccidiosis/pcrcocci.148.jpg,Coccidiosis,224,224,58195,ad9799d3bc5a0b4381c52dfcf0eb67f3,2025
data/raw/Coccidiosis/pcrcocci.149.jpg,Coccidiosis,224,224,64752,5a966b955dde7f55ccf6fe8ee8453f99,2026
data/raw/Coccidiosis/pcrcocci.15.jpg,Coccidiosis,224,224,17878,398a9c63f157d9f1750bf07d23f16da8,2027
data/raw/Coccidiosis/pcrcocci.150.jpg,Coccidiosis,224,224,34358,5064f28c4a2095dd20a3006457674de3,2028
data/raw/Coccidiosis/pcrcocci.151.jpg,Coccidiosis,224,224,35907,a7f1d49b1b6afcaf1774547e9ac7e343,2029
data/raw/Coccidiosis/pcrcocci.152.jpg,Coccidiosis,224,224,18772,17afcde41c4d5ecf8f7109a163c908e0,2030
data/raw/Coccidiosis/pcrcocci.153.jpg,Coccidiosis,224,224,47675,762adb3f112e9bcd02b4cd35ca630684,2031
data/raw/Coccidiosis/pcrcocci.154.jpg,Coccidiosis,224,224,27605,a1d0f91d52d6138f34dc7d812e6eb2a3,2032
data/raw/Coccidiosis/pcrcocci.155.jpg,Coccidiosis,224,224,25337,5d1c679f24e2a51ff9b8c00f7f9cfe2a,2033
data/raw/Coccidiosis/pcrcocci.156.jpg,Coccidiosis,224,224,49713,ea5417d7a6d858ce7e855084e8a9c6bc,2034
data/raw/Coccidiosis/pcrcocci.157.jpg,Coccidiosis,224,224,44667,c2b7ed7e8ff32886ac29b48dba4ddd01,2035
data/raw/Coccidiosis/pcrcocci.158.jpg,Coccidiosis,224,224,50242,0aec6e46e9a96136432a123aaaa8ed16,2036
data/raw/Coccidiosis/pcrcocci.159.jpg,Coccidiosis,224,224,21742,a62a2f65fdf244da68d594dd13d89fae,2037
data/raw/Coccidiosis/pcrcocci.16.jpg,Coccidiosis,224,224,57133,64268a23e1614908dbc0929de4b37aa3,2038
data/raw/Coccidiosis/pcrcocci.160.jpg,Coccidiosis,224,224,43415,c550ec076df46eff3be1d5ccb7e8093e,2039
data/raw/Coccidiosis/pcrcocci.161.jpg,Coccidiosis,224,224,38430,0edf3712acef74d222afcdc00e1449f0,2040
data/raw/Coccidiosis/pcrcocci.162.jpg,Coccidiosis,224,224,63686,7e6e99941ef0498459b860d8d348fa59,2041
data/raw/Coccidiosis/pcrcocci.163.jpg,Coccidiosis,224,224,48033,57b21ef49de50bdde650115a99f29bca,2042
data/raw/Coccidiosis/pcrcocci.164.jpg,Coccidiosis,224,224,54619,d5a4ca7f949b21020060c0a21dbd8e47,2043
data/raw/Coccidiosis/pcrcocci.165.jpg,Coccidiosis,224,224,42881,d0cee7e63382e7a41f7fb35742877647,2044
data/raw/Coccidiosis/pcrcocci.166.jpg,Coccidiosis,224,224,46721,012651eacfe14e19968351e90cfe1e5d,2045
data/raw/Coccidiosis/pcrcocci.167.jpg,Coccidiosis,224,224,47836,fea4aedbf28dbf6ab67c0a8c0b999e82,2046
data/raw/Coccidiosis/pcrcocci.168.jpg,Coccidiosis,224,224,41178,63362313bdb25546e5d48fe1eadb0304,2047
data/raw/Coccidiosis/pcrcocci.169.jpg,Coccidiosis,224,224,51541,6b4a12f0d2fd5bf4ec23eaa31575c87b,2048
data/raw/Coccidiosis/pcrcocci.17.jpg,Coccidiosis,224,224,43373,ee039f7dbb9002db48de87601c42e5e8,2049
data/raw/Coccidiosis/pcrcocci.170.jpg,Coccidiosis,224,224,41334,6815f5211141c7ffd20b2a8bd15b7fa8,2050
data/raw/Coccidiosis/pcrcocci.171.jpg,Coccidiosis,224,224,42360,465405424ad99a7b1be42918d8643adf,2051
data/raw/Coccidiosis/pcrcocci.172.jpg,Coccidiosis,224,224,39337,16119cfbfb87ab487d2740cbb67db247,2052
data/raw/Coccidiosis/pcrcocci.173.jpg,Coccidiosis,224,224,41804,dfc0337b54464452c559cbb1c99c7b06,2053
data/raw/Coccidiosis/pcrcocci.174.jpg,Coccidiosis,224,224,33465,5f7cf1028044d9d4faf460be60c5f670,2054
data/raw/Coccidiosis/pcrcocci.175.jpg,Coccidiosis,224,224,36317,2547812880478336c5981937d143cd6f,2055
data/raw/Coccidiosis/pcrcocci.176.jpg,Coccidiosis,224,224,35355,9de0ce9151ae1ed6ef6f1ab24b3ced7e,2056
data/raw/Coccidiosis/pcrcocci.177.jpg,Coccidiosis,224,224,49804,50b8c41154925344633b8d888ef80d8c,2057
data/raw/Coccidiosis/pcrcocci.178.jpg,Coccidiosis,224,224,48247,c5ec7cd60663ae7cdcd023217ed6d293,2058
data/raw/Coccidiosis/pcrcocci.179.jpg,Coccidiosis,224,224,33815,a565c407b2215d9e4137615e1c972d21,2059
data/raw/Coccidiosis/pcrcocci.18.jpg,Coccidiosis,224,224,38809,9b5017881e8336e0aecf284eb1ae15e6,2060
data/raw/Coccidiosis/pcrcocci.180.jpg,Coccidiosis,224,224,44746,7380c1ab45e717d59d8bbab096d3ab3e,2061
data/raw/Coccidiosis/pcrcocci.181.jpg,Coccidiosis,224,224,36061,a0620f00044bd1e4cb3d6aca50144452,2062
data/raw/Coccidiosis/pcrcocci.182.jpg,Coccidiosis,224,224,36722,676c305716ed9e593b2e0286419f18d2,2063
data/raw/Coccidiosis/pcrcocci.183.jpg,Coccidiosis,224,224,45708,0cdaee9badae4184d88e2fa5c52b7d5e,2064
data/raw/Coccidiosis/pcrcocci.184.jpg,Coccidiosis,224,224,51125,598657d0d7736a75f712b79ca0eb7697,2065
data/raw/Coccidiosis/pcrcocci.185.jpg,Coccidiosis,224,224,44459,9e7a070c62bda0302d2d061bd99ae787,2066
data/raw/Coccidiosis/pcrcocci.186.jpg,Coccidiosis,224,224,30592,35fd711f7ee5b3beb50bc255e7a64716,2067
data/raw/Coccidiosis/pcrcocci.187.jpg,Coccidiosis,224,224,59542,c67f74ee85282a760f67d2fa498f4b22,2068
data/raw/Coccidiosis/pcrcocci.188.jpg,Coccidiosis,224,224,46890,cda831241f5edef4a7c52abf43294f2c,2069
data/raw/Coccidiosis/pcrcocci.189.jpg,Coccidiosis,224,224,31154,e3ca6345fbfbecebb534e5a45db4a49d,2070
data/raw/Coccidiosis/pcrcocci.19.jpg,Coccidiosis,224,224,32189,f917c074dbb99c4da4c97e6b6dff9f64,2071
data/raw/Coccidiosis/pcrcocci.190.jpg,Coccidiosis,224,224,40184,4b5a69992e9711f53be26499b932594a,2072
data/raw/Coccidiosis/pcrcocci.191.jpg,Coccidiosis,224,224,20503,ca688c112134b3e3056a99933fb3ecdd,2073
data/raw/Coccidiosis/pcrcocci.192.jpg,Coccidiosis,224,224,35417,ea40077a981bc7911abadd77430d5e64,2074
data/raw/Coccidiosis/pcrcocci.193.jpg,Coccidiosis,224,224,31577,ab25622a147f434961239168b2a0e7ad,2075
data/raw/Coccidiosis/pcrcocci.194.jpg,Coccidiosis,224,224,32928,6ab13b8dc632d62f3689636e147bb1a8,2076
data/raw/Coccidiosis/pcrcocci.195.jpg,Coccidiosis,224,224,46273,33cc9a4ab47542825571da87e58dbf48,2077
data/raw/Coccidiosis/pcrcocci.196.jpg,Coccidiosis,224,224,30947,838b62f09430c8e2516ea5099cfdcbad,2078
data/raw/Coccidiosis/pcrcocci.197.jpg,Coccidiosis,224,224,48370,3b422da48aa6be77ea149da3a4d6cd69,2079
data/raw/Coccidiosis/pcrcocci.198.jpg,Coccidiosis,224,224,45783,cdec83fcd2974f0a207ef7302bce7d7f,2080
data/raw/Coccidiosis/pcrcocci.199.jpg,Coccidiosis,224,224,23086,089ccef4ed1de3cb0e21a2ec002719ed,2081
data/raw/Coccidiosis/pcrcocci.2.jpg,Coccidiosis,224,224,46101,c296962bdbed12d7e72c1c9f383d3e13,2082
data/raw/Coccidiosis/pcrcocci.20.jpg,Coccidiosis,224,224,36037,0cbb57455dbf2def522f76945a12a383,2083
data/raw/Coccidiosis/pcrcocci.200.jpg,Coccidiosis,224,224,22365,1baadfd36d138e7ea5e07575b77ee3b9,2084
data/raw/Coccidiosis/pcrcocci.201.jpg,Coccidiosis,224,224,48152,5049f8c42c7d69da5ca5e4bc867ee7e3,2085
data/raw/Coccidiosis/pcrcocci.202.jpg,Coccidiosis,224,224,38601,673d69fed075958a9eb3d1f05a7bab5f,2086
data/raw/Coccidiosis/pcrcocci.203.jpg,Coccidiosis,224,224,52526,76392d2e5682cdd62cf159678ee16ebc,2087
data/raw/Coccidiosis/pcrcocci.204.jpg,Coccidiosis,224,224,41322,409c93aa42605ac3134cd0ed62755f73,2088
data/raw/Coccidiosis/pcrcocci.205.jpg,Coccidiosis,224,224,56899,69b25596d862cf74267615aa14af65a6,2089
data/raw/Coccidiosis/pcrcocci.206.jpg,Coccidiosis,224,224,38999,c5d58fb624a9e1b182331997bce8ff03,2090
data/raw/Coccidiosis/pcrcocci.207.jpg,Coccidiosis,224,224,39868,340a61043674b9b1ff921b470053f2fb,2091
data/raw/Coccidiosis/pcrcocci.208.jpg,Coccidiosis,224,224,42468,50d26458f4c86646652c3b7f0b1db39a,2092
data/raw/Coccidiosis/pcrcocci.209.jpg,Coccidiosis,224,224,32122,734d6483306f86f2e8d1c548986465a1,2093
data/raw/Coccidiosis/pcrcocci.21.jpg,Coccidiosis,224,224,36432,864e714b09130e54a8f799a72826c189,2094
data/raw/Coccidiosis/pcrcocci.210.jpg,Coccidiosis,224,224,38455,ffb9989d8c0c28df2c0bac27f3268361,2095
data/raw/Coccidiosis/pcrcocci.211.jpg,Coccidiosis,224,224,32437,6629cf93267c32998a43c4f7c3b785fd,2096
data/raw/Coccidiosis/pcrcocci.212.jpg,Coccidiosis,224,224,37900,c0a13ae3b7b18e13046a6eab5c084125,2097
data/raw/Coccidiosis/pcrcocci.213.jpg,Coccidiosis,224,224,48391,1a0fbceeff15394f3ed3ee8b620ef037,2098
data/raw/Coccidiosis/pcrcocci.214.jpg,Coccidiosis,224,224,31894,dafd44e3d44da4eeb55b2f49af03240d,2099
data/raw/Coccidiosis/pcrcocci.215.jpg,Coccidiosis,224,224,59186,656f739ed155d42729934dce40a85182,2100
data/raw/Coccidiosis/pcrcocci.216.jpg,Coccidiosis,224,224,45354,7576057360f1933a9c2c53364a148f2f,2101
data/raw/Coccidiosis/pcrcocci.217.jpg,Coccidiosis,224,224,28289,71341e08176f3487c286e81f5038328b,2102
data/raw/Coccidiosis/pcrcocci.218.jpg,Coccidiosis,224,224,42248,c8e2cb85bd072a3ff8c0218b4697ff1c,2103
data/raw/Coccidiosis/pcrcocci.219.jpg,Coccidiosis,224,224,29394,857186cbec8376de4c7ca80ca6d25410,2104
data/raw/Coccidiosis/pcrcocci.22.jpg,Coccidiosis,224,224,33375,3e41f83a4ba047a1db336dcadaaeede9,2105
data/raw/Coccidiosis/pcrcocci.220.jpg,Coccidiosis,224,224,59794,406286417d58fea0336f908a707db204,2106
data/raw/Coccidiosis/pcrcocci.221.jpg,Coccidiosis,224,224,33873,ceaf060db4f8ed3224f42354288eea6c,2107
data/raw/Coccidiosis/pcrcocci.222.jpg,Coccidiosis,224,224,45460,08c5237329250b09f8e3c9145130847d,2108
data/raw/Coccidiosis/pcrcocci.223.jpg,Coccidiosis,224,224,45109,ee0de5be5b48f9dbea8ed690cdf7b5ae,2109
data/raw/Coccidiosis/pcrcocci.224.jpg,Coccidiosis,224,224,35417,9204075f42a5d0924deabc3d25514cb2,2110
data/raw/Coccidiosis/pcrcocci.225.jpg,Coccidiosis,224,224,60670,da480bca9555d7b50304987e2f38e1f8,2111
data/raw/Coccidiosis/pcrcocci.226.jpg,Coccidiosis,224,224,42758,1dda7a55f1676ed4e69dec2d7bcbeb2b,2112
data/raw/Coccidiosis/pcrcocci.227.jpg,Coccidiosis,224,224,37012,4fe66ac290bf4723bc08e7a94aa0dc1a,2113
data/raw/Coccidiosis/pcrcocci.228.jpg,Coccidiosis,224,224,62436,b806e47c0853b19305d3d316ffa1974a,2114
data/raw/Coccidiosis/pcrcocci.229.jpg,Coccidiosis,224,224,40967,2c3b4d110f21fa50519130deb533243d,2115
data/raw/Coccidiosis/pcrcocci.23.jpg,Coccidiosis,224,224,33612,88d84ec03e504978c2c511fd94063330,2116
data/raw/Coccidiosis/pcrcocci.230.jpg,Coccidiosis,224,224,17748,b595c46d3bc7d0515d08a95ade765d25,2117
data/raw/Coccidiosis/pcrcocci.231.jpg,Coccidiosis,224,224,43515,91bf3cf8a80d5ad1b50192d749a9978d,2118
data/raw/Coccidiosis/pcrcocci.232.jpg,Coccidiosis,224,224,35890,c801dd140b2bd5deebcdaf0a7a52f10c,2119
data/raw/Coccidiosis/pcrcocci.233.jpg,Coccidiosis,224,224,38273,bb22a952d730bd71e7cf40d411ab74c8,2120
data/raw/Coccidiosis/pcrcocci.234.jpg,Coccidiosis,224,224,50291,75ef067df1bedbdb2606e9514551c845,2121
data/raw/Coccidiosis/pcrcocci.235.jpg,Coccidiosis,224,224,31071,ffa168d4e5ad7ace638c60645d7e58e7,2122
data/raw/Coccidiosis/pcrcocci.236.jpg,Coccidiosis,224,224,39120,b633be756afbd95bafa9c93ac4ffac3b,2123
data/raw/Coccidiosis/pcrcocci.237.jpg,Coccidiosis,224,224,45096,a4efb6cda4f65283ad7e6e0e7e2e97e6,2124
data/raw/Coccidiosis/pcrcocci.238.jpg,Coccidiosis,224,224,35293,a578597d094bc94e1fd592a35230d7d2,2125
data/raw/Coccidiosis/pcrcocci.239.jpg,Coccidiosis,224,224,39617,b2b18a315cc0c763bad6afed516846a6,2126
data/raw/Coccidiosis/pcrcocci.24.jpg,Coccidiosis,224,224,31271,7ce3eafd49b3bfc8b6d11b0242ac41ce,2127
data/raw/Coccidiosis/pcrcocci.240.jpg,Coccidiosis,224,224,48982,8ddb7762126284f80c00e211d1f30dec,2128
data/raw/Coccidiosis/pcrcocci.241.jpg,Coccidiosis,224,224,44356,7f0757e3a22b87ecf82c18029a139757,2129
data/raw/Coccidiosis/pcrcocci.242.jpg,Coccidiosis,224,224,49250,76deb241c75523d3efc25472df3c3d7c,2130
data/raw/Coccidiosis/pcrcocci.243.jpg,Coccidiosis,224,224,40366,a7a0c62e729bb1ea754b8a70ca0e5e7b,2131
data/raw/Coccidiosis/pcrcocci.244.jpg,Coccidiosis,224,224,37219,e57346fbc6ba8d0ab94099c55693f097,2132
data/raw/Coccidiosis/pcrcocci.245.jpg,Coccidiosis,224,224,44620,866fe8ff161dfd13c11b49a2ee993e83,2133
data/raw/Coccidiosis/pcrcocci.246.jpg,Coccidiosis,224,224,46463,a5d6d133f27b239f911a33f2f511efb7,2134
data/raw/Coccidiosis/pcrcocci.247.jpg,Coccidiosis,224,224,45898,a63dcf36f9a6b7da94860fc1d35f8bcb,2135
data/raw/Coccidiosis/pcrcocci.248.jpg,Coccidiosis,224,224,24975,9fbace299c21b026b77d51f001e93765,2136
data/raw/Coccidiosis/pcrcocci.249.jpg,Coccidiosis,224,224,38565,bac97269b15704293dd1e8e382286cb8,2137
data/raw/Coccidiosis/pcrcocci.25.jpg,Coccidiosis,224,224,45967,f82df81b9b2f342688537a35057076bc,2138
data/raw/Coccidiosis/pcrcocci.250.jpg,Coccidiosis,224,224,10281,0cf683dbaba65fdcb16dc3a10cf96c62,2139
data/raw/Coccidiosis/pcrcocci.251.jpg,Coccidiosis,224,224,57085,0aa9004ebfdb0104db24270b052dd1b9,2140
data/raw/Coccidiosis/pcrcocci.252.jpg,Coccidiosis,224,224,41817,7b4fb84b390bbde28eb8f2adcddf84a0,2141
data/raw/Coccidiosis/pcrcocci.253.jpg,Coccidiosis,224,224,49341,da2f0f2bc340744582090e80146e93ec,2142
data/raw/Coccidiosis/pcrcocci.254.jpg,Coccidiosis,224,224,59789,e4d6c316503c546d582a1c946918adb1,2143
data/raw/Coccidiosis/pcrcocci.255.jpg,Coccidiosis,224,224,40057,533be05676175498b329cf1019875f5b,2144
data/raw/Coccidiosis/pcrcocci.256.jpg,Coccidiosis,224,224,40870,85b00fee7af167dc6d221cb5708b37ae,2145
data/raw/Coccidiosis/pcrcocci.257.jpg,Coccidiosis,224,224,46022,2284f3f310bda235cf21206374990e08,2146
data/raw/Coccidiosis/pcrcocci.258.jpg,Coccidiosis,224,224,34701,f835c3ca0954e5e86ce9a1f6a66a2fed,2147
data/raw/Coccidiosis/pcrcocci.259.jpg,Coccidiosis,224,224,53946,f1bb461544465d832f34e382901cf280,2148
data/raw/Coccidiosis/pcrcocci.26.jpg,Coccidiosis,224,224,37485,0e56050f2b83c5c51247299797f48ce6,2149
data/raw/Coccidiosis/pcrcocci.260.jpg,Coccidiosis,224,224,47672,e30d0389db9073732ee1ca8b44018829,2150
data/raw/Coccidiosis/pcrcocci.261.jpg,Coccidiosis,224,224,44685,dd97a05744a8b1ba18067e03644cf8a9,2151
data/raw/Coccidiosis/pcrcocci.262.jpg,Coccidiosis,224,224,30716,07e5c716a235d8932fbc7a322fd4383d,2152
data/raw/Coccidiosis/pcrcocci.263.jpg,Coccidiosis,224,224,50748,6f9301228acfc556cd36a90b8facc748,2153
data/raw/Coccidiosis/pcrcocci.264.jpg,Coccidiosis,224,224,40502,3758d18f50246cb0ae4f395a132c6e6c,2154
data/raw/Coccidiosis/pcrcocci.265.jpg,Coccidiosis,224,224,39084,8acac874a840af5663549df65c6fd946,2155
data/raw/Coccidiosis/pcrcocci.266.jpg,Coccidiosis,224,224,40478,55d0eb3296cb0ec0bfd21a4c9e668a26,2156
data/raw/Coccidiosis/pcrcocci.267.jpg,Coccidiosis,224,224,58789,c9bb0a805fda74ada1c5402d5d0367ea,2157
data/raw/Coccidiosis/pcrcocci.268.jpg,Coccidiosis,224,224,23523,5682f9c1695402c45e25b004aeb1ed3b,2158
data/raw/Coccidiosis/pcrcocci.269.jpg,Coccidiosis,224,224,45738,626547122b282b1264691e0f1ebb1b8e,2159
data/raw/Coccidiosis/pcrcocci.27.jpg,Coccidiosis,224,224,30028,6612d1db76e4673a61b4c87c5bf038b3,2160
data/raw/Coccidiosis/pcrcocci.270.jpg,Coccidiosis,224,224,40870,f05d169e4188179ef3a866ccc0c49417,2161
data/raw/Coccidiosis/pcrcocci.271.jpg,Coccidiosis,224,224,57679,3d4e7b0e3797fc7e4e71784967aeab5e,2162
data/raw/Coccidiosis/pcrcocci.272.jpg,Coccidiosis,224,224,33061,ab6365a73361e012bd7f4481168fff30,2163
data/raw/Coccidiosis/pcrcocci.273.jpg,Coccidiosis,224,224,50703,d7c09531a24eacd6150451451f372483,2164
data/raw/Coccidiosis/pcrcocci.274.jpg,Coccidiosis,224,224,44982,39501152dca2febd2faafbd7592f147b,2165
data/raw/Coccidiosis/pcrcocci.275.jpg,Coccidiosis,224,224,34489,9989c9499dc7a962ca77bff35bed8946,2166
data/raw/Coccidiosis/pcrcocci.276.jpg,Coccidiosis,224,224,30932,31514ff36a04c10749e8e69e8c7f50d2,2167
data/raw/Coccidiosis/pcrcocci.277.jpg,Coccidiosis,224,224,27771,eb58d2bd7c641cb0c9bd36f6588acef7,2168
data/raw/Coccidiosis/pcrcocci.278.jpg,Coccidiosis,224,224,48312,21d4829fe780b2be682019cd2eb19177,2169
data/raw/Coccidiosis/pcrcocci.279.jpg,Coccidiosis,224,224,46749,5ac894c1c6aa72644a85b0d0b9da8cac,2170
data/raw/Coccidiosis/pcrcocci.28.jpg,Coccidiosis,224,224,42296,209fc6e0e27b2a7756b44982946fcdb0,2171
data/raw/Coccidiosis/pcrcocci.280.jpg,Coccidiosis,224,224,35901,c79d3174ee4e41bbaaa3d2f2dd244abc,2172
data/raw/Coccidiosis/pcrcocci.281.jpg,Coccidiosis,224,224,41250,ae6e36002b5e0096e0e53cad31eb7cd4,2173
data/raw/Coccidiosis/pcrcocci.282.jpg,Coccidiosis,224,224,42776,7b66e7d1cadff731691f0047636e56ca,2174
data/raw/Coccidiosis/pcrcocci.283.jpg,Coccidiosis,224,224,43737,dcc1ba02cc35f6ba51648f3d0e40c6d0,2175
data/raw/Coccidiosis/pcrcocci.284.jpg,Coccidiosis,224,224,35690,8175d6cd061eb005e643ee564d979421,2176
data/raw/Coccidiosis/pcrcocci.285.jpg,Coccidiosis,224,224,38562,bca1c33ef55ab258902d5c71edf6919b,2177
data/raw/Coccidiosis/pcrcocci.286.jpg,Coccidiosis,224,224,21718,bc0d536844402280d97bb8e5893a0773,2178
data/raw/Coccidiosis/pcrcocci.287.jpg,Coccidiosis,224,224,45975,0a87dd15af4015ea4ddde6246d097353,2179
data/raw/Coccidiosis/pcrcocci.288.jpg,Coccidiosis,224,224,36062,30ce29be7c5a89929f0c3969486014c1,2180
data/raw/Coccidiosis/pcrcocci.289.jpg,Coccidiosis,224,224,32709,18d6225d4a3ab9d72e3cebac65799223,2181
data/raw/Coccidiosis/pcrcocci.29.jpg,Coccidiosis,224,224,41422,abc06779197cb1e3581e293ddcc9fd48,2182
data/raw/Coccidiosis/pcrcocci.290.jpg,Coccidiosis,224,224,33188,e1958ed31dfa7c327893df4b5490fb8a,2183
data/raw/Coccidiosis/pcrcocci.291.jpg,Coccidiosis,224,224,48106,66fc8f48ebf9b12a6c6a31e210360fb1,2184
data/raw/Coccidiosis/pcrcocci.292.jpg,Coccidiosis,224,224,40400,397120d7de4e2865dcba1bda808e4eba,2185
data/raw/Coccidiosis/pcrcocci.293.jpg,Coccidiosis,224,224,42958,3d1952f6b51e2883b7bd863d30909f5f,2186
data/raw/Coccidiosis/pcrcocci.294.jpg,Coccidiosis,224,224,54849,999d06eefbb08ebf9987eefcbda02ba2,2187
data/raw/Coccidiosis/pcrcocci.295.jpg,Coccidiosis,224,224,37655,c6043f3961b26d861b6c5f3df8a6618c,2188
data/raw/Coccidiosis/pcrcocci.296.jpg,Coccidiosis,224,224,50572,34bcedf99941f7b0f4e6fa4b5d9f5088,2189
data/raw/Coccidiosis/pcrcocci.297.jpg,Coccidiosis,224,224,32395,c68c59d7adb43ca0855256dde3ce722c,2190
data/raw/Coccidiosis/pcrcocci.298.jpg,Coccidiosis,224,224,29898,19a57e6a0148cd4fd28f9454122abf44,2191
data/raw/Coccidiosis/pcrcocci.299.jpg,Coccidiosis,224,224,43548,09404236a5817ae9a163c2e0009e3130,2192
data/raw/Coccidiosis/pcrcocci.3.jpg,Coccidiosis,224,224,42555,51899034de6215636844dbc0c3887df0,2193
data/raw/Coccidiosis/pcrcocci.30.jpg,Coccidiosis,224,224,29861,a6dd6a260262516df27f4ea5b8dfffb2,2194
data/raw/Coccidiosis/pcrcocci.300.jpg,Coccidiosis,224,224,28066,ce6733a9c559be72a028643c9a1ff917,2195
data/raw/Coccidiosis/pcrcocci.301.jpg,Coccidiosis,224,224,43151,251acdbab8b82a9942bacd2f743f1d65,2196
data/raw/Coccidiosis/pcrcocci.302.jpg,Coccidiosis,224,224,28297,700b77fbeae4baf9e281a329c0e8313f,2197
data/raw/Coccidiosis/pcrcocci.303.jpg,Coccidiosis,224,224,43707,c01b121d0a44c658736bb0bb11d2b409,2198
data/raw/Coccidiosis/pcrcocci.304.jpg,Coccidiosis,224,224,47752,6218e92fb72bd74136d68ce2a65f95d2,2199
data/raw/Coccidiosis/pcrcocci.305.jpg,Coccidiosis,224,224,27224,b5c47bfabfa120f972dba78649f602a5,2200
data/raw/Coccidiosis/pcrcocci.306.jpg,Coccidiosis,224,224,46058,283a60fc1d0a442b674c21d807a786a4,2201
data/raw/Coccidiosis/pcrcocci.307.jpg,Coccidiosis,224,224,45830,a1f91824578ea22bb4ce5f698d3d2831,2202
data/raw/Coccidiosis/pcrcocci.308.jpg,Coccidiosis,224,224,45702,0244e2d0a2a8a6b19d885df0e39364f3,2203
data/raw/Coccidiosis/pcrcocci.309.jpg,Coccidiosis,224,224,46465,c732c3315cd22d6bf8850150679398b8,2204
data/raw/Coccidiosis/pcrcocci.31.jpg,Coccidiosis,224,224,25928,07e8809fd7b776a22ce8ecfd047eb61c,2205
data/raw/Coccidiosis/pcrcocci.310.jpg,Coccidiosis,224,224,42028,46a5b1a578cd8b99867b2565efeb1b98,2206
data/raw/Coccidiosis/pcrcocci.311.jpg,Coccidiosis,224,224,37311,756637c57cfd444739d210018a08c0b5,2207
data/raw/Coccidiosis/pcrcocci.312.jpg,Coccidiosis,224,224,28387,26c5b55285f8a439ea45026369f8a1f5,2208
data/raw/Coccidiosis/pcrcocci.313.jpg,Coccidiosis,224,224,47114,a98201f969ab22446996c1ab9047db24,2209
data/raw/Coccidiosis/pcrcocci.314.jpg,Coccidiosis,224,224,39159,edd4ee21a9e302686360847253a38437,2210
data/raw/Coccidiosis/pcrcocci.315.jpg,Coccidiosis,224,224,41240,2e10255618c19fa194cbbba3feb3dfb1,2211
data/raw/Coccidiosis/pcrcocci.316.jpg,Coccidiosis,224,224,30201,c58796b096347780a1400d1e8226ecf4,2212
data/raw/Coccidiosis/pcrcocci.317.jpg,Coccidiosis,224,224,45123,c313e399c25269b6ab64b5695e1b54ad,2213
data/raw/Coccidiosis/pcrcocci.318.jpg,Coccidiosis,224,224,44089,12fc004fea412550570c49560536370a,2214
data/raw/Coccidiosis/pcrcocci.319.jpg,Coccidiosis,224,224,61350,04a0c59348480a8a7f1edc2e75d257bd,2215
data/raw/Coccidiosis/pcrcocci.32.jpg,Coccidiosis,224,224,56969,059a735ad8e5c0156d8c8951376b86cb,2216
data/raw/Coccidiosis/pcrcocci.320.jpg,Coccidiosis,224,224,42347,9af49bc2332b101b2b2becc6b76d7beb,2217
data/raw/Coccidiosis/pcrcocci.321.jpg,Coccidiosis,224,224,41116,c984a0e6e0c3972df5836b821b8db802,2218
data/raw/Coccidiosis/pcrcocci.322.jpg,Coccidiosis,224,224,45285,18037b2a77f84a9d7dfe0864fc5da813,2219
data/raw/Coccidiosis/pcrcocci.323.jpg,Coccidiosis,224,224,18262,e73451fb4fc4a40afba1528fd1417512,2220
data/raw/Coccidiosis/pcrcocci.324.jpg,Coccidiosis,224,224,61422,a423208c771e69ee5d6d814195cc008f,2221
data/raw/Coccidiosis/pcrcocci.325.jpg,Coccidiosis,224,224,43620,7e0bc04a07c81a01fd82cbe440b3c790,2222
data/raw/Coccidiosis/pcrcocci.326.jpg,Coccidiosis,224,224,46152,ca3f9adcb99403147e9885401032fcfa,2223
data/raw/Coccidiosis/pcrcocci.327.jpg,Coccidiosis,224,224,62114,f40a3fef9e151c0380322d9b1af20388,2224
data/raw/Coccidiosis/pcrcocci.328.jpg,Coccidiosis,224,224,40416,e93d7d599b574a2114a7f6ad92f8dd42,2225
data/raw/Coccidiosis/pcrcocci.329.jpg,Coccidiosis,224,224,55030,487471084c7a1a947181c1142b538157,2226
data/raw/Coccidiosis/pcrcocci.33.jpg,Coccidiosis,224,224,49745,7755b5bbc962b62820137303e8883468,2227
data/raw/Coccidiosis/pcrcocci.330.jpg,Coccidiosis,224,224,37374,a8be9e3404408095f9c24cfb7d342f70,2228
data/raw/Coccidiosis/pcrcocci.331.jpg,Coccidiosis,224,224,22879,84b631adb04c625fdd91e8f359661efd,2229
data/raw/Coccidiosis/pcrcocci.332.jpg,Coccidiosis,224,224,55824,1416e8124374a9b9348822595aef15f0,2230
data/raw/Coccidiosis/pcrcocci.333.jpg,Coccidiosis,224,224,45357,1ec6c21184d312ad42ea40d37189a24f,2231
data/raw/Coccidiosis/pcrcocci.334.jpg,Coccidiosis,224,224,34300,1dce5142597005e576a0daaaafd86f42,2232
data/raw/Coccidiosis/pcrcocci.335.jpg,Coccidiosis,224,224,40037,ab08424d44f2deb8b995121e1fca890b,2233
data/raw/Coccidiosis/pcrcocci.336.jpg,Coccidiosis,224,224,45697,2934d06adc72a6d043ef7e60d3ab8679,2234
data/raw/Coccidiosis/pcrcocci.337.jpg,Coccidiosis,224,224,46442,cda9c6ae29f2845c289d10cd0cb36dd8,2235
data/raw/Coccidiosis/pcrcocci.338.jpg,Coccidiosis,224,224,39162,d42fa58f01b1044a13e22562d7b5e9a5,2236
data/raw/Coccidiosis/pcrcocci.339.jpg,Coccidiosis,224,224,39611,b7c3b755c1d63052bb0ebf0ac39f1745,2237
data/raw/Coccidiosis/pcrcocci.34.jpg,Coccidiosis,224,224,47780,e9118867bf28161149cd31a270f85703,2238
data/raw/Coccidiosis/pcrcocci.340.jpg,Coccidiosis,224,224,62049,dd0dcd0d5d141f19b8376360a1022200,2239
data/raw/Coccidiosis/pcrcocci.341.jpg,Coccidiosis,224,224,60147,ffe025650f9da73cdb8a55d9824627cd,2240
data/raw/Coccidiosis/pcrcocci.342.jpg,Coccidiosis,224,224,47578,a5d44506e5aa873552de286fada0d8cd,2241
data/raw/Coccidiosis/pcrcocci.343.jpg,Coccidiosis,224,224,25494,50c0e9c0cd4c966ca609ade75925e076,2242
data/raw/Coccidiosis/pcrcocci.344.jpg,Coccidiosis,224,224,45099,b8b5b33a1e1ffce951268c82d6f882b3,2243
data/raw/Coccidiosis/pcrcocci.345.jpg,Coccidiosis,224,224,42381,48d203c10f0b2e5ff775e890d356addb,2244
data/raw/Coccidiosis/pcrcocci.346.jpg,Coccidiosis,224,224,46287,9161402a3f723310f4eb9abaa1d4be20,2245
data/raw/Coccidiosis/pcrcocci.347.jpg,Coccidiosis,224,224,35172,9cd20757001b54dfe966b27dfa5dd1bc,2246
data/raw/Coccidiosis/pcrcocci.348.jpg,Coccidiosis,224,224,40945,04fef4c03ba28bb7cdc41bea72ef9f4f,2247
data/raw/Coccidiosis/pcrcocci.349.jpg,Coccidiosis,224,224,54409,21b27d01d2896b2e2a1cb98639d32d05,2248
data/raw/Coccidiosis/pcrcocci.35.jpg,Coccidiosis,224,224,49531,8c283d34395c6c7d92668bfc40cc48f1,2249
data/raw/Coccidiosis/pcrcocci.350.jpg,Coccidiosis,224,224,59474,101963aee04401b0de83635a53e964b6,2250
data/raw/Coccidiosis/pcrcocci.351.jpg,Coccidiosis,224,224,39790,0aacc7e810e6ff33dfdb40e082556aa4,2251
data/raw/Coccidiosis/pcrcocci.352.jpg,Coccidiosis,224,224,61104,e7a48faaff219dbbbfe28878256944a9,2252
data/raw/Coccidiosis/pcrcocci.353.jpg,Coccidiosis,224,224,37982,5f35193ac117059c0f9069a73516d377,2253
data/raw/Coccidiosis/pcrcocci.354.jpg,Coccidiosis,224,224,50620,ad33bab399e8adc2d887681272635bf6,2254
data/raw/Coccidiosis/pcrcocci.355.jpg,Coccidiosis,224,224,56104,138cb7bff42b6e301c176eecf48caf66,2255
data/raw/Coccidiosis/pcrcocci.356.jpg,Coccidiosis,224,224,47548,cf800ef0a158aa1c74f1a8551abf80cb,2256
data/raw/Coccidiosis/pcrcocci.357.jpg,Coccidiosis,224,224,29097,d4e4699da7985d9232cfef19ed22e356,2257
data/raw/Coccidiosis/pcrcocci.358.jpg,Coccidiosis,224,224,64880,e34465d1c095468405eaa95a8501c6d9,2258
data/raw/Coccidiosis/pcrcocci.359.jpg,Coccidiosis,224,224,38239,fe2ee6e8600a3bde88f89fc9ff87d35a,2259
data/raw/Coccidiosis/pcrcocci.36.jpg,Coccidiosis,224,224,38623,c46d0d70d5f84ef570d7599b88dc9b83,2260
data/raw/Coccidiosis/pcrcocci.360.jpg,Coccidiosis,224,224,34883,eabc47faffa0ed0996abc0b86366a4b9,2261
data/raw/Coccidiosis/pcrcocci.361.jpg,Coccidiosis,224,224,59934,9c3a5e5d5ed0c3146fedd17045a8e57a,2262
data/raw/Coccidiosis/pcrcocci.362.jpg,Coccidiosis,224,224,46233,d530bf852920b89687400e9c3d59eddf,2263
data/raw/Coccidiosis/pcrcocci.363.jpg,Coccidiosis,224,224,38144,ba79afb1f745da8a1c591bbd2a312ba4,2264
data/raw/Coccidiosis/pcrcocci.364.jpg,Coccidiosis,224,224,39972,fc328e4e8a10f08d9bef30b3539a9873,2265
data/raw/Coccidiosis/pcrcocci.365.jpg,Coccidiosis,224,224,43578,b033a60ec5ffe44016379be77f5bac08,2266
data/raw/Coccidiosis/pcrcocci.366.jpg,Coccidiosis,224,224,38247,28aada2c1b82dbba2956a7efcb5ea19a,2267
data/raw/Coccidiosis/pcrcocci.367.jpg,Coccidiosis,224,224,23888,700893e38e6f5ce7a4bcc9438e5748e9,2268
data/raw/Coccidiosis/pcrcocci.368.jpg,Coccidiosis,224,224,55913,a5c7d1a5511c166a7b2140e7b19790d2,2269
data/raw/Coccidiosis/pcrcocci.369.jpg,Coccidiosis,224,224,47816,8f6d4a2decbd6443db6885ba032f5500,2270
data/raw/Coccidiosis/pcrcocci.37.jpg,Coccidiosis,224,224,57851,faa1a2feaeb1b396831ad79c1b23b540,2271
data/raw/Coccidiosis/pcrcocci.370.jpg,Coccidiosis,224,224,45283,2280d3c5eb654747b51a14bb8d0a2218,2272
data/raw/Coccidiosis/pcrcocci.371.jpg,Coccidiosis,224,224,63344,f5ae13c765f978474eedf09abbc27db3,2273
data/raw/Coccidiosis/pcrcocci.372.jpg,Coccidiosis,224,224,39993,a802452c0bf37c8ef584fd516ecdd250,2274
data/raw/Coccidiosis/pcrcocci.38.jpg,Coccidiosis,224,224,35056,bb40de17a0f4bec6f1b25316ee4225e6,2275
data/raw/Coccidiosis/pcrcocci.39.jpg,Coccidiosis,224,224,40160,0d686810b373716acd127246622f9e53,2276
data/raw/Coccidiosis/pcrcocci.4.jpg,Coccidiosis,224,224,43075,22ff8e6afea5f5f730d5edd7401e0a99,2277
data/raw/Coccidiosis/pcrcocci.40.jpg,Coccidiosis,224,224,35474,120156a313f2064349ced080c3b109ba,2278
data/raw/Coccidiosis/pcrcocci.41.jpg,Coccidiosis,224,224,61348,cc9bbe19ba518abb2d69c1efe879c77c,2279
data/raw/Coccidiosis/pcrcocci.42.jpg,Coccidiosis,224,224,14046,eaa04ff1dcbd2e1c5968e6c91c423006,2280
data/raw/Coccidiosis/pcrcocci.43.jpg,Coccidiosis,224,224,40182,dd09f98952dfffdd188ba2048aca9cf5,2281
data/raw/Coccidiosis/pcrcocci.44.jpg,Coccidiosis,224,224,17004,89bc508928d4813bc143027e3765cd78,2282
data/raw/Coccidiosis/pcrcocci.45.jpg,Coccidiosis,224,224,35097,1edc45e0f196da26e677aec8edea4d73,2283
data/raw/Coccidiosis/pcrcocci.46.jpg,Coccidiosis,224,224,42277,01edf001b01c58b75a4c3fb2972aaf8b,2284
data/raw/Coccidiosis/pcrcocci.47.jpg,Coccidiosis,224,224,21325,78d16548204091c0dc46f88aadf2b0ad,2285
data/raw/Coccidiosis/pcrcocci.48.jpg,Coccidiosis,224,224,42161,c041f5e486079325eaa16660f8c26f2b,2286
data/raw/Coccidiosis/pcrcocci.49.jpg,Coccidiosis,224,224,43113,9ad5e0cd5580a36a71cc3bc39a13e8dd,2287
data/raw/Coccidiosis/pcrcocci.5.jpg,Coccidiosis,224,224,23284,7c3ba50619a6f2f00c3601fc41292e46,2288
data/raw/Coccidiosis/pcrcocci.50.jpg,Coccidiosis,224,224,49049,5f587734f137a76a49258fac0405425e,2289
data/raw/Coccidiosis/pcrcocci.51.jpg,Coccidiosis,224,224,48073,1df2bf133d346d7d4089dedde0542650,2290
data/raw/Coccidiosis/pcrcocci.52.jpg,Coccidiosis,224,224,58122,e8c8b11da49a4b1e242952a5b2f09298,2291
data/raw/Coccidiosis/pcrcocci.53.jpg,Coccidiosis,224,224,50029,2ded69e7ff749d41fa066ceea845e84f,2292
data/raw/Coccidiosis/pcrcocci.54.jpg,Coccidiosis,224,224,41639,15a70b54161a791ce133b1ebb1b0ec31,2293
data/raw/Coccidiosis/pcrcocci.55.jpg,Coccidiosis,224,224,42558,9f830179973bf11ca0e0b79e08fb4c54,2294
data/raw/Coccidiosis/pcrcocci.56.jpg,Coccidiosis,224,224,44755,1441f2547dde3742341c578830bb888d,2295
data/raw/Coccidiosis/pcrcocci.57.jpg,Coccidiosis,224,224,29907,ff126f5a54c83a2579e51e9d59325b45,2296
data/raw/Coccidiosis/pcrcocci.58.jpg,Coccidiosis,224,224,53462,b16422ca0639d7234fd827cb8a2a5d35,2297
data/raw/Coccidiosis/pcrcocci.59.jpg,Coccidiosis,224,224,26283,1a60ad4ffd59d3068d0e94ac89175a9e,2298
data/raw/Coccidiosis/pcrcocci.6.jpg,Coccidiosis,224,224,30658,6ce5cca4c8934d9aebbeae7bfef688aa,2299
data/raw/Coccidiosis/pcrcocci.60.jpg,Coccidiosis,224,224,41987,4f50d49f067019be98235c4e70af1dd2,2300
data/raw/Coccidiosis/pcrcocci.61.jpg,Coccidiosis,224,224,42691,e682598e3f5021c940e350673819938c,2301
data/raw/Coccidiosis/pcrcocci.62.jpg,Coccidiosis,224,224,34992,df1ac0de2ae8c952f16ba415e90795b6,2302
data/raw/Coccidiosis/pcrcocci.63.jpg,Coccidiosis,224,224,48504,0e0aa784ce30a7793f16dba7cfa272cc,2303
data/raw/Coccidiosis/pcrcocci.64.jpg,Coccidiosis,224,224,37158,17466a331c8977226c940dd2d8c27826,2304
data/raw/Coccidiosis/pcrcocci.65.jpg,Coccidiosis,224,224,47538,ab4ffbe22b4ec0233318733412e49461,2305
data/raw/Coccidiosis/pcrcocci.66.jpg,Coccidiosis,224,224,38848,1865d1d8a68f17ec26c07196e6122cda,2306
data/raw/Coccidiosis/pcrcocci.67.jpg,Coccidiosis,224,224,36154,35a9d5be6f73f7623abbbfcb242a214b,2307
data/raw/Coccidiosis/pcrcocci.68.jpg,Coccidiosis,224,224,26880,bd39eed1aa058a6b94cd0ceb680f5a97,2308
data/raw/Coccidiosis/pcrcocci.69.jpg,Coccidiosis,224,224,37426,1db3c9d26d29de0fd4a3138d82de716a,2309
data/raw/Coccidiosis/pcrcocci.7.jpg,Coccidiosis,224,224,50164,ec63e01e33eabde1ae17a01bd8cc940e,2310
data/raw/Coccidiosis/pcrcocci.70.jpg,Coccidiosis,224,224,52326,8de542af331d160a700b97d8f638e8de,2311
data/raw/Coccidiosis/pcrcocci.71.jpg,Coccidiosis,224,224,33983,7e013ae45d6ec9ab9335dbeab232cd46,2312
data/raw/Coccidiosis/pcrcocci.72.jpg,Coccidiosis,224,224,46199,b08e6dd56d6088b108d2da8316b98af6,2313
data/raw/Coccidiosis/pcrcocci.73.jpg,Coccidiosis,224,224,29541,90e37ca9a671da3018f7a166976b792f,2314
data/raw/Coccidiosis/pcrcocci.74.jpg,Coccidiosis,224,224,44735,787015ca4b380ec83ba05b226359691a,2315
data/raw/Coccidiosis/pcrcocci.75.jpg,Coccidiosis,224,224,62105,cdb1847170f3a49a2e08ec778a49b958,2316
data/raw/Coccidiosis/pcrcocci.76.jpg,Coccidiosis,224,224,47788,9555d074e40acd659108c967aed149ed,2317
data/raw/Coccidiosis/pcrcocci.77.jpg,Coccidiosis,224,224,38098,4cc10bb2f699d1662b807410a9a8c4b5,2318
data/raw/Coccidiosis/pcrcocci.78.jpg,Coccidiosis,224,224,45207,d895df1b0e03e29c04b5ee04a7b41a2b,2319
data/raw/Coccidiosis/pcrcocci.79.jpg,Coccidiosis,224,224,37770,4d83b23456fbadc0702b58cbf9433400,2320
data/raw/Coccidiosis/pcrcocci.8.jpg,Coccidiosis,224,224,33623,0716eb2f9b282a61ea9a10bd743b2905,2321
data/raw/Coccidiosis/pcrcocci.80.jpg,Coccidiosis,224,224,44640,60659558f2b90bcdc3dc83c64b60ab77,2322
data/raw/Coccidiosis/pcrcocci.81.jpg,Coccidiosis,224,224,41862,f5eb4bfd8863b48d2f747203e85144f9,2323
data/raw/Coccidiosis/pcrcocci.82.jpg,Coccidiosis,224,224,37977,eb7fddaf3b0a216903fc0822bab9017c,2324
data/raw/Coccidiosis/pcrcocci.83.jpg,Coccidiosis,224,224,37789,71ab42e31574d078084489ce3e0c39a7,2325
data/raw/Coccidiosis/pcrcocci.84.jpg,Coccidiosis,224,224,41424,8326853669ff48a9c706d8611d3d18e5,2326
data/raw/Coccidiosis/pcrcocci.85.jpg,Coccidiosis,224,224,44574,ef810004e6c6e340ca1408a819218111,2327
data/raw/Coccidiosis/pcrcocci.86.jpg,Coccidiosis,224,224,45776,50a37f99bf2c6bf6740380365bda9442,2328
data/raw/Coccidiosis/pcrcocci.87.jpg,Coccidiosis,224,224,26394,d0f6bdb92e8fb3b5b5dd332f0937ecc6,2329
data/raw/Coccidiosis/pcrcocci.88.jpg,Coccidiosis,224,224,46589,6af73c2adc4ab18d56305ee26831e848,2330
data/raw/Coccidiosis/pcrcocci.89.jpg,Coccidiosis,224,224,36011,180f23bcf50a33573c5d556ae6574eb5,2331
data/raw/Coccidiosis/pcrcocci.9.jpg,Coccidiosis,224,224,43756,9c9595fab7ff5f3c82826270e363cedd,2332
data/raw/Coccidiosis/pcrcocci.90.jpg,Coccidiosis,224,224,39223,a2e2ef4063cae5dd4a010338fa70be0f,2333
data/raw/Coccidiosis/pcrcocci.91.jpg,Coccidiosis,224,224,40764,7b5ea4054f7fec07591c2c5181a37142,2334
data/raw/Coccidiosis/pcrcocci.92.jpg,Coccidiosis,224,224,39078,a792004ec8a70ef507dbda99e3a0e1d6,2335
data/raw/Coccidiosis/pcrcocci.93.jpg,Coccidiosis,224,224,48336,a494c3623e7851c3beb4d2982110cc7d,2336
data/raw/Coccidiosis/pcrcocci.94.jpg,Coccidiosis,224,224,31188,b2955c19206dfdf0bcf4220d56cf7efc,2337
data/raw/Coccidiosis/pcrcocci.95.jpg,Coccidiosis,224,224,36039,d4ee97ecd054721622b139addd67406e,2338
data/raw/Coccidiosis/pcrcocci.96.jpg,Coccidiosis,224,224,41425,236bdeb60a6bf2d4337c0d77e66d921f,2339
data/raw/Coccidiosis/pcrcocci.97.jpg,Coccidiosis,224,224,50664,7d48eb2bf44ab4be0378d78fb1f623e4,2340
data/raw/Coccidiosis/pcrcocci.98.jpg,Coccidiosis,224,224,45593,efcbb52f16a537edef4c34799beab651,2341
data/raw/Coccidiosis/pcrcocci.99.jpg,Coccidiosis,224,224,34189,455a155052c45be3ba33cb1769817ff4,2342
data/raw/Healthy/healthy.0.jpg,Healthy,224,224,54490,03c16cf3a34ae39ed2e7801ecedf4e1a,2343
data/raw/Healthy/healthy.1.jpg,Healthy,224,224,28042,61b1b83c77f333f03dedc32f96aa93bd,2344
data/raw/Healthy/healthy.10.jpg,Healthy,224,224,28636,4c045f4acd2d0b84bfcdc11404a0a19d,2345
data/raw/Healthy/healthy.100.jpg,Healthy,224,224,25015,6751eeb70ed651dba518805a28bb3abd,2346
data/raw/Healthy/healthy.1000.jpg,Healthy,224,224,44874,b0b0cc422fb2f93bb18d8a93a36f62da,2347
data/raw/Healthy/healthy.1001.jpg,Healthy,224,224,27504,a984053a550a1cf30d365d148479100b,2348
data/raw/Healthy/healthy.1002.jpg,Healthy,224,224,25928,c880fa6929fa9ee7587ff63234021dd5,2349
data/raw/Healthy/healthy.1003.jpg,Healthy,224,224,25510,581db1017a27eb132fa4a8c7ce528f72,2350
data/raw/Healthy/healthy.1004.jpg,Healthy,224,224,57289,7645671d71ee5b3ede71118cc72dcbac,2351
data/raw/Healthy/healthy.1005.jpg,Healthy,224,224,25971,fbbfd03987823f40948b61654bac2b42,2352
data/raw/Healthy/healthy.1006.jpg,Healthy,224,224,28973,48f8adc1917b7ecde6f5276bf9bc1dac,2353
data/raw/Healthy/healthy.1007.jpg,Healthy,224,224,30928,5b528883c9c2ad96e397132c6bcaadb1,2354
data/raw/Healthy/healthy.1008.jpg,Healthy,224,224,26159,fe9caf5c32d4409a3e2c0a78c679172f,2355
data/raw/Healthy/healthy.1009.jpg,Healthy,224,224,23710,0e2ba8bddcd0094c8d745f12bcd1acaf,2356
data/raw/Healthy/healthy.101.jpg,Healthy,224,224,30995,319eb536632c88d67a16ec42810259a3,2357
data/raw/Healthy/healthy.1010.jpg,Healthy,224,224,42080,4363b9c5574817ca70803d64bb6a953e,2358
data/raw/Healthy/healthy.1011.jpg,Healthy,224,224,23592,ae7ea73972099a4306c1cfb57e5fbdb6,2359
data/raw/Healthy/healthy.1012.jpg,Healthy,224,224,27254,7d03a2c9703cde4bc6a6e16f35a6696d,2360
data/raw/Healthy/healthy.1013.jpg,Healthy,224,224,28190,0a32343e31e2cbd5a65ac531b1deeb56,2361
data/raw/Healthy/healthy.1014.jpg,Healthy,224,224,27890,22a7b7e3258372190927c543e1663650,2362
data/raw/Healthy/healthy.1015.jpg,Healthy,224,224,31467,71624eccfc42f1032d053971d14f1947,2363
data/raw/Healthy/healthy.1016.jpg,Healthy,224,224,26093,d39b9e5026f38343b2d5bdf841e97d1d,2364
data/raw/Healthy/healthy.1017.jpg,Healthy,224,224,30503,e226dd245cfb256d1014d6618905dbba,2365
data/raw/Healthy/healthy.1018.jpg,Healthy,224,224,18995,9e6d202966eacd483b1b1742286fbce9,2366
data/raw/Healthy/healthy.1019.jpg,Healthy,224,224,35985,dd203d23973a242c378b230b9642bfe5,2367
data/raw/Healthy/healthy.102.jpg,Healthy,224,224,52514,f190f6185bac532fea269a1c1e3b1d7f,2368
data/raw/Healthy/healthy.1020.jpg,Healthy,224,224,23397,d9a095a81cab3dd5c78f387109dcc152,2369
data/raw/Healthy/healthy.1021.jpg,Healthy,224,224,21150,9e0f7367f835888e0c52633e70eead00,2370
data/raw/Healthy/healthy.1022.jpg,Healthy,224,224,24863,fd72a25fe60d5c123ed7ca65306887a5,2371
data/raw/Healthy/healthy.1023.jpg,Healthy,224,224,28407,ea3990344f4557500a8076768d14f8ca,2372
data/raw/Healthy/healthy.1024.jpg,Healthy,224,224,27267,75518b8a803b797893da6bc2374f1085,2373
data/raw/Healthy/healthy.1025.jpg,Healthy,224,224,36515,385c3993abad1288d7df27f62aaf9336,2374
data/raw/Healthy/healthy.1026.jpg,Healthy,224,224,23424,bd32b9a13e3381302e4a5b6db229c9cf,2375
data/raw/Healthy/healthy.1027.jpg,Healthy,224,224,42515,77107975c49e04553f525c36532d7639,2376
data/raw/Healthy/healthy.1028.jpg,Healthy,224,224,22761,4b1f8f55c794dc4833ae2fb553df50f7,2377
data/raw/Healthy/healthy.1029.jpg,Healthy,224,224,24107,230512aada715280f1fa70c5aeff3fa3,2378
data/raw/Healthy/healthy.103.jpg,Healthy,224,224,38562,7cf3855302e9ddac44fdfcaf0ba9555f,2379
data/raw/Healthy/healthy.1030.jpg,Healthy,224,224,28471,34f0c7b2afd42b10d4615ba18e8ffc8e,2380
data/raw/Healthy/healthy.1031.jpg,Healthy,224,224,39031,dac8c4d90d31845b0b8697c8f87455af,2381
data/raw/Healthy/healthy.1032.jpg,Healthy,224,224,52730,201d134ef6d6b7e57e5c7a4763f46f36,2382
data/raw/Healthy/healthy.1033.jpg,Healthy,224,224,27218,38876e920597d7bcf8c99f8d39bc5bbd,2383
data/raw/Healthy/healthy.1034.jpg,Healthy,224,224,25633,0da95233a86c4c6c762fbfd407c813ed,2384
data/raw/Healthy/healthy.1035.jpg,Healthy,224,224,20674,884d8d44bdb8a9c374d1ae0a749b1181,2385
data/raw/Healthy/healthy.1036.jpg,Healthy,224,224,24614,4da5daa07e5f947109e712fa40b40bc7,2386
data/raw/Healthy/healthy.1037.jpg,Healthy,224,224,22168,1e11bc1d7a105d93934e12e28e7d57fe,2387
data/raw/Healthy/healthy.1038.jpg,Healthy,224,224,24618,aaa64d66f23ba8663bc0dd2ba2cc6edb,2388
data/raw/Healthy/healthy.1039.jpg,Healthy,224,224,21791,664e3599d01759f19121382fe5d9a154,2389
data/raw/Healthy/healthy.104.jpg,Healthy,224,224,28445,35f3bd7bc08bbe7c780bae7a7bf4f465,2390
data/raw/Healthy/healthy.1040.jpg,Healthy,224,224,23301,3aba0008b1994d8b49242f1dffcd909a,2391
data/raw/Healthy/healthy.1041.jpg,Healthy,224,224,20705,ce617c00957787b24b88df665f3e2240,2392
data/raw/Healthy/healthy.1042.jpg,Healthy,224,224,26506,f4073f2cec72c035b3da298a04c19c54,2393
data/raw/Healthy/healthy.1043.jpg,Healthy,224,224,24469,95864c607453bed1371e33c3d9145ffc,2394
data/raw/Healthy/healthy.1044.jpg,Healthy,224,224,28584,a4257dcc011035d58e12526e5bc06187,2395
data/raw/Healthy/healthy.1045.jpg,Healthy,224,224,45254,c76ac9b7eab92bf3157fffff90ad302f,2396
data/raw/Healthy/healthy.1046.jpg,Healthy,224,224,24474,7a90dbd8e57f65b5e2bb11d1204d502c,2397
data/raw/Healthy/healthy.1047.jpg,Healthy,224,224,29544,bcad797f86530ea0b35baf5a2acaa654,2398
data/raw/Healthy/healthy.1048.jpg,Healthy,224,224,28191,5e2d466d0bdba413df9f1d824e8ac0f5,2399
data/raw/Healthy/healthy.1049.jpg,Healthy,224,224,28252,862d4fde435701bcd175cf9ef76a6af5,2400
data/raw/Healthy/healthy.105.jpg,Healthy,224,224,23186,92789e0e401eddd2253a617470ef007c,2401
data/raw/Healthy/healthy.1050.jpg,Healthy,224,224,28833,70ab63d11e8880e8deedcbc2c21e3c83,2402
data/raw/Healthy/healthy.1051.jpg,Healthy,224,224,26791,970c6b6d04ec43ae18cd6ec51c203ab2,2403
data/raw/Healthy/healthy.1052.jpg,Healthy,224,224,38867,24547f8e93e863ac6f49a769bb830b91,2404
data/raw/Healthy/healthy.1053.jpg,Healthy,224,224,26810,9f920eb039bf6a17220ba7e84c6d1e7d,2405
data/raw/Healthy/healthy.1054.jpg,Healthy,224,224,18846,576bb0341259596d7d4e840911bd3b71,2406
data/raw/Healthy/healthy.1055.jpg,Healthy,224,224,20659,fca4a6ca38ba1ee96211567fb225e185,2407
data/raw/Healthy/healthy.1056.jpg,Healthy,224,224,19039,940346f61deb7fa33f2c06890ed40e08,2408
data/raw/Healthy/healthy.1057.jpg,Healthy,224,224,23772,e4ae1d2fb41a8adb358e02fd3ce16ecd,2409
data/raw/Healthy/healthy.1058.jpg,Healthy,224,224,24743,42dc0d96b6a0e406bc94f1d716b7baad,2410
data/raw/Healthy/healthy.1059.jpg,Healthy,224,224,50805,962dd0aee06bd071055f06b9c2161e92,2411
data/raw/Healthy/healthy.106.jpg,Healthy,224,224,25654,dfd06a81197840e05fbb511210c31419,2412
data/raw/Healthy/healthy.1060.jpg,Healthy,224,224,40539,821abeb98656aae6cc177bf9156e06e5,2413
data/raw/Healthy/healthy.1061.jpg,Healthy,224,224,34466,fc57656203b98ab40db619ce7ad92b02,2414
data/raw/Healthy/healthy.1062.jpg,Healthy,224,224,31815,2ab80f545c8925a604a62d5a49c3cade,2415
data/raw/Healthy/healthy.1063.jpg,Healthy,224,224,26545,7a64d4187140c10e58df52da5055aca7,2416
data/raw/Healthy/healthy.1064.jpg,Healthy,224,224,27723,02aebd82876cdf24ed93ac5c484e2d2b,2417
data/raw/Healthy/healthy.1065.jpg,Healthy,224,224,28818,2c6b47f217a5d7b2038110e81b61e2eb,2418
data/raw/Healthy/healthy.1066.jpg,Healthy,224,224,24298,ad53a2f7209f107bc0269494d388beb4,2419
data/raw/Healthy/healthy.1067.jpg,Healthy,224,224,27530,9e5a29a3001d9ae690bc596dbde5de3d,2420
data/raw/Healthy/healthy.1068.jpg,Healthy,224,224,28908,0dbfe21fd26e292c75e8331f7a5ddca9,2421
data/raw/Healthy/healthy.1069.jpg,Healthy,224,224,23284,b83167aa23facb10cbb94f9e15216540,2422
data/raw/Healthy/healthy.107.jpg,Healthy,224,224,25777,a4083eee1c4915818d37f62d5cb38f4a,2423
data/raw/Healthy/healthy.1070.jpg,Healthy,224,224,51729,7d18410a810771f51ec15270c0a8c0bb,2424
data/raw/Healthy/healthy.1071.jpg,Healthy,224,224,27238,8cc2bf247e1e2a8310c1adfe59d22926,2425
data/raw/Healthy/healthy.1072.jpg,Healthy,224,224,27404,72de3938d8cda054a25ac7be8a29b5b2,2426
data/raw/Healthy/healthy.1073.jpg,Healthy,224,224,23920,499a9970d58dc23fcfe868a005e477f4,2427
data/raw/Healthy/healthy.1074.jpg,Healthy,224,224,22596,6ad3e698b3730adcc936a84e3c581860,2428
data/raw/Healthy/healthy.1075.jpg,Healthy,224,224,50815,8dfd00d45e06c7adf2751fccc6a1b238,2429
data/raw/Healthy/healthy.1076.jpg,Healthy,224,224,30128,4d08c0fb649247e7bc9e5892647da469,2430
data/raw/Healthy/healthy.1077.jpg,Healthy,224,224,27588,faf9c5f345a7199377a9b9e168b1d109,2431
data/raw/Healthy/healthy.1078.jpg,Healthy,224,224,28639,1be822d9390b01095e74b82481aa9156,2432
data/raw/Healthy/healthy.1079.jpg,Healthy,224,224,28593,68fc2f1909264e386012f3ef5443de5a,2433
data/raw/Healthy/healthy.108.jpg,Healthy,224,224,26042,4cf63c34c184b2487b637cd2eb079e69,2434
data/raw/Healthy/healthy.1080.jpg,Healthy,224,224,27874,12606f4b743becbd05b269eb3789ae50,2435
data/raw/Healthy/healthy.1081.jpg,Healthy,224,224,54440,7155a349fe81ebb827669ae004b6dbaa,2436
data/raw/Healthy/healthy.1082.jpg,Healthy,224,224,26755,969f83e98938793b40b80f440678a582,2437
data/raw/Healthy/healthy.1083.jpg,Healthy,224,224,24345,10088be8a78eb166e4f6bc92e3eb5176,2438
data/raw/Healthy/healthy.1084.jpg,Healthy,224,224,25353,442d48ba8fdd1fac8e3fcfb8c9fcefe7,2439
data/raw/Healthy/healthy.1085.jpg,Healthy,224,224,58780,89f2dfc1ac50565a89be18b6cff6f5d4,2440
data/raw/Healthy/healthy.1086.jpg,Healthy,224,224,56486,fa36f4cfbe4250c9a937702657768c9d,2441
data/raw/Healthy/healthy.1087.jpg,Healthy,224,224,29877,1594511243bdabf12312b791cbcd05a1,2442
data/raw/Healthy/healthy.1088.jpg,Healthy,224,224,55034,94e3252ab878cdda1a90df9668c7b737,2443
data/raw/Healthy/healthy.1089.jpg,Healthy,224,224,20317,8fd889d276752dbfd9311890487d189f,2444
data/raw/Healthy/healthy.109.jpg,Healthy,224,224,26905,cbfc8fa93206500f08c44a41ee68a863,2445
data/raw/Healthy/healthy.1090.jpg,Healthy,224,224,24132,e17b8074912bda19f53d250802143a41,2446
data/raw/Healthy/healthy.1091.jpg,Healthy,224,224,27775,df6e7df41ac71ed8d78fcbe9234b48ee,2447
data/raw/Healthy/healthy.1092.jpg,Healthy,224,224,27977,1c2479c417f1c7bce11623b6ffa2e352,2448
data/raw/Healthy/healthy.1093.jpg,Healthy,224,224,37954,e13e33388c6351a056a56620362822da,2449
data/raw/Healthy/healthy.1094.jpg,Healthy,224,224,52399,e49e599986e5ea4787a0e2c41be4444b,2450
data/raw/Healthy/healthy.1095.jpg,Healthy,224,224,29559,b395bd6af8a1cc83182535204b288cb1,2451
data/raw/Healthy/healthy.1096.jpg,Healthy,224,224,32640,edf13b73c64018e19a456e67981626c0,2452
data/raw/Healthy/healthy.1097.jpg,Healthy,224,224,31849,f1bdfd7262750468d91e94294f152c99,2453
data/raw/Healthy/healthy.1098.jpg,Healthy,224,224,42162,b6f6217cd95dc761744917d84cff1f60,2454
data/raw/Healthy/healthy.1099.jpg,Healthy,224,224,25390,b9df3fe52fc555b2a4d507af8b4ed78e,2455
data/raw/Healthy/healthy.11.jpg,Healthy,224,224,35683,31f4589be009f738fbfce2e05325546a,2456
data/raw/Healthy/healthy.110.jpg,Healthy,224,224,23972,12fe67124c07b65790ce95d1d8c67749,2457
data/raw/Healthy/healthy.1100.jpg,Healthy,224,224,29138,94236d66e5820ac4e7d73e632d9a2154,2458
data/raw/Healthy/healthy.1101.jpg,Healthy,224,224,24191,17e99f90c211956d7c0e296e4b9b4179,2459
data/raw/Healthy/healthy.1102.jpg,Healthy,224,224,22781,6feec8a663e614549edcf55517572eef,2460
data/raw/Healthy/healthy.1103.jpg,Healthy,224,224,22819,675b1e954d45a55088b35e6e6b4791b0,2461
data/raw/Healthy/healthy.1104.jpg,Healthy,224,224,31150,f26309aceaf1b947e955f8a4475e3fa4,2462
data/raw/Healthy/healthy.1105.jpg,Healthy,224,224,26999,a955eac47763cef9a25bef536e22fcf9,2463
data/raw/Healthy/healthy.1106.jpg,Healthy,224,224,35941,72a0e7c3a3c2939f60254eccc330aa3e,2464
data/raw/Healthy/healthy.1107.jpg,Healthy,224,224,26559,06dda981e145033e908590d854d821da,2465
data/raw/Healthy/healthy.1108.jpg,Healthy,224,224,47861,43aeb2b91996249c700e8a7e85d3a2be,2466
data/raw/Healthy/healthy.1109.jpg,Healthy,224,224,25933,e2ad82ef695ebbdc2a67a47606bfa29b,2467
data/raw/Healthy/healthy.111.jpg,Healthy,224,224,26518,b307f0a166ed505f09d492604eab5e15,2468
data/raw/Healthy/healthy.1110.jpg,Healthy,224,224,27525,d757adeba3d05f604aeea48e0897f6ba,2469
data/raw/Healthy/healthy.1111.jpg,Healthy,224,224,26061,e5c1eb360a833e69a176fda1a115f4bc,2470
data/raw/Healthy/healthy.1112.jpg,Healthy,224,224,26853,0ff9b69bb0d79e311768c7f6471c90a2,2471
data/raw/Healthy/healthy.1113.jpg,Healthy,224,224,30154,7a6eb3b7abd5116a9c3ea53c6ba22abc,2472
data/raw/Healthy/healthy.1114.jpg,Healthy,224,224,20258,76884009fd9cc8a1466960a8d63ed068,2473
data/raw/Healthy/healthy.1115.jpg,Healthy,224,224,22939,0e7945a1ab1d1fc7808fb7771c1ad04c,2474
data/raw/Healthy/healthy.1116.jpg,Healthy,224,224,32061,d8da8fc240f3521081286786299c5392,2475
data/raw/Healthy/healthy.1117.jpg,Healthy,224,224,25646,aca979edb4a8edd638fcd5177dc5dc47,2476
data/raw/Healthy/healthy.1118.jpg,Healthy,224,224,27646,4757e99c5cb459ef947b1558c15b3a91,2477
data/raw/Healthy/healthy.1119.jpg,Healthy,224,224,35090,c686fb37d209baa80bfe436014cf4893,2478
data/raw/Healthy/healthy.112.jpg,Healthy,224,224,26644,07b0f484f11ec797cd3ad1948b729c0d,2479
data/raw/Healthy/healthy.1120.jpg,Healthy,224,224,45719,3425d5f697cebe0f3355073df5f87081,2480
data/raw/Healthy/healthy.1121.jpg,Healthy,224,224,28195,01053145c81bbc60880cd8b402af7f21,2481
data/raw/Healthy/healthy.1122.jpg,Healthy,224,224,26633,66facee7da61cba7e70bd141e6ab6270,2482
data/raw/Healthy/healthy.1123.jpg,Healthy,224,224,21520,0443f652f275f03f0df6df4fb1c85e8c,2483
data/raw/Healthy/healthy.1124.jpg,Healthy,224,224,21175,d5d0b3344e1054c1aadc486cba78abff,2484
data/raw/Healthy/healthy.1125.jpg,Healthy,224,224,24273,21b6eb540036f115de057acb6418f81a,2485
data/raw/Healthy/healthy.1126.jpg,Healthy,224,224,32662,0a26cdbae472a314778603664417508a,2486
data/raw/Healthy/healthy.1127.jpg,Healthy,224,224,22170,26b12913b0020ecc9d1fa39aa98b241a,2487
data/raw/Healthy/healthy.1128.jpg,Healthy,224,224,26201,073228171ef5207509f7dce6e7b068ee,2488
data/raw/Healthy/healthy.1129.jpg,Healthy,224,224,38635,696c4b92fb0a4f4d2b8c8b828f164e6e,2489
data/raw/Healthy/healthy.113.jpg,Healthy,224,224,38393,1af98840a5cc8fadc77fd051c5ac333a,2490
data/raw/Healthy/healthy.1130.jpg,Healthy,224,224,45814,f9126272a219297002b1f7ffbc0fba81,2491
data/raw/Healthy/healthy.1131.jpg,Healthy,224,224,54289,45ad33b773551e1b873bb958c2230312,2492
data/raw/Healthy/healthy.1132.jpg,Healthy,224,224,25034,df6d02288e236da9423080d3bb2f23f7,2493
data/raw/Healthy/healthy.1133.jpg,Healthy,224,224,59101,ea732f6923efaa0e46d628f5a80515e6,2494
data/raw/Healthy/healthy.1134.jpg,Healthy,224,224,33718,7218ffbf5590a9b7b7ca12f4a06ad587,2495
data/raw/Healthy/healthy.1135.jpg,Healthy,224,224,26157,05a2803091c9ea7d1911bd137afe7fca,2496
data/raw/Healthy/healthy.1136.jpg,Healthy,224,224,28692,832e93096955e08b62b12005f43a563a,2497
data/raw/Healthy/healthy.1137.jpg,Healthy,224,224,24928,2ae895b6853bd8508c2711af5f56d447,2498
data/raw/Healthy/healthy.1138.jpg,Healthy,224,224,52693,66d6275c021bfec83c063e30f0e910d7,2499
data/raw/Healthy/healthy.1139.jpg,Healthy,224,224,29793,27805b57d646877751bca8a8b7bf2b6b,2500
data/raw/Healthy/healthy.114.jpg,Healthy,224,224,37616,89b4fa1401f3b0802efb9d6149b79e34,2501
data/raw/Healthy/healthy.1140.jpg,Healthy,224,224,38209,1120b4ff8f0708f5c78abfcc532c59e2,2502
data/raw/Healthy/healthy.1141.jpg,Healthy,224,224,43948,bf89bcca7990b8d696266935c0b5403a,2503
data/raw/Healthy/healthy.1142.jpg,Healthy,224,224,28485,9e6bddef484ee660ab7023cf19c6119b,2504
data/raw/Healthy/healthy.1143.jpg,Healthy,224,224,27101,d3f59f9f3532349a47ccb0587ea4d614,2505
data/raw/Healthy/healthy.1144.jpg,Healthy,224,224,28594,6506926d26e4a61486a4a45c5155726d,2506
data/raw/Healthy/healthy.1145.jpg,Healthy,224,224,25601,d1e6554e8d770e7a411789e375b72f17,2507
data/raw/Healthy/healthy.1146.jpg,Healthy,224,224,41527,73c5fd51db43350ab5dccdb8c8f6b753,2508
data/raw/Healthy/healthy.1147.jpg,Healthy,224,224,25183,fbf4bf8713280a6f15acb7c972d37755,2509
data/raw/Healthy/healthy.1148.jpg,Healthy,224,224,26079,2dc3e72bff4bcc361c4c44261d7af516,2510
data/raw/Healthy/healthy.1149.jpg,Healthy,224,224,40258,3633d20656b78283aae91d3e81228486,2511
data/raw/Healthy/healthy.115.jpg,Healthy,224,224,23159,504c241f8671ad284ac253bf9d0486a2,2512
data/raw/Healthy/healthy.1150.jpg,Healthy,224,224,24640,d3c5d11326576a3df215671e76a37ab8,2513
data/raw/Healthy/healthy.1151.jpg,Healthy,224,224,51569,d8f0d7876054a5268b0b51b0254286e0,2514
data/raw/Healthy/healthy.1152.jpg,Healthy,224,224,23820,f29f5b42f7e4f13e1177fd28044d2d4d,2515
data/raw/Healthy/healthy.1153.jpg,Healthy,224,224,24200,f2990d4d71f6b9a6a0e7820b6b911b03,2516
data/raw/Healthy/healthy.1154.jpg,Healthy,224,224,33052,c8f263eb9c49b0efc3b2c256773123e4,2517
data/raw/Healthy/healthy.1155.jpg,Healthy,224,224,25363,66c7c8563c4911d7d9264f713a4f8790,2518
data/raw/Healthy/healthy.1156.jpg,Healthy,224,224,25001,ce8993750a9d53535ac942a885a648ac,2519
data/raw/Healthy/healthy.1157.jpg,Healthy,224,224,47784,a0ace8dfed3f98db98d5dd62a6014c11,2520
data/raw/Healthy/healthy.1158.jpg,Healthy,224,224,29080,f848da17394e05fc65b7603197371314,2521
data/raw/Healthy/healthy.1159.jpg,Healthy,224,224,32790,670cf4c487c754e464fa47bba62818e9,2522
data/raw/Healthy/healthy.116.jpg,Healthy,224,224,57791,c0b0ce97e7703bf66f561782ec4c8199,2523
data/raw/Healthy/healthy.1160.jpg,Healthy,224,224,28799,d1e37fc7f39988a16b203b19e9c76e13,2524
data/raw/Healthy/healthy.1161.jpg,Healthy,224,224,28454,536d0ae1a2d7c1436a1ed35cbfd7ed47,2525
data/raw/Healthy/healthy.1162.jpg,Healthy,224,224,23964,3034edc16997c6967b6676afa1da13c9,2526
data/raw/Healthy/healthy.1163.jpg,Healthy,224,224,29791,8e781b5f97edec5c7d4af1ff87e19e38,2527
data/raw/Healthy/healthy.1164.jpg,Healthy,224,224,26334,70012eca063f644c60c8b479a3156115,2528
data/raw/Healthy/healthy.1165.jpg,Healthy,224,224,26576,e7e8f80039cac92779c50f298c8c213a,2529
data/raw/Healthy/healthy.1166.jpg,Healthy,224,224,26564,68c5aabf6c97726dbc8db4f92b432b09,2530
data/raw/Healthy/healthy.1167.jpg,Healthy,224,224,19829,4d1d8e788d906e1541d301e2742e806b,2531
data/raw/Healthy/healthy.1168.jpg,Healthy,224,224,28490,a0e49ea252123f43566560bd527fca59,2532
data/raw/Healthy/healthy.1169.jpg,Healthy,224,224,27555,a4e5ea6ff09017103e5d736bb2a70ac1,2533
data/raw/Healthy/healthy.117.jpg,Healthy,224,224,31186,3d482872231f692f1bf5476cfe556def,2534
data/raw/Healthy/healthy.1170.jpg,Healthy,224,224,25214,5cead05de404038eeb330ad13a0e09f3,2535
data/raw/Healthy/healthy.1171.jpg,Healthy,224,224,32016,9325c32736bf409f102ddc93b196f4e0,2536
data/raw/Healthy/healthy.1172.jpg,Healthy,224,224,35856,e30c1946fe0d5e5bc5cba738b4432fb2,2537
data/raw/Healthy/healthy.1173.jpg,Healthy,224,224,26170,bcfe360b61577d02c058d8917a1c0ed7,2538
data/raw/Healthy/healthy.1174.jpg,Healthy,224,224,26286,cfb03d95d97b2680a4b7e1b526a8e08c,2539
data/raw/Healthy/healthy.1175.jpg,Healthy,224,224,39049,7bb9c6b54f85af03b59a896c58ec6cf3,2540
data/raw/Healthy/healthy.1176.jpg,Healthy,224,224,29736,40fea91168e2247a6ada39fe7247d214,2541
data/raw/Healthy/healthy.1177.jpg,Healthy,224,224,27472,60bb24fa4b5994799dc17cf9ba3ac30a,2542
data/raw/Healthy/healthy.1178.jpg,Healthy,224,224,21517,8fe0ec7d87e15ee6db4838bfe711ff1f,2543
data/raw/Healthy/healthy.1179.jpg,Healthy,224,224,22626,cef36d45299d083d45e5f9346563a219,2544
data/raw/Healthy/healthy.118.jpg,Healthy,224,224,19897,3939d35da95aa7b636aeb416b2ab05b7,2545
data/raw/Healthy/healthy.1180.jpg,Healthy,224,224,26027,83bc29497dc25ad9a1c6c8ead3a852c7,2546
data/raw/Healthy/healthy.1181.jpg,Healthy,224,224,28349,7ce64ad2186a3c61c4980d2125e56025,2547
data/raw/Healthy/healthy.1182.jpg,Healthy,224,224,26718,6780ce235682061a016f9d5b99ee7ae4,2548
data/raw/Healthy/healthy.1183.jpg,Healthy,224,224,25160,1572fa24038418405f104194123c3146,2549
data/raw/Healthy/healthy.1184.jpg,Healthy,224,224,29516,00f0232f4ea4f0a9e39e366cb51189d0,2550
data/raw/Healthy/healthy.1185.jpg,Healthy,224,224,27019,958f98df58eee44ce606d7181c933ca3,2551
data/raw/Healthy/healthy.1186.jpg,Healthy,224,224,22553,d915ad2c732a5dc618bfa3c48ac656ff,2552
data/raw/Healthy/healthy.1187.jpg,Healthy,224,224,30600,8733396329a6f6c8494f30d375941cc6,2553
data/raw/Healthy/healthy.1188.jpg,Healthy,224,224,49403,3372127ae99d25f56d37f2cbbd3dadaa,2554
data/raw/Healthy/healthy.1189.jpg,Healthy,224,224,26904,ab37200d5d7aa4d715c353d07ce96d27,2555
data/raw/Healthy/healthy.119.jpg,Healthy,224,224,38213,9637209df716491796d46fec45dd83e3,2556
data/raw/Healthy/healthy.1190.jpg,Healthy,224,224,30208,9f70c2681df23e3f366731860326cb3a,2557
data/raw/Healthy/healthy.1191.jpg,Healthy,224,224,22582,e6d5ea28381441cfc38cde299feec24a,2558
data/raw/Healthy/healthy.1192.jpg,Healthy,224,224,24396,d4cb6f6f90970447d10e3f231b0fa839,2559
data/raw/Healthy/healthy.1193.jpg,Healthy,224,224,21646,5b48778acfb31eebe1e252ccd6f10f3b,2560
data/raw/Healthy/healthy.1194.jpg,Healthy,224,224,20364,fc8e5ab36b67f559dc95ff60898e24b9,2561
data/raw/Healthy/healthy.1195.jpg,Healthy,224,224,27552,390617411c94e24dbd38bcee0093d4ec,2562
data/raw/Healthy/healthy.1196.jpg,Healthy,224,224,29469,e05e7bfa0bf7daeea15368c6b423d1d2,2563
data/raw/Healthy/healthy.1197.jpg,Healthy,224,224,41861,2e468a6f21467871e93a0de328a3f8e0,2564
data/raw/Healthy/healthy.1198.jpg,Healthy,224,224,21375,e65e1bd9975bb3f3a33125a129d947cc,2565
data/raw/Healthy/healthy.1199.jpg,Healthy,224,224,29750,0287272922a0fa2da8c4f64341a755a4,2566
data/raw/Healthy/healthy.12.jpg,Healthy,224,224,27949,f575999c67abb75011cebfaf72e05c25,2567
data/raw/Healthy/healthy.120.jpg,Healthy,224,224,27820,d8b13640cd8659bc80ffc51963e40e42,2568
data/raw/Healthy/healthy.1200.jpg,Healthy,224,224,32086,c9053c4c1b785781f68ea467e57da235,2569
data/raw/Healthy/healthy.1201.jpg,Healthy,224,224,29052,65494f53adad99adc3a6a1e5da580b73,2570
data/raw/Healthy/healthy.1202.jpg,Healthy,224,224,21983,2a7b9295ba13451dd24135058d7ba499,2571
data/raw/Healthy/healthy.1203.jpg,Healthy,224,224,25219,c2b629e28d07c3b466b09709e617eb17,2572
data/raw/Healthy/healthy.1204.jpg,Healthy,224,224,22537,d7bd9fb6bd0dd00f79af8a7a357bb8aa,2573
data/raw/Healthy/healthy.1205.jpg,Healthy,224,224,19062,2bbaaf7c28ea23266e3bcfc36150b6ce,2574
data/raw/Healthy/healthy.1206.jpg,Healthy,224,224,48824,750de83011887979ddde98922f2e119b,2575
data/raw/Healthy/healthy.1207.jpg,Healthy,224,224,22767,9ed9c6871bbe7351e13940587279bf75,2576
data/raw/Healthy/healthy.1208.jpg,Healthy,224,224,26004,6dfeab354849778178245d372f94b8f9,2577
data/raw/Healthy/healthy.1209.jpg,Healthy,224,224,54228,583f4abe976ea74c82e4d62c35a6d9f5,2578
data/raw/Healthy/healthy.121.jpg,Healthy,224,224,25272,1971ca185123cfbc68ef4c4a694fa984,2579
data/raw/Healthy/healthy.1210.jpg,Healthy,224,224,27232,02ba4b1ce4c9f179a14fb19195725d8d,2580
data/raw/Healthy/healthy.1211.jpg,Healthy,224,224,24821,e031e5d524f6f1b8109553dcabd8f166,2581
data/raw/Healthy/healthy.1212.jpg,Healthy,224,224,22281,7cdd951fbcb408126906d924faad5370,2582
data/raw/Healthy/healthy.1213.jpg,Healthy,224,224,29273,d430d04647784ea56872110e590b2eb2,2583
data/raw/Healthy/healthy.1214.jpg,Healthy,224,224,25955,f634701b2b3de91a443d1c379352aa7d,2584
data/raw/Healthy/healthy.1215.jpg,Healthy,224,224,25549,8c4409bc99aa9f82bb7f7b0241e284ac,2585
data/raw/Healthy/healthy.1216.jpg,Healthy,224,224,24991,b5bd81ebc129a27f80cb67f853dc5427,2586
data/raw/Healthy/healthy.1217.jpg,Healthy,224,224,37182,b5b2011007ef04abd20ab56a6ed4b8b1,2587
data/raw/Healthy/healthy.1218.jpg,Healthy,224,224,34687,e40bc91a256a6f84d372cf73fcec9890,2588
data/raw/Healthy/healthy.1219.jpg,Healthy,224,224,23764,0e0f7a75ee748dad2dba4418d1bbe361,2589
data/raw/Healthy/healthy.122.jpg,Healthy,224,224,24046,d7eb60b8265ba09b6e6888aee431511b,2590
data/raw/Healthy/healthy.1220.jpg,Healthy,224,224,23567,81e7956dc4ca4018bc07c49a3c9ad830,2591
data/raw/Healthy/healthy.1221.jpg,Healthy,224,224,25501,d74ad5d4b2e344d0f6ff4ec53706256c,2592
data/raw/Healthy/healthy.1222.jpg,Healthy,224,224,42427,7f740e1b5589f9b16463eddc2b9cf9d4,2593
data/raw/Healthy/healthy.1223.jpg,Healthy,224,224,26700,0395b41f5761dc2b50ae4e51a9e583f5,2594
data/raw/Healthy/healthy.1224.jpg,Healthy,224,224,28227,7d110805b4166dee51307bf52116d867,2595
data/raw/Healthy/healthy.1225.jpg,Healthy,224,224,39727,63cf698d803f6254591c90d874b1ac62,2596
data/raw/Healthy/healthy.1226.jpg,Healthy,224,224,38240,04c28e3c5ce9958838bb122c8a0210a0,2597
data/raw/Healthy/healthy.1227.jpg,Healthy,224,224,21662,e2abe33bb75ffe09c1626df2bdece2b2,2598
data/raw/Healthy/healthy.1228.jpg,Healthy,224,224,35589,6d413565bf2338922f807bee5e82d95f,2599
data/raw/Healthy/healthy.1229.jpg,Healthy,224,224,23775,91314ddf5129ce0fd30e4578002697a7,2600
data/raw/Healthy/healthy.123.jpg,Healthy,224,224,29150,3a2091aee07e3e2d35ece499386e5a96,2601
data/raw/Healthy/healthy.1230.jpg,Healthy,224,224,40518,14baad1accd35198bf9ecad4fd76cd52,2602
data/raw/Healthy/healthy.1231.jpg,Healthy,224,224,24730,5f78e59e64fcc700db6951d29a343a63,2603
data/raw/Healthy/healthy.1232.jpg,Healthy,224,224,32421,5f7d41c57e7805d6809c216ae6b1edd1,2604
data/raw/Healthy/healthy.1233.jpg,Healthy,224,224,27738,703c6d04364b28d65049c30f9f94e9a1,2605
data/raw/Healthy/healthy.1234.jpg,Healthy,224,224,29621,c69139eaad8f3f261c5c4b3fc3bf6d0f,2606
data/raw/Healthy/healthy.1235.jpg,Healthy,224,224,27742,cb131e0dcbc22b49554eec84ed5f7161,2607
data/raw/Healthy/healthy.1236.jpg,Healthy,224,224,26092,142ae489f383fbfebe098a92d34a267d,2608
data/raw/Healthy/healthy.1237.jpg,Healthy,224,224,27234,f3bb787145927495ed61b4cc56d77099,2609
data/raw/Healthy/healthy.1238.jpg,Healthy,224,224,22477,56bd059ef280a496c481ed4b40730d83,2610
data/raw/Healthy/healthy.1239.jpg,Healthy,224,224,26287,2b542783c82838c66aab3b900bbf3447,2611
data/raw/Healthy/healthy.124.jpg,Healthy,224,224,25808,c56f48c0e25d4658b80be42fcee37b00,2612
data/raw/Healthy/healthy.1240.jpg,Healthy,224,224,29118,61ea1b8b3615e6050f1fb56f34228085,2613
data/raw/Healthy/healthy.1241.jpg,Healthy,224,224,55338,65212629cac88490ddfd620ba4a7bbcb,2614
data/raw/Healthy/healthy.1242.jpg,Healthy,224,224,30493,18faf30f067e32cd11693768b28d2645,2615
data/raw/Healthy/healthy.1243.jpg,Healthy,224,224,27754,002039d971f57655099a61c56e2f8b49,2616
data/raw/Healthy/healthy.1244.jpg,Healthy,224,224,26337,0c9fab338adda936d2acbe9ac860a6ab,2617
data/raw/Healthy/healthy.1245.jpg,Healthy,224,224,25986,6eab541d5e4d8602a233e5496667f832,2618
data/raw/Healthy/healthy.1246.jpg,Healthy,224,224,21888,c3ef74b112c911897e21ec7ccb97daa9,2619
data/raw/Healthy/healthy.1247.jpg,Healthy,224,224,26493,89e5ed8246d3e09f5a6ef6f1540e2695,2620
data/raw/Healthy/healthy.1248.jpg,Healthy,224,224,53217,516637d42f8ff6f64e4886817765de32,2621
data/raw/Healthy/healthy.1249.jpg,Healthy,224,224,33013,f1f3519f8d4cd2916bc5e8f74bff5fe0,2622
data/raw/Healthy/healthy.125.jpg,Healthy,224,224,23011,9310f37b326d5fd5d2056e28139d72fc,2623
data/raw/Healthy/healthy.1250.jpg,Healthy,224,224,30973,5d447a4c999cea03434b59bd813777ce,2624
data/raw/Healthy/healthy.1251.jpg,Healthy,224,224,27422,f5810c3becb1544749f8bc7ea1ea88d7,2625
data/raw/Healthy/healthy.1252.jpg,Healthy,224,224,29636,41c478df353ff519574f13aa6d4c84e4,2626
data/raw/Healthy/healthy.1253.jpg,Healthy,224,224,23837,66e9de0dadc82f069b14d5431b5f5b8b,2627
data/raw/Healthy/healthy.1254.jpg,Healthy,224,224,55937,f5e418211dce909d5dda272479fae5cc,2628
data/raw/Healthy/healthy.1255.jpg,Healthy,224,224,25973,2a49d1caaf129d4e056906e2800999fe,2629
data/raw/Healthy/healthy.1256.jpg,Healthy,224,224,24136,9f49ec10f18cfec3ee57f3d92c373418,2630
data/raw/Healthy/healthy.1257.jpg,Healthy,224,224,25092,57b8e3f4f24cde1f0632203124f59fb2,2631
data/raw/Healthy/healthy.1258.jpg,Healthy,224,224,35422,95929e121fab9c689cd7c565a51a4db8,2632
data/raw/Healthy/healthy.1259.jpg,Healthy,224,224,36577,0d0fb428a214d5e06cde8aeff950f8f4,2633
data/raw/Healthy/healthy.126.jpg,Healthy,224,224,28563,82b12bc54d1221a5d81e7ece9d1e3976,2634
data/raw/Healthy/healthy.1260.jpg,Healthy,224,224,23688,88c62c4c3afa93c453de9dac5503bc75,2635
data/raw/Healthy/healthy.1261.jpg,Healthy,224,224,26866,65b64c311f2a5b57272a0152900ae378,2636
data/raw/Healthy/healthy.1262.jpg,Healthy,224,224,22329,364275a32c955e34884d52210334dc75,2637
data/raw/Healthy/healthy.1263.jpg,Healthy,224,224,34266,a2e43312c20f2007831a07415240b7ad,2638
data/raw/Healthy/healthy.1264.jpg,Healthy,224,224,24794,0d9e450648afc1e8493b8acf2377f89f,2639
data/raw/Healthy/healthy.1265.jpg,Healthy,224,224,25086,ef44f3c2a4e0c3136e5859ffd4ce20b2,2640
data/raw/Healthy/healthy.1266.jpg,Healthy,224,224,25767,f46625279ac034733fe616a7a91668ce,2641
data/raw/Healthy/healthy.1267.jpg,Healthy,224,224,29167,843f057a3a26dd2a6e405c799913437d,2642
data/raw/Healthy/healthy.1268.jpg,Healthy,224,224,25759,352f54e421d705a467366c5120a14b7d,2643
data/raw/Healthy/healthy.1269.jpg,Healthy,224,224,20579,84c4748925cfbcdefec264485d6e1ae4,2644
data/raw/Healthy/healthy.127.jpg,Healthy,224,224,42204,3f8ac16d5e78f5aea96b2bdb5c09ed35,2645
data/raw/Healthy/healthy.1270.jpg,Healthy,224,224,28334,69f4a15c878bb8402a4ef55787dd6477,2646
data/raw/Healthy/healthy.1271.jpg,Healthy,224,224,54362,df77a7af27931d6bfe228fee24c1c3fa,2647
data/raw/Healthy/healthy.1272.jpg,Healthy,224,224,23373,b9ddbb6d085b60a11c8bd0680356b5b2,2648
data/raw/Healthy/healthy.1273.jpg,Healthy,224,224,25898,c012817cc04af24cb36c678dde8ea113,2649
data/raw/Healthy/healthy.1274.jpg,Healthy,224,224,25652,ea0280435128d703145ff698d8faa706,2650
data/raw/Healthy/healthy.1275.jpg,Healthy,224,224,29498,cb6828b45be75a25f569dc943f0e0e48,2651
data/raw/Healthy/healthy.1276.jpg,Healthy,224,224,28842,5feb8e4487f6acf29dd4d293290deaae,2652
data/raw/Healthy/healthy.1277.jpg,Healthy,224,224,37422,0f8ce5503cdc62a2e574f1d49fd5978c,2653
data/raw/Healthy/healthy.1278.jpg,Healthy,224,224,24740,f52ff65d01c3ee57cb41dfeb2e08d12c,2654
data/raw/Healthy/healthy.1279.jpg,Healthy,224,224,47084,386484aea73ddb973ec05026f09befd2,2655
data/raw/Healthy/healthy.128.jpg,Healthy,224,224,26472,8b896d3dd602fe400cb6c8076304f27d,2656
data/raw/Healthy/healthy.1280.jpg,Healthy,224,224,24852,059ed1136ecfa8e2cf585e351dc0e80a,2657
data/raw/Healthy/healthy.1281.jpg,Healthy,224,224,23904,1e3d5f80808b52ca6293ffff1f5732bd,2658
data/raw/Healthy/healthy.1282.jpg,Healthy,224,224,29432,7f8b97bcf9946089316d7383f481c0f8,2659
data/raw/Healthy/healthy.1283.jpg,Healthy,224,224,24060,9016e66bbfc9b26e06a532a289e773c0,2660
data/raw/Healthy/healthy.1284.jpg,Healthy,224,224,54386,4ea0a9bfbb66028f2fa17c86eeaad136,2661
data/raw/Healthy/healthy.1285.jpg,Healthy,224,224,54288,4296692f6ec3bc487e8d8706aa36d605,2662
data/raw/Healthy/healthy.1286.jpg,Healthy,224,224,26698,97fed8b56291b103391c3ef0a3a722b6,2663
data/raw/Healthy/healthy.1287.jpg,Healthy,224,224,21866,d50c9f2b3962c496ab79845b482eba4f,2664
data/raw/Healthy/healthy.1288.jpg,Healthy,224,224,53436,649221dad4d3f6c0553431f0cd7a295e,2665
data/raw/Healthy/healthy.1289.jpg,Healthy,224,224,21850,55cc65591ef31ada473ae85aa1903098,2666
data/raw/Healthy/healthy.129.jpg,Healthy,224,224,52752,33810a73f43a3c239cd5e1705689d057,2667
data/raw/Healthy/healthy.1290.jpg,Healthy,224,224,28367,28f4e582a46e56ff3064bde770f961f1,2668
data/raw/Healthy/healthy.1291.jpg,Healthy,224,224,23077,8e568eca992d7134c2e7622f92e56683,2669
data/raw/Healthy/healthy.1292.jpg,Healthy,224,224,17870,1986c1f60d61e7b20d102acb26bd9a59,2670
data/raw/Healthy/healthy.1293.jpg,Healthy,224,224,23266,a25bd252b8b613aa9bff9d718b5237b1,2671
data/raw/Healthy/healthy.1294.jpg,Healthy,224,224,31245,f00f55b1e4fde887469f99cb286b5cc3,2672
data/raw/Healthy/healthy.1295.jpg,Healthy,224,224,26848,cb387d5887a7b2f8375b45a53d3356a5,2673
data/raw/Healthy/healthy.1296.jpg,Healthy,224,224,25762,eb7af9f6789acafd7f4ef1b23f17e942,2674
data/raw/Healthy/healthy.1297.jpg,Healthy,224,224,22705,2980e27bf4546ffe1faa8108ddefbbd4,2675
data/raw/Healthy/healthy.1298.jpg,Healthy,224,224,29984,4d58905a070da5e58f57be0cb05de38d,2676
data/raw/Healthy/healthy.1299.jpg,Healthy,224,224,24467,691c671bbbfb8e0278f7e1cb1031f0d2,2677
data/raw/Healthy/healthy.13.jpg,Healthy,224,224,54579,d67d6b74e759e577810589532d541b7c,2678
data/raw/Healthy/healthy.130.jpg,Healthy,224,224,25938,d4114547ffd436fd1e92d08a19229248,2679
data/raw/Healthy/healthy.1300.jpg,Healthy,224,224,38547,19b3a1d82893c63658b0fc0b013c2023,2680
data/raw/Healthy/healthy.1301.jpg,Healthy,224,224,57307,9241872524ffb37a4d2ca27babc407ca,2681
data/raw/Healthy/healthy.1302.jpg,Healthy,224,224,27155,cc6f257710d1295ec61e89f86e931d62,2682
data/raw/Healthy/healthy.1303.jpg,Healthy,224,224,47886,cee6d8150440533bb3f7617886879cfb,2683
data/raw/Healthy/healthy.1304.jpg,Healthy,224,224,24041,86283fcedbe5d6140706cc75939ffa87,2684
data/raw/Healthy/healthy.1305.jpg,Healthy,224,224,25535,4325f6ef30b60fe23917324fe28bfbbc,2685
data/raw/Healthy/healthy.1306.jpg,Healthy,224,224,26196,68daa7b0ff4e67c216357991ae64e6b4,2686
data/raw/Healthy/healthy.1307.jpg,Healthy,224,224,23191,39420b7b732f4a8033677bf099baf7a1,2687
data/raw/Healthy/healthy.1308.jpg,Healthy,224,224,30358,5fe821ea9d12d546467d69eb5c8ae9c1,2688
data/raw/Healthy/healthy.1309.jpg,Healthy,224,224,28584,20f74c20d9d882f410969ebdf9de74b8,2689
data/raw/Healthy/healthy.131.jpg,Healthy,224,224,26534,f7285f40d1d3c6c8504fa9d5b15e558f,2690
data/raw/Healthy/healthy.1310.jpg,Healthy,224,224,26784,451e217160e25f818ad3a31411779062,2691
data/raw/Healthy/healthy.1311.jpg,Healthy,224,224,53863,bcd4f18a267e493421d2a548587fe219,2692
data/raw/Healthy/healthy.1312.jpg,Healthy,224,224,29652,7a76ce7117f7b076cb90bf4ab90edce2,2693
data/raw/Healthy/healthy.1313.jpg,Healthy,224,224,28182,3c35261ac4f04bdca3190cf0494044ff,2694
data/raw/Healthy/healthy.1314.jpg,Healthy,224,224,27027,ec1932a8ac4da16dbaa21cd73be1305d,2695
data/raw/Healthy/healthy.1315.jpg,Healthy,224,224,30436,4a9e214bda79b6902c9d23a80e7624b3,2696
data/raw/Healthy/healthy.1316.jpg,Healthy,224,224,44133,7fe41f591f407fc2769839ef250a0d41,2697
data/raw/Healthy/healthy.1317.jpg,Healthy,224,224,24269,6d59602496ca9af71301cb14f2cefca0,2698
data/raw/Healthy/healthy.1318.jpg,Healthy,224,224,23176,b763cbd146c3a516ab53955d623f0fe3,2699
data/raw/Healthy/healthy.1319.jpg,Healthy,224,224,21540,e2e1f749d6f9273a12fa4a6b705ee10b,2700
data/raw/Healthy/healthy.132.jpg,Healthy,224,224,25225,aec8702e08def915052dc7a9beb96e6d,2701
data/raw/Healthy/healthy.1320.jpg,Healthy,224,224,28227,fee98fdde3c09411c1e0a33ebb2a607f,2702
data/raw/Healthy/healthy.1321.jpg,Healthy,224,224,29573,fa4cc06c0efda16d0a3a3f747c47a097,2703
data/raw/Healthy/healthy.1322.jpg,Healthy,224,224,22689,fc8b4fe1903e29550c2c09c490b8abce,2704
data/raw/Healthy/healthy.1323.jpg,Healthy,224,224,39235,e0b3e093e7f471a3b51f22f51804ff4d,2705
data/raw/Healthy/healthy.1324.jpg,Healthy,224,224,26036,b5f3d3c2e1d40161a5015a928f00c8d0,2706
data/raw/Healthy/healthy.1325.jpg,Healthy,224,224,21414,dbb9b63743b46109624424e9bdaa82bc,2707
data/raw/Healthy/healthy.1326.jpg,Healthy,224,224,24770,6c39c8bb78419ce6e903ac7bd785f65b,2708
data/raw/Healthy/healthy.1327.jpg,Healthy,224,224,30554,88cc641fd481fc2e7bc18baa22d0727b,2709
data/raw/Healthy/healthy.1328.jpg,Healthy,224,224,43366,0cccff2893b6125ed0bb95288bcc4f16,2710
data/raw/Healthy/healthy.1329.jpg,Healthy,224,224,25589,63d695abab9c40efd79fb237ea5a690f,2711
data/raw/Healthy/healthy.133.jpg,Healthy,224,224,26754,37a28a5f7330e44676db0b48edcdf0b6,2712
data/raw/Healthy/healthy.1330.jpg,Healthy,224,224,27179,513cb3efdbeaae49d723ad5202ea5c46,2713
data/raw/Healthy/healthy.1331.jpg,Healthy,224,224,52960,7b1dc0e52780181f4dfeeb6d10efd0be,2714
data/raw/Healthy/healthy.1332.jpg,Healthy,224,224,27789,4c42037562ebe695f7be4941c773c2da,2715
data/raw/Healthy/healthy.1333.jpg,Healthy,224,224,24385,4a57a0a3322b53e58908a00043e97c86,2716
data/raw/Healthy/healthy.1334.jpg,Healthy,224,224,21983,f7148f0fd77ba8378edbce2c10ff8c80,2717
data/raw/Healthy/healthy.1335.jpg,Healthy,224,224,57071,a6ff63fdecd9d18688b69102fd793560,2718
data/raw/Healthy/healthy.1336.jpg,Healthy,224,224,23439,4dbc13d02a7656b5c598a9984874deb8,2719
data/raw/Healthy/healthy.1337.jpg,Healthy,224,224,36761,44338b70b0472decf9ad0aa72c6fd018,2720
data/raw/Healthy/healthy.1338.jpg,Healthy,224,224,22099,497ec7d1a8b13c307a781f4fba192b39,2721
data/raw/Healthy/healthy.1339.jpg,Healthy,224,224,30756,03a5f697699fd6226c36d2ad08bcf1b4,2722
data/raw/Healthy/healthy.134.jpg,Healthy,224,224,54156,067af724b054511ac47588b659ae8c1e,2723
data/raw/Healthy/healthy.1340.jpg,Healthy,224,224,24979,3f2482467c15e5d44f5c15e408100782,2724
data/raw/Healthy/healthy.1341.jpg,Healthy,224,224,22971,b300a07dd753d86f3f646b7ebdd1888c,2725
data/raw/Healthy/healthy.1342.jpg,Healthy,224,224,30981,ec461ccb43465013287ca7655166e938,2726
data/raw/Healthy/healthy.1343.jpg,Healthy,224,224,21318,5603245b7266d4403efce26c47612bc2,2727
data/raw/Healthy/healthy.1344.jpg,Healthy,224,224,23257,049b33900d0c41a2b9e63623ed3b4a1d,2728
data/raw/Healthy/healthy.1345.jpg,Healthy,224,224,28967,2147e6122443524e779ece2e58bba933,2729
data/raw/Healthy/healthy.1346.jpg,Healthy,224,224,25781,60b74bb12c44fffccbf2130d34be38f6,2730
data/raw/Healthy/healthy.1347.jpg,Healthy,224,224,53201,202c6c6b9313db2dcad51294f6b14e76,2731
data/raw/Healthy/healthy.1348.jpg,Healthy,224,224,37390,bd02904e1ec958b758aa31d5e00b3027,2732
data/raw/Healthy/healthy.1349.jpg,Healthy,224,224,28027,6197f3bb8ec2d31ca11bd1f54227c75c,2733
data/raw/Healthy/healthy.135.jpg,Healthy,224,224,25472,4d1c8589f1336d333d98589ef3d100da,2734
data/raw/Healthy/healthy.1350.jpg,Healthy,224,224,29459,86b606cf8e0a8959e7d000f74487c3f1,2735
data/raw/Healthy/healthy.1351.jpg,Healthy,224,224,28598,a93b7d4087fdd3400f4a47a48d4fbd20,2736
data/raw/Healthy/healthy.1352.jpg,Healthy,224,224,42089,97c79376b49802a272f160a7b3b32378,2737
data/raw/Healthy/healthy.1353.jpg,Healthy,224,224,34973,1f59d672177613ee5f9774da58653049,2738
data/raw/Healthy/healthy.1354.jpg,Healthy,224,224,27835,a0a86066f690db7cc48639ccc48e3128,2739
data/raw/Healthy/healthy.1355.jpg,Healthy,224,224,27561,36adbcd55c78a3194dc926fc3dfcdf30,2740
data/raw/Healthy/healthy.1356.jpg,Healthy,224,224,30262,7665a690f2d8ec05e56074d14be0c077,2741
data/raw/Healthy/healthy.1357.jpg,Healthy,224,224,30835,8e2d18077952039edbd4a967b0023063,2742
data/raw/Healthy/healthy.1358.jpg,Healthy,224,224,29631,10eca2504035b6df3670c3b0b6f36cd2,2743
data/raw/Healthy/healthy.1359.jpg,Healthy,224,224,54122,57814358edfb6188c818eb46e76af528,2744
data/raw/Healthy/healthy.136.jpg,Healthy,224,224,28533,19e3e163a13950595f5d62bbfcd51d27,2745
data/raw/Healthy/healthy.1360.jpg,Healthy,224,224,26592,9a1ebb3fc6691fabd19e7981df374e86,2746
data/raw/Healthy/healthy.1361.jpg,Healthy,224,224,27079,4f8928e5b423748fbeb80bf8cba51dcd,2747
data/raw/Healthy/healthy.1362.jpg,Healthy,224,224,53778,e01f0d782ed7f296b6850fea232d9395,2748
data/raw/Healthy/healthy.1363.jpg,Healthy,224,224,27023,10b5e8ba6a7b30d5f83235ec1e076037,2749
data/raw/Healthy/healthy.1364.jpg,Healthy,224,224,22022,726500dee00caeb2e2a0f9e68c66fac3,2750
data/raw/Healthy/healthy.1365.jpg,Healthy,224,224,40627,02450e4784a896ed17af2a609519c1c4,2751
data/raw/Healthy/healthy.1366.jpg,Healthy,224,224,27476,197c570738a7c8ac076812e735e49f2c,2752
data/raw/Healthy/healthy.1367.jpg,Healthy,224,224,22735,c533f733af7fc95c41a4338ee7606386,2753
data/raw/Healthy/healthy.1368.jpg,Healthy,224,224,28065,831499c45789ded1bbdeb6d379886f09,2754
data/raw/Healthy/healthy.1369.jpg,Healthy,224,224,25815,6081374925899282da42860306e9403f,2755
data/raw/Healthy/healthy.137.jpg,Healthy,224,224,21698,916cafc1506cad5d58a03ce32c6d0ca0,2756
data/raw/Healthy/healthy.1370.jpg,Healthy,224,224,26888,f4ca7d41da7ca3d44272f3471cc3335e,2757
data/raw/Healthy/healthy.1371.jpg,Healthy,224,224,44113,f798a684138dc37054d4b6ddcad54498,2758
data/raw/Healthy/healthy.1372.jpg,Healthy,224,224,27954,4282c29ca13e8c0efdfb559129fa32e4,2759
data/raw/Healthy/healthy.1373.jpg,Healthy,224,224,27394,a1955aa7888b6e7cdf82618a519dabac,2760
data/raw/Healthy/healthy.1374.jpg,Healthy,224,224,24993,f01f0d7931cd448399b814041c12b16d,2761
data/raw/Healthy/healthy.1375.jpg,Healthy,224,224,28151,5a7b574f7dc338f5fcbd9dc823d5581e,2762
data/raw/Healthy/healthy.1376.jpg,Healthy,224,224,30126,0c1a3dc909c7660f911f1d1f8e91b1b1,2763
data/raw/Healthy/healthy.1377.jpg,Healthy,224,224,25919,4c8b4c5adacf1795a1576c51310824f2,2764
data/raw/Healthy/healthy.1378.jpg,Healthy,224,224,25832,433055a8b89264418f4c529bf64a3c3b,2765
data/raw/Healthy/healthy.1379.jpg,Healthy,224,224,26853,4055038192e0111c2349e0e53295dfa1,2766
data/raw/Healthy/healthy.138.jpg,Healthy,224,224,27725,1b8dd51ec5b7a7a8268d0ece2cebfcf5,2767
data/raw/Healthy/healthy.1380.jpg,Healthy,224,224,28618,f490f12531d9eb549763a165b4ab12e1,2768
data/raw/Healthy/healthy.1381.jpg,Healthy,224,224,43076,9bf04f70e68fcac81096c7a426c5db6c,2769
data/raw/Healthy/healthy.1382.jpg,Healthy,224,224,26492,2c87b161b1330c4c23f932500920623d,2770
data/raw/Healthy/healthy.1383.jpg,Healthy,224,224,24266,41119a4274f20c2d20acffdbb0bc8c43,2771
data/raw/Healthy/healthy.1384.jpg,Healthy,224,224,27475,2a955a60e7e385f199a958a0bb7da77e,2772
data/raw/Healthy/healthy.1385.jpg,Healthy,224,224,22970,f3919132057d3055bfd10cb2cb993eab,2773
data/raw/Healthy/healthy.1386.jpg,Healthy,224,224,36606,d8f261216fb7f301d13baaac0decc79e,2774
data/raw/Healthy/healthy.1387.jpg,Healthy,224,224,25963,f10909704d975c65a643cb32d41e4220,2775
data/raw/Healthy/healthy.1388.jpg,Healthy,224,224,32396,8c4f7eefbd9b3ab18d187a25dbe419e0,2776
data/raw/Healthy/healthy.1389.jpg,Healthy,224,224,53838,2c0da0023d36a0e32cf1cd3794cd9fb0,2777
data/raw/Healthy/healthy.139.jpg,Healthy,224,224,27622,32aec276178c106c574e2bfad44556b7,2778
data/raw/Healthy/healthy.1390.jpg,Healthy,224,224,32425,5b13f3c5cd85b7dbab11df27113cbd1e,2779
data/raw/Healthy/healthy.1391.jpg,Healthy,224,224,27207,e6956ab1f6b1f586ad6b332d7b24b43d,2780
data/raw/Healthy/healthy.1392.jpg,Healthy,224,224,34661,4b0a31a0d56468489316e5f272a7b6c5,2781
data/raw/Healthy/healthy.1393.jpg,Healthy,224,224,24988,abfa3c419f1f9a4943979b733f2e35fc,2782
data/raw/Healthy/healthy.1394.jpg,Healthy,224,224,24564,3663426295fd3f6b808abb49c99b01b5,2783
data/raw/Healthy/healthy.1395.jpg,Healthy,224,224,27861,49665e87df5f7e54bad4ceec51f2ed83,2784
data/raw/Healthy/healthy.1396.jpg,Healthy,224,224,38548,bcc3e4f1af1a40c1ffaeb05c739e7002,2785
data/raw/Healthy/healthy.1397.jpg,Healthy,224,224,33385,124e38f18e0ba36e1ff5c14bef6ea756,2786
data/raw/Healthy/healthy.1398.jpg,Healthy,224,224,26707,c3b15d234518adf269a2279e1348d5e4,2787
data/raw/Healthy/healthy.1399.jpg,Healthy,224,224,25885,f12cad50f833759c43bbd76d0c0f9536,2788
data/raw/Healthy/healthy.14.jpg,Healthy,224,224,23296,a0395c36e119044d0146e74fab25e8cb,2789
data/raw/Healthy/healthy.140.jpg,Healthy,224,224,19232,72b0cafcd1323338f6482185a400f6b8,2790
data/raw/Healthy/healthy.1400.jpg,Healthy,224,224,26748,3c4894346ffb5eb7f5f4ea723ad8dc59,2791
data/raw/Healthy/healthy.1401.jpg,Healthy,224,224,23386,34a4c5338425b6ad17e900267c803336,2792
data/raw/Healthy/healthy.1402.jpg,Healthy,224,224,21463,6d38517f73e503658008be899c98cf24,2793
data/raw/Healthy/healthy.1403.jpg,Healthy,224,224,47972,5e116ffc973e922ae1ef760ed1739880,2794
data/raw/Healthy/healthy.1404.jpg,Healthy,224,224,40677,cfec5be728aebe587bb073e0a24db54a,2795
data/raw/Healthy/healthy.1405.jpg,Healthy,224,224,29848,70053445320c2598ae8b31eec9151c96,2796
data/raw/Healthy/healthy.1406.jpg,Healthy,224,224,55763,68bcc305c69c0984396eceb022b257c7,2797
data/raw/Healthy/healthy.1407.jpg,Healthy,224,224,23985,16716779bf7d694d4a38793bd8c148f4,2798
data/raw/Healthy/healthy.1408.jpg,Healthy,224,224,29975,ce4af33bc85976f05d65cc78306b9711,2799
data/raw/Healthy/healthy.1409.jpg,Healthy,224,224,23109,4a852241c3b24080c848e4e80c478e9f,2800
data/raw/Healthy/healthy.141.jpg,Healthy,224,224,22728,d62f4f592b44fbf8dca00557b52b291d,2801
data/raw/Healthy/healthy.1410.jpg,Healthy,224,224,27185,cbd25fb3e963f2e8e941a81948eb31fc,2802
data/raw/Healthy/healthy.1411.jpg,Healthy,224,224,54933,c2ab552fa45d59e7fe0173761017343c,2803
data/raw/Healthy/healthy.1412.jpg,Healthy,224,224,28419,468aa6357b888c7948672e8eaf6464e0,2804
data/raw/Healthy/healthy.1413.jpg,Healthy,224,224,29778,78e666bbf931a7c416dd0bdb93144fa3,2805
data/raw/Healthy/healthy.1414.jpg,Healthy,224,224,24449,e55af8c3327fc889a798828c91f5dd94,2806
data/raw/Healthy/healthy.1415.jpg,Healthy,224,224,39652,95eff19786a7fd9e1f48540f4b5b1869,2807
data/raw/Healthy/healthy.1416.jpg,Healthy,224,224,53872,392ea0b53a06b2b564c81d622ce12e43,2808
data/raw/Healthy/healthy.1417.jpg,Healthy,224,224,26792,7fcd977306ca29284487757b11bce306,2809
data/raw/Healthy/healthy.1418.jpg,Healthy,224,224,53300,b163a277b516d51b36934060f6fcbcb3,2810
data/raw/Healthy/healthy.1419.jpg,Healthy,224,224,56499,c1e791b5b35ca7bf84c6df4ae0e8999d,2811
data/raw/Healthy/healthy.142.jpg,Healthy,224,224,25543,7cb442de56456b33c1528ac51d448311,2812
data/raw/Healthy/healthy.1420.jpg,Healthy,224,224,27103,bd129eea8bcede120a3b1bf2fdf47d1d,2813
data/raw/Healthy/healthy.1421.jpg,Healthy,224,224,23413,ef13cb613f5c2c23513a3df6c8ab9eef,2814
data/raw/Healthy/healthy.1422.jpg,Healthy,224,224,23462,e326b924b36935d93f86e7c027b7217a,2815
data/raw/Healthy/healthy.1423.jpg,Healthy,224,224,29047,acfc0e158cebd265011ce54c5986e746,2816
data/raw/Healthy/healthy.1424.jpg,Healthy,224,224,25960,82b0a5a136e1219f6e568be4eab163d3,2817
data/raw/Healthy/healthy.1425.jpg,Healthy,224,224,23326,c7b80d240df7b71d903e8dbb8eb7e5cf,2818
data/raw/Healthy/healthy.1426.jpg,Healthy,224,224,22411,fa985ff7c812dd47678ab54d503d5ec0,2819
data/raw/Healthy/healthy.1427.jpg,Healthy,224,224,25885,119c0ca30733d3f4123efd51d9901d22,2820
data/raw/Healthy/healthy.1428.jpg,Healthy,224,224,22355,9c78f6ddfbf3139f191c6f16eea653d8,2821
data/raw/Healthy/healthy.1429.jpg,Healthy,224,224,59597,87946a6a513d4db92e65fda93c91f57d,2822
data/raw/Healthy/healthy.143.jpg,Healthy,224,224,50428,7a12250f99de97160d5b3f2435b16dd8,2823
data/raw/Healthy/healthy.1430.jpg,Healthy,224,224,23563,eb6cacc6e49b6aefac9f857254905c62,2824
data/raw/Healthy/healthy.1431.jpg,Healthy,224,224,22717,8cf3ee9a4b85b808ae90d6da6189498e,2825
data/raw/Healthy/healthy.1432.jpg,Healthy,224,224,59615,082efeba9174173dec244d22ab5a4c31,2826
data/raw/Healthy/healthy.1433.jpg,Healthy,224,224,25160,269ec859bf88e1f0c39d1ca8930776ac,2827
data/raw/Healthy/healthy.1434.jpg,Healthy,224,224,26080,b2a736b0707a5d3b9b0b7a2acb8c6148,2828
data/raw/Healthy/healthy.1435.jpg,Healthy,224,224,30751,04509c9e1d3a9f1a4177970b469646f1,2829
data/raw/Healthy/healthy.1436.jpg,Healthy,224,224,24661,489d837afe30c04ec778c4707c30b8c3,2830
data/raw/Healthy/healthy.1437.jpg,Healthy,224,224,42464,2b5e2fff59a89a4529599f26a0648bbd,2831
data/raw/Healthy/healthy.1438.jpg,Healthy,224,224,23782,6db13836bb8ab7dd15ca208695fff502,2832
data/raw/Healthy/healthy.1439.jpg,Healthy,224,224,38668,efa315540aee5f4e69fc51c1090139a4,2833
data/raw/Healthy/healthy.144.jpg,Healthy,224,224,24592,bb82b39dbb0d487db5d587a0376b2b5b,2834
data/raw/Healthy/healthy.1440.jpg,Healthy,224,224,54367,8e45b0b5f6138f8da2c51d7bd499017a,2835
data/raw/Healthy/healthy.1441.jpg,Healthy,224,224,27365,d86f4b28b5f2308d2965edc34c70e352,2836
data/raw/Healthy/healthy.1442.jpg,Healthy,224,224,28749,d90b26509ab8d511edf2035eb5a651ef,2837
data/raw/Healthy/healthy.1443.jpg,Healthy,224,224,25480,45869ad2baede37a5cc322bb6bbec0e2,2838
data/raw/Healthy/healthy.1444.jpg,Healthy,224,224,28028,1a77f0de161fd6e966256157bacd49de,2839
data/raw/Healthy/healthy.1445.jpg,Healthy,224,224,24279,af4f38eeb2e8bec5b3effb0a945c01b0,2840
data/raw/Healthy/healthy.1446.jpg,Healthy,224,224,23584,a85ebe44c79cb9a007ae1b2df4aa77f0,2841
data/raw/Healthy/healthy.1447.jpg,Healthy,224,224,54050,7f880dd7f4d8a1bacd08642f03f5b3bb,2842
data/raw/Healthy/healthy.1448.jpg,Healthy,224,224,29242,f0d3807953f0dcf52277977785893945,2843
data/raw/Healthy/healthy.1449.jpg,Healthy,224,224,29744,012cea11c7abdf5e0bcd7b6c73a0a451,2844
data/raw/Healthy/healthy.145.jpg,Healthy,224,224,29775,72c201846118846df3ce42ee562c20cf,2845
data/raw/Healthy/healthy.1450.jpg,Healthy,224,224,24601,58b667f56282d86745ba5038cc145937,2846
data/raw/Healthy/healthy.1451.jpg,Healthy,224,224,23860,5a826c73e494fab169ba386980d260e1,2847
data/raw/Healthy/healthy.1452.jpg,Healthy,224,224,25720,95a89aae6466b51a6606a3cd6c79e8ba,2848
data/raw/Healthy/healthy.1453.jpg,Healthy,224,224,23605,1ce40e1e7b3f23e1a4d337f522412b89,2849
data/raw/Healthy/healthy.1454.jpg,Healthy,224,224,26220,624dc717cb0c8ff2afe3ac2af0a0d5ab,2850
data/raw/Healthy/healthy.1455.jpg,Healthy,224,224,22596,1c44554673c0d9deec1cfa03bb735cc1,2851
data/raw/Healthy/healthy.1456.jpg,Healthy,224,224,41892,a7eac59dd5fd5c4660054797c713ac88,2852
data/raw/Healthy/healthy.1457.jpg,Healthy,224,224,49699,1e2def7ddfab0bd0bbb8c206df0fecde,2853
data/raw/Healthy/healthy.1458.jpg,Healthy,224,224,23612,a6c22965a06d7fd1b6c65e72bcb01a0c,2854
data/raw/Healthy/healthy.1459.jpg,Healthy,224,224,32998,812edea728e98fe76fd75e0d744bd96c,2855
data/raw/Healthy/healthy.146.jpg,Healthy,224,224,27176,a9e180d04e6bd7ebc2433b19c1efb827,2856
data/raw/Healthy/healthy.1460.jpg,Healthy,224,224,27399,39d7519a9ea0551bffb3d2accee57205,2857
data/raw/Healthy/healthy.1461.jpg,Healthy,224,224,23609,f0f6159a3b68c6daa60abe8f6e1529fd,2858
data/raw/Healthy/healthy.1462.jpg,Healthy,224,224,22509,9811088427f1af17075015d3450f9bda,2859
data/raw/Healthy/healthy.1463.jpg,Healthy,224,224,30522,181060ae7dc01060e15dd907e54bdc0a,2860
data/raw/Healthy/healthy.1464.jpg,Healthy,224,224,26119,51554968dccac7e34e0a6d6f79d7a4d3,2861
data/raw/Healthy/healthy.1465.jpg,Healthy,224,224,27224,3391e42d061f07b87b64d60f13e509be,2862
data/raw/Healthy/healthy.1466.jpg,Healthy,224,224,27721,af28772a67adb5b1b933ea68d28c5ad9,2863
data/raw/Healthy/healthy.1467.jpg,Healthy,224,224,27774,dbe58bb7acf0ed781344699588314615,2864
data/raw/Healthy/healthy.1468.jpg,Healthy,224,224,24075,e311422a6ce999f0e118b25acac18f42,2865
data/raw/Healthy/healthy.1469.jpg,Healthy,224,224,28845,5f795033dab4ce0ddddddd758cf80a95,2866
data/raw/Healthy/healthy.147.jpg,Healthy,224,224,26406,f8d9ffa4b3bc9faf2b4df83624e4e673,2867
data/raw/Healthy/healthy.1470.jpg,Healthy,224,224,40577,e79ddba3b5644171b5908fa88b6a56cd,2868
data/raw/Healthy/healthy.1471.jpg,Healthy,224,224,30341,996e2b2f84ca44b6360a99ba50de21e0,2869
data/raw/Healthy/healthy.1472.jpg,Healthy,224,224,30936,99b4198b1f6f78e23aeec59e4d3fc806,2870
data/raw/Healthy/healthy.1473.jpg,Healthy,224,224,26670,654adcd89359a354fd050506039e3c3d,2871
data/raw/Healthy/healthy.1474.jpg,Healthy,224,224,35906,416fe4cd62a86efa6f1ed9933135976e,2872
data/raw/Healthy/healthy.1475.jpg,Healthy,224,224,31534,b973487ceb20f6007c2ccc2ec8e6a8b5,2873
data/raw/Healthy/healthy.1476.jpg,Healthy,224,224,30383,365da534c4a88116a62d4d9a782e6205,2874
data/raw/Healthy/healthy.1477.jpg,Healthy,224,224,26753,876401f45b7d013f1db4788c3f2b63a9,2875
data/raw/Healthy/healthy.1478.jpg,Healthy,224,224,24754,d53ce620d1814efe44d74701f03f00e8,2876
data/raw/Healthy/healthy.1479.jpg,Healthy,224,224,41532,b93734be207330251f8ff3b6e8dab75c,2877
data/raw/Healthy/healthy.148.jpg,Healthy,224,224,32194,9d9442a3b431e9efca06adcb98db95e7,2878
data/raw/Healthy/healthy.1480.jpg,Healthy,224,224,24628,756088be369663215e0345b85660e296,2879
data/raw/Healthy/healthy.1481.jpg,Healthy,224,224,24352,569d377ea7151d7e2c11fed2a3c954ee,2880
data/raw/Healthy/healthy.1482.jpg,Healthy,224,224,53464,7cca64a4ea2da23a6f03dc74bab8cf53,2881
data/raw/Healthy/healthy.1483.jpg,Healthy,224,224,32482,d9fedd0e885c53d7495be1bcc426f4e4,2882
data/raw/Healthy/healthy.1484.jpg,Healthy,224,224,22181,c051a0e431a91c0f31f9a4140ba0c1ef,2883
data/raw/Healthy/healthy.1485.jpg,Healthy,224,224,23667,a3b271b970a8cce9b38094bc308027ff,2884
data/raw/Healthy/healthy.1486.jpg,Healthy,224,224,25103,d97307a68cf0476ac9ca94ffbf6d5331,2885
data/raw/Healthy/healthy.1487.jpg,Healthy,224,224,53786,1e5fbd38f22fe2a6e0200dd02feb41df,2886
data/raw/Healthy/healthy.1488.jpg,Healthy,224,224,17312,17c7d079b2775ccae6c036b941a3dc5b,2887
data/raw/Healthy/healthy.1489.jpg,Healthy,224,224,26382,a455c126b8e3003755fb1627c4996d12,2888
data/raw/Healthy/healthy.149.jpg,Healthy,224,224,21671,774955a90780a8c2953c295df1507c11,2889
data/raw/Healthy/healthy.1490.jpg,Healthy,224,224,25489,f9958bb863ca964c4126b9a26e2930ff,2890
data/raw/Healthy/healthy.1491.jpg,Healthy,224,224,52330,943c5bbfdf8bd80df583192a1d48a114,2891
data/raw/Healthy/healthy.1492.jpg,Healthy,224,224,29903,e84a25ad9a3a51540d0bff5a649e36c6,2892
data/raw/Healthy/healthy.1493.jpg,Healthy,224,224,27154,0acae1ea9c8d89a03ae1590a0724ad3e,2893
data/raw/Healthy/healthy.1494.jpg,Healthy,224,224,27785,adf13c2a15ff889e2bf138238e109c3d,2894
data/raw/Healthy/healthy.1495.jpg,Healthy,224,224,24914,59bddb12a61085c6941d1243182ebea0,2895
data/raw/Healthy/healthy.1496.jpg,Healthy,224,224,59072,8ed705656f43a179b84d9df5b8711ca9,2896
data/raw/Healthy/healthy.1497.jpg,Healthy,224,224,27259,5530d2a9f5301616219a13b334db47c0,2897
data/raw/Healthy/healthy.1498.jpg,Healthy,224,224,25424,5386c9dbe045806f5bccc904751b506a,2898
data/raw/Healthy/healthy.1499.jpg,Healthy,224,224,23909,5a4a51bd4036803d03cd4b6b70a038be,2899
data/raw/Healthy/healthy.15.jpg,Healthy,224,224,23361,7884dbbcf3674c1329312f57e48cddfe,2900
data/raw/Healthy/healthy.150.jpg,Healthy,224,224,23627,7bf9e27e91a9d7785eebabe7b3e55ce4,2901
data/raw/Healthy/healthy.1500.jpg,Healthy,224,224,23553,81bbac720aef15a57c39af28594a415d,2902
data/raw/Healthy/healthy.1501.jpg,Healthy,224,224,29181,daade664aba19c2b604f9a1c7fc1a5a7,2903
data/raw/Healthy/healthy.1502.jpg,Healthy,224,224,53092,f6b98ecc4acdd58c29ce675006ce20f3,2904
data/raw/Healthy/healthy.1503.jpg,Healthy,224,224,52718,a9aa54f148cc208f43f12ca077089ab9,2905
data/raw/Healthy/healthy.1504.jpg,Healthy,224,224,24386,6b285e661656e891e7698f8c7440f1e9,2906
data/raw/Healthy/healthy.1505.jpg,Healthy,224,224,25011,c6856075b2ba00df2d4357e867ac6113,2907
data/raw/Healthy/healthy.1506.jpg,Healthy,224,224,23715,3b82768d9b9e3569bdcf6e6fec30c3e2,2908
data/raw/Healthy/healthy.1507.jpg,Healthy,224,224,22927,8d0fbf295f1a00dc90dfc08f33f117a6,2909
data/raw/Healthy/healthy.1508.jpg,Healthy,224,224,22520,7fa84423c4de7ed13f3bffc58f8ada23,2910
data/raw/Healthy/healthy.1509.jpg,Healthy,224,224,20261,d97938a768b4fe77fc9f7e2ac07290e5,2911
data/raw/Healthy/healthy.151.jpg,Healthy,224,224,40826,b338d2a2a0268bfc4c3b9ba751e30677,2912
data/raw/Healthy/healthy.1510.jpg,Healthy,224,224,40807,8d9b4fab5206388081f26d2f3a374a7e,2913
data/raw/Healthy/healthy.1511.jpg,Healthy,224,224,46838,df951dac53b13e3209b53d4ddb6df0ee,2914
data/raw/Healthy/healthy.1512.jpg,Healthy,224,224,28272,5e4cdc7177ecddc655221b5ac2e5769c,2915
data/raw/Healthy/healthy.1513.jpg,Healthy,224,224,21759,93973486f5db7fc1247cf34ddfafbe86,2916
data/raw/Healthy/healthy.1514.jpg,Healthy,224,224,25130,e0159d87ee5a85e19583f84bed83257c,2917
data/raw/Healthy/healthy.1515.jpg,Healthy,224,224,34642,b98f77dfdbad3641276686111a2ae875,2918
data/raw/Healthy/healthy.1516.jpg,Healthy,224,224,22208,a77f23b11371e50936f316c4ea29c230,2919
data/raw/Healthy/healthy.1517.jpg,Healthy,224,224,45459,78fc8053f6cb30281750965d6e475cf4,2920
data/raw/Healthy/healthy.1518.jpg,Healthy,224,224,55651,ff850badf4193c1f1edd7604465d53a4,2921
data/raw/Healthy/healthy.1519.jpg,Healthy,224,224,28585,568ba78032c72a355ff09c98bfbcd07c,2922
data/raw/Healthy/healthy.152.jpg,Healthy,224,224,26285,adb7726ffe064900b5b7255d49784d48,2923
data/raw/Healthy/healthy.1520.jpg,Healthy,224,224,27701,7b09166c7b2943acf8f2b9ed0f55e1a9,2924
data/raw/Healthy/healthy.1521.jpg,Healthy,224,224,28208,ef37d66c52cc726266af3622337e4604,2925
data/raw/Healthy/healthy.1522.jpg,Healthy,224,224,31658,5875815816d2c708f447b5cc9de5f15a,2926
data/raw/Healthy/healthy.1523.jpg,Healthy,224,224,24805,592815dd19180ea1693c493256ebc044,2927
data/raw/Healthy/healthy.1524.jpg,Healthy,224,224,27081,ea6ead725dfbd55ac6bae415ce1bd361,2928
data/raw/Healthy/healthy.1525.jpg,Healthy,224,224,28656,5c4580d292fda4ffc5c3a69f19db0b24,2929
data/raw/Healthy/healthy.1526.jpg,Healthy,224,224,30303,dedeab91d1c03a0d6cfeed88d028233c,2930
data/raw/Healthy/healthy.1527.jpg,Healthy,224,224,27442,ceddd9af6cb02567567382f257f27427,2931
data/raw/Healthy/healthy.1528.jpg,Healthy,224,224,28813,b52636d643ad404ed87979ac371d2ecd,2932
data/raw/Healthy/healthy.1529.jpg,Healthy,224,224,24819,7b969b6be58e718b34c8d2790189fd66,2933
data/raw/Healthy/healthy.153.jpg,Healthy,224,224,27954,17913f3720ca5b1bbdee7d1a955a70e3,2934
data/raw/Healthy/healthy.1530.jpg,Healthy,224,224,54494,dde71768980529c851f2a47dcf0b1e23,2935
data/raw/Healthy/healthy.1531.jpg,Healthy,224,224,27645,eb6b2d6e8d36e7fe72da19cdaccd646d,2936
data/raw/Healthy/healthy.1532.jpg,Healthy,224,224,24515,4166de3f8950bcf43d462f590f8c8022,2937
data/raw/Healthy/healthy.1533.jpg,Healthy,224,224,24626,04a5744d19f341562448dd14e7d14602,2938
data/raw/Healthy/healthy.1534.jpg,Healthy,224,224,48472,54a51f5fd0d686cfac4ec5e95f6bb631,2939
data/raw/Healthy/healthy.1535.jpg,Healthy,224,224,32789,76461506bf352eb3ba43f28a5feb153e,2940
data/raw/Healthy/healthy.1536.jpg,Healthy,224,224,26777,a6841cdb7ad39968c3a7c70da9036b05,2941
data/raw/Healthy/healthy.1537.jpg,Healthy,224,224,29862,ada97bb6c6af1e77a412ff694b389e70,2942
data/raw/Healthy/healthy.1538.jpg,Healthy,224,224,29178,c033c121326c0df1b1af13fe6a6b2f4b,2943
data/raw/Healthy/healthy.1539.jpg,Healthy,224,224,26600,ec6e06989cb91871a4ad7751070f61f4,2944
data/raw/Healthy/healthy.154.jpg,Healthy,224,224,51927,0edd4c3090163fad9e6f21ffb67f4c6e,2945
data/raw/Healthy/healthy.1540.jpg,Healthy,224,224,34195,ddfd22ba88033a16479367008a981f9d,2946
data/raw/Healthy/healthy.1541.jpg,Healthy,224,224,28374,9d2498e6cd54c9895a8ca3501701c8af,2947
data/raw/Healthy/healthy.1542.jpg,Healthy,224,224,27679,f30f2a79b8f120af24dca1901c06f5a6,2948
data/raw/Healthy/healthy.1543.jpg,Healthy,224,224,20732,5d4aa81a21b7f43845d41ee0254d0af1,2949
data/raw/Healthy/healthy.1544.jpg,Healthy,224,224,30576,1bc8128a114964805aa2bfc625dd4661,2950
data/raw/Healthy/healthy.1545.jpg,Healthy,224,224,21365,f2fedc05961c3396b5545759be276020,2951
data/raw/Healthy/healthy.1546.jpg,Healthy,224,224,26646,8f4c4fec327bf595a1b5ed2cb5e422a3,2952
data/raw/Healthy/healthy.1547.jpg,Healthy,224,224,30692,e83efdf90637c5694357e8edc1412c28,2953
data/raw/Healthy/healthy.1548.jpg,Healthy,224,224,27679,87d9f9a3da1c6a4ea99e25d106e5cbc6,2954
data/raw/Healthy/healthy.1549.jpg,Healthy,224,224,49919,1eecf03eae993935bbd1de09446cf0ad,2955
data/raw/Healthy/healthy.155.jpg,Healthy,224,224,27598,bc3a7d72f74f1518f54059881c568af4,2956
data/raw/Healthy/healthy.1550.jpg,Healthy,224,224,24923,4fce7375c2505a3bc7e3ebf8b93c4877,2957
data/raw/Healthy/healthy.1551.jpg,Healthy,224,224,28334,3f705c9e72e9c9e1ab9712d358a64d13,2958
data/raw/Healthy/healthy.1552.jpg,Healthy,224,224,31546,a6791185112a067823319d9baa35176b,2959
data/raw/Healthy/healthy.1553.jpg,Healthy,224,224,21780,49501ff5ae31f2db1d6d757a5475a156,2960
data/raw/Healthy/healthy.1554.jpg,Healthy,224,224,21282,ff0f3786270b948f245118b5146462f3,2961
data/raw/Healthy/healthy.1555.jpg,Healthy,224,224,21283,aad2e5ff38387e181e814263eb532847,2962
data/raw/Healthy/healthy.1556.jpg,Healthy,224,224,26065,1d3627b474795f6edc350c855c627f77,2963
data/raw/Healthy/healthy.1557.jpg,Healthy,224,224,27813,36aa916bc0128af193b9d0222befdf25,2964
data/raw/Healthy/healthy.1558.jpg,Healthy,224,224,31430,198d80eec592299057c82abf31af1772,2965
data/raw/Healthy/healthy.1559.jpg,Healthy,224,224,25314,d717abc0bb2e9ce4a5a1921c33f4a3f5,2966
data/raw/Healthy/healthy.156.jpg,Healthy,224,224,27185,cff841ba451f33f1dc275dee41d50092,2967
data/raw/Healthy/healthy.1560.jpg,Healthy,224,224,45537,fbe168353c0eb2e688e7be996a330032,2968
data/raw/Healthy/healthy.1561.jpg,Healthy,224,224,21899,1b084b1ede20804c4584177f5de4e9ab,2969
data/raw/Healthy/healthy.1562.jpg,Healthy,224,224,29051,d09e9ba05652a88987f3229f74ea3b1e,2970
data/raw/Healthy/healthy.1563.jpg,Healthy,224,224,32422,471ea2f0239cae57b23a72551e3c68d7,2971
data/raw/Healthy/healthy.1564.jpg,Healthy,224,224,34905,628af8987a43056da07575333e192fa0,2972
data/raw/Healthy/healthy.1565.jpg,Healthy,224,224,22101,8675100148c04e820fd71a97234ba665,2973
data/raw/Healthy/healthy.1566.jpg,Healthy,224,224,27739,78de61caf32afedd5c99f3c859be9485,2974
data/raw/Healthy/healthy.1567.jpg,Healthy,224,224,37614,f5f06db79829f5374f189152b9dca750,2975
data/raw/Healthy/healthy.1568.jpg,Healthy,224,224,57592,d403e8198e615020aa499f025c8cd727,2976
data/raw/Healthy/healthy.1569.jpg,Healthy,224,224,22830,3cb2372aaf854339c1e3447e32b7cb97,2977
data/raw/Healthy/healthy.157.jpg,Healthy,224,224,27647,5efdf4ab659d81291d974afe708ed8c0,2978
data/raw/Healthy/healthy.1570.jpg,Healthy,224,224,39474,dad5a97aa8fdcfea32a5fd6933eaec62,2979
data/raw/Healthy/healthy.1571.jpg,Healthy,224,224,26750,ac5ac303412ac92d014139ad47e845ef,2980
data/raw/Healthy/healthy.1572.jpg,Healthy,224,224,24429,3c3cc0902bdd517a3964b68af27f07d5,2981
data/raw/Healthy/healthy.1573.jpg,Healthy,224,224,36798,2306620b972fa1cfb2acc0dddee13718,2982
data/raw/Healthy/healthy.1574.jpg,Healthy,224,224,27737,ab418f7b94735f72033ddd74e20b0fc2,2983
data/raw/Healthy/healthy.1575.jpg,Healthy,224,224,35757,4b9fa301b130ae914d9603d9fae2cee3,2984
data/raw/Healthy/healthy.1576.jpg,Healthy,224,224,23160,bf72efb40dd685bdb90fbdacded76f59,2985
data/raw/Healthy/healthy.1577.jpg,Healthy,224,224,40660,f16c3403dcab4acc0029193f36457627,2986
data/raw/Healthy/healthy.1578.jpg,Healthy,224,224,29327,eb2ac0dcc327049686ac71788b7b8c21,2987
data/raw/Healthy/healthy.1579.jpg,Healthy,224,224,41623,2be598d42a199199fb6e9a1598a60670,2988
data/raw/Healthy/healthy.158.jpg,Healthy,224,224,22749,5e69b933fe4f1c1c66607ece51deaa59,2989
data/raw/Healthy/healthy.1580.jpg,Healthy,224,224,28756,d0f3c3a2362d3e0c46bafa7d06d926e4,2990
data/raw/Healthy/healthy.1581.jpg,Healthy,224,224,28196,4650a1c31c6469a78e857d6aa1e7ed71,2991
data/raw/Healthy/healthy.1582.jpg,Healthy,224,224,27147,285aeba46d3a0029e8a222d08c7dbb37,2992
data/raw/Healthy/healthy.1583.jpg,Healthy,224,224,22344,1242f1d0a07294086c851c0d52dc033b,2993
data/raw/Healthy/healthy.1584.jpg,Healthy,224,224,24525,2e0fdb979ecacedc083a9c2fea3dc9df,2994
data/raw/Healthy/healthy.1585.jpg,Healthy,224,224,21618,c660bac515988237e1ae03def037bab8,2995
data/raw/Healthy/healthy.1586.jpg,Healthy,224,224,24420,4d70160226b3e392254c1afec7a3551b,2996
data/raw/Healthy/healthy.1587.jpg,Healthy,224,224,43454,7b89cc4b84f993d142c5b174f8fc711c,2997
data/raw/Healthy/healthy.1588.jpg,Healthy,224,224,28827,803c2c73a96533238e15abecd50bf756,2998
data/raw/Healthy/healthy.1589.jpg,Healthy,224,224,22846,90e88a165b4d420298fd289749f05fe2,2999
data/raw/Healthy/healthy.159.jpg,Healthy,224,224,31500,01aed899f8f6e8c376e9659ba52250c6,3000
data/raw/Healthy/healthy.1590.jpg,Healthy,224,224,58511,28dde4339fa9651654a03af8efc02739,3001
data/raw/Healthy/healthy.1591.jpg,Healthy,224,224,22845,9b2850c78a48baddab924720186a3293,3002
data/raw/Healthy/healthy.1592.jpg,Healthy,224,224,24661,f73db8ab709e6f55a4aacca2242814ad,3003
data/raw/Healthy/healthy.1593.jpg,Healthy,224,224,26664,8af2251b513428dd3f2b5e44226526fd,3004
data/raw/Healthy/healthy.1594.jpg,Healthy,224,224,53579,edf3ef9894edfd0bd76dd4295672ebd3,3005
data/raw/Healthy/healthy.1595.jpg,Healthy,224,224,33140,85c056825dec9daf2f1590b3e020c63c,3006
data/raw/Healthy/healthy.1596.jpg,Healthy,224,224,25911,9a3763ef93fedc04cc6a62c06a280bdf,3007
data/raw/Healthy/healthy.1597.jpg,Healthy,224,224,52006,31b897aca1b986eaa89edaa40c85a106,3008
data/raw/Healthy/healthy.1598.jpg,Healthy,224,224,28185,153d7e7c41a7882f40db82390e958651,3009
data/raw/Healthy/healthy.1599.jpg,Healthy,224,224,55115,49367f6daf917d5074218479abc83370,3010
data/raw/Healthy/healthy.16.jpg,Healthy,224,224,26021,4d1d8618363377d506ded30d8549fced,3011
data/raw/Healthy/healthy.160.jpg,Healthy,224,224,62605,36f7224523efd8fb31b4aac0a2e8295d,3012
data/raw/Healthy/healthy.1600.jpg,Healthy,224,224,28286,0b1485dcd1317a133f94af1f64708ecb,3013
data/raw/Healthy/healthy.1601.jpg,Healthy,224,224,32293,546f047feb54c30113957646ae1edc29,3014
data/raw/Healthy/healthy.1602.jpg,Healthy,224,224,40153,92e9d117c3004397dab6a50f79eb5d96,3015
data/raw/Healthy/healthy.1603.jpg,Healthy,224,224,22295,dfba9d9b909205a247565985f1d6081e,3016
data/raw/Healthy/healthy.1604.jpg,Healthy,224,224,27827,c765f99da832033567365c497ca707ce,3017
data/raw/Healthy/healthy.1605.jpg,Healthy,224,224,26769,088e39c325e32aa42bbbd625581329d2,3018
data/raw/Healthy/healthy.1606.jpg,Healthy,224,224,38227,723cc4fa6ebf076ae76f759b346813b6,3019
data/raw/Healthy/healthy.1607.jpg,Healthy,224,224,33077,5e6afaecefff721825c80bf5be157c81,3020
data/raw/Healthy/healthy.1608.jpg,Healthy,224,224,32810,44792511509b8c469e502b87febe717b,3021
data/raw/Healthy/healthy.1609.jpg,Healthy,224,224,24309,738fe233f40806a937cbd781d79ceceb,3022
data/raw/Healthy/healthy.161.jpg,Healthy,224,224,29257,0e387ac21538b2df01957a4ec538294f,3023
data/raw/Healthy/healthy.1610.jpg,Healthy,224,224,50821,3ddc196ba1ecd6791f08423cf73b2a78,3024
data/raw/Healthy/healthy.1611.jpg,Healthy,224,224,22454,2e27ba23f806529b7b01d0902d1f3fe3,3025
data/raw/Healthy/healthy.1612.jpg,Healthy,224,224,32693,082e0854b34d0fba7da3aacf0728f0cc,3026
data/raw/Healthy/healthy.1613.jpg,Healthy,224,224,29789,ad348bc8e1eca5bed450d43cb9d9375f,3027
data/raw/Healthy/healthy.1614.jpg,Healthy,224,224,27572,4596731555b331899d5ff2077f439458,3028
data/raw/Healthy/healthy.1615.jpg,Healthy,224,224,44442,a626e05880987dc14bb56e57c7e73007,3029
data/raw/Healthy/healthy.1616.jpg,Healthy,224,224,27427,01e88950aebbf8c1669bb8d5a82ecdee,3030
data/raw/Healthy/healthy.1617.jpg,Healthy,224,224,23747,ec3f2ab723a7cf3e4034a66341b933d9,3031
data/raw/Healthy/healthy.1618.jpg,Healthy,224,224,21866,2b8cb6c3a11866e103e8e1392cd54893,3032
data/raw/Healthy/healthy.1619.jpg,Healthy,224,224,24035,4b6c06eb0db91d0f3bf2a57dcc057728,3033
data/raw/Healthy/healthy.162.jpg,Healthy,224,224,22916,996f148154e1c823079ea435443e02eb,3034
data/raw/Healthy/healthy.1620.jpg,Healthy,224,224,31679,7e11b6963679b9f7b3d8f69ff318c191,3035
data/raw/Healthy/healthy.1621.jpg,Healthy,224,224,27806,600037ec530a35e578ed2bc35b243b4c,3036
data/raw/Healthy/healthy.1622.jpg,Healthy,224,224,27635,a1550fbbe201fd3b8e9201e3aaab2546,3037
data/raw/Healthy/healthy.1623.jpg,Healthy,224,224,30339,360627d98fc3150d534e106d3be91217,3038
data/raw/Healthy/healthy.1624.jpg,Healthy,224,224,25634,6e2fb4061a2e5feae97ace3705066bc6,3039
data/raw/Healthy/healthy.1625.jpg,Healthy,224,224,28363,a7fb5a2725a144fc8c9a12e1fd54f3ac,3040
data/raw/Healthy/healthy.1626.jpg,Healthy,224,224,24067,8543b103738afde40e9c6ad88601f5f8,3041
data/raw/Healthy/healthy.1627.jpg,Healthy,224,224,32295,2f924b3f74b130da6c104648b3a6761a,3042
data/raw/Healthy/healthy.1628.jpg,Healthy,224,224,33003,829bd7728aa3fa7a2c73c3ff86921cea,3043
data/raw/Healthy/healthy.1629.jpg,Healthy,224,224,51903,6ecd4048c23c7bbe1fdc24ab4fa12bb8,3044
data/raw/Healthy/healthy.163.jpg,Healthy,224,224,28439,2bead8895f07ab577f67c798af8d878f,3045
data/raw/Healthy/healthy.1630.jpg,Healthy,224,224,26349,cec42a47cb270427fd7a30193430da28,3046
data/raw/Healthy/healthy.1631.jpg,Healthy,224,224,22283,75627485c16659b3a4f3d3b0c35b6a67,3047
data/raw/Healthy/healthy.1632.jpg,Healthy,224,224,27604,a700dbde016dbe7498aae31e58bf94d1,3048
data/raw/Healthy/healthy.1633.jpg,Healthy,224,224,29529,9685ff6219a8cc2dd3284fec44b00be3,3049
data/raw/Healthy/healthy.1634.jpg,Healthy,224,224,28543,dbdef8acba477c89b5643a2a70429697,3050
data/raw/Healthy/healthy.1635.jpg,Healthy,224,224,21211,29f9d253344126b94c91ba3b3c3da336,3051
data/raw/Healthy/healthy.1636.jpg,Healthy,224,224,27903,456eee38f7b852cbb0f50992b5385307,3052
data/raw/Healthy/healthy.1637.jpg,Healthy,224,224,27105,cfb84dbd72a868d757d06441de898798,3053
data/raw/Healthy/healthy.1638.jpg,Healthy,224,224,27662,8c7ebeaa57fd8c563a41f2020b2cbdfd,3054
data/raw/Healthy/healthy.1639.jpg,Healthy,224,224,21235,3ac2034c7df83deb638153cf3d24833d,3055
data/raw/Healthy/healthy.164.jpg,Healthy,224,224,24432,5e708338cdde190ee17b077c8a334be8,3056
data/raw/Healthy/healthy.1640.jpg,Healthy,224,224,42328,2c764cab8d02e8fa75bc86d63a54de08,3057
data/raw/Healthy/healthy.1641.jpg,Healthy,224,224,24767,e11c41794d35a18a363c0ffb8e11033c,3058
data/raw/Healthy/healthy.1642.jpg,Healthy,224,224,20059,2358649ccc12e56b8f4edd4b41358620,3059
data/raw/Healthy/healthy.1643.jpg,Healthy,224,224,26971,39c76fa5dfe9b0150e78f44a45ab9339,3060
data/raw/Healthy/healthy.1644.jpg,Healthy,224,224,28832,b04973cfcdbf7254a5ad2e5282c27ed8,3061
data/raw/Healthy/healthy.1645.jpg,Healthy,224,224,36226,9925bed1f69bdb77675340721090cbb3,3062
data/raw/Healthy/healthy.1646.jpg,Healthy,224,224,54355,a70dba59c9c5acb8fc5241089d4b9e97,3063
data/raw/Healthy/healthy.1647.jpg,Healthy,224,224,26466,c1f2c45cbc1115f2dd7c8295a90403c5,3064
data/raw/Healthy/healthy.1648.jpg,Healthy,224,224,27819,1ae0c6f0ba5416705656fbe8660329fc,3065
data/raw/Healthy/healthy.1649.jpg,Healthy,224,224,28672,f287cd5a2f9d2c80012d7d7aaf26aecb,3066
data/raw/Healthy/healthy.165.jpg,Healthy,224,224,19298,1fa3f95ef0a60818d79b1dcec53f9a43,3067
data/raw/Healthy/healthy.1650.jpg,Healthy,224,224,26484,63a890050a692031c2d9f25d1e50ba42,3068
data/raw/Healthy/healthy.1651.jpg,Healthy,224,224,31669,7bf89dc14ce75b0985586f1e91366311,3069
data/raw/Healthy/healthy.1652.jpg,Healthy,224,224,52935,8b0ba3bbf7b1e03052c0e58dd890c97a,3070
data/raw/Healthy/healthy.1653.jpg,Healthy,224,224,26409,7ecde8d61a8773bfdf83f540557a8148,3071
data/raw/Healthy/healthy.1654.jpg,Healthy,224,224,30738,a12809f1df55f8e0f12bdb7b317f8699,3072
data/raw/Healthy/healthy.1655.jpg,Healthy,224,224,20492,631ca70524a8e6949fc925925225b50a,3073
data/raw/Healthy/healthy.1656.jpg,Healthy,224,224,29265,50ec0791e2c0a237212099e76260e7f2,3074
data/raw/Healthy/healthy.1657.jpg,Healthy,224,224,43761,7dbc528187d00a57e07248493587f42c,3075
data/raw/Healthy/healthy.1658.jpg,Healthy,224,224,41459,1cda19c200629dff575f570f5a4c333e,3076
data/raw/Healthy/healthy.1659.jpg,Healthy,224,224,29216,e3935f655135c211ba81af6510518940,3077
data/raw/Healthy/healthy.166.jpg,Healthy,224,224,22898,000db437c0604c1ffd4240485c01ea85,3078
data/raw/Healthy/healthy.1660.jpg,Healthy,224,224,26763,f1fa58c70c9f03a713b49b7c445081bc,3079
data/raw/Healthy/healthy.1661.jpg,Healthy,224,224,31956,8584e03ef903ad854c682cff52d49f04,3080
data/raw/Healthy/healthy.1662.jpg,Healthy,224,224,35846,64f785e9382687ae98dad7e4b05d87ba,3081
data/raw/Healthy/healthy.1663.jpg,Healthy,224,224,24352,c2a1e10bac493e93e6a6a6399725d193,3082
data/raw/Healthy/healthy.1664.jpg,Healthy,224,224,27823,3a4c295889fa3fc8e026cc325ac75bf0,3083
data/raw/Healthy/healthy.1665.jpg,Healthy,224,224,25743,56f99eafdfd3c9ad5151ec4969d7db54,3084
data/raw/Healthy/healthy.1666.jpg,Healthy,224,224,40507,251dbefc2bb43da94018b3d4418818d9,3085
data/raw/Healthy/healthy.1667.jpg,Healthy,224,224,23281,e3281e525539f717c78d3080991869c7,3086
data/raw/Healthy/healthy.1668.jpg,Healthy,224,224,27863,fa4789cbfdd745b779d3a52e7f10978a,3087
data/raw/Healthy/healthy.1669.jpg,Healthy,224,224,52601,79fd06937115405dbaac2fd5bff84238,3088
data/raw/Healthy/healthy.167.jpg,Healthy,224,224,23870,08f4d741e5bf7684a34b2f4c451a6625,3089
data/raw/Healthy/healthy.1670.jpg,Healthy,224,224,33356,99e2ca01654bb982ff4d570e6e1c7d7d,3090
data/raw/Healthy/healthy.1671.jpg,Healthy,224,224,28457,05dbdabb971940c3f4813c63317a3c3b,3091
data/raw/Healthy/healthy.1672.jpg,Healthy,224,224,26452,348c420a46591a8eb02373b9690811d3,3092
data/raw/Healthy/healthy.1673.jpg,Healthy,224,224,24706,365426bc1b5a9ee872f825918b6c2338,3093
data/raw/Healthy/healthy.1674.jpg,Healthy,224,224,25091,e33cb810b4ea03cfc7a469e0efa7e533,3094
data/raw/Healthy/healthy.1675.jpg,Healthy,224,224,25770,a44d4b011ded89322f0ee7ffbf29fdb8,3095
data/raw/Healthy/healthy.1676.jpg,Healthy,224,224,30306,b7f9a78792e897cffa6d7c02b5e770d2,3096
data/raw/Healthy/healthy.1677.jpg,Healthy,224,224,28372,15286da9037b3a01e0fb9a3b53f88ddf,3097
data/raw/Healthy/healthy.1678.jpg,Healthy,224,224,25398,d520994d70ea2f8f9d66ff682d882cf2,3098
data/raw/Healthy/healthy.1679.jpg,Healthy,224,224,25883,9104027047634bdbe9b766c9667eaaf0,3099
data/raw/Healthy/healthy.168.jpg,Healthy,224,224,49145,9a1e7f400b02e89e67d1431f4fdb3d2e,3100
data/raw/Healthy/healthy.1680.jpg,Healthy,224,224,54868,637fc50b019b263605e4dade6cbf7ca3,3101
data/raw/Healthy/healthy.1681.jpg,Healthy,224,224,27934,5fedad55ebc88ce06307f590c0ccf6a3,3102
data/raw/Healthy/healthy.1682.jpg,Healthy,224,224,25290,5c699c850b55ba04acafe6ac4f47cdf5,3103
data/raw/Healthy/healthy.1683.jpg,Healthy,224,224,40176,095ce27ff12c954c124ded7a95a69588,3104
data/raw/Healthy/healthy.1684.jpg,Healthy,224,224,23947,df78baa70099ae1085ff903294888ac2,3105
data/raw/Healthy/healthy.1685.jpg,Healthy,224,224,26950,ef6569e5dd618d3d052963ca3d139dda,3106
data/raw/Healthy/healthy.1686.jpg,Healthy,224,224,22366,acc29857b610c35edde1c133e5c92117,3107
data/raw/Healthy/healthy.1687.jpg,Healthy,224,224,26632,63f7ab6371da40b68265a8d9c4ea5b8f,3108
data/raw/Healthy/healthy.1688.jpg,Healthy,224,224,26133,cb80389f9b463a37f96381e9fbcefbee,3109
data/raw/Healthy/healthy.1689.jpg,Healthy,224,224,36287,7b87def43739baef464bbed931fca13d,3110
data/raw/Healthy/healthy.169.jpg,Healthy,224,224,25354,bd1b94a7307ca420ae69b20d70e4eafa,3111
data/raw/Healthy/healthy.1690.jpg,Healthy,224,224,41532,5070ace042aaa875c23e5c241077f102,3112
data/raw/Healthy/healthy.1691.jpg,Healthy,224,224,31171,7f855205c8a323eb50f8f7486fe22229,3113
data/raw/Healthy/healthy.1692.jpg,Healthy,224,224,20610,d2393be94e199e14b899fb554e5bd44f,3114
data/raw/Healthy/healthy.1693.jpg,Healthy,224,224,25658,e345c6f45eb9374ee0e77f2bb8b1f6d6,3115
data/raw/Healthy/healthy.1694.jpg,Healthy,224,224,25558,69c4a107d369a5de8a0ca832c7d95470,3116
data/raw/Healthy/healthy.1695.jpg,Healthy,224,224,34334,70fba2aae3e8d837958646ce31fe956c,3117
data/raw/Healthy/healthy.1696.jpg,Healthy,224,224,24022,e75bc714a32c403b71f2e60cc480bc2a,3118
data/raw/Healthy/healthy.1697.jpg,Healthy,224,224,29457,76a101a9ae9c4e0debce417f3b8b123b,3119
data/raw/Healthy/healthy.1698.jpg,Healthy,224,224,31824,bbe9c2e77cd8e38bd39d4b2dfb00bcb7,3120
data/raw/Healthy/healthy.1699.jpg,Healthy,224,224,27078,e3d42cd56eaa3c83f64ce80b4b4c519d,3121
data/raw/Healthy/healthy.17.jpg,Healthy,224,224,42012,cc1253dc488105cac0c4b4947677a825,3122
data/raw/Healthy/healthy.170.jpg,Healthy,224,224,25559,3bc9b52fe4716bf2a54cbc07bf33a426,3123
data/raw/Healthy/healthy.1700.jpg,Healthy,224,224,30715,85e7ca88ee62c816ad56fa1f224e8ced,3124
data/raw/Healthy/healthy.1701.jpg,Healthy,224,224,28514,0496764c2ddbd40061eb604af856d5fd,3125
data/raw/Healthy/healthy.1702.jpg,Healthy,224,224,24397,d76d46bab0aeadbc39ad443eac756603,3126
data/raw/Healthy/healthy.1703.jpg,Healthy,224,224,24362,1d3a2006139ca8d82efa7f935570ecf1,3127
data/raw/Healthy/healthy.1704.jpg,Healthy,224,224,26699,bffd41f21220903b77de5695644e10db,3128
data/raw/Healthy/healthy.1705.jpg,Healthy,224,224,40974,1626a1cfea5115de10695cdacb9c4c42,3129
data/raw/Healthy/healthy.1706.jpg,Healthy,224,224,28332,f75f5d4d8182c62a7f465159b4da8032,3130
data/raw/Healthy/healthy.1707.jpg,Healthy,224,224,28456,ea5de3ef0ea4218c3a052818170b28cc,3131
data/raw/Healthy/healthy.1708.jpg,Healthy,224,224,26649,df960822c99908dcc97a563eb74ad326,3132
data/raw/Healthy/healthy.1709.jpg,Healthy,224,224,22983,fbc63638cbd2039759dad2a9cb118121,3133
data/raw/Healthy/healthy.171.jpg,Healthy,224,224,30245,c4f400edcbb681429a949381655b8f80,3134
data/raw/Healthy/healthy.1710.jpg,Healthy,224,224,27669,1ec50cbf6f4d9d856f52ee5345f2d145,3135
data/raw/Healthy/healthy.1711.jpg,Healthy,224,224,22521,408d73bd8a849ff74d1bb85d408f6853,3136
data/raw/Healthy/healthy.1712.jpg,Healthy,224,224,23082,6a54b621bf78e91b9e4ea7c01d6955cf,3137
data/raw/Healthy/healthy.1713.jpg,Healthy,224,224,27604,95c4a97252e6e7d24771ad9c9cca416a,3138
data/raw/Healthy/healthy.1714.jpg,Healthy,224,224,28599,d6577bedb97754138afacdfa1d93c623,3139
data/raw/Healthy/healthy.1715.jpg,Healthy,224,224,30216,b1248f0f5a967588c81ac06518696451,3140
data/raw/Healthy/healthy.1716.jpg,Healthy,224,224,23552,b18cd406590a6c8b04393ede0a3eb737,3141
data/raw/Healthy/healthy.1717.jpg,Healthy,224,224,27884,3a45ef14286c9259e59acc17b704e306,3142
data/raw/Healthy/healthy.1718.jpg,Healthy,224,224,40900,d5f8b732691f98a02c03d39245699d67,3143
data/raw/Healthy/healthy.1719.jpg,Healthy,224,224,25667,8de3c4507e91fa1079d281d3c0152eaf,3144
data/raw/Healthy/healthy.172.jpg,Healthy,224,224,21656,87d49459ec4717219b8fc546ecdd1ad1,3145
data/raw/Healthy/healthy.1720.jpg,Healthy,224,224,51545,cf8ab0123feadf759fa575ae7a81fe71,3146
data/raw/Healthy/healthy.1721.jpg,Healthy,224,224,27205,fa4425e0e22125185d7855c9029065d7,3147
data/raw/Healthy/healthy.1722.jpg,Healthy,224,224,25013,39e8f8e383916292e86b943d2a9d9c1d,3148
data/raw/Healthy/healthy.1723.jpg,Healthy,224,224,24546,25843416b9b6380d6da7afbc55576e2e,3149
data/raw/Healthy/healthy.1724.jpg,Healthy,224,224,22619,6db74abb3451d1bb3ac8b9362eb5d2c1,3150
data/raw/Healthy/healthy.1725.jpg,Healthy,224,224,54169,f0bae9aa727e0115a72c721f3a7e340e,3151
data/raw/Healthy/healthy.1726.jpg,Healthy,224,224,32596,04457791569118b0654b2caaada95be7,3152
data/raw/Healthy/healthy.1727.jpg,Healthy,224,224,28589,36c29943d5895e3245f345f7aabb4623,3153
data/raw/Healthy/healthy.1728.jpg,Healthy,224,224,30437,835210cfdb4e0b6480271f613444a340,3154
data/raw/Healthy/healthy.1729.jpg,Healthy,224,224,19566,ce4f5ef3c65f5cb2bcb06478731f7114,3155
data/raw/Healthy/healthy.173.jpg,Healthy,224,224,53609,5852881782bf71a873dcc3c3981b52d5,3156
data/raw/Healthy/healthy.1730.jpg,Healthy,224,224,27763,02d48261a9d76c3283c64d6191487bc5,3157
data/raw/Healthy/healthy.1731.jpg,Healthy,224,224,41641,7b16f6d97a0ce33a8c9f797d28675dd6,3158
data/raw/Healthy/healthy.1732.jpg,Healthy,224,224,23187,f819ccf0e45c35c357b468239c14e024,3159
data/raw/Healthy/healthy.1733.jpg,Healthy,224,224,51615,3a825368cf011488347f575e9869d9f5,3160
data/raw/Healthy/healthy.1734.jpg,Healthy,224,224,26270,85f59abba9b907a245688d6beaf13614,3161
data/raw/Healthy/healthy.1735.jpg,Healthy,224,224,24962,21dba69c16208288255c91899a9da809,3162
data/raw/Healthy/healthy.1736.jpg,Healthy,224,224,27283,aae4b9aa31c2a626e52843f96ad2d65f,3163
data/raw/Healthy/healthy.1737.jpg,Healthy,224,224,26191,4ed91cdb3504962499830472d26ea260,3164
data/raw/Healthy/healthy.1738.jpg,Healthy,224,224,56526,ff733bc32a230b9e7067348eda7b9a47,3165
data/raw/Healthy/healthy.1739.jpg,Healthy,224,224,29707,85b78b4de1607c161fbda79699945501,3166
data/raw/Healthy/healthy.174.jpg,Healthy,224,224,30501,65f237d341c16fefeec4b80df25ab91f,3167
data/raw/Healthy/healthy.1740.jpg,Healthy,224,224,49147,f6d01e7208f06bd9f5858ea5324b7a44,3168
data/raw/Healthy/healthy.1741.jpg,Healthy,224,224,43361,aafcd6c291db3aa605bb0ec85999a83d,3169
data/raw/Healthy/healthy.1742.jpg,Healthy,224,224,28660,bed1a14a3177c146b5bd1c0ccc8c7980,3170
data/raw/Healthy/healthy.1743.jpg,Healthy,224,224,22103,6825cd6b21dd44bab716d244ae23060b,3171
data/raw/Healthy/healthy.1744.jpg,Healthy,224,224,28522,8b048c47c87f4a99c028c7f7c2383983,3172
data/raw/Healthy/healthy.1745.jpg,Healthy,224,224,20984,3e7d0541c8593cdc10b1ced7154267c6,3173
data/raw/Healthy/healthy.1746.jpg,Healthy,224,224,58615,4b486710baf7ed2c69ebd02742eda934,3174
data/raw/Healthy/healthy.1747.jpg,Healthy,224,224,27955,ef76d00d7214106d4e235a4ec4d08b64,3175
data/raw/Healthy/healthy.1748.jpg,Healthy,224,224,35050,4e407a90b359f595687ddd5f98326adb,3176
data/raw/Healthy/healthy.1749.jpg,Healthy,224,224,31268,5009ef8052326b714f92db7a3ad823cb,3177
data/raw/Healthy/healthy.175.jpg,Healthy,224,224,25584,e9b88bc589e80bb163bd42277f0299d3,3178
data/raw/Healthy/healthy.1750.jpg,Healthy,224,224,32682,d6e2d5ecf023e5e0e001c445c2ea0e58,3179
data/raw/Healthy/healthy.1751.jpg,Healthy,224,224,26541,1ebadd1d4f8cacbe6bbd1aa2173f9192,3180
data/raw/Healthy/healthy.1752.jpg,Healthy,224,224,40580,59fc452a1d33783643611d79aa94e3b6,3181
data/raw/Healthy/healthy.1753.jpg,Healthy,224,224,17423,a1b09f4d81730ac24f0a298b1a126cfb,3182
data/raw/Healthy/healthy.1754.jpg,Healthy,224,224,56342,95995481eaa236c6af63bac02018bf83,3183
data/raw/Healthy/healthy.1755.jpg,Healthy,224,224,23197,7501415d654e8ae694865990c57ba1dc,3184
data/raw/Healthy/healthy.1756.jpg,Healthy,224,224,42144,dcc9695e9c746cbb8c0beeb9ac0ad39c,3185
data/raw/Healthy/healthy.1757.jpg,Healthy,224,224,29637,15e395efd8b1feaf5b580103c7024a8c,3186
data/raw/Healthy/healthy.1758.jpg,Healthy,224,224,28990,c44e580fc8e7b356a4bbf7206a746bbf,3187
data/raw/Healthy/healthy.1759.jpg,Healthy,224,224,37506,aaa39a6dce584b47cc5256800e0644bd,3188
data/raw/Healthy/healthy.176.jpg,Healthy,224,224,24444,59f2ae4bab4e377a1e4819c9606e3b44,3189
data/raw/Healthy/healthy.1760.jpg,Healthy,224,224,54928,1bc69f9c0b081b3e965b912f9e43e8d3,3190
data/raw/Healthy/healthy.1761.jpg,Healthy,224,224,28744,a61ce0400dad6fea363578f1a6505abb,3191
data/raw/Healthy/healthy.1762.jpg,Healthy,224,224,52964,d7f1d5cc3926f527c6ed74088e3a09d2,3192
data/raw/Healthy/healthy.1763.jpg,Healthy,224,224,24445,c7427b733410b277716e516fdd3eb77a,3193
data/raw/Healthy/healthy.1764.jpg,Healthy,224,224,28459,d91123e842eb41b82702aea9e0810015,3194
data/raw/Healthy/healthy.1765.jpg,Healthy,224,224,19584,45e09e3c1d45c4fc715a8fc6bb1aa6f1,3195
data/raw/Healthy/healthy.1766.jpg,Healthy,224,224,30604,8f9dd570dcea3087f090bb680035c9d7,3196
data/raw/Healthy/healthy.1767.jpg,Healthy,224,224,39556,0187508aca982c2410b60f9bf0af6025,3197
data/raw/Healthy/healthy.1768.jpg,Healthy,224,224,28125,0122c180e5516f1c9d784ce7f9f61912,3198
data/raw/Healthy/healthy.1769.jpg,Healthy,224,224,35516,61ab68070da958470dbae6dc25925fe5,3199
data/raw/Healthy/healthy.177.jpg,Healthy,224,224,21018,0450d99999d3ccc5ba8e9086b0913097,3200
data/raw/Healthy/healthy.1770.jpg,Healthy,224,224,26790,1ee68284e348caccfac0907a3f5550e2,3201
data/raw/Healthy/healthy.1771.jpg,Healthy,224,224,39940,8bf222904fcbecf2d142d3e0bb96bcc9,3202
data/raw/Healthy/healthy.1772.jpg,Healthy,224,224,19720,b533c6f44e7bcb5e5eacdbacbd866422,3203
data/raw/Healthy/healthy.1773.jpg,Healthy,224,224,21608,436f87af33bf9441cffb7d8d43ec7a54,3204
data/raw/Healthy/healthy.1774.jpg,Healthy,224,224,25732,72b0af111946bafd76670d0eba6e7b82,3205
data/raw/Healthy/healthy.1775.jpg,Healthy,224,224,27422,16dd6caaa54cfceeb5952125560ee377,3206
data/raw/Healthy/healthy.1776.jpg,Healthy,224,224,33212,42e188825a3dfe58473d3703ceef9ff7,3207
data/raw/Healthy/healthy.1777.jpg,Healthy,224,224,28229,02b8becd2231308cfdd678a47e040384,3208
data/raw/Healthy/healthy.1778.jpg,Healthy,224,224,48652,ae9cb7f396668ae4aa6357ef31b8331d,3209
data/raw/Healthy/healthy.1779.jpg,Healthy,224,224,41783,add25a704d1e9c46d053d1bfd4ec629a,3210
data/raw/Healthy/healthy.178.jpg,Healthy,224,224,23725,128e5652dfb9264ae777776b512dcc30,3211
data/raw/Healthy/healthy.1780.jpg,Healthy,224,224,25919,258b34cb73695096b299027260207732,3212
data/raw/Healthy/healthy.1781.jpg,Healthy,224,224,34586,3efeeee2c4b4ede09e9848f1e35bcb6b,3213
data/raw/Healthy/healthy.1782.jpg,Healthy,224,224,36444,ce0413702c180c22df03d9d6cadddda4,3214
data/raw/Healthy/healthy.1783.jpg,Healthy,224,224,25438,e85de828f01f983c7546c1552ab1eda8,3215
data/raw/Healthy/healthy.1784.jpg,Healthy,224,224,36798,2306620b972fa1cfb2acc0dddee13718,2982
data/raw/Healthy/healthy.1785.jpg,Healthy,224,224,49310,734100f39f21546202bbda12cc92e22e,3216
data/raw/Healthy/healthy.1786.jpg,Healthy,224,224,54587,74151130b3d7351628a5b1ff51e1a515,3217
data/raw/Healthy/healthy.1787.jpg,Healthy,224,224,30497,6a67c03f43f1bd94d28fea90bf55866d,3218
data/raw/Healthy/healthy.1788.jpg,Healthy,224,224,26409,50cb1cffce001a166ec7dcd9959a1847,3219
data/raw/Healthy/healthy.1789.jpg,Healthy,224,224,32152,2f9c0a9b33f6c1075bce25f5f86cd53d,3220
data/raw/Healthy/healthy.179.jpg,Healthy,224,224,24447,b7930524b262b4920a35b034dd8bfbcf,3221
data/raw/Healthy/healthy.1790.jpg,Healthy,224,224,24818,c57c4618ddffdf17625e6eed57abe66c,3222
data/raw/Healthy/healthy.1791.jpg,Healthy,224,224,49720,b79bee61cf062a722d527eb4a0511f86,3223
data/raw/Healthy/healthy.1792.jpg,Healthy,224,224,24559,8f728c46ff6f7c862c4cbd2999e16b0d,3224
data/raw/Healthy/healthy.1793.jpg,Healthy,224,224,42773,66873aa5725ce83d8f3127efef60222a,3225
data/raw/Healthy/healthy.1794.jpg,Healthy,224,224,36477,813787137f487c4506648d50fabd8aef,3226
data/raw/Healthy/healthy.1795.jpg,Healthy,224,224,22160,35bb816c6ff749496f5e7ad18a601e9e,3227
data/raw/Healthy/healthy.1796.jpg,Healthy,224,224,31532,865bc268b91ad2ae4be06a1910e982f2,3228
data/raw/Healthy/healthy.1797.jpg,Healthy,224,224,57438,c2d2532daeca7745f5ca620f228a9eb3,3229
data/raw/Healthy/healthy.1798.jpg,Healthy,224,224,29699,b541c45e6dcfee0511112f28ebc565f9,3230
data/raw/Healthy/healthy.1799.jpg,Healthy,224,224,24341,85caaf4a921b5ce9be84c3674ec05fab,3231
data/raw/Healthy/healthy.18.jpg,Healthy,224,224,25066,f20ceda8fa4458333c493b83a9d59924,3232
data/raw/Healthy/healthy.180.jpg,Healthy,224,224,29244,3a5fc04109f69fe99c2a6ad1c25ad7c6,3233
data/raw/Healthy/healthy.1800.jpg,Healthy,224,224,39623,739f33ac91548e20193acff3f4c88a2a,3234
data/raw/Healthy/healthy.1801.jpg,Healthy,224,224,27916,30ee2f0893f5fac72ce43facdbd6d6df,3235
data/raw/Healthy/healthy.1802.jpg,Healthy,224,224,27574,3242fa56652cac65ab0a5b516a0c178e,3236
data/raw/Healthy/healthy.1803.jpg,Healthy,224,224,28366,ca4e09a95f04b26ef89c54ddd239ca71,3237
data/raw/Healthy/healthy.1804.jpg,Healthy,224,224,27431,f1327b81c4d272f91da3fd7de61f6776,3238
data/raw/Healthy/healthy.1805.jpg,Healthy,224,224,59984,2d58bde43f641a476a6a3aa65f35325e,3239
data/raw/Healthy/healthy.1806.jpg,Healthy,224,224,23850,09cd03228ffd314307796986a4144259,3240
data/raw/Healthy/healthy.1807.jpg,Healthy,224,224,29056,685d92a9cb1a842c71205013ade0a623,3241
data/raw/Healthy/healthy.1808.jpg,Healthy,224,224,22170,ddc462c4fe20566b4d22b07e6b2ccafa,3242
data/raw/Healthy/healthy.1809.jpg,Healthy,224,224,23990,94a7aef591dfc7d37680be269125613c,3243
data/raw/Healthy/healthy.181.jpg,Healthy,224,224,28077,576cebdd02bc018ae914f5aca3f6abf2,3244
data/raw/Healthy/healthy.1810.jpg,Healthy,224,224,29404,7e4e3c52978af63a732e90f783bb0772,3245
data/raw/Healthy/healthy.1811.jpg,Healthy,224,224,50427,c74a93102c76400b9d85084b7c0081c9,3246
data/raw/Healthy/healthy.1812.jpg,Healthy,224,224,56985,fb3a1e40a5bf3b50bf0f00dece88b769,3247
data/raw/Healthy/healthy.1813.jpg,Healthy,224,224,24504,59eb04fc666cb75da919fda931b10e46,3248
data/raw/Healthy/healthy.1814.jpg,Healthy,224,224,23686,4651b81bcf5cf066a06aa0928a6f6641,3249
data/raw/Healthy/healthy.1815.jpg,Healthy,224,224,57100,ee7e78e0a4e6c38c5802e9d86f04b360,3250
data/raw/Healthy/healthy.1816.jpg,Healthy,224,224,43235,b53c62921758c24fe6d0c95a7e2194cd,3251
data/raw/Healthy/healthy.1817.jpg,Healthy,224,224,29507,1ed5d6288bdcd8b7c1d13c5b43d23008,3252
data/raw/Healthy/healthy.1818.jpg,Healthy,224,224,24345,1f13d9e1414367bca250a241196b6f21,3253
data/raw/Healthy/healthy.1819.jpg,Healthy,224,224,36597,8e4cd25919c8293a592462f7691eb231,3254
data/raw/Healthy/healthy.182.jpg,Healthy,224,224,24279,7d2ee5168643430b3865987cc325a938,3255
data/raw/Healthy/healthy.1820.jpg,Healthy,224,224,25103,613cd33f37412c3c70cb25e52df8e899,3256
data/raw/Healthy/healthy.1821.jpg,Healthy,224,224,28873,621f65fff428d48f7a09be122e8b5b6d,3257
data/raw/Healthy/healthy.1822.jpg,Healthy,224,224,27419,c86b1653ea1504168e55a25eb6e57421,3258
data/raw/Healthy/healthy.1823.jpg,Healthy,224,224,37609,d6ddf263f9b54be51f64effb6e1ac807,3259
data/raw/Healthy/healthy.1824.jpg,Healthy,224,224,27107,11d340991f44fb21432f7401cc8f6854,3260
data/raw/Healthy/healthy.1825.jpg,Healthy,224,224,25418,291edb83deeac9c8829586f1b9baf4dc,3261
data/raw/Healthy/healthy.1826.jpg,Healthy,224,224,29584,c4045a66cbb654fe63a41aaa526e54b4,3262
data/raw/Healthy/healthy.1827.jpg,Healthy,224,224,26044,2a2d049ee96e13bd070ba50559fc998b,3263
data/raw/Healthy/healthy.1828.jpg,Healthy,224,224,25563,78229dc71522a58d2fa6d3822889ddf3,3264
data/raw/Healthy/healthy.1829.jpg,Healthy,224,224,42970,e644990e78e230331e2a62f08c0f68e1,3265
data/raw/Healthy/healthy.183.jpg,Healthy,224,224,26215,30be56884576c16e6cbe251092c70f89,3266
data/raw/Healthy/healthy.1830.jpg,Healthy,224,224,31199,f00272c7ce3cf781a111d79e16dc69c4,3267
data/raw/Healthy/healthy.1831.jpg,Healthy,224,224,29409,50b9e9abd490a1e28585394e48450d54,3268
data/raw/Healthy/healthy.1832.jpg,Healthy,224,224,24851,772b6896a1ea78d6d4550f9d3ab035dc,3269
data/raw/Healthy/healthy.1833.jpg,Healthy,224,224,60953,8f91e0734b6a3c355f6682925fee0841,3270
data/raw/Healthy/healthy.1834.jpg,Healthy,224,224,26011,6f353d2524b52a8ae6bbd4e3cdf1fd44,3271
data/raw/Healthy/healthy.1835.jpg,Healthy,224,224,56065,dc3237b14c77b897495eea91c717375d,3272
data/raw/Healthy/healthy.1836.jpg,Healthy,224,224,33046,10a23d8eb41df312e7ceeb5bfb53a94e,3273
data/raw/Healthy/healthy.1837.jpg,Healthy,224,224,22936,a231165c75d6c8029d2dd75e7e1ee67d,3274
data/raw/Healthy/healthy.1838.jpg,Healthy,224,224,24148,3f31dd784527ba467085bfcd2b7cfeed,3275
data/raw/Healthy/healthy.1839.jpg,Healthy,224,224,26494,ef91c9356dced02359993c398d7e09ea,3276
data/raw/Healthy/healthy.184.jpg,Healthy,224,224,31256,b5f8d9c5a02f82f1c6557a86618efd90,3277
data/raw/Healthy/healthy.1840.jpg,Healthy,224,224,27613,9faafe007e53286edd5e1e7b80f57776,3278
data/raw/Healthy/healthy.1841.jpg,Healthy,224,224,28102,45843ef61dfa45c739fe16ee9b407c01,3279
data/raw/Healthy/healthy.1842.jpg,Healthy,224,224,30971,940219938f4c076677788597a918e0f4,3280
data/raw/Healthy/healthy.1843.jpg,Healthy,224,224,26932,0a308c5b008af1df83b5410ba6781500,3281
data/raw/Healthy/healthy.1844.jpg,Healthy,224,224,28963,b340eb32ee0a0f1cd32165fd8021a0da,3282
data/raw/Healthy/healthy.1845.jpg,Healthy,224,224,23579,ed0e68b44089b52bd872ff4be8d4792d,3283
data/raw/Healthy/healthy.1846.jpg,Healthy,224,224,29616,67b6cca23b4f78655ac61b984932891b,3284
data/raw/Healthy/healthy.1847.jpg,Healthy,224,224,26034,3598720e2a12a95bed9435896a8505f4,3285
data/raw/Healthy/healthy.1848.jpg,Healthy,224,224,26889,42803add40318c5194ad9d74492e6415,3286
data/raw/Healthy/healthy.1849.jpg,Healthy,224,224,39307,6eb19ce3739ed693f0fa7ffa9c1048d6,3287
data/raw/Healthy/healthy.185.jpg,Healthy,224,224,21704,0663310a33732013cfa5e62939b4f788,3288
data/raw/Healthy/healthy.1850.jpg,Healthy,224,224,58151,f6db059fbd7878fbfcb68116c3166106,3289
data/raw/Healthy/healthy.1851.jpg,Healthy,224,224,52726,e574110c338b60cd34f24c89cfe828f5,3290
data/raw/Healthy/healthy.1852.jpg,Healthy,224,224,25661,099f44e40e7779a3ecfb4d372b402b68,3291
data/raw/Healthy/healthy.1853.jpg,Healthy,224,224,57884,3af49d819821acda5056c87dd0bf7b2f,3292
data/raw/Healthy/healthy.1854.jpg,Healthy,224,224,25420,6043a62085099f093182f1b22735fa89,3293
data/raw/Healthy/healthy.1855.jpg,Healthy,224,224,41162,03baf0214d9a49f73b724fd8b8213520,3294
data/raw/Healthy/healthy.1856.jpg,Healthy,224,224,28421,540ac21933b3296e571ab04ccfaa8882,3295
data/raw/Healthy/healthy.1857.jpg,Healthy,224,224,27496,af4af1d674d9dca01b70de158539db51,3296
data/raw/Healthy/healthy.1858.jpg,Healthy,224,224,28668,8c8ad697f0aca23f4eaabe742d696ff4,3297
data/raw/Healthy/healthy.1859.jpg,Healthy,224,224,25880,64e8b4925ebe12e3751ff818ec74a045,3298
data/raw/Healthy/healthy.186.jpg,Healthy,224,224,24941,547a9e40e5a66355e6cf1bba586b82af,3299
data/raw/Healthy/healthy.1860.jpg,Healthy,224,224,55425,881974f52886612c0620f406b26b975c,3300
data/raw/Healthy/healthy.1861.jpg,Healthy,224,224,31336,39b3bcb276c69d976cb1aa5e035a43f0,3301
data/raw/Healthy/healthy.1862.jpg,Healthy,224,224,29223,232cc447e5a060ca59b73a0b54b469cd,3302
data/raw/Healthy/healthy.1863.jpg,Healthy,224,224,31216,d9b1390024dc807133cdbc7e8bab1f83,3303
data/raw/Healthy/healthy.1864.jpg,Healthy,224,224,55649,3ab1054853f58c2253d34be2688d8b12,3304
data/raw/Healthy/healthy.1865.jpg,Healthy,224,224,25637,2542a9b8e8158ef64e7375c7ebc525e8,3305
data/raw/Healthy/healthy.1866.jpg,Healthy,224,224,25787,a9fc0f7ef0fe624b8bcc72d54e9406f9,3306
data/raw/Healthy/healthy.1867.jpg,Healthy,224,224,38604,cf1a09c72502160125ef52d557854417,3307
data/raw/Healthy/healthy.1868.jpg,Healthy,224,224,25246,af344c0ff95bc9674482a59626d15394,3308
data/raw/Healthy/healthy.1869.jpg,Healthy,224,224,29302,7bb0d8d16fa933efdf63a96330c6cc76,3309
data/raw/Healthy/healthy.187.jpg,Healthy,224,224,29863,6c00a26b67f1dc25c6773b1e6571976d,3310
data/raw/Healthy/healthy.1870.jpg,Healthy,224,224,30001,a9184144956212f4845a3e289a01be6e,3311
data/raw/Healthy/healthy.1871.jpg,Healthy,224,224,26848,891631cb5cc6563eb8c6c663dfa1902e,3312
data/raw/Healthy/healthy.1872.jpg,Healthy,224,224,28024,233604dccc08e860a153818a9dca0444,3313
data/raw/Healthy/healthy.1873.jpg,Healthy,224,224,26457,32656c9286b159b80528783ffd52465e,3314
data/raw/Healthy/healthy.1874.jpg,Healthy,224,224,23839,5c78ea3adac65bffbc31226dba58b906,3315
data/raw/Healthy/healthy.1875.jpg,Healthy,224,224,26570,e4212cda3e3f88eb0199a31319c2bb21,3316
data/raw/Healthy/healthy.1876.jpg,Healthy,224,224,23497,084f811e5c29bd76d34aed45dd4391a2,3317
data/raw/Healthy/healthy.1877.jpg,Healthy,224,224,29516,16ea75893b5d74310bded344962861cd,3318
data/raw/Healthy/healthy.1878.jpg,Healthy,224,224,28230,cb4546d3a09ffc8fc34b6349df678c3b,3319
data/raw/Healthy/healthy.1879.jpg,Healthy,224,224,23483,bdb00ddbc1fe7ceb9bc1b16f64b6bdb9,3320
data/raw/Healthy/healthy.188.jpg,Healthy,224,224,49818,d3fe5e26ca8303e6776acffcac91e4d1,3321
data/raw/Healthy/healthy.1880.jpg,Healthy,224,224,40684,2917b1041b9b66552b2889b991227875,3322
data/raw/Healthy/healthy.1881.jpg,Healthy,224,224,22967,44614139a1a6e124343ed15338e692ca,3323
data/raw/Healthy/healthy.1882.jpg,Healthy,224,224,24139,a6c2093ccb55b1e4c99e0966ccfc16c0,3324
data/raw/Healthy/healthy.1883.jpg,Healthy,224,224,28118,e2d75cf00dfa81c313e1858b88358909,3325
data/raw/Healthy/healthy.1884.jpg,Healthy,224,224,42925,0b3432ca21188a57a200f2cd93ea4753,3326
data/raw/Healthy/healthy.1885.jpg,Healthy,224,224,44198,9512efff70c395677120a3cec9bf912d,3327
data/raw/Healthy/healthy.1886.jpg,Healthy,224,224,25303,0adc099ce82340897609ce5cbf5a78c7,3328
data/raw/Healthy/healthy.1887.jpg,Healthy,224,224,23931,6f5fff285fe37fd1ba30da63c8583871,3329
data/raw/Healthy/healthy.1888.jpg,Healthy,224,224,30343,1dbe39c90e3bc439de1fede817db8c4c,3330
data/raw/Healthy/healthy.1889.jpg,Healthy,224,224,27833,efefb145d9ea5aa0b6c91d80c4a3795b,3331
data/raw/Healthy/healthy.189.jpg,Healthy,224,224,27968,590ee2d07388d8f22e815a186a82fdcd,3332
data/raw/Healthy/healthy.1890.jpg,Healthy,224,224,25547,caa981a83dc1504d4e71778376b40b78,3333
data/raw/Healthy/healthy.1891.jpg,Healthy,224,224,38801,37085c52c14e450fdcbe35bd3950c19e,3334
data/raw/Healthy/healthy.1892.jpg,Healthy,224,224,23522,d0b360c0dc0a8578da9d03a6093b23f4,3335
data/raw/Healthy/healthy.1893.jpg,Healthy,224,224,26989,c3e5b3017dd3c6464a2f1b956afa8d91,3336
data/raw/Healthy/healthy.1894.jpg,Healthy,224,224,30512,5c71d270e28d852e00bb689034503177,3337
data/raw/Healthy/healthy.1895.jpg,Healthy,224,224,32276,7a554deb364b9f241493a25241c23075,3338
data/raw/Healthy/healthy.1896.jpg,Healthy,224,224,27008,c8a85417008aaae1b3af2f38fe4248d9,3339
data/raw/Healthy/healthy.1897.jpg,Healthy,224,224,57910,c6fe8baf5aca6698b5b7a71a0690b120,3340
data/raw/Healthy/healthy.1898.jpg,Healthy,224,224,32337,6a4b8e10d5b6273b5e59c1e490a01e06,3341
data/raw/Healthy/healthy.1899.jpg,Healthy,224,224,27303,7aedc87e9184511086e5e2c7c1992a79,3342
data/raw/Healthy/healthy.19.jpg,Healthy,224,224,26773,4e0bad49007e1bbc042b096b18fd9851,3343
data/raw/Healthy/healthy.190.jpg,Healthy,224,224,29605,58571a33725ac185ff7cf36cbff9d3e6,3344
data/raw/Healthy/healthy.1900.jpg,Healthy,224,224,21872,0ac38bfd7b9abc87ae7db04eb93d287a,3345
data/raw/Healthy/healthy.1901.jpg,Healthy,224,224,26314,1e33eb259e9f4f8ef161d747ab927d5f,3346
data/raw/Healthy/healthy.1902.jpg,Healthy,224,224,28559,a3fb64cc232a5da32544fb1975e6997d,3347
data/raw/Healthy/healthy.1903.jpg,Healthy,224,224,24655,c3115685bc14db0188842be0108630cb,3348
data/raw/Healthy/healthy.1904.jpg,Healthy,224,224,26064,5d2447d1a50c26a726a7d8a905633bda,3349
data/raw/Healthy/healthy.1905.jpg,Healthy,224,224,31644,dd950182c331239207df3e69bbba1dea,3350
data/raw/Healthy/healthy.1906.jpg,Healthy,224,224,23359,b053ebc8823b4a8f818cc9e17f3579e8,3351
data/raw/Healthy/healthy.1907.jpg,Healthy,224,224,30470,d28d5d06054ed9cf9e30f7badd8639f7,3352
data/raw/Healthy/healthy.1908.jpg,Healthy,224,224,27261,145436f50c36afdee72d749e74273ee3,3353
data/raw/Healthy/healthy.1909.jpg,Healthy,224,224,22763,f3376ff3759711876c3d07d70bb11a5c,3354
data/raw/Healthy/healthy.191.jpg,Healthy,224,224,23166,0d1148528bf3476cc12bfb101a32bac1,3355
data/raw/Healthy/healthy.1910.jpg,Healthy,224,224,24448,8f3a9147441c2c4599dabf3b5013c9a5,3356
data/raw/Healthy/healthy.1911.jpg,Healthy,224,224,24878,4c830ccbe1c38d8ee5e3346e0418c88c,3357
data/raw/Healthy/healthy.1912.jpg,Healthy,224,224,22787,432f94a9e8d2b7a08b5bc2a143f47c4b,3358
data/raw/Healthy/healthy.1913.jpg,Healthy,224,224,28818,7c4569217842776971af4fd2b93d9b42,3359
data/raw/Healthy/healthy.1914.jpg,Healthy,224,224,26906,fc8a52b39ae6e5fa7c07c95af55e4276,3360
data/raw/Healthy/healthy.1915.jpg,Healthy,224,224,25427,d4067fa7b0782744ab0caebd7fa1f166,3361
data/raw/Healthy/healthy.1916.jpg,Healthy,224,224,28916,802b6e3a761802f48d877df82dfce4a3,3362
data/raw/Healthy/healthy.1917.jpg,Healthy,224,224,26661,73dcf435ba50e90324f6865a482a66e8,3363
data/raw/Healthy/healthy.1918.jpg,Healthy,224,224,28189,7334d2d681255a879f77b39b325126ff,3364
data/raw/Healthy/healthy.1919.jpg,Healthy,224,224,32659,16c8616229217847263ae60adc184699,3365
data/raw/Healthy/healthy.192.jpg,Healthy,224,224,54858,0426d91f2e93f13ffdc14a44cd2da3ae,3366
data/raw/Healthy/healthy.1920.jpg,Healthy,224,224,34590,d0225147491dde47221f10f27768b730,3367
data/raw/Healthy/healthy.1921.jpg,Healthy,224,224,27603,57fc8527cfaa9c12d4a74290b9f4bc6b,3368
data/raw/Healthy/healthy.1922.jpg,Healthy,224,224,52732,3c4aed4dd99e4acd2d0ef8955daacaf6,3369
data/raw/Healthy/healthy.1923.jpg,Healthy,224,224,26141,ab18de64de0c26bcf292f747e4c4b0c8,3370
data/raw/Healthy/healthy.1924.jpg,Healthy,224,224,57469,9f0c292a9cfdcdf9a8a8040118b2bc15,3371
data/raw/Healthy/healthy.1925.jpg,Healthy,224,224,58455,d870098b1992e19aabd83865829a3630,3372
data/raw/Healthy/healthy.1926.jpg,Healthy,224,224,37678,7ba38b669e0d8685cf9067346b9e60ee,3373
data/raw/Healthy/healthy.1927.jpg,Healthy,224,224,46816,48af8fdd4ec80aff055dc5ba80f99789,3374
data/raw/Healthy/healthy.1928.jpg,Healthy,224,224,25364,0fc221d7b8920575890262abcca96f83,3375
data/raw/Healthy/healthy.1929.jpg,Healthy,224,224,27163,590690f830505ac59379ad2dea5198f0,3376
data/raw/Healthy/healthy.193.jpg,Healthy,224,224,22759,4c183444e4b34d785ff4d4703ea3c688,3377
data/raw/Healthy/healthy.1930.jpg,Healthy,224,224,29080,2b2d2d75fb80d80a7e0833be6cf80c87,3378
data/raw/Healthy/healthy.1931.jpg,Healthy,224,224,29534,eb6c00b678bded8e2268ca2de0f5b314,3379
data/raw/Healthy/healthy.1932.jpg,Healthy,224,224,30401,baa82777a9fe90ab1201a20fe2a51337,3380
data/raw/Healthy/healthy.1933.jpg,Healthy,224,224,52045,16ed00699503a4614372aceb3bf25186,3381
data/raw/Healthy/healthy.1934.jpg,Healthy,224,224,26278,e530d3cdd846c6239ea03b2842d32f32,3382
data/raw/Healthy/healthy.1935.jpg,Healthy,224,224,30084,872353a6c668d8906e67f4e6fafdde2c,3383
data/raw/Healthy/healthy.1936.jpg,Healthy,224,224,19176,7f33be014e52a3fae899781a2f43e74f,3384
data/raw/Healthy/healthy.1937.jpg,Healthy,224,224,33538,2fe0f737d68147910e4658c84d07070b,3385
data/raw/Healthy/healthy.1938.jpg,Healthy,224,224,55487,cdd2faa3577754839d9bfa964a6421f1,3386
data/raw/Healthy/healthy.1939.jpg,Healthy,224,224,53201,7eae07b636527c3b1e181a16444af191,3387
data/raw/Healthy/healthy.194.jpg,Healthy,224,224,42475,97909be9d0cb15fa4d0bb73f4f7fa8c4,3388
data/raw/Healthy/healthy.1940.jpg,Healthy,224,224,26956,42f9b1bc10503a76059d1d3ab3c98719,3389
data/raw/Healthy/healthy.1941.jpg,Healthy,224,224,20700,6e5a84ff0c2742967cf5e7eb12d71b28,3390
data/raw/Healthy/healthy.1942.jpg,Healthy,224,224,52940,411e8e9610627f2a6947d54f670e78a0,3391
data/raw/Healthy/healthy.1943.jpg,Healthy,224,224,27337,260ced4648e948b38c96f7fd48a97198,3392
data/raw/Healthy/healthy.1944.jpg,Healthy,224,224,19561,a9e6b4462d9f64eaf429320c1054c68e,3393
data/raw/Healthy/healthy.1945.jpg,Healthy,224,224,25873,c6060f4e692842eb71b17370e0960484,3394
data/raw/Healthy/healthy.1946.jpg,Healthy,224,224,32461,5888df3af3bad0e1f268d8a560261c37,3395
data/raw/Healthy/healthy.1947.jpg,Healthy,224,224,29847,36719ff2010a9f2f62a570a2a95ccd6b,3396
data/raw/Healthy/healthy.1948.jpg,Healthy,224,224,26281,4abd42a459c9ae7b36ee1e9d01757aa8,3397
data/raw/Healthy/healthy.1949.jpg,Healthy,224,224,35269,58ba2a08060c783e1b6bb09b557869fa,3398
data/raw/Healthy/healthy.195.jpg,Healthy,224,224,24481,7f0d0bff9c7fab670cbccd9dd957e7e1,3399
data/raw/Healthy/healthy.1950.jpg,Healthy,224,224,23636,4f55fb18439ea2b472a59a4c729046e1,3400
data/raw/Healthy/healthy.1951.jpg,Healthy,224,224,20410,f49744c8a0f170dccb71344962147542,3401
data/raw/Healthy/healthy.1952.jpg,Healthy,224,224,33957,c3de4be9869864774a707099502944e2,3402
data/raw/Healthy/healthy.1953.jpg,Healthy,224,224,27995,242734881db2d33a8fb866a6508a4494,3403
data/raw/Healthy/healthy.1954.jpg,Healthy,224,224,22990,bd2c080f750fb1d772caa6e9bb92d0af,3404
data/raw/Healthy/healthy.1955.jpg,Healthy,224,224,38395,3df522547198c2782a1fd480e9b48915,3405
data/raw/Healthy/healthy.1956.jpg,Healthy,224,224,38245,09fc1c714150210d61978c157b9114a2,3406
data/raw/Healthy/healthy.1957.jpg,Healthy,224,224,21109,d154d33ed8b5ff3254b3f470fbbad28b,3407
data/raw/Healthy/healthy.1958.jpg,Healthy,224,224,21367,d2ddf28b7281f6a6035e819ba9f327aa,3408
data/raw/Healthy/healthy.1959.jpg,Healthy,224,224,36147,471c1db74b004941e56930726da09fb2,3409
data/raw/Healthy/healthy.196.jpg,Healthy,224,224,21918,a53a14caf236e1f28db05d9363e978e2,3410
data/raw/Healthy/healthy.1960.jpg,Healthy,224,224,26444,5ab7583f9589947fae6b19a462e61264,3411
data/raw/Healthy/healthy.1961.jpg,Healthy,224,224,31281,aedef092f646de2d865300baac1e124e,3412
data/raw/Healthy/healthy.1962.jpg,Healthy,224,224,24064,ab9e4976bbca0b0cee6958e5fd892deb,3413
data/raw/Healthy/healthy.1963.jpg,Healthy,224,224,54740,71cb0cc609329df9d8c275c429206d05,3414
data/raw/Healthy/healthy.1964.jpg,Healthy,224,224,29372,7de4ed74c2a580563eddf1a40c717a6e,3415
data/raw/Healthy/healthy.1965.jpg,Healthy,224,224,28382,13cf30464f9df5c3e6ab0a0169a1312b,3416
data/raw/Healthy/healthy.1966.jpg,Healthy,224,224,22828,a360ea3116f6462170dcf7b695a5cdc1,3417
data/raw/Healthy/healthy.1967.jpg,Healthy,224,224,29983,df7393fbd2f85a5ab8c6c870a41b1e1e,3418
data/raw/Healthy/healthy.1968.jpg,Healthy,224,224,28694,78af5876d1d6b2d490e535849d5f936c,3419
data/raw/Healthy/healthy.1969.jpg,Healthy,224,224,25771,c0f336d422e8de3829d3cd9c070a825e,3420
data/raw/Healthy/healthy.197.jpg,Healthy,224,224,24537,9378bf452838406beab6add7896ba5c2,3421
data/raw/Healthy/healthy.1970.jpg,Healthy,224,224,39312,e038ece0ac951a2bb8cb79f732268a00,3422
data/raw/Healthy/healthy.1971.jpg,Healthy,224,224,28427,cf0d086173a2b182f759649166b34383,3423
data/raw/Healthy/healthy.1972.jpg,Healthy,224,224,56474,d50709f17f7ffb4420238f2ebf4aa5d0,3424
data/raw/Healthy/healthy.1973.jpg,Healthy,224,224,32390,9115d62cb5c5f19df4fff6dbaf582286,3425
data/raw/Healthy/healthy.1974.jpg,Healthy,224,224,39307,b95287888029fb53d51d51d7ddfa7874,3426
data/raw/Healthy/healthy.1975.jpg,Healthy,224,224,30895,ffe6534c6f868f7c519c0911526d426b,3427
data/raw/Healthy/healthy.1976.jpg,Healthy,224,224,40985,515064fea810589e1d31f2c964a2de33,3428
data/raw/Healthy/healthy.1977.jpg,Healthy,224,224,27712,034a3e92abbf5e65064d87349302c750,3429
data/raw/Healthy/healthy.1978.jpg,Healthy,224,224,22868,f0e4bda5f9800ab8f5c7754c75bce60c,3430
data/raw/Healthy/healthy.1979.jpg,Healthy,224,224,28082,7ed99410f52325dbe7f377beeab8f598,3431
data/raw/Healthy/healthy.198.jpg,Healthy,224,224,27384,daf222ad02c9933ad43d8c4219a8b5f6,3432
data/raw/Healthy/healthy.1980.jpg,Healthy,224,224,32579,7eff2f815a5805ff274614e344b8c1f2,3433
data/raw/Healthy/healthy.1981.jpg,Healthy,224,224,26538,ff09a8f5d80eba717dd49578a615c7d8,3434
data/raw/Healthy/healthy.1982.jpg,Healthy,224,224,27048,d4155bb36d67805992723c23d6bc12d7,3435
data/raw/Healthy/healthy.1983.jpg,Healthy,224,224,27524,6b1c517d8467fafba3a76e72fb78d25e,3436
data/raw/Healthy/healthy.1984.jpg,Healthy,224,224,19744,afdb7888cab359d3e58a281c1265a184,3437
data/raw/Healthy/healthy.1985.jpg,Healthy,224,224,40487,348e10872783ba0d9ad168c582eaea13,3438
data/raw/Healthy/healthy.1986.jpg,Healthy,224,224,40355,491d1b1cc5eb6368713ec97b7bfcdc61,3439
data/raw/Healthy/healthy.1987.jpg,Healthy,224,224,20904,87cd8fd72491e0526fd217a406ff05b9,3440
data/raw/Healthy/healthy.1988.jpg,Healthy,224,224,23558,8891f24bdd2d68e3c28ab2be94912a40,3441
data/raw/Healthy/healthy.1989.jpg,Healthy,224,224,25729,e4e5365836943123f6c568be942b7349,3442
data/raw/Healthy/healthy.199.jpg,Healthy,224,224,27182,129349df4e1807072c19a64253d63145,3443
data/raw/Healthy/healthy.1990.jpg,Healthy,224,224,23788,69c8ed8c2ab60eac3552af6e9886b958,3444
data/raw/Healthy/healthy.1991.jpg,Healthy,224,224,22682,51f48376996fd5dcb51794af13fc5c0e,3445
data/raw/Healthy/healthy.1992.jpg,Healthy,224,224,24869,c0f35e4b1abf92214aabe16e30ea9ce5,3446
data/raw/Healthy/healthy.1993.jpg,Healthy,224,224,41559,1b227641250705f2bae4cb9efdb97ba4,3447
data/raw/Healthy/healthy.1994.jpg,Healthy,224,224,27323,a1762b76183a5ad85d5ec78d4701a52a,3448
data/raw/Healthy/healthy.1995.jpg,Healthy,224,224,50457,cf987587653d669687da962bbdfde4bb,3449
data/raw/Healthy/healthy.1996.jpg,Healthy,224,224,27075,8c458bab4b6225e770074b455a091cda,3450
data/raw/Healthy/healthy.1997.jpg,Healthy,224,224,25320,d152854330a599a3bd2da671583ec5a7,3451
data/raw/Healthy/healthy.1998.jpg,Healthy,224,224,26122,ee03807fff93fe95879487c89a908829,3452
data/raw/Healthy/healthy.1999.jpg,Healthy,224,224,25946,016eb9971292a66fb674f04336fccc5d,3453
data/raw/Healthy/healthy.2.jpg,Healthy,224,224,30354,6f7969aed28feeb5aa9ce7d14b468241,3454
data/raw/Healthy/healthy.20.jpg,Healthy,224,224,27851,97cc476fbe4639878597afa67a032263,3455
data/raw/Healthy/healthy.200.jpg,Healthy,224,224,30116,0444b9d2fddfbb9f80b6ea08760c8b26,3456
data/raw/Healthy/healthy.2000.jpg,Healthy,224,224,24329,bd43026f7a0d1df940745b571c5e2ed0,3457
data/raw/Healthy/healthy.2001.jpg,Healthy,224,224,22682,6f4aee094bd0e7ba99f3759167f4155c,3458
data/raw/Healthy/healthy.2002.jpg,Healthy,224,224,26970,26c3d4382c55af03d6164ccb9d806c5b,3459
data/raw/Healthy/healthy.2003.jpg,Healthy,224,224,25422,c96339943baf2fb1b2f24ec11614084e,3460
data/raw/Healthy/healthy.2004.jpg,Healthy,224,224,28859,c0f599401d65e3854f629d512fc2dcd7,3461
data/raw/Healthy/healthy.2005.jpg,Healthy,224,224,51138,0d68175acc528649a1065e3188dc3f12,3462
data/raw/Healthy/healthy.2006.jpg,Healthy,224,224,22537,6c4f7753e33fb8456f5f47ddb9416646,3463
data/raw/Healthy/healthy.2007.jpg,Healthy,224,224,24225,c658f695f8ed3903a560dd7a07f07bae,3464
data/raw/Healthy/healthy.2008.jpg,Healthy,224,224,28409,7bf86a1de264695a20066cd6333f3a91,3465
data/raw/Healthy/healthy.2009.jpg,Healthy,224,224,25997,fec313a84a651022d8521cf14a75af35,3466
data/raw/Healthy/healthy.201.jpg,Healthy,224,224,30355,bcf5c78b4650884613cc66fa43e51af8,3467
data/raw/Healthy/healthy.2010.jpg,Healthy,224,224,49579,c0d5da7a24c996836ba398f10a7030cb,3468
data/raw/Healthy/healthy.2011.jpg,Healthy,224,224,35268,72912bc1a24ce50cad84d34396a70a0d,3469
data/raw/Healthy/healthy.2012.jpg,Healthy,224,224,28126,76746f1fe0cf33711628b1c76d73f333,3470
data/raw/Healthy/healthy.2013.jpg,Healthy,224,224,54275,9161d030ccb4ca1636bda7259edfae15,3471
data/raw/Healthy/healthy.2014.jpg,Healthy,224,224,29047,88d235fe9fd2d1e8e3994639c4c03f17,3472
data/raw/Healthy/healthy.2015.jpg,Healthy,224,224,27359,68de4c76f2d1df4c359be5f5a003936e,3473
data/raw/Healthy/healthy.2016.jpg,Healthy,224,224,28837,81813ebb48fda8875c6735de5e3211cc,3474
data/raw/Healthy/healthy.2017.jpg,Healthy,224,224,23980,4a2200676582e262dbe838fe486b87d3,3475
data/raw/Healthy/healthy.2018.jpg,Healthy,224,224,29660,48a111c387369ed7daf483bac02158ff,3476
data/raw/Healthy/healthy.2019.jpg,Healthy,224,224,46228,7c7b26ea8037f560562cb5dbf1ec8425,3477
data/raw/Healthy/healthy.202.jpg,Healthy,224,224,25292,43a58b0f1e247bd891ad7712fefec8a8,3478
data/raw/Healthy/healthy.2020.jpg,Healthy,224,224,27389,25f7332db564e7d17be4f03dbdaab3e1,3479
data/raw/Healthy/healthy.2021.jpg,Healthy,224,224,29572,cb84b6a2bf783329f631b7d407ff30ed,3480
data/raw/Healthy/healthy.2022.jpg,Healthy,224,224,28325,6d54e41a1a38723512c43062b86dea1a,3481
data/raw/Healthy/healthy.2023.jpg,Healthy,224,224,24602,477abe693015bfcd1a69f8543d1db095,3482
data/raw/Healthy/healthy.2024.jpg,Healthy,224,224,28450,5e5074c702118e9812d4b55f51bfee6a,3483
data/raw/Healthy/healthy.2025.jpg,Healthy,224,224,23724,07907096c36db12ed334e8cde02ed016,3484
data/raw/Healthy/healthy.2026.jpg,Healthy,224,224,26401,48be2bdacae5e300951e8d93b5384a55,3485
data/raw/Healthy/healthy.2027.jpg,Healthy,224,224,23400,1f60539572903658dd3a4ab0e54a49db,3486
data/raw/Healthy/healthy.2028.jpg,Healthy,224,224,31238,395170e7318c8a754a81bd9596481d70,3487
data/raw/Healthy/healthy.2029.jpg,Healthy,224,224,24809,55c791404ff65b11c007ea5a812cdbe5,3488
data/raw/Healthy/healthy.203.jpg,Healthy,224,224,29975,7d2e7baf0720edf695bf3d4ea6b1399b,3489
data/raw/Healthy/healthy.2030.jpg,Healthy,224,224,25189,003d345566f4a6eb7453605d65aae3a2,3490
data/raw/Healthy/healthy.2031.jpg,Healthy,224,224,32647,8993876a0f58291bd351b3b41d9d86bb,3491
data/raw/Healthy/healthy.2032.jpg,Healthy,224,224,24176,e23f09ce4faf1bc9b5e9dbfd04fbcfd9,3492
data/raw/Healthy/healthy.2033.jpg,Healthy,224,224,28961,b3969b54fc1c71eb55186033367b3320,3493
data/raw/Healthy/healthy.2034.jpg,Healthy,224,224,35042,4b70abfc7626a42ff8ff45e2056e5ae3,3494
data/raw/Healthy/healthy.2035.jpg,Healthy,224,224,25003,6bceddb93f445e26fe4b83417d133ab4,3495
data/raw/Healthy/healthy.2036.jpg,Healthy,224,224,23436,dd37c726ac4fa6a859cf6403c5b34d93,3496
data/raw/Healthy/healthy.2037.jpg,Healthy,224,224,27309,914a02151c9e50023e18bf23488d71db,3497
data/raw/Healthy/healthy.2038.jpg,Healthy,224,224,26427,c7c089ef6ef58c2cf5a71c9a3e5cc113,3498
data/raw/Healthy/healthy.2039.jpg,Healthy,224,224,27811,fbbda05146159ca8eebd6407ade47d65,3499
data/raw/Healthy/healthy.204.jpg,Healthy,224,224,26488,2968e21d385163aba120f92d68707a93,3500
data/raw/Healthy/healthy.2040.jpg,Healthy,224,224,24145,32f315eb267673f9d0728ee602586070,3501
data/raw/Healthy/healthy.2041.jpg,Healthy,224,224,49735,b4877544169af0a1426d1416e2bf0801,3502
data/raw/Healthy/healthy.2042.jpg,Healthy,224,224,24937,0a9673bd5f76bb0a399a67d5c387775b,3503
data/raw/Healthy/healthy.2043.jpg,Healthy,224,224,41891,90f9f4876e360905ca4ecbf45b8752f6,3504
data/raw/Healthy/healthy.2044.jpg,Healthy,224,224,36326,03c3d7c5b89700889a01982fcaad3253,3505
data/raw/Healthy/healthy.2045.jpg,Healthy,224,224,24430,9fae8e669828f607aaf43c9687784f2f,3506
data/raw/Healthy/healthy.2046.jpg,Healthy,224,224,24126,70303c3eff45334bfa82aa9e8e6d4e27,3507
data/raw/Healthy/healthy.2047.jpg,Healthy,224,224,25819,24429f6bc4b4b42641ecfbcd69b1c3f2,3508
data/raw/Healthy/healthy.2048.jpg,Healthy,224,224,25610,5e229ab76c287538eeb6c31ef5dce194,3509
data/raw/Healthy/healthy.2049.jpg,Healthy,224,224,52500,ae0b87b159eea919a681431f9e73fd4a,3510
data/raw/Healthy/healthy.205.jpg,Healthy,224,224,24738,f13ede8a5b3b41671f5f2480427edb4f,3511
data/raw/Healthy/healthy.2050.jpg,Healthy,224,224,24236,480d34c7bbc746cb039b5588809055f3,3512
data/raw/Healthy/healthy.2051.jpg,Healthy,224,224,26362,cc738ed65df49c4cbaa0068969359a07,3513
data/raw/Healthy/healthy.2052.jpg,Healthy,224,224,22608,abbc5304c02d220722a635b5de07e2f6,3514
data/raw/Healthy/healthy.2053.jpg,Healthy,224,224,27419,ce64cfc32f97ebf591059d9aa4e54096,3515
data/raw/Healthy/healthy.2054.jpg,Healthy,224,224,25360,8ddf0a8350a171b2250aa4b84b8d5798,3516
data/raw/Healthy/healthy.2055.jpg,Healthy,224,224,18285,0964f6489ce87f7615958e213d02f79f,3517
data/raw/Healthy/healthy.2056.jpg,Healthy,224,224,28379,091ac3c384ef5c0c76aebb72f64d2be9,3518
data/raw/Healthy/healthy.206.jpg,Healthy,224,224,39253,6ce61955d49890db7440fb4c8e18d51c,3519
data/raw/Healthy/healthy.207.jpg,Healthy,224,224,37855,adb59756b3f2f6c9549e9eccb8d4efae,3520
data/raw/Healthy/healthy.208.jpg,Healthy,224,224,25588,fce2e17d58d1b2f6febc338277717689,3521
data/raw/Healthy/healthy.209.jpg,Healthy,224,224,26391,b855b1d2760721ac4f00314b1638868b,3522
data/raw/Healthy/healthy.21.jpg,Healthy,224,224,40916,efc02cd7ec9af2b8eacfcfdb00310a59,3523
data/raw/Healthy/healthy.210.jpg,Healthy,224,224,51287,7215ffd37050fc86e5f2495b926a0798,3524
data/raw/Healthy/healthy.211.jpg,Healthy,224,224,49769,048a50e68006984bf97bc5f0ea1bd591,3525
data/raw/Healthy/healthy.212.jpg,Healthy,224,224,22517,b279d2c90406e9fdd0f668da363e7bd4,3526
data/raw/Healthy/healthy.213.jpg,Healthy,224,224,27701,e4e9c0cf0ec0a792c5dc3f4f041f75bd,3527
data/raw/Healthy/healthy.214.jpg,Healthy,224,224,27976,4f2cba8fcedab69ba3cf396f02b2a020,3528
data/raw/Healthy/healthy.215.jpg,Healthy,224,224,27530,b0b7c13eeb41bf8dab2266388a8e906d,3529
data/raw/Healthy/healthy.216.jpg,Healthy,224,224,26761,d5884f4faa8e0af08b48b5a4b775d243,3530
data/raw/Healthy/healthy.217.jpg,Healthy,224,224,57909,ffeedb833427e7484bc0360ccb1723ef,3531
data/raw/Healthy/healthy.218.jpg,Healthy,224,224,27204,08d1cd30117bce440aef05677305942f,3532
data/raw/Healthy/healthy.219.jpg,Healthy,224,224,40423,012a3037884937bd427e63e8f9a8a82a,3533
data/raw/Healthy/healthy.22.jpg,Healthy,224,224,28485,07e9cdccf0c94a06b90787807082de86,3534
data/raw/Healthy/healthy.220.jpg,Healthy,224,224,20461,cfc32c2c518ff59a2edfa2f56e9fb0b9,3535
data/raw/Healthy/healthy.221.jpg,Healthy,224,224,27502,25cf430b85d06c28250e302e359b19d2,3536
data/raw/Healthy/healthy.222.jpg,Healthy,224,224,23775,ebeca7597de434dd467cb00f97def735,3537
data/raw/Healthy/healthy.223.jpg,Healthy,224,224,37667,84ff5512dddeb31c7ae01597ad19a51f,3538
data/raw/Healthy/healthy.224.jpg,Healthy,224,224,54234,386823205f1a1f31c90afba9d5b75eab,3539
data/raw/Healthy/healthy.225.jpg,Healthy,224,224,27813,d6aae9841445dda1ea913d12bb823449,3540
data/raw/Healthy/healthy.226.jpg,Healthy,224,224,40939,0656cc9ba0f99ec6de5f194f87587168,3541
data/raw/Healthy/healthy.227.jpg,Healthy,224,224,30416,fe7be3f4cea7b837530b005fa571e294,3542
data/raw/Healthy/healthy.228.jpg,Healthy,224,224,27073,5425c27f8af6b599224e9f25efae9ba3,3543
data/raw/Healthy/healthy.229.jpg,Healthy,224,224,25142,bfe65cf52c7306ac1ff4b81d2faf1e2c,3544
data/raw/Healthy/healthy.23.jpg,Healthy,224,224,25259,fa9730d743c77a9e9be94f4a54dafbec,3545
data/raw/Healthy/healthy.230.jpg,Healthy,224,224,52307,3f89cbeb69bf61e19177481ccb40ccde,3546
data/raw/Healthy/healthy.231.jpg,Healthy,224,224,29220,1d712469cd73760417623860087ecbbd,3547
data/raw/Healthy/healthy.232.jpg,Healthy,224,224,28671,91d78bbdc1add04790f1d407754abd8c,3548
data/raw/Healthy/healthy.233.jpg,Healthy,224,224,25630,e850955f96bef1d0da196c8cf8cc9af1,3549
data/raw/Healthy/healthy.234.jpg,Healthy,224,224,25926,285b058d651d1ad9c6a3ee55bbce387a,3550
data/raw/Healthy/healthy.235.jpg,Healthy,224,224,28736,9596172868f6052d15f940a4b3b30dd6,3551
data/raw/Healthy/healthy.236.jpg,Healthy,224,224,24476,f2e0d7c28f4ccdab6fbfd1ba7915d1f9,3552
data/raw/Healthy/healthy.237.jpg,Healthy,224,224,28807,983595b635a9e3ae456426c29fd207aa,3553
data/raw/Healthy/healthy.238.jpg,Healthy,224,224,31165,911108bd4f88e8fc5a4ec442b1836067,3554
data/raw/Healthy/healthy.239.jpg,Healthy,224,224,27493,5327866f794afcf1e44219a76754c5a4,3555
data/raw/Healthy/healthy.24.jpg,Healthy,224,224,25987,13262f2b7bcccd0530e0ff2184ee1a8a,3556
data/raw/Healthy/healthy.240.jpg,Healthy,224,224,26365,51e3cb5e1e10ad608d7d1e022fd5035a,3557
data/raw/Healthy/healthy.241.jpg,Healthy,224,224,24822,3420bad70c9de6959e34482b9d2a7a41,3558
data/raw/Healthy/healthy.242.jpg,Healthy,224,224,29205,6f2b5af538fa5e83c7eab1a53ff5ec2c,3559
data/raw/Healthy/healthy.243.jpg,Healthy,224,224,26459,00e6e0cf5322a74f65e5b8b1035dbb72,3560
data/raw/Healthy/healthy.244.jpg,Healthy,224,224,31791,78e6cc32778e24945924a89018c60218,3561
data/raw/Healthy/healthy.245.jpg,Healthy,224,224,42084,122a73ccc7e745c4767e24fe616f8173,3562
data/raw/Healthy/healthy.246.jpg,Healthy,224,224,24943,8ec07823ed831a960698fb1a25d4f661,3563
data/raw/Healthy/healthy.247.jpg,Healthy,224,224,24602,e12fb11789784fc4125c91db089d0213,3564
data/raw/Healthy/healthy.248.jpg,Healthy,224,224,22661,5c05c924700a6a55e6dd855951cdd20d,3565
data/raw/Healthy/healthy.249.jpg,Healthy,224,224,30885,c877f03dc9128669f644dee12c9db61d,3566
data/raw/Healthy/healthy.25.jpg,Healthy,224,224,29753,0757c8955bc3a5c2a9b4c4db910bec80,3567
data/raw/Healthy/healthy.250.jpg,Healthy,224,224,21745,91757b0c010adefd102b180a8204a865,3568
data/raw/Healthy/healthy.251.jpg,Healthy,224,224,27823,dcca296e854603fa8f740145a1f9a297,3569
data/raw/Healthy/healthy.252.jpg,Healthy,224,224,33137,f6d04139a3de5012b4021f3691fd102e,3570
data/raw/Healthy/healthy.253.jpg,Healthy,224,224,38722,2107e61956c8ba52c8635caf0a2be1b0,3571
data/raw/Healthy/healthy.254.jpg,Healthy,224,224,25716,46394ee1e9e0c04a34a89437fa43f4b8,3572
data/raw/Healthy/healthy.255.jpg,Healthy,224,224,54330,7465bbb10bfef185052906511e0530c7,3573
data/raw/Healthy/healthy.256.jpg,Healthy,224,224,30630,c1778daace0c50baa5dbb03d78031f00,3574
data/raw/Healthy/healthy.257.jpg,Healthy,224,224,55529,821ac5bf6b40a16544c01a85bc10506c,3575
data/raw/Healthy/healthy.258.jpg,Healthy,224,224,55836,c16fdb04b90d739df180f17c2377f691,3576
data/raw/Healthy/healthy.259.jpg,Healthy,224,224,22188,4fbdd4fa0866333cb56cfc9fcd7ba6a1,3577
data/raw/Healthy/healthy.26.jpg,Healthy,224,224,40316,12083ad475c84cb18b00943a2a749f54,3578
data/raw/Healthy/healthy.260.jpg,Healthy,224,224,25760,11a66f5c7c6c71e00925db206156c767,3579
data/raw/Healthy/healthy.261.jpg,Healthy,224,224,26913,3030a05aecbf67db0436daa6fc54f804,3580
data/raw/Healthy/healthy.262.jpg,Healthy,224,224,40377,001bcb406e560b8a87426608cc5efe60,3581
data/raw/Healthy/healthy.263.jpg,Healthy,224,224,25328,e25f36e957e0c6b789f240615f4fb20a,3582
data/raw/Healthy/healthy.264.jpg,Healthy,224,224,21135,3696387a4bdee3c477624abde2f0c091,3583
data/raw/Healthy/healthy.265.jpg,Healthy,224,224,25000,efc70652acb85423499869eb5eb37b77,3584
data/raw/Healthy/healthy.266.jpg,Healthy,224,224,36573,16ad6d113081baffc76183a5210ceceb,3585
data/raw/Healthy/healthy.267.jpg,Healthy,224,224,26601,955af3b311b1f5cc048b948b5e9e5023,3586
data/raw/Healthy/healthy.268.jpg,Healthy,224,224,26324,73a8321c8fc3217505256a336ccf23d3,3587
data/raw/Healthy/healthy.269.jpg,Healthy,224,224,43490,44d4f903b5b81c856a81659f6815263d,3588
data/raw/Healthy/healthy.27.jpg,Healthy,224,224,25499,09187f4f0c5e32b0008d2abca0faa1cd,3589
data/raw/Healthy/healthy.270.jpg,Healthy,224,224,29052,baa322ef164bf0c729559218a9d58291,3590
data/raw/Healthy/healthy.271.jpg,Healthy,224,224,30925,495aaee483c1e6cf7a6790d975cb45d1,3591
data/raw/Healthy/healthy.272.jpg,Healthy,224,224,29902,0bc0e0ccd681ef428ab6ddd88e63d798,3592
data/raw/Healthy/healthy.273.jpg,Healthy,224,224,28547,7442610f989c67c3e3235458b1503c88,3593
data/raw/Healthy/healthy.274.jpg,Healthy,224,224,27724,53bc8670f2ef27245bc15ab4bcddb96b,3594
data/raw/Healthy/healthy.275.jpg,Healthy,224,224,31274,3a1ba03615b8643ffd6ee8cccc940d47,3595
data/raw/Healthy/healthy.276.jpg,Healthy,224,224,23628,79e6659f08de30196248eb85a91a83be,3596
data/raw/Healthy/healthy.277.jpg,Healthy,224,224,23381,c6daadb355a6cdb2727fcd17fee75169,3597
data/raw/Healthy/healthy.278.jpg,Healthy,224,224,24342,f9645b218d33d077741e5505df5975db,3598
data/raw/Healthy/healthy.279.jpg,Healthy,224,224,28833,497a49d6875d876d67282d56884d559e,3599
data/raw/Healthy/healthy.28.jpg,Healthy,224,224,20637,c75736985df2b2b6162058a9b7774e4f,3600
data/raw/Healthy/healthy.280.jpg,Healthy,224,224,22669,80c3f197bef0d38f24eae19c5af48d0b,3601
data/raw/Healthy/healthy.281.jpg,Healthy,224,224,47376,f59678ba8817f7e9dabf4284556fdef0,3602
data/raw/Healthy/healthy.282.jpg,Healthy,224,224,46694,7b8dfd1f3e36d23b3b92e6388c93b1dd,3603
data/raw/Healthy/healthy.283.jpg,Healthy,224,224,30799,3e32b65beabb69f18a2f2f9faaef04c5,3604
data/raw/Healthy/healthy.284.jpg,Healthy,224,224,29679,e74ab25a4c41ddc2fcf99330b6b27988,3605
data/raw/Healthy/healthy.285.jpg,Healthy,224,224,29554,ffec3d1b06faaa140273ed60b26c6c59,3606
data/raw/Healthy/healthy.286.jpg,Healthy,224,224,27749,1321d1e8496a2a6e1894e35c25b93ae5,3607
data/raw/Healthy/healthy.287.jpg,Healthy,224,224,28678,c48bf4c960c72f567d1272e4537a3473,3608
data/raw/Healthy/healthy.288.jpg,Healthy,224,224,22801,5a3edffded46890eb3930ac770cec86c,3609
data/raw/Healthy/healthy.289.jpg,Healthy,224,224,21668,26534e69699e3b01a4714195082f8436,3610
data/raw/Healthy/healthy.29.jpg,Healthy,224,224,29798,89e868fd8594332a7d4df6a829ca0f9d,3611
data/raw/Healthy/healthy.290.jpg,Healthy,224,224,62456,f9c283520fc4876438357e70c8b2b6ae,3612
data/raw/Healthy/healthy.291.jpg,Healthy,224,224,28219,83fd27adf3ea4322db252717c6b7b5f2,3613
data/raw/Healthy/healthy.292.jpg,Healthy,224,224,56184,18cc1f75af9a86cfaabad87f8652a970,3614
data/raw/Healthy/healthy.293.jpg,Healthy,224,224,30253,8bc491c50499df91a3257797ff9f5798,3615
data/raw/Healthy/healthy.294.jpg,Healthy,224,224,30288,288f85658b6cfaf68bd83bc149c441b1,3616
data/raw/Healthy/healthy.295.jpg,Healthy,224,224,24120,2507abd0c43b648c37dee094f4f16e19,3617
data/raw/Healthy/healthy.296.jpg,Healthy,224,224,29158,04e39c67d8977b2bc614b424d841c40c,3618
data/raw/Healthy/healthy.297.jpg,Healthy,224,224,26434,f9742e7f1f8de346a4b021a8e04ee530,3619
data/raw/Healthy/healthy.298.jpg,Healthy,224,224,32979,24690444c0bdf105840f3d8358d684ab,3620
data/raw/Healthy/healthy.299.jpg,Healthy,224,224,19532,32ffc3881b36393ff0a49c1b4e0b92b2,3621
data/raw/Healthy/healthy.3.jpg,Healthy,224,224,33616,3ef309037a7c7cb71be7509be36aef9d,3622
data/raw/Healthy/healthy.30.jpg,Healthy,224,224,43040,ccb89064643e7046f0d06a1932a4cf1a,3623
data/raw/Healthy/healthy.300.jpg,Healthy,224,224,40066,fd2c7429128a7472d2485f41db841d11,3624
data/raw/Healthy/healthy.301.jpg,Healthy,224,224,23674,578f563ac0c8cd708ce36f7697bb484b,3625
data/raw/Healthy/healthy.302.jpg,Healthy,224,224,28109,9290e94875222dd1a732b0569b2de348,3626
data/raw/Healthy/healthy.303.jpg,Healthy,224,224,44824,075d41fada77b70f3ed7ea7b6ba42255,3627
data/raw/Healthy/healthy.304.jpg,Healthy,224,224,29542,e728f1b60f29e4bd24abb0fc41f23663,3628
data/raw/Healthy/healthy.305.jpg,Healthy,224,224,29210,029917f361ba5c56a7e4589a248b171e,3629
data/raw/Healthy/healthy.306.jpg,Healthy,224,224,29377,37f538e3761840fd89bc332d76ac4ca3,3630
data/raw/Healthy/healthy.307.jpg,Healthy,224,224,32752,0f10443b6d598df867e532421eb52564,3631
data/raw/Healthy/healthy.308.jpg,Healthy,224,224,58395,16f73df9bbe761112b8054e99aec3d6d,3632
data/raw/Healthy/healthy.309.jpg,Healthy,224,224,26434,b7d5701caa7b265f30c3e7e0f943b89a,3633
data/raw/Healthy/healthy.31.jpg,Healthy,224,224,26878,96f8ea2ec77a3e362bcebe67cd9cb02d,3634
data/raw/Healthy/healthy.310.jpg,Healthy,224,224,34125,72336735739e2a58eb1addacf9f3bf2f,3635
data/raw/Healthy/healthy.311.jpg,Healthy,224,224,30265,4f2d850f1a88bd219e503957fa9f2f89,3636
data/raw/Healthy/healthy.312.jpg,Healthy,224,224,25345,f6ccfae8b4149a1c24b8d39ec9a90beb,3637
data/raw/Healthy/healthy.313.jpg,Healthy,224,224,51061,206085049c15a5d6ca210cc71e196db8,3638
data/raw/Healthy/healthy.314.jpg,Healthy,224,224,27855,6307025060cea6ae651a49c4b2bccf19,3639
data/raw/Healthy/healthy.315.jpg,Healthy,224,224,19438,aa188a129d91f2e7d3729ad4e8c11a41,3640
data/raw/Healthy/healthy.316.jpg,Healthy,224,224,30279,db350259e488f806f2d12dc95a0c7d28,3641
data/raw/Healthy/healthy.317.jpg,Healthy,224,224,35248,a0a7860ad10d40cef2cab1db29039f3f,3642
data/raw/Healthy/healthy.318.jpg,Healthy,224,224,31708,50c1b1007486f2acaea5cce463c5c51c,3643
data/raw/Healthy/healthy.319.jpg,Healthy,224,224,24018,42828d240ca84de8bf41e7ba88afb979,3644
data/raw/Healthy/healthy.32.jpg,Healthy,224,224,55789,d72619a7db6fbd8fb3e065e0d325020c,3645
data/raw/Healthy/healthy.320.jpg,Healthy,224,224,31753,5613f4e922924d32480bca493a3cc324,3646
data/raw/Healthy/healthy.321.jpg,Healthy,224,224,23920,d9517ae16b371754bdc283f769eaecc3,3647
data/raw/Healthy/healthy.322.jpg,Healthy,224,224,27428,2b178321375c0cc6d080e669f9e131fd,3648
data/raw/Healthy/healthy.323.jpg,Healthy,224,224,28658,5d55be61b63937e3d31e2c9f12a840ac,3649
data/raw/Healthy/healthy.324.jpg,Healthy,224,224,25249,0a9395aa8bef44ea6bbb3c7f219b2eb8,3650
data/raw/Healthy/healthy.325.jpg,Healthy,224,224,25064,fb1f856d53c1d34d4bf841dceb66d55c,3651
data/raw/Healthy/healthy.326.jpg,Healthy,224,224,30676,59875f3b14debae987aa755f5e153291,3652
data/raw/Healthy/healthy.327.jpg,Healthy,224,224,24137,3c19bd29332105dfa10788b2f4f9e20c,3653
data/raw/Healthy/healthy.328.jpg,Healthy,224,224,25933,794bd2ef28c2a76935171532f67da030,3654
data/raw/Healthy/healthy.329.jpg,Healthy,224,224,29551,a010af2fc277960cd9f7810e3d2ffecf,3655
data/raw/Healthy/healthy.33.jpg,Healthy,224,224,30157,3501beb7957f6a899ca5e2d910cc92fe,3656
data/raw/Healthy/healthy.330.jpg,Healthy,224,224,28257,466836a02f143f0e7a843c41edd8fcc1,3657
data/raw/Healthy/healthy.331.jpg,Healthy,224,224,28206,eb141663c1e9c47d5bc2bf0d53325c49,3658
data/raw/Healthy/healthy.332.jpg,Healthy,224,224,27133,59fd8ea262e0fb08e0af323e198076bf,3659
data/raw/Healthy/healthy.333.jpg,Healthy,224,224,21574,d326ae5a11e8ffd5857499b2268a880b,3660
data/raw/Healthy/healthy.334.jpg,Healthy,224,224,28314,41328971a07a78bce1564f14ed57a16f,3661
data/raw/Healthy/healthy.335.jpg,Healthy,224,224,22844,2f3ed897ad4c455517d8306619d27c2b,3662
data/raw/Healthy/healthy.336.jpg,Healthy,224,224,18466,9b2b45bfe12e30d52205935da224e9e5,3663
data/raw/Healthy/healthy.337.jpg,Healthy,224,224,22191,1d34000887d8e3b52147b0ee90bf8640,3664
data/raw/Healthy/healthy.338.jpg,Healthy,224,224,29040,d3b5e4fe5dc13063c7fe53a72a121779,3665
data/raw/Healthy/healthy.339.jpg,Healthy,224,224,17494,13e3376472e9e6367e4448ab2baee30a,3666
data/raw/Healthy/healthy.34.jpg,Healthy,224,224,36845,0bedcc2c3ce3e4d19d551bb4d42a7e01,3667
data/raw/Healthy/healthy.340.jpg,Healthy,224,224,22261,78b408c08aa1def80b15be878f59874b,3668
data/raw/Healthy/healthy.341.jpg,Healthy,224,224,39148,abdeefd7310961c960a381023bc82f69,3669
data/raw/Healthy/healthy.342.jpg,Healthy,224,224,24755,41b8bbb5c4d3d28e22313fc78d72e775,3670
data/raw/Healthy/healthy.343.jpg,Healthy,224,224,29306,aeb8663375ac6f954038e75527e68780,3671
data/raw/Healthy/healthy.344.jpg,Healthy,224,224,24618,ad2b1ec973eba9bba26eef2ee8f6d489,3672
data/raw/Healthy/healthy.345.jpg,Healthy,224,224,53490,32e56ca141b563b00e02a7879102ceb6,3673
data/raw/Healthy/healthy.346.jpg,Healthy,224,224,24829,096de6b9ecb7189d0596a06558326484,3674
data/raw/Healthy/healthy.347.jpg,Healthy,224,224,24959,bc986d8f9e6186d0c8ebd61f6ceb0649,3675
data/raw/Healthy/healthy.348.jpg,Healthy,224,224,54165,245c39fcb94aa8a13a51c1fcf46a1df4,3676
data/raw/Healthy/healthy.349.jpg,Healthy,224,224,29596,c5beb72ee22dd29f1450c294b9d79294,3677
data/raw/Healthy/healthy.35.jpg,Healthy,224,224,24867,b6e9354fee4ca45dc1245479b282f122,3678
data/raw/Healthy/healthy.350.jpg,Healthy,224,224,30007,78c0d8fbd53055f58e66536a76cc9807,3679
data/raw/Healthy/healthy.351.jpg,Healthy,224,224,32574,a34c661f6afc61d87b022de62783b2ce,3680
data/raw/Healthy/healthy.352.jpg,Healthy,224,224,27137,a40c99bb4a762fc3b9c7450fa2547ecb,3681
data/raw/Healthy/healthy.353.jpg,Healthy,224,224,51142,56c47dd28b6b84e1e388800262ba1a6c,3682
data/raw/Healthy/healthy.354.jpg,Healthy,224,224,26077,e1552e4fa80c707382c9263238860fd4,3683
data/raw/Healthy/healthy.355.jpg,Healthy,224,224,28196,6f35c48c5a2a76669da3acf8c665f9ef,3684
data/raw/Healthy/healthy.356.jpg,Healthy,224,224,30091,bdf7969b9b2a090b48e03960c8208579,3685
data/raw/Healthy/healthy.357.jpg,Healthy,224,224,23973,e75f0c3df3d6c7abd1a9c6ed22c3e6b1,3686
data/raw/Healthy/healthy.358.jpg,Healthy,224,224,20367,4b16ea11e2940ee0b687d7126d691b07,3687
data/raw/Healthy/healthy.359.jpg,Healthy,224,224,24883,86dffea75e1509e6d334e2a584135a3c,3688
data/raw/Healthy/healthy.36.jpg,Healthy,224,224,44370,8a1ae32deb4a18cc0816ed573d266f7c,3689
data/raw/Healthy/healthy.360.jpg,Healthy,224,224,37729,7b58ea1f93a1e1a0bb3c7473d653b994,3690
data/raw/Healthy/healthy.361.jpg,Healthy,224,224,23989,bcbc312278cb04d970df9161a0a3f1b3,3691
data/raw/Healthy/healthy.362.jpg,Healthy,224,224,25912,dcf47ef24be65ac121c394c500606fea,3692
data/raw/Healthy/healthy.363.jpg,Healthy,224,224,55235,1607b7ee7ba084a624465691ad56fc46,3693
data/raw/Healthy/healthy.364.jpg,Healthy,224,224,40082,4cb839694cc90f3a1ea3c2fff2ac53ce,3694
data/raw/Healthy/healthy.365.jpg,Healthy,224,224,30143,1a8e48b15e1b6c7f82fadf57c453b6c1,3695
data/raw/Healthy/healthy.366.jpg,Healthy,224,224,23507,8139960a5c7f946decfc9b4fa020bf84,3696
data/raw/Healthy/healthy.367.jpg,Healthy,224,224,55038,937b0bd681d9314730bec6e5d73ac388,3697
data/raw/Healthy/healthy.368.jpg,Healthy,224,224,39577,7f0d26158d4743700b436892fcc6d25c,3698
data/raw/Healthy/healthy.369.jpg,Healthy,224,224,23876,62914945c9a310bee4c982e259b30027,3699
data/raw/Healthy/healthy.37.jpg,Healthy,224,224,29080,ee90831732ef9f4eb57eee00701d17dd,3700
data/raw/Healthy/healthy.370.jpg,Healthy,224,224,54410,208829bcd7eaead2eedbe5ab80a1fdc2,3701
data/raw/Healthy/healthy.371.jpg,Healthy,224,224,22019,fbfb3b0fec9e95f0b7e4b51f42a249d1,3702
data/raw/Healthy/healthy.372.jpg,Healthy,224,224,25430,a0c8df6e355d8b72c1e9944c9a909902,3703
data/raw/Healthy/healthy.373.jpg,Healthy,224,224,40346,dda70989ee69037ae011f9b2cb1f968f,3704
data/raw/Healthy/healthy.374.jpg,Healthy,224,224,26746,8c4d295d35230b14b20234455eef81bc,3705
data/raw/Healthy/healthy.375.jpg,Healthy,224,224,29407,38b42df4504cb0072b3600aee69bc4c8,3706
data/raw/Healthy/healthy.376.jpg,Healthy,224,224,21442,56c6e42f2fa93c8f507cba463e63fc13,3707
data/raw/Healthy/healthy.377.jpg,Healthy,224,224,23406,74f4dab282fc75846fc1690aefe7d575,3708
data/raw/Healthy/healthy.378.jpg,Healthy,224,224,50345,6f59aa028081ca77efd73ac8fba8e386,3709
data/raw/Healthy/healthy.379.jpg,Healthy,224,224,27969,2e0349d87a6dde61753ff313b336e6e2,3710
data/raw/Healthy/healthy.38.jpg,Healthy,224,224,24777,a10d578b2331d7a73d5cf32b92080c3b,3711
data/raw/Healthy/healthy.380.jpg,Healthy,224,224,23251,619cd5f2a1e5375e8b131fd10e9c7e60,3712
data/raw/Healthy/healthy.381.jpg,Healthy,224,224,26013,88aa3c09f416c736291441290f9cee6a,3713
data/raw/Healthy/healthy.382.jpg,Healthy,224,224,28062,8ece53819f6c620a28366c954f7fa61e,3714
data/raw/Healthy/healthy.383.jpg,Healthy,224,224,53626,9945c455a83dbf0becb3b7b5be0522a9,3715
data/raw/Healthy/healthy.384.jpg,Healthy,224,224,28039,f3e4b8f285a049f84ab880d650c1e377,3716
data/raw/Healthy/healthy.385.jpg,Healthy,224,224,25439,3a352ebc36b66999a5456c2392527df3,3717
data/raw/Healthy/healthy.386.jpg,Healthy,224,224,52281,c3cbcc71c53b5be105f03f1cace74b92,3718
data/raw/Healthy/healthy.387.jpg,Healthy,224,224,29951,914083eff2c48cf56b7b07ad6054c769,3719
data/raw/Healthy/healthy.388.jpg,Healthy,224,224,40656,46fa54a138a07141d12b2dbcfaaa48d8,3720
data/raw/Healthy/healthy.389.jpg,Healthy,224,224,26914,6cbd3d29629f8918466f1f45a32b47fa,3721
data/raw/Healthy/healthy.39.jpg,Healthy,224,224,28728,d4b5b51877944d80646999c6941d5452,3722
data/raw/Healthy/healthy.390.jpg,Healthy,224,224,38638,6719d435caeadfcba22aac16175d8808,3723
data/raw/Healthy/healthy.391.jpg,Healthy,224,224,29086,8c6f55fa554b1a2ee32694fd9d8cae2f,3724
data/raw/Healthy/healthy.392.jpg,Healthy,224,224,26028,666471eb527f2140eeace14f8042448e,3725
data/raw/Healthy/healthy.393.jpg,Healthy,224,224,55513,ddcb7a00e9ab04b5663d3643fca000fe,3726
data/raw/Healthy/healthy.394.jpg,Healthy,224,224,23384,30680eccb5f613b86c12a8a09652739e,3727
data/raw/Healthy/healthy.395.jpg,Healthy,224,224,24879,7d31d70d0ec36d7ef2cfdb7be4408027,3728
data/raw/Healthy/healthy.396.jpg,Healthy,224,224,31471,02c98d6ebc80b7c46946c45a24efd9f4,3729
data/raw/Healthy/healthy.397.jpg,Healthy,224,224,24181,6e3cdc39be20e35bcc48e3bcfaec1158,3730
data/raw/Healthy/healthy.398.jpg,Healthy,224,224,22979,a7651b8a96b736e96984966d900e9f8a,3731
data/raw/Healthy/healthy.399.jpg,Healthy,224,224,22487,b5f2ab4f806b87101708359556060369,3732
data/raw/Healthy/healthy.4.jpg,Healthy,224,224,31632,39f80833fc1551275500b3c364b1d837,3733
data/raw/Healthy/healthy.40.jpg,Healthy,224,224,25875,0002ebaf6800c9d6be38c39fcbe48991,3734
data/raw/Healthy/healthy.400.jpg,Healthy,224,224,31910,7dd11e21352018f5243fd95f8f3fd002,3735
data/raw/Healthy/healthy.401.jpg,Healthy,224,224,23114,7358a67f1d3a2821253fb2aa42605200,3736
data/raw/Healthy/healthy.402.jpg,Healthy,224,224,26070,4dc7a1c94fff311ec95bc8a3a15ca375,3737
data/raw/Healthy/healthy.403.jpg,Healthy,224,224,25231,63a07fa7a7bb84fe63525f679974466f,3738
data/raw/Healthy/healthy.404.jpg,Healthy,224,224,24972,a4696e2ad7d9c38f3fffa1cf8e124c06,3739
data/raw/Healthy/healthy.405.jpg,Healthy,224,224,26628,509fd182ec9487ec79c884c5f403b909,3740
data/raw/Healthy/healthy.406.jpg,Healthy,224,224,54119,1edb24d5d03b3b35919203010065e146,3741
data/raw/Healthy/healthy.407.jpg,Healthy,224,224,31429,e271943a1479d54449271629e5fa8bc5,3742
data/raw/Healthy/healthy.408.jpg,Healthy,224,224,22582,cac804ed091e1f7d86461334cfdcda1f,3743
data/raw/Healthy/healthy.409.jpg,Healthy,224,224,24183,869eb58084173580e0b9c903dc73921b,3744
data/raw/Healthy/healthy.41.jpg,Healthy,224,224,25746,66fe9bf2f36e0eaf2fa7556d6a531269,3745
data/raw/Healthy/healthy.410.jpg,Healthy,224,224,34599,583cf401193b8da21f4483658e70ec31,3746
data/raw/Healthy/healthy.411.jpg,Healthy,224,224,42518,45e87689c60c18f857c35c3d2887efe3,3747
data/raw/Healthy/healthy.412.jpg,Healthy,224,224,40364,8b9e30ff38d5ab8e1d2acfed63b8b38d,3748
data/raw/Healthy/healthy.413.jpg,Healthy,224,224,21178,89316f9263b8f9441efeb5534cdfd0cd,3749
data/raw/Healthy/healthy.414.jpg,Healthy,224,224,37616,1f06b66ad1cb34eb020eeb963bbeb7b7,3750
data/raw/Healthy/healthy.415.jpg,Healthy,224,224,39176,2b4d61cf90145daf546dc73755eba61a,3751
data/raw/Healthy/healthy.416.jpg,Healthy,224,224,24509,963c6038b246bde0f2554005e1cec900,3752
data/raw/Healthy/healthy.417.jpg,Healthy,224,224,29140,b4c15c606ecdf646eb0e7743acb7a2cd,3753
data/raw/Healthy/healthy.418.jpg,Healthy,224,224,37625,9d4b1cf89be55a12ee1d1b881da8aa29,3754
data/raw/Healthy/healthy.419.jpg,Healthy,224,224,44694,997b7df9135143e7169e25c50b29fed8,3755
data/raw/Healthy/healthy.42.jpg,Healthy,224,224,18799,38e6487883576c46ae5e0d66190cf9a0,3756
data/raw/Healthy/healthy.420.jpg,Healthy,224,224,29191,964d0d57fa2ab95d90acca644aa0cce8,3757
data/raw/Healthy/healthy.421.jpg,Healthy,224,224,24667,35ed06634cf6476fb48d5762e0ff1ed9,3758
data/raw/Healthy/healthy.422.jpg,Healthy,224,224,19145,2718a6718f82de47cd101b6a61f4e7f5,3759
data/raw/Healthy/healthy.423.jpg,Healthy,224,224,38074,21b01e629df2f991518fcb99207aba11,3760
data/raw/Healthy/healthy.424.jpg,Healthy,224,224,27960,0c17e9dd92a643cbc986f1d2dcc740b2,3761
data/raw/Healthy/healthy.425.jpg,Healthy,224,224,26148,3a3a7f35377dd04891273c32e515b5c4,3762
data/raw/Healthy/healthy.426.jpg,Healthy,224,224,41971,84984550f735239b78ff52658832d4a8,3763
data/raw/Healthy/healthy.427.jpg,Healthy,224,224,26769,c460a340f99fdf30eab0880df896cd0f,3764
data/raw/Healthy/healthy.428.jpg,Healthy,224,224,23079,8fdf35cb56e11eee33521bb2d5a32e99,3765
data/raw/Healthy/healthy.429.jpg,Healthy,224,224,28693,e3338d866489ad263935e2fd224c96f5,3766
data/raw/Healthy/healthy.43.jpg,Healthy,224,224,23623,0ef24e79b02b0f41cd0d0b0be85cd03c,3767
data/raw/Healthy/healthy.430.jpg,Healthy,224,224,22517,c96bd6ab6c4314df187f1751aceb5ac4,3768
data/raw/Healthy/healthy.431.jpg,Healthy,224,224,26826,a9b157ce67e37c3f4202da7091026026,3769
data/raw/Healthy/healthy.432.jpg,Healthy,224,224,26665,aed48bcf24bfc864e150433552c9fff5,3770
data/raw/Healthy/healthy.433.jpg,Healthy,224,224,27209,c293a31d0e482cfd516c3c52af41e9f7,3771
data/raw/Healthy/healthy.434.jpg,Healthy,224,224,21659,c0ed4b2b0f4d4d6d9b51ea29bf1f218c,3772
data/raw/Healthy/healthy.435.jpg,Healthy,224,224,28834,07b1890d23cc91a464a7c198639812d5,3773
data/raw/Healthy/healthy.436.jpg,Healthy,224,224,26613,fb408d78978b50e692f48d8f7b89b7ce,3774
data/raw/Healthy/healthy.437.jpg,Healthy,224,224,25340,26b9a26a6c1651ae0d012e256296687d,3775
data/raw/Healthy/healthy.438.jpg,Healthy,224,224,25926,c900d37235876357750e10265241a378,3776
data/raw/Healthy/healthy.439.jpg,Healthy,224,224,25539,cd18799727103a0c359fe97bfae782c9,3777
data/raw/Healthy/healthy.44.jpg,Healthy,224,224,32967,c05a8d249f5eeb3874b57072652f97bf,3778
data/raw/Healthy/healthy.440.jpg,Healthy,224,224,23638,c3c319d94b7897c072fffcc10274ed38,3779
data/raw/Healthy/healthy.441.jpg,Healthy,224,224,36269,c01018a8cbba3445a7eadbd108181c3e,3780
data/raw/Healthy/healthy.442.jpg,Healthy,224,224,33614,28270a67a3d498bd986ab9b188601265,3781
data/raw/Healthy/healthy.443.jpg,Healthy,224,224,29420,1e8725036169f3db944e4afdbacb16d5,3782
data/raw/Healthy/healthy.444.jpg,Healthy,224,224,51067,62852a35badc5aa417936a20f3a4b45b,3783
data/raw/Healthy/healthy.445.jpg,Healthy,224,224,24885,8e9f28fbfd7b80336a96615dcd7bb1eb,3784
data/raw/Healthy/healthy.446.jpg,Healthy,224,224,27165,efac3c90578a515d3397d187de89561b,3785
data/raw/Healthy/healthy.447.jpg,Healthy,224,224,31229,53283bd1e65c64560467f4ee7ff2d6e0,3786
data/raw/Healthy/healthy.448.jpg,Healthy,224,224,28473,8a12222907bbd2db54f3e2d758bc2fe4,3787
data/raw/Healthy/healthy.449.jpg,Healthy,224,224,29017,278137a6b2ee3347a0bc19897a33b29e,3788
data/raw/Healthy/healthy.45.jpg,Healthy,224,224,58128,854e0036274a35f578d1b7fcbdb0c108,3789
data/raw/Healthy/healthy.450.jpg,Healthy,224,224,30145,39edf6de326601df4c2d959b5c6a35d6,3790
data/raw/Healthy/healthy.451.jpg,Healthy,224,224,26204,634ffcf68f479bdb11619e7ecec7f045,3791
data/raw/Healthy/healthy.452.jpg,Healthy,224,224,21365,1446f8054e9470dc61651ac3aa498950,3792
data/raw/Healthy/healthy.453.jpg,Healthy,224,224,48603,f9ea4bb6532dcbbe885dbf16a128733d,3793
data/raw/Healthy/healthy.454.jpg,Healthy,224,224,24139,aa9f316911a9aab98c2a86046a3251f5,3794
data/raw/Healthy/healthy.455.jpg,Healthy,224,224,31987,531c49ceb0fa097c34a661031cb0d5a8,3795
data/raw/Healthy/healthy.456.jpg,Healthy,224,224,30984,293669dace4aa4b50215d45af9470edd,3796
data/raw/Healthy/healthy.457.jpg,Healthy,224,224,58681,5eab99817e248b86ae173fd1cdc067c4,3797
data/raw/Healthy/healthy.458.jpg,Healthy,224,224,41580,57fff53a5fa4d178a42847a3f935050c,3798
data/raw/Healthy/healthy.459.jpg,Healthy,224,224,28215,38d0cadc7ce5fde571ea1407f54dd63a,3799
data/raw/Healthy/healthy.46.jpg,Healthy,224,224,28085,e269b6ee84cce4963e979a9e02c8a572,3800
data/raw/Healthy/healthy.460.jpg,Healthy,224,224,39509,c6560b9566b5961fc92ac7617fc8a8f6,3801
data/raw/Healthy/healthy.461.jpg,Healthy,224,224,29307,ca65ba4e93967addc757650e2bf377ec,3802
data/raw/Healthy/healthy.462.jpg,Healthy,224,224,50671,035242f99d2dfd8323c59563bb86318c,3803
data/raw/Healthy/healthy.463.jpg,Healthy,224,224,24974,129be3a65bfb2981798d3da2fb498976,3804
data/raw/Healthy/healthy.464.jpg,Healthy,224,224,26603,0fd84a9142aeaead01e3dcf10c575902,3805
data/raw/Healthy/healthy.465.jpg,Healthy,224,224,26049,4eebce161ba5f9056d8415faa692d5bd,3806
data/raw/Healthy/healthy.466.jpg,Healthy,224,224,24688,b320a8de705af3aa8e2bec48fe24ec35,3807
data/raw/Healthy/healthy.467.jpg,Healthy,224,224,27618,074b4cc3cd636dd7bf420b35be7731b7,3808
data/raw/Healthy/healthy.468.jpg,Healthy,224,224,24504,9a9c7cdc7748a167003e8b34b53c9bf0,3809
data/raw/Healthy/healthy.469.jpg,Healthy,224,224,24753,e0aa61295d2c694ef03f744978040aba,3810
data/raw/Healthy/healthy.47.jpg,Healthy,224,224,24207,3a69e26648139424061fbfaf5ebf2a97,3811
data/raw/Healthy/healthy.470.jpg,Healthy,224,224,22565,58da89007576f7d3623cb8ab471844ac,3812
data/raw/Healthy/healthy.471.jpg,Healthy,224,224,53265,14ee95f558747d7e3e6c4e22fb47ccf6,3813
data/raw/Healthy/healthy.472.jpg,Healthy,224,224,27002,d4ef2b683324fe8508215fc096c56738,3814
data/raw/Healthy/healthy.473.jpg,Healthy,224,224,25495,ecbf3c03c0034acfad7aeb74e370adf5,3815
data/raw/Healthy/healthy.474.jpg,Healthy,224,224,31397,cc07263df73836e53e6aaf45f624a75b,3816
data/raw/Healthy/healthy.475.jpg,Healthy,224,224,31294,e366b3645f803472d97712f68a87996c,3817
data/raw/Healthy/healthy.476.jpg,Healthy,224,224,25009,cce7da2daf6c6e021b932e10c5c8b24c,3818
data/raw/Healthy/healthy.477.jpg,Healthy,224,224,25006,0d2af9b9a1c62ff7896a3e90a80d47b7,3819
data/raw/Healthy/healthy.478.jpg,Healthy,224,224,56618,21bee9bd7be971bca79a4473b5c13835,3820
data/raw/Healthy/healthy.479.jpg,Healthy,224,224,22239,7e06897add41d5d779ddb898e2c9aba9,3821
data/raw/Healthy/healthy.48.jpg,Healthy,224,224,57745,09c240fe5a816820920da769f00bd5c2,3822
data/raw/Healthy/healthy.480.jpg,Healthy,224,224,26519,3a36c9489bde1664e219dd0093d48da7,3823
data/raw/Healthy/healthy.481.jpg,Healthy,224,224,31139,cab31eced712cf422ce7c67fd2ee0a4a,3824
data/raw/Healthy/healthy.482.jpg,Healthy,224,224,27777,3b24f1d65dc8fce72d02272ff052eab5,3825
data/raw/Healthy/healthy.483.jpg,Healthy,224,224,26044,3f9c288099d527b0bdb6dce7cab52003,3826
data/raw/Healthy/healthy.484.jpg,Healthy,224,224,29480,4304bde25f6261af5858dd5687f9c34f,3827
data/raw/Healthy/healthy.485.jpg,Healthy,224,224,49655,9a43ead2dc925098781f45f0b6e36024,3828
data/raw/Healthy/healthy.486.jpg,Healthy,224,224,21811,543e435741ea3c312615a54b377505bc,3829
data/raw/Healthy/healthy.487.jpg,Healthy,224,224,39187,4a69de12ddff3884aef043ef3826b0b2,3830
data/raw/Healthy/healthy.488.jpg,Healthy,224,224,26527,f9a2a600c0040087cbf5eaaa72683f7f,3831
data/raw/Healthy/healthy.489.jpg,Healthy,224,224,35814,0fa071028927e4481e5bc045a5c63a5e,3832
data/raw/Healthy/healthy.49.jpg,Healthy,224,224,52797,0fb7a7e5827fd76ebe3cc43201b02bb9,3833
data/raw/Healthy/healthy.490.jpg,Healthy,224,224,23409,4a1d88fc4ff6c3916a770d100795ebd0,3834
data/raw/Healthy/healthy.491.jpg,Healthy,224,224,26384,185cd7bcd8943cde401cdcc35c0f260b,3835
data/raw/Healthy/healthy.492.jpg,Healthy,224,224,29739,3516ea8bd11a627e6f7feb870538bbc5,3836
data/raw/Healthy/healthy.493.jpg,Healthy,224,224,49171,807139ac90e8b05cc83c85eeeffc74ea,3837
data/raw/Healthy/healthy.494.jpg,Healthy,224,224,56287,3e2c7a3a87078d2a8c2c6c4ed0ed9fb3,3838
data/raw/Healthy/healthy.495.jpg,Healthy,224,224,26175,e8e49d86b2aa25427892473794daf528,3839
data/raw/Healthy/healthy.496.jpg,Healthy,224,224,24226,e19247edb79e9038b864de99cf3ff699,3840
data/raw/Healthy/healthy.497.jpg,Healthy,224,224,25970,e1fa9b8d5e6414eb7299c7f90ed3c192,3841
data/raw/Healthy/healthy.498.jpg,Healthy,224,224,36734,19c1e0527e202cafc7022c14a47014af,3842
data/raw/Healthy/healthy.499.jpg,Healthy,224,224,25073,273e2746c767b55fd2bfb1b034fe3528,3843
data/raw/Healthy/healthy.5.jpg,Healthy,224,224,33140,14099cde10a314dc3c31b4c6d25a88b7,3844
data/raw/Healthy/healthy.50.jpg,Healthy,224,224,56426,12311b2582c7fd38ddd72195a4c2055d,3845
data/raw/Healthy/healthy.500.jpg,Healthy,224,224,24074,751e57c8fe7c354304d61397b2a49454,3846
data/raw/Healthy/healthy.501.jpg,Healthy,224,224,54829,df951fa862dd5164cc586fe764373e7e,3847
data/raw/Healthy/healthy.502.jpg,Healthy,224,224,27413,04f54b584df04f4f32a0dc95fd6f33a6,3848
data/raw/Healthy/healthy.503.jpg,Healthy,224,224,24448,803e95fae4def86fe37ec17816aa1b7e,3849
data/raw/Healthy/healthy.504.jpg,Healthy,224,224,22793,bec38c785761b1cf2fb3902f21f04166,3850
data/raw/Healthy/healthy.505.jpg,Healthy,224,224,27539,427507c367d971a4915aa22284aec7e6,3851
data/raw/Healthy/healthy.506.jpg,Healthy,224,224,24074,929dc65188b00672d71d1b04886bd72a,3852
data/raw/Healthy/healthy.507.jpg,Healthy,224,224,28979,9f5eb3314d60b7e0f5edb6978e705765,3853
data/raw/Healthy/healthy.508.jpg,Healthy,224,224,22280,12c3b8af1d597b0d777f6bcad4fad659,3854
data/raw/Healthy/healthy.509.jpg,Healthy,224,224,29708,4b1b07717c17401116264fa0074a8369,3855
data/raw/Healthy/healthy.51.jpg,Healthy,224,224,21881,4036e9edff3e41ddc042615d52878e6d,3856
data/raw/Healthy/healthy.510.jpg,Healthy,224,224,24894,e5331bcdbb380dc069e3eb9fd65b401b,3857
data/raw/Healthy/healthy.511.jpg,Healthy,224,224,29591,7533744210aad56794e69e2d434296df,3858
data/raw/Healthy/healthy.512.jpg,Healthy,224,224,25473,3be42ffe143d67687311dabeb3152a4b,3859
data/raw/Healthy/healthy.513.jpg,Healthy,224,224,23489,dd216c1edc4170ef27e426dd967f45b9,3860
data/raw/Healthy/healthy.514.jpg,Healthy,224,224,29211,df4bb66c4b2a07a5e56ef65e28bba191,3861
data/raw/Healthy/healthy.515.jpg,Healthy,224,224,26629,7a08e9fcea8a5621cb4cec344136a526,3862
data/raw/Healthy/healthy.516.jpg,Healthy,224,224,31197,1df1c22c9d4db96317d102fdd0973756,3863
data/raw/Healthy/healthy.517.jpg,Healthy,224,224,55569,b2921e55b32f1f7fd4a241c33fdef49d,3864
data/raw/Healthy/healthy.518.jpg,Healthy,224,224,35381,fa147602ca78de8fcdacb56a50e55955,3865
data/raw/Healthy/healthy.519.jpg,Healthy,224,224,28813,88b939dec65476cc8d98ebcf69a38b3a,3866
data/raw/Healthy/healthy.52.jpg,Healthy,224,224,26624,17eb8563d5f767f18b304185dc99fd13,3867
data/raw/Healthy/healthy.520.jpg,Healthy,224,224,29414,f11f89b3b6e9a235483673e393919ea0,3868
data/raw/Healthy/healthy.521.jpg,Healthy,224,224,24853,3046cea04244c96ed133962a6c8c5a15,3869
data/raw/Healthy/healthy.522.jpg,Healthy,224,224,24464,9712e31c879a9864e3c66d07cb1f9e0e,3870
data/raw/Healthy/healthy.523.jpg,Healthy,224,224,51135,c2e1bb9a42754a5d83a2eaf9bf7cbc09,3871
data/raw/Healthy/healthy.524.jpg,Healthy,224,224,46524,0be59fd99d1d9dc8c429f7d013d1a77b,3872
data/raw/Healthy/healthy.525.jpg,Healthy,224,224,30674,28ee3563bc2e12fdbb413b6055b2d9b7,3873
data/raw/Healthy/healthy.526.jpg,Healthy,224,224,47067,a2dd07a8c1f891c71c359c5073e86fcf,3874
data/raw/Healthy/healthy.527.jpg,Healthy,224,224,23188,d7091a9902de6645ab6ff525cce64d5c,3875
data/raw/Healthy/healthy.528.jpg,Healthy,224,224,28601,8b97481b504059821d7b7117ccc1bf15,3876
data/raw/Healthy/healthy.529.jpg,Healthy,224,224,24329,a37dee0fac7fd4f0d477b90b55865042,3877
data/raw/Healthy/healthy.53.jpg,Healthy,224,224,24554,ceae70d02292f652306147474e738e57,3878
data/raw/Healthy/healthy.530.jpg,Healthy,224,224,24414,3aacd90d6c61fedf5fe0216be900e7ad,3879
data/raw/Healthy/healthy.531.jpg,Healthy,224,224,24293,d38d08813f0537e10cd3a4e2e092521d,3880
data/raw/Healthy/healthy.532.jpg,Healthy,224,224,31823,16364328af25f49c08968a62b01bfd3b,3881
data/raw/Healthy/healthy.533.jpg,Healthy,224,224,25670,096f40d95b0bad3d4c5e2b405c1301bf,3882
data/raw/Healthy/healthy.534.jpg,Healthy,224,224,56262,0c654a79b4faca76a8ae8e4778c35cd1,3883
data/raw/Healthy/healthy.535.jpg,Healthy,224,224,28126,867265df361835a79ea8e0fb484660de,3884
data/raw/Healthy/healthy.536.jpg,Healthy,224,224,27049,f69a2a859bcc48179ebe313ea1d55611,3885
data/raw/Healthy/healthy.537.jpg,Healthy,224,224,35471,2eca4cd721afcd6d5ab67db0cabab3a1,3886
data/raw/Healthy/healthy.538.jpg,Healthy,224,224,25065,1f571184328867cc994ad27dc1092f80,3887
data/raw/Healthy/healthy.539.jpg,Healthy,224,224,27171,5712ad767071584bb99779fab3030b75,3888
data/raw/Healthy/healthy.54.jpg,Healthy,224,224,32397,f3f65b1fd5fbe730f3f6bed27d57e7cd,3889
data/raw/Healthy/healthy.540.jpg,Healthy,224,224,25966,0c153b031b64440439359572f116f7cc,3890
data/raw/Healthy/healthy.541.jpg,Healthy,224,224,24038,39e884403f00f3024ccfaf3a861348c2,3891
data/raw/Healthy/healthy.542.jpg,Healthy,224,224,24488,77dbffacf54de11c4d8b51b6cb4e9173,3892
data/raw/Healthy/healthy.543.jpg,Healthy,224,224,50806,b543a6ca1705a128c9220491c84f2105,3893
data/raw/Healthy/healthy.544.jpg,Healthy,224,224,24643,e19bd34e060c8e5ce6984564dd08d42c,3894
data/raw/Healthy/healthy.545.jpg,Healthy,224,224,22547,aad9ed3ae7e49cf72ad544f031d21536,3895
data/raw/Healthy/healthy.546.jpg,Healthy,224,224,30141,0db94751e8df6f0831d0a632ec88814b,3896
data/raw/Healthy/healthy.547.jpg,Healthy,224,224,30937,1fd594d6b12d7f87c5fe09733711140f,3897
data/raw/Healthy/healthy.548.jpg,Healthy,224,224,20189,938946654499379f3c54cfca5bd7ce85,3898
data/raw/Healthy/healthy.549.jpg,Healthy,224,224,26653,4e3397be714d0685f6ab0de66fdb9d60,3899
data/raw/Healthy/healthy.55.jpg,Healthy,224,224,29496,1e50719d305298412c619d72586a0557,3900
data/raw/Healthy/healthy.550.jpg,Healthy,224,224,24076,88a2ff724e3c767582c11c43053ef917,3901
data/raw/Healthy/healthy.551.jpg,Healthy,224,224,27869,e4edaa96a6a6ab37d75c35836476b6e2,3902
data/raw/Healthy/healthy.552.jpg,Healthy,224,224,30097,0c571bb039adfd88e1e364f17efde9b8,3903
data/raw/Healthy/healthy.553.jpg,Healthy,224,224,31806,a624d27aa1019d47c05b25997ce05bb5,3904
data/raw/Healthy/healthy.554.jpg,Healthy,224,224,24083,4ae879005c650576b94b3b02ed54f2ca,3905
data/raw/Healthy/healthy.555.jpg,Healthy,224,224,30395,8b9cd68d818b940b1e101c4b607a18cd,3906
data/raw/Healthy/healthy.556.jpg,Healthy,224,224,22789,81d7e7c1cbe2b2ce13b55d2bb1a749ef,3907
data/raw/Healthy/healthy.557.jpg,Healthy,224,224,43048,d47d6406bcfc2d66d6889079ef47b2b5,3908
data/raw/Healthy/healthy.558.jpg,Healthy,224,224,26061,eb9040d90f40bd56988fcafbb5320644,3909
data/raw/Healthy/healthy.559.jpg,Healthy,224,224,40671,d4d1758c93bff3b69493381776ef23de,3910
data/raw/Healthy/healthy.56.jpg,Healthy,224,224,49800,ae8cad1f9f731846b4e207479284e6b6,3911
data/raw/Healthy/healthy.560.jpg,Healthy,224,224,31018,5fa844be07c76396568127bf3e592bc4,3912
data/raw/Healthy/healthy.561.jpg,Healthy,224,224,40414,3398fdee91207fb0ccbe676eb62bace0,3913
data/raw/Healthy/healthy.562.jpg,Healthy,224,224,20553,84735c42da51735cc7cfba75cee19e7e,3914
data/raw/Healthy/healthy.563.jpg,Healthy,224,224,22674,c99a7b504c25c23ebcdab3af83fc223f,3915
data/raw/Healthy/healthy.564.jpg,Healthy,224,224,22749,55b6aa9a35c6c8872beb7d55713a5482,3916
data/raw/Healthy/healthy.565.jpg,Healthy,224,224,31567,af75632bdf751fc1cf8ca201b5afd18a,3917
data/raw/Healthy/healthy.566.jpg,Healthy,224,224,21197,9eca58fd9c7ac44a83452a0250dc0ab2,3918
data/raw/Healthy/healthy.567.jpg,Healthy,224,224,32730,cbab17925aa83b262dca9073a0db3fed,3919
data/raw/Healthy/healthy.568.jpg,Healthy,224,224,26899,85ef2b6d9873c9bae53ac32b541ea184,3920
data/raw/Healthy/healthy.569.jpg,Healthy,224,224,27465,4942e11589d35d3eae18c5c72a572ca3,3921
data/raw/Healthy/healthy.57.jpg,Healthy,224,224,28550,a9135548a8b1e4a38404928886e78a50,3922
data/raw/Healthy/healthy.570.jpg,Healthy,224,224,31531,2beef3dc41fbc6f1a9cf16edad2aa60a,3923
data/raw/Healthy/healthy.571.jpg,Healthy,224,224,22878,5e3ec1ca61226c137b39a35c42dd6679,3924
data/raw/Healthy/healthy.572.jpg,Healthy,224,224,26175,ae85dd06772371b54a45c2f52e6000ab,3925
data/raw/Healthy/healthy.573.jpg,Healthy,224,224,23826,668963bafe41dc2226e456a7df07f54a,3926
data/raw/Healthy/healthy.574.jpg,Healthy,224,224,26012,36041eec6e421385bcb32a1a324629c7,3927
data/raw/Healthy/healthy.575.jpg,Healthy,224,224,28272,7b11e06554842ab1329ffe291c054c69,3928
data/raw/Healthy/healthy.576.jpg,Healthy,224,224,26431,5f0978eb8c79a47c321fcf39275103d3,3929
data/raw/Healthy/healthy.577.jpg,Healthy,224,224,24970,296f3438f6dbbb1bb421b8ea1b78df75,3930
data/raw/Healthy/healthy.578.jpg,Healthy,224,224,26722,e1c361c5e998337f87839dbffe283352,3931
data/raw/Healthy/healthy.579.jpg,Healthy,224,224,25814,51be8a8ce72420119dc737ac82908fd5,3932
data/raw/Healthy/healthy.58.jpg,Healthy,224,224,26163,c063a57a4dfb1e6a592e2130c78f34e3,3933
data/raw/Healthy/healthy.580.jpg,Healthy,224,224,52203,2570043b883b81b4110f6feb5d6debdb,3934
data/raw/Healthy/healthy.581.jpg,Healthy,224,224,56116,f2242c512a3b6653bfb2c0bef90e83c8,3935
data/raw/Healthy/healthy.582.jpg,Healthy,224,224,28108,c27cd0b3cf30ce3f33ddaeec555e7daf,3936
data/raw/Healthy/healthy.583.jpg,Healthy,224,224,51903,32705673096c8256b72c455881790d93,3937
data/raw/Healthy/healthy.584.jpg,Healthy,224,224,23013,59360305ce8eafb59fcbc6ac602a4023,3938
data/raw/Healthy/healthy.585.jpg,Healthy,224,224,26572,eda98e58f5c26260c88ceb9116dcc2f5,3939
data/raw/Healthy/healthy.586.jpg,Healthy,224,224,36892,0591ba2c110ef960c4875242e3615f30,3940
data/raw/Healthy/healthy.587.jpg,Healthy,224,224,20821,b258081eab4f7de7b72e179c797a2d9b,3941
data/raw/Healthy/healthy.588.jpg,Healthy,224,224,22483,9805a41e48a603ffdf47e8891dbaef29,3942
data/raw/Healthy/healthy.589.jpg,Healthy,224,224,17474,0b3a71bcc84f320c609fc4e1ca130aa9,3943
data/raw/Healthy/healthy.59.jpg,Healthy,224,224,25558,5899322f4e5db41fdf9894b5bf0bddc3,3944
data/raw/Healthy/healthy.590.jpg,Healthy,224,224,29412,d029f174dcffb1dc3f74c1f8778daa69,3945
data/raw/Healthy/healthy.591.jpg,Healthy,224,224,55550,c554a0623c79d3b90bce2c4dbb086076,3946
data/raw/Healthy/healthy.592.jpg,Healthy,224,224,24748,f10de5518a559b4c5b34f9aa9e8153bb,3947
data/raw/Healthy/healthy.593.jpg,Healthy,224,224,26813,713eae471984cfb0980a5c1020619fe7,3948
data/raw/Healthy/healthy.594.jpg,Healthy,224,224,52734,b1fe595b778e16f05ae69b4c0f133ca9,3949
data/raw/Healthy/healthy.595.jpg,Healthy,224,224,52900,0190e1771da086ff589027f254d798b3,3950
data/raw/Healthy/healthy.596.jpg,Healthy,224,224,30089,9dbc25e66f1ae07221759b7426604faf,3951
data/raw/Healthy/healthy.597.jpg,Healthy,224,224,28347,2c3bda05e60a5bbee09ca0e2ba6ea275,3952
data/raw/Healthy/healthy.598.jpg,Healthy,224,224,56583,823515a2c0dfe5ae1c7c81a687b81a3b,3953
data/raw/Healthy/healthy.599.jpg,Healthy,224,224,40578,fb0efabc152b25ddf3a759d5357a8c1a,3954
data/raw/Healthy/healthy.6.jpg,Healthy,224,224,26594,9f15ffb4e5f8a9d902676faf669dcd92,3955
data/raw/Healthy/healthy.60.jpg,Healthy,224,224,25967,2d60982b796ae6d56c885505cb68f862,3956
data/raw/Healthy/healthy.600.jpg,Healthy,224,224,28475,a437144730b7990ab6b039144f3b50d7,3957
data/raw/Healthy/healthy.601.jpg,Healthy,224,224,29653,ae4ff32189b7cd2f64a5bc98a76a8794,3958
data/raw/Healthy/healthy.602.jpg,Healthy,224,224,21817,261c9eda6f18cc0acbdb13f1a2a514a8,3959
data/raw/Healthy/healthy.603.jpg,Healthy,224,224,53801,b2633d8e26fb7692a2fbab4d8ee0450a,3960
data/raw/Healthy/healthy.604.jpg,Healthy,224,224,27617,3725c9ee2935d9511f1dbb4e29b761a2,3961
data/raw/Healthy/healthy.605.jpg,Healthy,224,224,26595,fda43217084e19724b320a36af2e63c3,3962
data/raw/Healthy/healthy.606.jpg,Healthy,224,224,24866,10bda01ae9fecaa61e7ca3917c7ad6e6,3963
data/raw/Healthy/healthy.607.jpg,Healthy,224,224,23188,faa8116ab3e106434a72c604406a6b1c,3964
data/raw/Healthy/healthy.608.jpg,Healthy,224,224,26371,f7b31ea2c6eba349c48329f585c8f05d,3965
data/raw/Healthy/healthy.609.jpg,Healthy,224,224,24918,1f83fc9246e82f9888935eeeb3f0d315,3966
data/raw/Healthy/healthy.61.jpg,Healthy,224,224,22469,4d64e845ce31a7b6f5dcb9438bae62f9,3967
data/raw/Healthy/healthy.610.jpg,Healthy,224,224,25785,2f4eb4d2a30c59caec9055df75893081,3968
data/raw/Healthy/healthy.611.jpg,Healthy,224,224,30375,a9fa1ff6dcae07da2b17b38b00fd3eb3,3969
data/raw/Healthy/healthy.612.jpg,Healthy,224,224,27129,28ec0a9bd5409f4bbf9495cb2f753158,3970
data/raw/Healthy/healthy.613.jpg,Healthy,224,224,24147,9c2bfe22e8a3a12f2393deaf5b1b63ac,3971
data/raw/Healthy/healthy.614.jpg,Healthy,224,224,23701,74eef66931eef8e4b5822b205608e3ae,3972
data/raw/Healthy/healthy.615.jpg,Healthy,224,224,39876,045e9a944aa40ec0248eb32cf79a2651,3973
data/raw/Healthy/healthy.616.jpg,Healthy,224,224,26918,ca6c87b70e71c8a6f3980a4b66d0a1bf,3974
data/raw/Healthy/healthy.617.jpg,Healthy,224,224,27687,aac698e42243191f7c9c552425190b40,3975
data/raw/Healthy/healthy.618.jpg,Healthy,224,224,42694,58552aad739b72f0e25351dfb10b25d2,3976
data/raw/Healthy/healthy.619.jpg,Healthy,224,224,42671,53d66aca379a464d35266c41f6dfe04d,3977
data/raw/Healthy/healthy.62.jpg,Healthy,224,224,24572,b4ab5e1f33442b74446ab72e47d06348,3978
data/raw/Healthy/healthy.620.jpg,Healthy,224,224,26889,20c3c999d7c5e6154a2ec07114867410,3979
data/raw/Healthy/healthy.621.jpg,Healthy,224,224,24672,94f28cc83bc875e3bf692690ce746280,3980
data/raw/Healthy/healthy.622.jpg,Healthy,224,224,29664,9f3f0fd498e949fceccb6bc55f7dbd4c,3981
data/raw/Healthy/healthy.623.jpg,Healthy,224,224,25278,71192cca44d509b84a483d2b660959a1,3982
data/raw/Healthy/healthy.624.jpg,Healthy,224,224,32908,7fa1afd89aa523f9218ff206dc6a18ae,3983
data/raw/Healthy/healthy.625.jpg,Healthy,224,224,50948,d43ef7fd6dfeb0dcce2fa816497b4124,3984
data/raw/Healthy/healthy.626.jpg,Healthy,224,224,34314,158bd098e21c51bf4c73e9eb698e0975,3985
data/raw/Healthy/healthy.627.jpg,Healthy,224,224,27007,bc3dc4b5e308a3c89dc1aeb4ba18f762,3986
data/raw/Healthy/healthy.628.jpg,Healthy,224,224,28652,0392bea04cd5e0fcdd017576ff6b14bb,3987
data/raw/Healthy/healthy.629.jpg,Healthy,224,224,26210,2f3f8862ff8de76299a4756a8f3d297e,3988
data/raw/Healthy/healthy.63.jpg,Healthy,224,224,31644,3a9db75c1715d1b01e80d9eec9de76c5,3989
data/raw/Healthy/healthy.630.jpg,Healthy,224,224,36335,dfbb4222db5e6df1206bbeec7b81d8fe,3990
data/raw/Healthy/healthy.631.jpg,Healthy,224,224,28024,51ae2594c20c5a9ff0537e560d742448,3991
data/raw/Healthy/healthy.632.jpg,Healthy,224,224,21370,a8f4b3d245af1f66e7fc3b3799771a5c,3992
data/raw/Healthy/healthy.633.jpg,Healthy,224,224,20321,0846d35133e498ea2f5e54c5086448ad,3993
data/raw/Healthy/healthy.634.jpg,Healthy,224,224,22028,c8483e8ba2e3ef0c0185152fc6295352,3994
data/raw/Healthy/healthy.635.jpg,Healthy,224,224,28045,e01fce5db4221ca68959e0f6ccf64602,3995
data/raw/Healthy/healthy.636.jpg,Healthy,224,224,23334,09009d2068862b32957ea9b420a9bdfd,3996
data/raw/Healthy/healthy.637.jpg,Healthy,224,224,48932,7a555d972f75c31b42982acac952c276,3997
data/raw/Healthy/healthy.638.jpg,Healthy,224,224,29939,d01b297c5bcff29cced6066deb03a859,3998
data/raw/Healthy/healthy.639.jpg,Healthy,224,224,23648,1c718b3802264845ff119cfc7d7c3ebb,3999
data/raw/Healthy/healthy.64.jpg,Healthy,224,224,39478,f8766231226843d9a7fe57208947e95f,4000
data/raw/Healthy/healthy.640.jpg,Healthy,224,224,27839,597502ea17b0b2c246684c040733e61d,4001
data/raw/Healthy/healthy.641.jpg,Healthy,224,224,19319,8b24a5beac83fc170cf0c19ab0b44ab0,4002
data/raw/Healthy/healthy.642.jpg,Healthy,224,224,46043,484ab4b7fcb9516998a317414558c8f3,4003
data/raw/Healthy/healthy.643.jpg,Healthy,224,224,26784,e548b69eddd780382298392cd795e8b4,4004
data/raw/Healthy/healthy.644.jpg,Healthy,224,224,57933,2e08976737c61d1d2f02491f55c826b5,4005
data/raw/Healthy/healthy.645.jpg,Healthy,224,224,25080,2b8ca8382b4a990e6fa6c8b9d3c68bd6,4006
data/raw/Healthy/healthy.646.jpg,Healthy,224,224,41447,de20dcc9d3558ed477b8d70aec754fb1,4007
data/raw/Healthy/healthy.647.jpg,Healthy,224,224,27146,1f1283d8bfc9ae0c85e12aa799f495e2,4008
data/raw/Healthy/healthy.648.jpg,Healthy,224,224,54329,a4aaf1371de9928087fec0eb6013d463,4009
data/raw/Healthy/healthy.649.jpg,Healthy,224,224,28000,cb965154eb7484b20e5c4f6b90295d8f,4010
data/raw/Healthy/healthy.65.jpg,Healthy,224,224,25992,5c09f2c7ad8cd3eb2622822eaa8ae9b0,4011
data/raw/Healthy/healthy.650.jpg,Healthy,224,224,30447,3dc7a382c2f267e1338f200540e771be,4012
data/raw/Healthy/healthy.651.jpg,Healthy,224,224,24557,14c4bb7ba5dd85fea607a6471cf911f0,4013
data/raw/Healthy/healthy.652.jpg,Healthy,224,224,54291,3e07bcce7a335b97dfbf481534948e71,4014
data/raw/Healthy/healthy.653.jpg,Healthy,224,224,42894,5746b701468d133a8b70603c836d188f,4015
data/raw/Healthy/healthy.654.jpg,Healthy,224,224,40324,e165892c63810074d963a64efe173b8c,4016
data/raw/Healthy/healthy.655.jpg,Healthy,224,224,21808,161b5093456d0b0e48325e93e77e87fe,4017
data/raw/Healthy/healthy.656.jpg,Healthy,224,224,27536,11edf484c13fc3658b0feb2f579f0282,4018
data/raw/Healthy/healthy.657.jpg,Healthy,224,224,30258,7cb11f8dd9f9296b42b5eeb4cd675f25,4019
data/raw/Healthy/healthy.658.jpg,Healthy,224,224,27509,3c2b70087ab4dd6e73008d2957c3d7ac,4020
data/raw/Healthy/healthy.659.jpg,Healthy,224,224,24725,00c0665851686e7c579ec55451b13bf2,4021
data/raw/Healthy/healthy.66.jpg,Healthy,224,224,50894,4979c9e42b5a0bcbead9a321552227ab,4022
data/raw/Healthy/healthy.660.jpg,Healthy,224,224,27662,fc0eb869e482129d39553aa35ccfc204,4023
data/raw/Healthy/healthy.661.jpg,Healthy,224,224,26872,1d1f956adf8c96a7608aae4e9324af8b,4024
data/raw/Healthy/healthy.662.jpg,Healthy,224,224,25759,54bcd3323bfc9d57e3c7c1e9db7666e5,4025
data/raw/Healthy/healthy.663.jpg,Healthy,224,224,25353,5e6e627577b6a244e4ccb8bb8f21224a,4026
data/raw/Healthy/healthy.664.jpg,Healthy,224,224,52499,5535a6e65aac7c23ad48db37186d299b,4027
data/raw/Healthy/healthy.665.jpg,Healthy,224,224,23319,e330f67f5ed3532d1aa465d84e35c96a,4028
data/raw/Healthy/healthy.666.jpg,Healthy,224,224,24426,4f862335561092d2c6ac5559f8bf49f4,4029
data/raw/Healthy/healthy.667.jpg,Healthy,224,224,27724,b5120855af4a950db07cb327eae83de9,4030
data/raw/Healthy/healthy.668.jpg,Healthy,224,224,36663,53f709f9bd5b9503d9ea62a34834ebfc,4031
data/raw/Healthy/healthy.669.jpg,Healthy,224,224,25535,c0e77d117bb5c95aa798810d342da2ae,4032
data/raw/Healthy/healthy.67.jpg,Healthy,224,224,26132,a3ff1816708649d67e542e9159a03183,4033
data/raw/Healthy/healthy.670.jpg,Healthy,224,224,55129,4caec62f1ad7c28b974e2027f74e191e,4034
data/raw/Healthy/healthy.671.jpg,Healthy,224,224,28964,43155834525be7305430662996ab2726,4035
data/raw/Healthy/healthy.672.jpg,Healthy,224,224,29241,3981d75aea02529cf5f1d5f988cb4929,4036
data/raw/Healthy/healthy.673.jpg,Healthy,224,224,27089,9de4f4be254fe52dd2f26250e68bf644,4037
data/raw/Healthy/healthy.674.jpg,Healthy,224,224,34833,411334449128d417ad6a60769d854038,4038
data/raw/Healthy/healthy.675.jpg,Healthy,224,224,25330,3d38e166519ff764ed8ca55a61b712b4,4039
data/raw/Healthy/healthy.676.jpg,Healthy,224,224,27605,0714abf562db99748e6a13cb84f82ebf,4040
data/raw/Healthy/healthy.677.jpg,Healthy,224,224,26793,174cb8dd7bf586cf79bf781d6304e84a,4041
data/raw/Healthy/healthy.678.jpg,Healthy,224,224,26214,df3a5f93fe6b1312936ed543b6c37b34,4042
data/raw/Healthy/healthy.679.jpg,Healthy,224,224,24097,898bfc6d1093100eddcc264f3368283f,4043
data/raw/Healthy/healthy.68.jpg,Healthy,224,224,26884,6748ec15f64304ab7dadd655882e3c49,4044
data/raw/Healthy/healthy.680.jpg,Healthy,224,224,28407,b73f2b16a94ba26474dd25f6578337b1,4045
data/raw/Healthy/healthy.681.jpg,Healthy,224,224,27349,08c0fea98c723e9195b5f4de2d784417,4046
data/raw/Healthy/healthy.682.jpg,Healthy,224,224,32317,d1112bebe90b8209b17e6136e0a37ba7,4047
data/raw/Healthy/healthy.683.jpg,Healthy,224,224,39709,b4a91a1c1ae9b3c87b474877a7b8d411,4048
data/raw/Healthy/healthy.684.jpg,Healthy,224,224,28802,bc3312c9e04058e11bcd5aea9afa59d9,4049
data/raw/Healthy/healthy.685.jpg,Healthy,224,224,25927,28592cb861ce3f366df50e0fb80beadf,4050
data/raw/Healthy/healthy.686.jpg,Healthy,224,224,30089,986a0bd60c999ca2fe33d52733d99d0a,3951
data/raw/Healthy/healthy.687.jpg,Healthy,224,224,29414,4dda28f307f092d482d97a4eaf78d5de,4051
data/raw/Healthy/healthy.688.jpg,Healthy,224,224,26868,6c585f5f21984ea24aebdd154fa26200,4052
data/raw/Healthy/healthy.689.jpg,Healthy,224,224,40899,b98f0bf20553dee5ebbe59d8dbf56846,4053
data/raw/Healthy/healthy.69.jpg,Healthy,224,224,47912,c584e3c67cc96a180e9f4ffe94a775f1,4054
data/raw/Healthy/healthy.690.jpg,Healthy,224,224,21087,e16d6b35d8881b50688f5962d506beb5,4055
data/raw/Healthy/healthy.691.jpg,Healthy,224,224,32005,97ec24d9e071a79e2ff838421a3dfbc8,4056
data/raw/Healthy/healthy.692.jpg,Healthy,224,224,58475,ca41b8f1b7a02ae8f85d4e1fc7fc1d44,4057
data/raw/Healthy/healthy.693.jpg,Healthy,224,224,44314,42b8bbd4c28502995f24e0040c694ae2,4058
data/raw/Healthy/healthy.694.jpg,Healthy,224,224,19061,3848c80c0c8842bd2a061bad23718c30,4059
data/raw/Healthy/healthy.695.jpg,Healthy,224,224,23886,5c009a1df527691480f2a74282b88026,4060
data/raw/Healthy/healthy.696.jpg,Healthy,224,224,38257,ee952121d102608764cefe03215a5aae,4061
data/raw/Healthy/healthy.697.jpg,Healthy,224,224,27174,d549d8f1e2be2496e296a248a2fa6204,4062
data/raw/Healthy/healthy.698.jpg,Healthy,224,224,52929,2f15c123320cb45b08742ffa349172bc,4063
data/raw/Healthy/healthy.699.jpg,Healthy,224,224,25647,d9b1fe5c7bc58b066809aa7b8d1ad465,4064
data/raw/Healthy/healthy.7.jpg,Healthy,224,224,26983,df88870cc4f620d530ca4183012ebcd8,4065
data/raw/Healthy/healthy.70.jpg,Healthy,224,224,40005,4943c26f12d804b0c9f91140c7d74ded,4066
data/raw/Healthy/healthy.700.jpg,Healthy,224,224,22104,fcbb68ae58946b60cc628c62b7746764,4067
data/raw/Healthy/healthy.701.jpg,Healthy,224,224,25193,f401191e71af954d65d549da7e1e62fb,4068
data/raw/Healthy/healthy.702.jpg,Healthy,224,224,40364,1c4a057c4bab2ca2713d0f95618592ef,4069
data/raw/Healthy/healthy.703.jpg,Healthy,224,224,23948,7695275fdf32f48ea7d8f89cee34ae3a,4070
data/raw/Healthy/healthy.704.jpg,Healthy,224,224,25966,83669cab42fc8933bd4a4c5134a45e68,4071
data/raw/Healthy/healthy.705.jpg,Healthy,224,224,29433,3ce2e3ccd85f970533e637eaae44d939,4072
data/raw/Healthy/healthy.706.jpg,Healthy,224,224,27466,3c352cec22914ffd6d5c8a37594a23d3,4073
data/raw/Healthy/healthy.707.jpg,Healthy,224,224,19495,3e5593978857f70fe4a871f8f21976e5,4074
data/raw/Healthy/healthy.708.jpg,Healthy,224,224,22944,d8ff9f85e61621a0af19176548bd921a,4075
data/raw/Healthy/healthy.709.jpg,Healthy,224,224,23690,8b193f590e9fb80021bdbf730f36c8de,4076
data/raw/Healthy/healthy.71.jpg,Healthy,224,224,23712,57dff8fcfd35d25e6d2a0e9f45f5b8db,4077
data/raw/Healthy/healthy.710.jpg,Healthy,224,224,29651,79c063cdc52e1ef903e6280c241fae9f,4078
data/raw/Healthy/healthy.711.jpg,Healthy,224,224,26295,111d77b328a6bd088ddeb8db95ebb356,4079
data/raw/Healthy/healthy.712.jpg,Healthy,224,224,27936,6170a291cc0940cda5e0ede57a87b8bc,4080
data/raw/Healthy/healthy.713.jpg,Healthy,224,224,32637,71b4716939e57c97b7a0b572d1a1671e,4081
data/raw/Healthy/healthy.714.jpg,Healthy,224,224,25207,1d6cce51e729cb496b0a8098f053d522,4082
data/raw/Healthy/healthy.715.jpg,Healthy,224,224,29439,df822797a1f5332b4032d0b6d623c398,4083
data/raw/Healthy/healthy.716.jpg,Healthy,224,224,27665,997f439536bd96d11f3d4686b79e8522,4084
data/raw/Healthy/healthy.717.jpg,Healthy,224,224,26611,dd8ac78901bed6569752087346bee1fa,4085
data/raw/Healthy/healthy.718.jpg,Healthy,224,224,29930,ef92f1323dc528b5a3fc79a2c24db664,4086
data/raw/Healthy/healthy.719.jpg,Healthy,224,224,45089,6f5ecf1859b724f8ea1804571c72f512,4087
data/raw/Healthy/healthy.72.jpg,Healthy,224,224,25170,facd0c038f17ee2e92420135eb0670cb,4088
data/raw/Healthy/healthy.720.jpg,Healthy,224,224,32437,6756b2bd452f64d83c8222af1cb12bc6,4089
data/raw/Healthy/healthy.721.jpg,Healthy,224,224,25140,04ce19d806f5d3c1f1fa3a4e8ad99fbe,4090
data/raw/Healthy/healthy.722.jpg,Healthy,224,224,23481,0777bc756fa6ca8da379ee82dbe412ae,4091
data/raw/Healthy/healthy.723.jpg,Healthy,224,224,26781,691b2399c3159c4c8488844ceacd93bd,4092
data/raw/Healthy/healthy.724.jpg,Healthy,224,224,29268,aa87a7469061b0e0c2206fb9694eae32,4093
data/raw/Healthy/healthy.725.jpg,Healthy,224,224,27652,3d3373c63f0834b3cf5a75f4ee470e94,4094
data/raw/Healthy/healthy.726.jpg,Healthy,224,224,20886,1835543dd02c877aba058d8dc4647f73,4095
data/raw/Healthy/healthy.727.jpg,Healthy,224,224,25552,77059dbe33a8c70f92b4b5f833f0a2f5,4096
data/raw/Healthy/healthy.728.jpg,Healthy,224,224,23450,9ca3b6a79bfb2e9161487764b54f839b,4097
data/raw/Healthy/healthy.729.jpg,Healthy,224,224,24747,1fa749bea9695248a52a6fdc0d636d3d,4098
data/raw/Healthy/healthy.73.jpg,Healthy,224,224,21257,d210bd9a4929fb27da8dfdd74a8c71d1,4099
data/raw/Healthy/healthy.730.jpg,Healthy,224,224,22417,e7ee14977ceb9281aff56f591982b119,4100
data/raw/Healthy/healthy.731.jpg,Healthy,224,224,32605,a51a001efe21c4bc83172e41185094fa,4101
data/raw/Healthy/healthy.732.jpg,Healthy,224,224,28912,3183b6b9523febc5e9580e71c02feb9a,4102
data/raw/Healthy/healthy.733.jpg,Healthy,224,224,31615,57b0b8e45fd9ebeeb6ac1f3cac00c20d,4103
data/raw/Healthy/healthy.734.jpg,Healthy,224,224,23961,bbc7cfac3d1c77c293b109ac62d0dc4c,4104
data/raw/Healthy/healthy.735.jpg,Healthy,224,224,42714,72d356770f98099715cc9b81e5d5a032,4105
data/raw/Healthy/healthy.736.jpg,Healthy,224,224,28261,26745950bc0ca91637812d81ae90823f,4106
data/raw/Healthy/healthy.737.jpg,Healthy,224,224,24836,6c47718b0accd1b4f86777117de2c7a3,4107
data/raw/Healthy/healthy.738.jpg,Healthy,224,224,30620,5d2e73e08dd7841fbff585f741719c18,4108
data/raw/Healthy/healthy.739.jpg,Healthy,224,224,25540,87e204a5c16ed533b88afecbe021eb78,4109
data/raw/Healthy/healthy.74.jpg,Healthy,224,224,31858,641fa6c0c098aee7f2656b5a77eeee89,4110
data/raw/Healthy/healthy.740.jpg,Healthy,224,224,30479,baacbe45a261e3326e0695cc03e184ea,4111
data/raw/Healthy/healthy.741.jpg,Healthy,224,224,40472,f3642305fafb9fe9e116a4b27f495111,4112
data/raw/Healthy/healthy.742.jpg,Healthy,224,224,21987,57fb160018b7bd3f92aac91e95941689,4113
data/raw/Healthy/healthy.743.jpg,Healthy,224,224,24788,20be955a811171695b5cc32511889181,4114
data/raw/Healthy/healthy.744.jpg,Healthy,224,224,31682,7f70001bbc0ba3cd6b24bcfbcec52f6d,4115
data/raw/Healthy/healthy.745.jpg,Healthy,224,224,29516,f6ac4479fa0383e52f30f2ba9f3d593b,4116
data/raw/Healthy/healthy.746.jpg,Healthy,224,224,40095,f87303fb0af12f7d5e444ea2f9f6f76a,4117
data/raw/Healthy/healthy.747.jpg,Healthy,224,224,29848,de7f3814680f667c74f83b4f3b041e06,4118
data/raw/Healthy/healthy.748.jpg,Healthy,224,224,28562,95d8e02f2e16e9304d42dcc23eee55c3,4119
data/raw/Healthy/healthy.749.jpg,Healthy,224,224,29626,74fed21b10bf9b005b4643010393888c,4120
data/raw/Healthy/healthy.75.jpg,Healthy,224,224,22263,dc80cd72fcf5a7898489de187e7c7b05,4121
data/raw/Healthy/healthy.750.jpg,Healthy,224,224,20806,6a1304207b517c095a74c89ca5769487,4122
data/raw/Healthy/healthy.751.jpg,Healthy,224,224,34174,99ba089718a55af29add4b301abdcf96,4123
data/raw/Healthy/healthy.752.jpg,Healthy,224,224,24689,24a287837b7e01c9a7bbea665eaf4291,4124
data/raw/Healthy/healthy.753.jpg,Healthy,224,224,25733,972b3ab71599438161543d9358839f6d,4125
data/raw/Healthy/healthy.754.jpg,Healthy,224,224,24718,33e831e6d97b162eaf92a5723ac55934,4126
data/raw/Healthy/healthy.755.jpg,Healthy,224,224,27890,f62553836dfd558e070cbb17635caeab,4127
data/raw/Healthy/healthy.756.jpg,Healthy,224,224,41360,9e04f008457874a719c644cb1364e2da,4128
data/raw/Healthy/healthy.757.jpg,Healthy,224,224,20809,511441701c6c6d54fbe9844eb2554bec,4129
data/raw/Healthy/healthy.758.jpg,Healthy,224,224,25345,81062f19f7faccc71a50dabdf1e05434,4130
data/raw/Healthy/healthy.759.jpg,Healthy,224,224,33178,d91ff6b30f4db5427bda27b853858b84,4131
data/raw/Healthy/healthy.76.jpg,Healthy,224,224,44437,d8e55d5604dcfdeca5bc934cc0d1a7a7,4132
data/raw/Healthy/healthy.760.jpg,Healthy,224,224,23718,48e871c1c67311945d12c6f8b4d2fa4d,4133
data/raw/Healthy/healthy.761.jpg,Healthy,224,224,26533,e81cd54786f59d19aeb2fc648ff9f161,4134
data/raw/Healthy/healthy.762.jpg,Healthy,224,224,40661,57b7d2065818c2e4d87cb8c849eea0f8,4135
data/raw/Healthy/healthy.763.jpg,Healthy,224,224,24694,97f68ba0491b9dda120ac3ced140851c,4136
data/raw/Healthy/healthy.764.jpg,Healthy,224,224,29878,cd0815f9baa1d963bee8901a5143437c,4137
data/raw/Healthy/healthy.765.jpg,Healthy,224,224,25706,4e4e82341392da10402ababb90d86c86,4138
data/raw/Healthy/healthy.766.jpg,Healthy,224,224,35548,b2eb8de33e500eab437392a72646a85d,4139
data/raw/Healthy/healthy.767.jpg,Healthy,224,224,31560,e70acd64b3a47608d2017106e8419c2d,4140
data/raw/Healthy/healthy.768.jpg,Healthy,224,224,27289,280d59b9d64b56b80e21ea01173789c4,4141
data/raw/Healthy/healthy.769.jpg,Healthy,224,224,25331,b030e4d18f0d4374e92a0bd8c5059f6e,4142
data/raw/Healthy/healthy.77.jpg,Healthy,224,224,38792,c40a3e4ef377db42c5a3163b1b70d4d8,4143
data/raw/Healthy/healthy.770.jpg,Healthy,224,224,22138,edaaeda6ec07c5b680d7017087c7d03d,4144
data/raw/Healthy/healthy.771.jpg,Healthy,224,224,23057,451ed455bc9502767933b5225e71f047,4145
data/raw/Healthy/healthy.772.jpg,Healthy,224,224,27298,072c2ebfe7e5334f40d847bdba157ab3,4146
data/raw/Healthy/healthy.773.jpg,Healthy,224,224,20936,b5a22fd108dd6241b2fff7ade85db590,4147
data/raw/Healthy/healthy.774.jpg,Healthy,224,224,25970,aeea20cedd9367896fb953fc189252b4,4148
data/raw/Healthy/healthy.775.jpg,Healthy,224,224,23372,70c5d341d347f6f1fe06eddbc0c24e00,4149
data/raw/Healthy/healthy.776.jpg,Healthy,224,224,23907,e7f5e07c3b6a4f5fa3d39427063a903c,4150
data/raw/Healthy/healthy.777.jpg,Healthy,224,224,56600,2f9d883de319b368a697f3046a0db206,4151
data/raw/Healthy/healthy.778.jpg,Healthy,224,224,25219,c0cb00b301b345c9cd2c795e5745f432,4152
data/raw/Healthy/healthy.779.jpg,Healthy,224,224,53162,e6616da57625b390a9e4602669b76009,4153
data/raw/Healthy/healthy.78.jpg,Healthy,224,224,27725,3d3556ec9e72eea57ce3122e40178cfa,4154
data/raw/Healthy/healthy.780.jpg,Healthy,224,224,42142,f76880f17e205b20632b7685120696f9,4155
data/raw/Healthy/healthy.781.jpg,Healthy,224,224,22839,29432c1efbd2ff3c60942ec15e67714f,4156
data/raw/Healthy/healthy.782.jpg,Healthy,224,224,27073,ca5faee7adf6a93ed46942bebe1ed623,4157
data/raw/Healthy/healthy.783.jpg,Healthy,224,224,24737,7c6454ddeddcd539ba56a1d86c8cf136,4158
data/raw/Healthy/healthy.784.jpg,Healthy,224,224,36535,6eecaab0bbb62dc6ddd9e5c7b56176e5,4159
data/raw/Healthy/healthy.785.jpg,Healthy,224,224,24334,d579e4a9ec01bb41f6349db99e74a92b,4160
data/raw/Healthy/healthy.786.jpg,Healthy,224,224,26316,fcd9f1f21caed46d04ab570dabc96a09,4161
data/raw/Healthy/healthy.787.jpg,Healthy,224,224,23815,0ecb7c873281525c9ba7aca93066ebf2,4162
data/raw/Healthy/healthy.788.jpg,Healthy,224,224,28513,8a65d758416983d393cbd2b471fdbd34,4163
data/raw/Healthy/healthy.789.jpg,Healthy,224,224,24618,947ea1e986b213348c8eed5747faa60d,4164
data/raw/Healthy/healthy.79.jpg,Healthy,224,224,27409,62caff74d1edbdb46a7de659a42aa8fb,4165
data/raw/Healthy/healthy.790.jpg,Healthy,224,224,39214,ebc14d05bf4db5e2a194b68cab0f65da,4166
data/raw/Healthy/healthy.791.jpg,Healthy,224,224,61196,f1b1efd7e4b12d6295ccda70c3a57157,4167
data/raw/Healthy/healthy.792.jpg,Healthy,224,224,22647,c16e1962011db5899e94d9880285a568,4168
data/raw/Healthy/healthy.793.jpg,Healthy,224,224,29203,b0f3b50fcc51276891f74c8213653bdf,4169
data/raw/Healthy/healthy.794.jpg,Healthy,224,224,57108,86d35755dc0091428fd787e3ce86ab4e,4170
data/raw/Healthy/healthy.795.jpg,Healthy,224,224,24222,fba8f9b93c5107cdf14425010fb5c187,4171
data/raw/Healthy/healthy.796.jpg,Healthy,224,224,29611,aeb190d60e8106b69a0dae57a71f82ba,4172
data/raw/Healthy/healthy.797.jpg,Healthy,224,224,55444,4f6abf62ad5d4e3d04e9b88bc0716751,4173
data/raw/Healthy/healthy.798.jpg,Healthy,224,224,26967,14b8acd275c57a72db93a2289be8aee1,4174
data/raw/Healthy/healthy.799.jpg,Healthy,224,224,56596,d034a72cd25c88478b7431ac16677034,4175
data/raw/Healthy/healthy.8.jpg,Healthy,224,224,29979,4833220ee552a309732f6b3759c047ce,4176
data/raw/Healthy/healthy.80.jpg,Healthy,224,224,56309,4d6be49418afbd5c4d46c910e15b23ad,4177
data/raw/Healthy/healthy.800.jpg,Healthy,224,224,21846,da7403e8fdaf95a1f16943e5440ee6bf,4178
data/raw/Healthy/healthy.801.jpg,Healthy,224,224,26365,6c525ab98de602d3a8f85b53635343da,4179
data/raw/Healthy/healthy.802.jpg,Healthy,224,224,26619,0a0b004c5c8361ab0dfb6552c3e847d5,4180
data/raw/Healthy/healthy.803.jpg,Healthy,224,224,25766,2bdb0d3425bb15451b840f0750737de5,4181
data/raw/Healthy/healthy.804.jpg,Healthy,224,224,24282,2a6d201712123bcb67f04bb391336e4f,4182
data/raw/Healthy/healthy.805.jpg,Healthy,224,224,27500,065e33c4475cf04a7a48e21bf38db3ab,4183
data/raw/Healthy/healthy.806.jpg,Healthy,224,224,24484,19506baa42d38532b5238974cdc6a9b6,4184
data/raw/Healthy/healthy.807.jpg,Healthy,224,224,27245,7584d90b8e177ac79bfae8e14f96bfb9,4185
data/raw/Healthy/healthy.808.jpg,Healthy,224,224,22774,12efcea6086d45ccc1a9a17fe9ff6f0d,4186
data/raw/Healthy/healthy.809.jpg,Healthy,224,224,27036,14509c65365d572492e8db7f7a833407,4187
data/raw/Healthy/healthy.81.jpg,Healthy,224,224,31096,f76557420da246e22988d98c4360750d,4188
data/raw/Healthy/healthy.810.jpg,Healthy,224,224,25867,899c606074b524e2c36d5267ef58735b,4189
data/raw/Healthy/healthy.811.jpg,Healthy,224,224,26789,530004b8c53af222c6dadd6a695a65a2,4190
data/raw/Healthy/healthy.812.jpg,Healthy,224,224,22827,c3b2c9ba190619669ce5305b977d0729,4191
data/raw/Healthy/healthy.813.jpg,Healthy,224,224,29802,f1b4945840eeb6df2adc559f64e631b2,4192
data/raw/Healthy/healthy.814.jpg,Healthy,224,224,24849,1d9fb60832ba547589d35cc06b41e65d,4193
data/raw/Healthy/healthy.815.jpg,Healthy,224,224,23310,f10826af28ee4c3ac91b98394d80422c,4194
data/raw/Healthy/healthy.816.jpg,Healthy,224,224,27691,d5e9e2d7bb1e0691f10c3b4f58b44cf7,4195
data/raw/Healthy/healthy.817.jpg,Healthy,224,224,19842,b3b0b9119ba3633d71d732e5e956efb6,4196
data/raw/Healthy/healthy.818.jpg,Healthy,224,224,22632,597fd614bd2ef63716b84090720429a1,4197
data/raw/Healthy/healthy.819.jpg,Healthy,224,224,26226,6cca538ca4aaa7d24ebd21c6cc8f2018,4198
data/raw/Healthy/healthy.82.jpg,Healthy,224,224,28802,1c4f22147618ff4464f1599d6d9241c5,4199
data/raw/Healthy/healthy.820.jpg,Healthy,224,224,27298,38e7b1fe221502beb0b6dbbd1a69a5bb,4200
data/raw/Healthy/healthy.821.jpg,Healthy,224,224,52759,5c18e4b8611c08ca60abec211949e7f8,4201
data/raw/Healthy/healthy.822.jpg,Healthy,224,224,39717,f47a6a693a3d302818e56ec0bdad65e4,4202
data/raw/Healthy/healthy.823.jpg,Healthy,224,224,24362,57015291246f88da75366698afb3fedd,4203
data/raw/Healthy/healthy.824.jpg,Healthy,224,224,27257,05a9c2b15dddf9c6f784bee74de73407,4204
data/raw/Healthy/healthy.825.jpg,Healthy,224,224,25739,d2dcba76c82cd284da7279bae29a3a57,4205
data/raw/Healthy/healthy.826.jpg,Healthy,224,224,29975,56523b1dc9317c175fce08bf6b634632,4206
data/raw/Healthy/healthy.827.jpg,Healthy,224,224,28496,21c2719402dab288c998e0e229e04558,4207
data/raw/Healthy/healthy.828.jpg,Healthy,224,224,28064,b8ce1572869acfb86a1ccb55799865bf,4208
data/raw/Healthy/healthy.829.jpg,Healthy,224,224,17183,e26cfbdbff326f1b1b18a6f13946060e,4209
data/raw/Healthy/healthy.83.jpg,Healthy,224,224,28901,360a6bcca15a1e3856531918d677702e,4210
data/raw/Healthy/healthy.830.jpg,Healthy,224,224,25727,d63eef62dd804a0891dba683dd44167d,4211
data/raw/Healthy/healthy.831.jpg,Healthy,224,224,21464,1bf4bcabb72e35499a84d4f31f330fe6,4212
data/raw/Healthy/healthy.832.jpg,Healthy,224,224,58778,bffa96e8519f50476d10327e9b6f18e3,4213
data/raw/Healthy/healthy.833.jpg,Healthy,224,224,34630,ad1acc83e0cc89e4073d8a908690832e,4214
data/raw/Healthy/healthy.834.jpg,Healthy,224,224,26667,34f8baaff79431f7347a40ec160e4b6c,4215
data/raw/Healthy/healthy.835.jpg,Healthy,224,224,33337,9ba1596e77d0e52ae937ab37f6bd0254,4216
data/raw/Healthy/healthy.836.jpg,Healthy,224,224,33375,83e228b28d585cd8ad5422e7dcce0cf7,4217
data/raw/Healthy/healthy.837.jpg,Healthy,224,224,20577,bcb53d3a2d44ff1b4983fa0b41271973,4218
data/raw/Healthy/healthy.838.jpg,Healthy,224,224,26545,c229bc0847d7ef2267a8905bf4234666,4219
data/raw/Healthy/healthy.839.jpg,Healthy,224,224,55328,989f21180f8233cc3604759fb331b8f2,4220
data/raw/Healthy/healthy.84.jpg,Healthy,224,224,40019,10f84ab9c059b5cc2e4830f8d8e4635f,4221
data/raw/Healthy/healthy.840.jpg,Healthy,224,224,42642,4bbe048f1a08b7b2185b2afb8c6e88c5,4222
data/raw/Healthy/healthy.841.jpg,Healthy,224,224,34819,60d8b99d036b6a77348b22bc09f710ff,4223
data/raw/Healthy/healthy.842.jpg,Healthy,224,224,28212,a8a979aafd56c84689219bc178cab01c,4224
data/raw/Healthy/healthy.843.jpg,Healthy,224,224,50759,c6f045bf455b2214279df6c6e9df9e83,4225
data/raw/Healthy/healthy.844.jpg,Healthy,224,224,37077,47199326da4619f145f08e2a8d27cf67,4226
data/raw/Healthy/healthy.845.jpg,Healthy,224,224,29312,055cb79bc8dfcab3f0c83f7cb36c9f04,4227
data/raw/Healthy/healthy.846.jpg,Healthy,224,224,28983,2b868984d9eb006624bfcf6156df4863,4228
data/raw/Healthy/healthy.847.jpg,Healthy,224,224,30363,9235d345a11353537d941db0390fc6f6,4229
data/raw/Healthy/healthy.848.jpg,Healthy,224,224,28189,1b6c06b7d5b2511006ae9d1c530f0e74,4230
data/raw/Healthy/healthy.849.jpg,Healthy,224,224,29239,a8c5b87e00ca590da84d4a8314275add,4231
data/raw/Healthy/healthy.85.jpg,Healthy,224,224,24352,8c8b8ac6167be54fd8e073eeceab71e9,4232
data/raw/Healthy/healthy.850.jpg,Healthy,224,224,20830,872f437d61744de3dbe7a5bf00936c1e,4233
data/raw/Healthy/healthy.851.jpg,Healthy,224,224,23549,412b19a328b17a386f6990df72e8ab4f,4234
data/raw/Healthy/healthy.852.jpg,Healthy,224,224,25755,3a79e703c93d1ea35b15dbf76a9d6c85,4235
data/raw/Healthy/healthy.853.jpg,Healthy,224,224,24716,a3af334883d7655ed88e59731925b43f,4236
data/raw/Healthy/healthy.854.jpg,Healthy,224,224,56989,4c76ee9d1f72a86b6f2f28cb1c0d7f0c,4237
data/raw/Healthy/healthy.855.jpg,Healthy,224,224,42311,ed2495515da0889f81d6c7058ea8376c,4238
data/raw/Healthy/healthy.856.jpg,Healthy,224,224,38032,0bfd7530260d12c77529c8a887bc53de,4239
data/raw/Healthy/healthy.857.jpg,Healthy,224,224,56348,020aa66753076e8e84a0eade078e9597,4240
data/raw/Healthy/healthy.858.jpg,Healthy,224,224,25179,93e3e0d129b31ad3263ac54dc00c173b,4241
data/raw/Healthy/healthy.859.jpg,Healthy,224,224,24443,6796e44d6cbbcf1784292023a30f1eef,4242
data/raw/Healthy/healthy.86.jpg,Healthy,224,224,26699,117d810c4dc3d83a09a5c55c7524b7e7,4243
data/raw/Healthy/healthy.860.jpg,Healthy,224,224,29859,f9a670c9626de7e839de0e3c5744c414,4244
data/raw/Healthy/healthy.861.jpg,Healthy,224,224,31586,7aa58df3ed9dba2785ba1c243acd58fb,4245
data/raw/Healthy/healthy.862.jpg,Healthy,224,224,24050,7a67e66a18b403e946c70b69eab45e2f,4246
data/raw/Healthy/healthy.863.jpg,Healthy,224,224,31002,1358049b4a58049f874ad086e821d5e6,4247
data/raw/Healthy/healthy.864.jpg,Healthy,224,224,28884,f35d2111286e1eedb662b3a1dbf311d1,4248
data/raw/Healthy/healthy.865.jpg,Healthy,224,224,32366,53beedb03f343fe08e8997f6e4ede4b9,4249
data/raw/Healthy/healthy.866.jpg,Healthy,224,224,22289,2820c16901bafa49c1c61c0f59597ea4,4250
data/raw/Healthy/healthy.867.jpg,Healthy,224,224,50127,cda304318a5c6062b46cdfd0eb553434,4251
data/raw/Healthy/healthy.868.jpg,Healthy,224,224,25446,c16bd484315701b5376e381dd5560e80,4252
data/raw/Healthy/healthy.869.jpg,Healthy,224,224,37380,c5f91b24bc176b016ee5473cf85ab7f5,4253
data/raw/Healthy/healthy.87.jpg,Healthy,224,224,24213,305df78c94e9fac563c0f61c63f81ff2,4254
data/raw/Healthy/healthy.870.jpg,Healthy,224,224,36490,80f5ea37aa810b6d3c60d87a906cb8c5,4255
data/raw/Healthy/healthy.871.jpg,Healthy,224,224,25685,2ab592204d91f35ee14fb27b75481dee,4256
data/raw/Healthy/healthy.872.jpg,Healthy,224,224,30174,b17a5be9d02361252eb2857669bca7da,4257
data/raw/Healthy/healthy.873.jpg,Healthy,224,224,30607,d0fc3c8141724a150a1e41e934587923,4258
data/raw/Healthy/healthy.874.jpg,Healthy,224,224,32303,4882742b99bee7aff4d6b31890f2180b,4259
data/raw/Healthy/healthy.875.jpg,Healthy,224,224,22603,cd66906f4c50d34d436251b2c1246979,4260
data/raw/Healthy/healthy.876.jpg,Healthy,224,224,22168,eeb0081754e42567bd8ed210ec40f3b8,4261
data/raw/Healthy/healthy.877.jpg,Healthy,224,224,29710,d302e66aca573d0ad2daab820b9d4c9c,4262
data/raw/Healthy/healthy.878.jpg,Healthy,224,224,24191,f028637196ca44ec3087a5bbed049ded,4263
data/raw/Healthy/healthy.879.jpg,Healthy,224,224,28433,c3f99a58e212256e892c07b23605b22f,4264
data/raw/Healthy/healthy.88.jpg,Healthy,224,224,29693,03538ad154ae305f38209100f077d32a,4265
data/raw/Healthy/healthy.880.jpg,Healthy,224,224,24513,200e70dab6dffd1343ce8d9707cc5fb7,4266
data/raw/Healthy/healthy.881.jpg,Healthy,224,224,56130,96eb7a651c708d496f7705f5a3b7e324,4267
data/raw/Healthy/healthy.882.jpg,Healthy,224,224,34581,041efb32daecca92cdb51cc5336948aa,4268
data/raw/Healthy/healthy.883.jpg,Healthy,224,224,27139,7bbcc9edf298441c1f8f08cc622da29c,4269
data/raw/Healthy/healthy.884.jpg,Healthy,224,224,25545,3d2b4e540dc105dae0692cbd4fb98e5f,4270
data/raw/Healthy/healthy.885.jpg,Healthy,224,224,28918,406fbe1dae947281db90f55654b25fa7,4271
data/raw/Healthy/healthy.886.jpg,Healthy,224,224,24960,1487b20e633a8a631be5841c728ad1ed,4272
data/raw/Healthy/healthy.887.jpg,Healthy,224,224,27709,a4d1ef9998359cd171b9773fa2d648f2,4273
data/raw/Healthy/healthy.888.jpg,Healthy,224,224,30279,61dc4ced7ad60876192445ae39ef15b2,4274
data/raw/Healthy/healthy.889.jpg,Healthy,224,224,36118,dcca3d7da80b4431d5f565c7854e199d,4275
data/raw/Healthy/healthy.89.jpg,Healthy,224,224,22334,1b4db233705dd3f38d9a07ca33b768d4,4276
data/raw/Healthy/healthy.890.jpg,Healthy,224,224,24565,e2219bd36560294af3e44e938ade35d0,4277
data/raw/Healthy/healthy.891.jpg,Healthy,224,224,30329,deb2846110e9dd37e2a6454afac25cfb,4278
data/raw/Healthy/healthy.892.jpg,Healthy,224,224,24369,8bd93a7a4dcd97c2494460b50c5bb99e,4279
data/raw/Healthy/healthy.893.jpg,Healthy,224,224,25032,1f7c084c4b6cc405004972bf9e8591ca,4280
data/raw/Healthy/healthy.894.jpg,Healthy,224,224,26280,6897fdb943687fa3d543f37d33477288,4281
data/raw/Healthy/healthy.895.jpg,Healthy,224,224,37053,347d4007a760b5645bbb49677e985cab,4282
data/raw/Healthy/healthy.896.jpg,Healthy,224,224,24984,f617f6856a559f83faee55a6866c5329,4283
data/raw/Healthy/healthy.897.jpg,Healthy,224,224,36983,5b50f7a6538a51b2a5d3e42abfd037c8,4284
data/raw/Healthy/healthy.898.jpg,Healthy,224,224,35027,e96f2a8ffb2d71a784529093e9836a6b,4285
data/raw/Healthy/healthy.899.jpg,Healthy,224,224,24040,c4d6a8e9eaab0fdf88f7669f988da6d0,4286
data/raw/Healthy/healthy.9.jpg,Healthy,224,224,24085,5c5a9fd45181efcdabd8ea7d567e978f,4287
data/raw/Healthy/healthy.90.jpg,Healthy,224,224,26639,18fbe30284c47335547b0164006e3dce,4288
data/raw/Healthy/healthy.900.jpg,Healthy,224,224,28084,961171252e470ad1b9524c5fcbdbeecb,4289
data/raw/Healthy/healthy.901.jpg,Healthy,224,224,29022,a2f4b74b91c88f75439b77de018745c8,4290
data/raw/Healthy/healthy.902.jpg,Healthy,224,224,32653,be2860425c9b26114b8224dd664ad9cb,4291
data/raw/Healthy/healthy.903.jpg,Healthy,224,224,57262,4b8decdb6f3bf65e6f3036f62bb26c64,4292
data/raw/Healthy/healthy.904.jpg,Healthy,224,224,29095,f36eca6e02fed1562887854fc85c04c7,4293
data/raw/Healthy/healthy.905.jpg,Healthy,224,224,25613,11364855a0c1bb2ed8648b1873c6ce4c,4294
data/raw/Healthy/healthy.906.jpg,Healthy,224,224,28097,021c552f076bf3f5432ebce1d1a2b949,4295
data/raw/Healthy/healthy.907.jpg,Healthy,224,224,19508,923b71b7c81a75860f7e56823a8b94f8,4296
data/raw/Healthy/healthy.908.jpg,Healthy,224,224,32506,e005e4370616bc23bced434cb69d7264,4297
data/raw/Healthy/healthy.909.jpg,Healthy,224,224,49715,3aeaafb4fec4ed725541e0bfc566023d,4298
data/raw/Healthy/healthy.91.jpg,Healthy,224,224,23696,92afce489f5ba908774ff8d06436a919,4299
data/raw/Healthy/healthy.910.jpg,Healthy,224,224,26194,caf785533fe21a302488e6a7ed11ccd0,4300
data/raw/Healthy/healthy.911.jpg,Healthy,224,224,24401,2393cd62835ac80cd9f0e01f51f3d510,4301
data/raw/Healthy/healthy.912.jpg,Healthy,224,224,52237,314610deef0ad6b864fb7c99f3556c58,4302
data/raw/Healthy/healthy.913.jpg,Healthy,224,224,20366,0be02cc24c84377c6fd29c22e2340795,4303
data/raw/Healthy/healthy.914.jpg,Healthy,224,224,24307,cf7df00ca7ddb4d7b0a7546106b84e10,4304
data/raw/Healthy/healthy.915.jpg,Healthy,224,224,28476,2df8ef633c6dc46fb2a53b2a7ea25bbb,4305
data/raw/Healthy/healthy.916.jpg,Healthy,224,224,26839,bc503048df27510dd5ab00c40113c9b1,4306
data/raw/Healthy/healthy.917.jpg,Healthy,224,224,40602,18ccfb2db30f9b2acd29ef3f4591ff18,4307
data/raw/Healthy/healthy.918.jpg,Healthy,224,224,33105,88e49518038b396a94cbc84665a22619,4308
data/raw/Healthy/healthy.919.jpg,Healthy,224,224,31288,944ae145c34a5f4377aa0cacd3e0b577,4309
data/raw/Healthy/healthy.92.jpg,Healthy,224,224,25011,1565ac2e94880bfd151461df2f686bef,4310
data/raw/Healthy/healthy.920.jpg,Healthy,224,224,56005,4a23cec3d71197ce4f45d209c061322e,4311
data/raw/Healthy/healthy.921.jpg,Healthy,224,224,31427,3abedeeeaa791b206499274c0fac0dd5,4312
data/raw/Healthy/healthy.922.jpg,Healthy,224,224,25711,ad8e28416b92aa164d5ea7edab2e8603,4313
data/raw/Healthy/healthy.923.jpg,Healthy,224,224,27208,23c2fc5a6c416354a530c4e7c12e7a61,4314
data/raw/Healthy/healthy.924.jpg,Healthy,224,224,23610,8700a8a71ababa684f827091adccb066,4315
data/raw/Healthy/healthy.925.jpg,Healthy,224,224,30506,3617dd6e4a43d94f2e3fca180c68500d,4316
data/raw/Healthy/healthy.926.jpg,Healthy,224,224,27353,4692938dae7b1eb70efc61b1046b7f8e,4317
data/raw/Healthy/healthy.927.jpg,Healthy,224,224,25461,9510b47ded11a01f6887072c90b199da,4318
data/raw/Healthy/healthy.928.jpg,Healthy,224,224,23649,3dd111f9ac8d7805f431d4410fe26993,4319
data/raw/Healthy/healthy.929.jpg,Healthy,224,224,21739,88b30f66f6be54121c062b6aaffeeaa2,4320
data/raw/Healthy/healthy.93.jpg,Healthy,224,224,26457,57818e81beb8d4b67593fbcc34622422,4321
data/raw/Healthy/healthy.930.jpg,Healthy,224,224,25328,108b2ef428b5b3a2e78dffeca72f2b13,4322
data/raw/Healthy/healthy.931.jpg,Healthy,224,224,27275,2ef683b4b57e096c6df0f30bd91d68e6,4323
data/raw/Healthy/healthy.932.jpg,Healthy,224,224,22836,750b940340e9028c4316289c476d4687,4324
data/raw/Healthy/healthy.933.jpg,Healthy,224,224,53273,41aaec7f6eea134b48b13f5748f18644,4325
data/raw/Healthy/healthy.934.jpg,Healthy,224,224,28600,d431b04066ca8194f8fd93b0d78f5592,4326
data/raw/Healthy/healthy.935.jpg,Healthy,224,224,26780,0ff8a320ad25c67f0bb8a13e1c30adf2,4327
data/raw/Healthy/healthy.936.jpg,Healthy,224,224,25226,5d1560cf8565cf707422b7a24344f9d2,4328
data/raw/Healthy/healthy.937.jpg,Healthy,224,224,26474,7356dac1074f90149c869cce23200b7c,4329
data/raw/Healthy/healthy.938.jpg,Healthy,224,224,27874,27add08047a789cb3453dbb2337bac67,4330
data/raw/Healthy/healthy.939.jpg,Healthy,224,224,51133,37c0d7fd416dd9f98ac2a8ef27a40f9c,4331
data/raw/Healthy/healthy.94.jpg,Healthy,224,224,21191,4f8a4844af2e4b401b5f763f3ca8ccc3,4332
data/raw/Healthy/healthy.940.jpg,Healthy,224,224,29896,85f0982f1796ce338e8b789932995278,4333
data/raw/Healthy/healthy.941.jpg,Healthy,224,224,59589,d6e8850cbcdc07c628ef61235e2498db,4334
data/raw/Healthy/healthy.942.jpg,Healthy,224,224,54504,88558bb78376cf8c4b0f41b8593ab47a,4335
data/raw/Healthy/healthy.943.jpg,Healthy,224,224,28047,788f2844ed469532d4c7d731c5351fc0,4336
data/raw/Healthy/healthy.944.jpg,Healthy,224,224,24095,9ed39001aedbc37562907ab114e6849a,4337
data/raw/Healthy/healthy.945.jpg,Healthy,224,224,25514,2521ff471483974dc4f76a42a81264f6,4338
data/raw/Healthy/healthy.946.jpg,Healthy,224,224,22475,e89f50afbb7ab8760294e149262001ae,4339
data/raw/Healthy/healthy.947.jpg,Healthy,224,224,34342,084507b0748a68fc3719e31480f5b06e,4340
data/raw/Healthy/healthy.948.jpg,Healthy,224,224,24263,39ca0ffeb84e32cdb5980a25d9ee470c,4341
data/raw/Healthy/healthy.949.jpg,Healthy,224,224,29449,fa46b308ad71f2bc35e4edee50696b73,4342
data/raw/Healthy/healthy.95.jpg,Healthy,224,224,32048,13faa8253947f1f856bd5d98b34f40a2,4343
data/raw/Healthy/healthy.950.jpg,Healthy,224,224,27844,bd5d30f12dc06d8c8cfbb9a8fadb8199,4344
data/raw/Healthy/healthy.951.jpg,Healthy,224,224,30931,f71bfe8a6ec0e4957245ef1dbb8f6257,4345
data/raw/Healthy/healthy.952.jpg,Healthy,224,224,27222,4eb7c4d43aa1d82645a56b5cc29a4a16,4346
data/raw/Healthy/healthy.953.jpg,Healthy,224,224,28966,dd429e9efcc9fd774de031ee92a39ea5,4347
data/raw/Healthy/healthy.954.jpg,Healthy,224,224,28357,a658a1b5dfaf8265c81710a75d2f8521,4348
data/raw/Healthy/healthy.955.jpg,Healthy,224,224,25855,f45608412b86122fc71efec037d7f1eb,4349
data/raw/Healthy/healthy.956.jpg,Healthy,224,224,36628,1221ba2d8112eb481e952178e858439b,4350
data/raw/Healthy/healthy.957.jpg,Healthy,224,224,27066,2f5d40f835f6a660b755e0fd08e552d7,4351
data/raw/Healthy/healthy.958.jpg,Healthy,224,224,37954,e13e33388c6351a056a56620362822da,2449
data/raw/Healthy/healthy.959.jpg,Healthy,224,224,22372,7915dc76f6059652104d5edd369b9cfd,4352
data/raw/Healthy/healthy.96.jpg,Healthy,224,224,25311,351e9040c123c139c337d1e38c14049f,4353
data/raw/Healthy/healthy.960.jpg,Healthy,224,224,28253,b93c4a7f06f2c145ab6caf4c6c9b12e7,4354
data/raw/Healthy/healthy.961.jpg,Healthy,224,224,26130,2220e3254bc1596bf21053aac36e6744,4355
data/raw/Healthy/healthy.962.jpg,Healthy,224,224,23857,492de6b3822c70e40d4d9e8584879029,4356
data/raw/Healthy/healthy.963.jpg,Healthy,224,224,51346,3102a182d11e2aedbfecabeca2142b0c,4357
data/raw/Healthy/healthy.964.jpg,Healthy,224,224,33887,949b687e40c9912694412908106406d3,4358
data/raw/Healthy/healthy.965.jpg,Healthy,224,224,24390,c2fa0040f542124ec5f5ad80be7d6adc,4359
data/raw/Healthy/healthy.966.jpg,Healthy,224,224,27962,a1960d28ae4791da9a9753460b3cb695,4360
data/raw/Healthy/healthy.967.jpg,Healthy,224,224,59372,b13f5367784b86cb7e6a28851d1d52b0,4361
data/raw/Healthy/healthy.968.jpg,Healthy,224,224,38357,06e5dbfb144b0e1496d3f328f386a3a0,4362
data/raw/Healthy/healthy.969.jpg,Healthy,224,224,30021,988e72f5a063d0aa1fb4ec740fdf51f9,4363
data/raw/Healthy/healthy.97.jpg,Healthy,224,224,28720,a2e848ab51377701aaab50986e4a8269,4364
data/raw/Healthy/healthy.970.jpg,Healthy,224,224,44095,9f2a58ab0196ddedee9a2412487d04a5,4365
data/raw/Healthy/healthy.971.jpg,Healthy,224,224,37474,5269042d82875db5fa18ff329a02459d,4366
data/raw/Healthy/healthy.972.jpg,Healthy,224,224,15653,da6ee9b1e8c34934da4cf68f6049f5b6,4367
data/raw/Healthy/healthy.973.jpg,Healthy,224,224,35980,e6e705fa63b7122c2e6fcf28473ad98a,4368
data/raw/Healthy/healthy.974.jpg,Healthy,224,224,28479,7ab65c1eb230b296d3b4f6fd880b81bb,4369
data/raw/Healthy/healthy.975.jpg,Healthy,224,224,23777,d6b2dd8535bc4b990f5ff924685932b6,4370
data/raw/Healthy/healthy.976.jpg,Healthy,224,224,19777,bd52a7617948dd80bcfe7aace14ede2e,4371
data/raw/Healthy/healthy.977.jpg,Healthy,224,224,53207,fb87cc78c8e5b90a68fe15f9a04041c3,4372
data/raw/Healthy/healthy.978.jpg,Healthy,224,224,27231,61f2ab5c30b91c18618ee3549615523d,4373
data/raw/Healthy/healthy.979.jpg,Healthy,224,224,25888,25f83ab78c1fdb32b7200a63869a9a50,4374
data/raw/Healthy/healthy.98.jpg,Healthy,224,224,29422,dec10664ca0317fc25270511e1943420,4375
data/raw/Healthy/healthy.980.jpg,Healthy,224,224,28951,e914bc6ae6e27a7177317cfc3ba42d7a,4376
data/raw/Healthy/healthy.981.jpg,Healthy,224,224,30512,0d35460c48e17666a808a4b3c969feac,4377
data/raw/Healthy/healthy.982.jpg,Healthy,224,224,53393,87e07cac02da4ed1d23ad7f612108773,4378
data/raw/Healthy/healthy.983.jpg,Healthy,224,224,25208,682d3ca2c1262dd16a4dedff7e08bffc,4379
data/raw/Healthy/healthy.984.jpg,Healthy,224,224,22320,55600845ef1db6958f66fdbe26184977,4380
data/raw/Healthy/healthy.985.jpg,Healthy,224,224,21975,3e5264639fe9ea9fff534d2e4c4e59f0,4381
data/raw/Healthy/healthy.986.jpg,Healthy,224,224,21796,b300d49345b46566f35e184cb9f60ca1,4382
data/raw/Healthy/healthy.987.jpg,Healthy,224,224,28494,1a410d50ca78d6a34220bb75b53e1a16,4383
data/raw/Healthy/healthy.988.jpg,Healthy,224,224,29319,a39b406ed4c0b9a95a6bf3b270e79f82,4384
data/raw/Healthy/healthy.989.jpg,Healthy,224,224,34330,29fb0d2ab1d96594c6a9fa106137c864,4385
data/raw/Healthy/healthy.99.jpg,Healthy,224,224,25860,5612fc89be66978f237c93987c89aed2,4386
data/raw/Healthy/healthy.990.jpg,Healthy,224,224,25423,74b020d48fa08687ca3fb8e846da7a97,4387
data/raw/Healthy/healthy.991.jpg,Healthy,224,224,24051,d87636e4cd4418feab034ae028548c09,4388
data/raw/Healthy/healthy.992.jpg,Healthy,224,224,31264,c2e644b5222b8578d7215d84301b3a87,4389
data/raw/Healthy/healthy.993.jpg,Healthy,224,224,23553,bf62be3bfed91bc5c1c044b402fefe14,4390
data/raw/Healthy/healthy.994.jpg,Healthy,224,224,21869,e1b83cf0bdfdac07f5b92c63247c34f3,4391
data/raw/Healthy/healthy.995.jpg,Healthy,224,224,27274,32ea0a66a6768d5afb79404d1a9216a1,4392
data/raw/Healthy/healthy.996.jpg,Healthy,224,224,27133,8174b7883f7831bfd45132d0a244c7fe,4393
data/raw/Healthy/healthy.997.jpg,Healthy,224,224,21210,e3d397432c9143aa10102bff5e1c3c73,4394
data/raw/Healthy/healthy.998.jpg,Healthy,224,224,26050,279ebf397aff199cf71422226859793b,4395
data/raw/Healthy/healthy.999.jpg,Healthy,224,224,19258,ff02c27e972301123e3101d3c44a01b1,4396
data/raw/Healthy/pcrhealthy.0.jpg,Healthy,224,224,61960,4d35e3a8285636826b84a3917974f91e,4397
data/raw/Healthy/pcrhealthy.1.jpg,Healthy,224,224,44767,2b3a5b50be8edc88575e7be28422eda4,4398
data/raw/Healthy/pcrhealthy.10.jpg,Healthy,224,224,59194,d642be1906c7a68ccc1c3f78231e498d,4399
data/raw/Healthy/pcrhealthy.100.jpg,Healthy,224,224,47442,2fd17c2ee133da0dd80698ec85a466c3,4400
data/raw/Healthy/pcrhealthy.101.jpg,Healthy,224,224,59521,1ddf5434c1ff2f9713ba1ff12c9218d8,4401
data/raw/Healthy/pcrhealthy.102.jpg,Healthy,224,224,58632,b4e208b2ee0b13d3e27a21b61036984d,4402
data/raw/Healthy/pcrhealthy.103.jpg,Healthy,224,224,56021,564135f809b893d6d9d352f5fb315d8d,4403
data/raw/Healthy/pcrhealthy.104.jpg,Healthy,224,224,56573,323aabfb0f76fbd1e427effc541e2602,4404
data/raw/Healthy/pcrhealthy.105.jpg,Healthy,224,224,54866,848e75c8545ead3d688a37ea527430da,4405
data/raw/Healthy/pcrhealthy.106.jpg,Healthy,224,224,44968,4b526eb3392de7cd44bfb1db7fcffa3d,4406
data/raw/Healthy/pcrhealthy.107.jpg,Healthy,224,224,43619,be44a31c52cf0220046a8280b857925f,4407
data/raw/Healthy/pcrhealthy.108.jpg,Healthy,224,224,42593,24bb801df2088801ba51b10407d63de3,1992
data/raw/Healthy/pcrhealthy.109.jpg,Healthy,224,224,62725,e883f7b725ec4469dc27aa452d8f029b,4408
data/raw/Healthy/pcrhealthy.11.jpg,Healthy,224,224,60924,98e354cf04f2a1b17e8c923e3da8fd75,4409
data/raw/Healthy/pcrhealthy.110.jpg,Healthy,224,224,61116,e35eca6972c271b4290fe7cab692d5ef,4410
data/raw/Healthy/pcrhealthy.111.jpg,Healthy,224,224,60834,9ebfa7ff58f864c50a6841cc076d2be5,4411
data/raw/Healthy/pcrhealthy.112.jpg,Healthy,224,224,58956,00f31543164e9b41ba61c0f96614bf94,4412
data/raw/Healthy/pcrhealthy.113.jpg,Healthy,224,224,60134,1212e9ae181419ef140ea94a162c677f,4413
data/raw/Healthy/pcrhealthy.114.jpg,Healthy,224,224,39700,4f5b85d6e206229ecb4945514de03ab7,4414
data/raw/Healthy/pcrhealthy.115.jpg,Healthy,224,224,58064,d86f9853f9fc6213a6d6b17fe9770920,4415
data/raw/Healthy/pcrhealthy.116.jpg,Healthy,224,224,46176,1235632dbba097295df9304c5e95e8a7,4416
data/raw/Healthy/pcrhealthy.117.jpg,Healthy,224,224,63028,898a06b2119ad1278271bc03e06cf74b,4417
data/raw/Healthy/pcrhealthy.118.jpg,Healthy,224,224,39965,0a90e8114e64a19cb81c9f322662df4b,4418
data/raw/Healthy/pcrhealthy.119.jpg,Healthy,224,224,40195,e56d0648d2b7470e9039d4b61ac329d5,4419
data/raw/Healthy/pcrhealthy.12.jpg,Healthy,224,224,29833,2c7d9ff29f83429fde5744d024615ac7,4420
data/raw/Healthy/pcrhealthy.120.jpg,Healthy,224,224,60401,3146be1aaad810b666613940cec3373b,4421
data/raw/Healthy/pcrhealthy.121.jpg,Healthy,224,224,59227,3b5d7fc898f912401143e5ed934e6108,4422
data/raw/Healthy/pcrhealthy.122.jpg,Healthy,224,224,54444,7f313541cec3228bd898db6b6895b086,4423
data/raw/Healthy/pcrhealthy.123.jpg,Healthy,224,224,61328,ca135470555033f3f8892ee4bd9b901b,4424
data/raw/Healthy/pcrhealthy.124.jpg,Healthy,224,224,60118,79a356d365ecddf0e67e7f4c3e635611,4425
data/raw/Healthy/pcrhealthy.125.jpg,Healthy,224,224,60000,73bad3cbec3816795e65a95b44e4b9ac,4426
data/raw/Healthy/pcrhealthy.126.jpg,Healthy,224,224,60007,a7133cf2aa0b11faa61c28459d539413,4427
data/raw/Healthy/pcrhealthy.127.jpg,Healthy,224,224,57026,5522398d4a5e2f9ff973b73d368b8a95,4428
data/raw/Healthy/pcrhealthy.128.jpg,Healthy,224,224,60330,7c08d011519d640432995d84569f9a05,4429
data/raw/Healthy/pcrhealthy.129.jpg,Healthy,224,224,62018,c21f8dcddf1f5e426bf3f0a1a73da07b,4430
data/raw/Healthy/pcrhealthy.13.jpg,Healthy,224,224,58755,be1346d3f35c85d40d43024fc3afca82,4431
data/raw/Healthy/pcrhealthy.130.jpg,Healthy,224,224,29084,940defd442e00ebb697dc7e22d96b878,4432
data/raw/Healthy/pcrhealthy.131.jpg,Healthy,224,224,47892,f1c30837555eeb55a1e6888963915d85,4433
data/raw/Healthy/pcrhealthy.132.jpg,Healthy,224,224,61026,e159486893873366bcf7a2d92e4ce115,4434
data/raw/Healthy/pcrhealthy.133.jpg,Healthy,224,224,58782,b4212be14bc149a388fb16f2fdd4cdaa,4435
data/raw/Healthy/pcrhealthy.134.jpg,Healthy,224,224,57279,0c5ea9b8feade2bac3f65ac7908c02b1,4436
data/raw/Healthy/pcrhealthy.135.jpg,Healthy,224,224,62611,93cf8168dca9773fe1099e86d0bc0bc2,4437
data/raw/Healthy/pcrhealthy.136.jpg,Healthy,224,224,39965,b334b0680caefe4a10d20237a3dd5547,4418
data/raw/Healthy/pcrhealthy.137.jpg,Healthy,224,224,62781,cc09fca8709f65d57df5d2c3f27411ef,4438
data/raw/Healthy/pcrhealthy.138.jpg,Healthy,224,224,58913,c944b769b4c9c907afb85b6447a29eae,4439
data/raw/Healthy/pcrhealthy.139.jpg,Healthy,224,224,59263,fbb37fd8c9122f588b422ecf8aea2e2c,4440
data/raw/Healthy/pcrhealthy.14.jpg,Healthy,224,224,60266,85ef5b8f0745f34a3667181276ef1a0d,4441
data/raw/Healthy/pcrhealthy.140.jpg,Healthy,224,224,60397,9bb08b04d9cc4dcb65175279beec6801,4442
data/raw/Healthy/pcrhealthy.141.jpg,Healthy,224,224,47504,862bfe4baa080328feaf6a7f30a671ec,4443
data/raw/Healthy/pcrhealthy.142.jpg,Healthy,224,224,62428,9232a577da1783e9d0159ee844e528af,4444
data/raw/Healthy/pcrhealthy.143.jpg,Healthy,224,224,55437,1891a64382dc5a260e83e9925a36e40a,4445
data/raw/Healthy/pcrhealthy.144.jpg,Healthy,224,224,58853,6f7420f3747ac19fc5baf5d2fac6f8ef,4446
data/raw/Healthy/pcrhealthy.145.jpg,Healthy,224,224,51254,1b84792287a55536da0fad46bb133553,4447
data/raw/Healthy/pcrhealthy.146.jpg,Healthy,224,224,61972,9fc030605dbab4d48bd6136438624a3b,4448
data/raw/Healthy/pcrhealthy.147.jpg,Healthy,224,224,59137,e1761b381c9fc72a4ee77d463551f719,4449
data/raw/Healthy/pcrhealthy.148.jpg,Healthy,224,224,44821,607252f5038d25c887436cd2bf00e741,4450
data/raw/Healthy/pcrhealthy.149.jpg,Healthy,224,224,58947,8a8429c278ef36e9fd6419288a3e0ee5,4451
data/raw/Healthy/pcrhealthy.15.jpg,Healthy,224,224,60668,d8213d59af48d80ddeb5518b37b70371,4452
data/raw/Healthy/pcrhealthy.150.jpg,Healthy,224,224,56896,08b0d6baa9638ec973ba19550bdce5b8,4453
data/raw/Healthy/pcrhealthy.151.jpg,Healthy,224,224,61734,eefbad205ec40308f60c7167038f602a,4454
data/raw/Healthy/pcrhealthy.152.jpg,Healthy,224,224,58943,6b0f11ecba1b1bc628e3aa4005083b81,4455
data/raw/Healthy/pcrhealthy.153.jpg,Healthy,224,224,48931,d79f7b4f207c5d4b8e70fa5f3556d507,4456
data/raw/Healthy/pcrhealthy.154.jpg,Healthy,224,224,61763,c4ad821327e5cac1f222739de83df383,4457
data/raw/Healthy/pcrhealthy.155.jpg,Healthy,224,224,60480,10f7636ba7b2007310f39da514180480,4458
data/raw/Healthy/pcrhealthy.156.jpg,Healthy,224,224,60596,f805c966bf42f570233a2ee20567b105,4459
data/raw/Healthy/pcrhealthy.157.jpg,Healthy,224,224,57761,218e5e244987247af19312aca8ba6714,4460
data/raw/Healthy/pcrhealthy.158.jpg,Healthy,224,224,59276,670b0fde8f095e39947a5795b635a678,4461
data/raw/Healthy/pcrhealthy.159.jpg,Healthy,224,224,49650,9499fa4969265e58d7b3a817b143d217,4462
data/raw/Healthy/pcrhealthy.16.jpg,Healthy,224,224,56242,21b39fe22f6a371f71d8338c513c9c0f,4463
data/raw/Healthy/pcrhealthy.160.jpg,Healthy,224,224,58209,cc5c0a3683beab53fb0e573ef7041b70,4464
data/raw/Healthy/pcrhealthy.161.jpg,Healthy,224,224,51612,55f8e799be8e0e014b2c5742f523f348,4465
data/raw/Healthy/pcrhealthy.162.jpg,Healthy,224,224,51702,e4e20b67b25a96b1bba2d5522250922a,4466
data/raw/Healthy/pcrhealthy.163.jpg,Healthy,224,224,45208,e3d66d0737d89d9d69f634d676bb6879,4467
data/raw/Healthy/pcrhealthy.164.jpg,Healthy,224,224,60037,e3c7b67c9936c99d55b60bc4b068bad4,4468
data/raw/Healthy/pcrhealthy.165.jpg,Healthy,224,224,54971,d0c4b37cbf6f12565a3249aba2fd4626,4469
data/raw/Healthy/pcrhealthy.166.jpg,Healthy,224,224,59402,018e5ca88e6bc807d8e46c08a3fc3ca8,4470
data/raw/Healthy/pcrhealthy.167.jpg,Healthy,224,224,54909,9ed3242b7770b5f1651831517d1bc141,4471
data/raw/Healthy/pcrhealthy.168.jpg,Healthy,224,224,53094,1854d6612bb68707cf6dd6e59db07eed,4472
data/raw/Healthy/pcrhealthy.169.jpg,Healthy,224,224,44470,8480ef8ad329a203b3d28b1160b1998d,4473
data/raw/Healthy/pcrhealthy.17.jpg,Healthy,224,224,54160,9f6ac64a60e979a049d07ccb4d0293da,4474
data/raw/Healthy/pcrhealthy.170.jpg,Healthy,224,224,59574,9ab060726bb5d97e1b5e386cd776b4be,4475
data/raw/Healthy/pcrhealthy.171.jpg,Healthy,224,224,56899,313ef23e16354c8146ae6d1e18bfed62,2089
data/raw/Healthy/pcrhealthy.172.jpg,Healthy,224,224,61266,9120ddf3b4ae6895b54b87564bd056ca,4476
data/raw/Healthy/pcrhealthy.173.jpg,Healthy,224,224,55865,dc596889d3e701fb9cd5f235b53f1c32,4477
data/raw/Healthy/pcrhealthy.174.jpg,Healthy,224,224,62703,189b462291acab2452655b233a33c663,4478
data/raw/Healthy/pcrhealthy.175.jpg,Healthy,224,224,57909,952ab58c802f636ddd5c946d0914be9f,4479
data/raw/Healthy/pcrhealthy.176.jpg,Healthy,224,224,51281,b6f57e3cb4cc050299f3358f8e4f0a1f,4480
data/raw/Healthy/pcrhealthy.177.jpg,Healthy,224,224,59561,dd92e82e167ba022ec7189901d5f932e,4481
data/raw/Healthy/pcrhealthy.178.jpg,Healthy,224,224,60860,d90a5446077e06b45adb96dbcfff2432,4482
data/raw/Healthy/pcrhealthy.179.jpg,Healthy,224,224,58328,b4255319a33635b7b64fede93407d5fc,4483
data/raw/Healthy/pcrhealthy.18.jpg,Healthy,224,224,60104,151f92f89a682f202c4a45004836a51c,4484
data/raw/Healthy/pcrhealthy.180.jpg,Healthy,224,224,63773,3c1d1c7564f0eea5e9cb939388f0f107,4485
data/raw/Healthy/pcrhealthy.181.jpg,Healthy,224,224,60477,3e883f7f98a18ce89d4ad1a39ee3ef8f,4486
data/raw/Healthy/pcrhealthy.182.jpg,Healthy,224,224,59934,67b29995912bc3090807a38f3388be5f,2262
data/raw/Healthy/pcrhealthy.183.jpg,Healthy,224,224,59186,66fff3d3ee173b1d03706717618e5f76,2100
data/raw/Healthy/pcrhealthy.184.jpg,Healthy,224,224,58908,92121e53c474f7398fd9ce4df4e61adc,4487
data/raw/Healthy/pcrhealthy.185.jpg,Healthy,224,224,52536,d4b85f06d0d3cbe81a380967a60c3c65,4488
data/raw/Healthy/pcrhealthy.186.jpg,Healthy,224,224,63066,bdbe71bcb55a42cab12058a44d959eb9,4489
data/raw/Healthy/pcrhealthy.187.jpg,Healthy,224,224,58578,e3afaf3ba6a7ca479e60211964f88637,4490
data/raw/Healthy/pcrhealthy.188.jpg,Healthy,224,224,59794,94e6d41db732f5cf4311a6f93adebd1a,2106
data/raw/Healthy/pcrhealthy.189.jpg,Healthy,224,224,52447,85f22134bdd1c87afb8295c62728d347,4491
data/raw/Healthy/pcrhealthy.19.jpg,Healthy,224,224,54893,88f8ec77a933953f36cd9cfebbf599da,4492
data/raw/Healthy/pcrhealthy.190.jpg,Healthy,224,224,35866,c4d671311f3d24c049af9419c6e4c332,4493
data/raw/Healthy/pcrhealthy.191.jpg,Healthy,224,224,59804,8594c6a1341b3c120786cfcd63e9efb2,4494
data/raw/Healthy/pcrhealthy.192.jpg,Healthy,224,224,44322,b2068f025d63d16a0e803792237f2d56,4495
data/raw/Healthy/pcrhealthy.193.jpg,Healthy,224,224,53705,d1a66265686b950b5244d39db8bdf879,4496
data/raw/Healthy/pcrhealthy.194.jpg,Healthy,224,224,42326,e9bd4f5e7c4380f0b770a0ec9eac08dd,4497
data/raw/Healthy/pcrhealthy.195.jpg,Healthy,224,224,63418,9aa84b516c459e76d94bca11de420214,4498
data/raw/Healthy/pcrhealthy.196.jpg,Healthy,224,224,46539,d6cc9b56c81e57df27ce4b867f267a28,4499
data/raw/Healthy/pcrhealthy.197.jpg,Healthy,224,224,56703,f0810bf2c48686d8be8ed443c9c964b6,4500
data/raw/Healthy/pcrhealthy.198.jpg,Healthy,224,224,61709,52c4770707c61d723616edabdae8a908,4501
data/raw/Healthy/pcrhealthy.199.jpg,Healthy,224,224,57045,27f2388959d27a9a7e8c2a09733f5558,4502
data/raw/Healthy/pcrhealthy.2.jpg,Healthy,224,224,58294,9af8a81a99a44ca2ea2d7cb7be4fc39a,4503
data/raw/Healthy/pcrhealthy.20.jpg,Healthy,224,224,59006,35e1bbc4347633c4962a688966016f72,4504
data/raw/Healthy/pcrhealthy.200.jpg,Healthy,224,224,61029,e28bdab1c264041137b1b876b86e58ac,4505
data/raw/Healthy/pcrhealthy.201.jpg,Healthy,224,224,51025,a950d9a096ba67d9493b0e5f85099ffa,4506
data/raw/Healthy/pcrhealthy.202.jpg,Healthy,224,224,56573,149c0498e24591abec95b760e27d72c2,4404
data/raw/Healthy/pcrhealthy.203.jpg,Healthy,224,224,57534,3e098773301a07199a1e8c0c1410e92a,4507
data/raw/Healthy/pcrhealthy.204.jpg,Healthy,224,224,50900,c56158957eac7d48dad8a384a0a4e2e3,4508
data/raw/Healthy/pcrhealthy.205.jpg,Healthy,224,224,59166,2fbbf53e8996f10ea9d240d48178483d,4509
data/raw/Healthy/pcrhealthy.206.jpg,Healthy,224,224,59276,ef3b56681f0c16b1478a349b990fa8c3,4510
data/raw/Healthy/pcrhealthy.207.jpg,Healthy,224,224,49691,42455b2b1cdb7add8e68b32ff37070b0,4511
data/raw/Healthy/pcrhealthy.208.jpg,Healthy,224,224,59006,5997f56e4b2426c4e83088ba58f8d406,4512
data/raw/Healthy/pcrhealthy.209.jpg,Healthy,224,224,59998,9b2261c17f5ee2c87fc0bda4310959e2,4513
data/raw/Healthy/pcrhealthy.21.jpg,Healthy,224,224,58832,0d8c0b659bfe99814e25052ee9977686,4514
data/raw/Healthy/pcrhealthy.210.jpg,Healthy,224,224,63066,715e05d76ed9ec45266a34f593509b66,4489
data/raw/Healthy/pcrhealthy.211.jpg,Healthy,224,224,61464,4e8a587c0c2fa9123e2ebb2eb317685f,4515
data/raw/Healthy/pcrhealthy.212.jpg,Healthy,224,224,53910,7845427958b8836ffed41a932398ed85,4516
data/raw/Healthy/pcrhealthy.213.jpg,Healthy,224,224,57085,0da005e594a8206b18ef79458331af9f,2140
data/raw/Healthy/pcrhealthy.214.jpg,Healthy,224,224,43138,5700f282cb515ffa6449fc01316c06ec,4517
data/raw/Healthy/pcrhealthy.215.jpg,Healthy,224,224,60257,8f12cd03d786ff131cfcadf3e0841638,4518
data/raw/Healthy/pcrhealthy.216.jpg,Healthy,224,224,61790,39024c1a7b24e9f8c138f7329c4a8b79,4519
data/raw/Healthy/pcrhealthy.217.jpg,Healthy,224,224,60385,7bb5dc6614660713d6d2e723656a29bb,4520
data/raw/Healthy/pcrhealthy.218.jpg,Healthy,224,224,30863,140770e5901d0b3f64417f2bdef4e23e,4521
data/raw/Healthy/pcrhealthy.219.jpg,Healthy,224,224,64434,68769392045c08a1bc94c5b2e34ec3a2,4522
data/raw/Healthy/pcrhealthy.22.jpg,Healthy,224,224,53482,76026a48a9e8baa03e8e1aa09ac5ce7f,4523
data/raw/Healthy/pcrhealthy.220.jpg,Healthy,224,224,59789,3fc18b8d40d9156d9d6379d07786a894,2143
data/raw/Healthy/pcrhealthy.221.jpg,Healthy,224,224,46192,cfacd065b6ec6298d23a5726d494215f,4524
data/raw/Healthy/pcrhealthy.222.jpg,Healthy,224,224,45653,55c88b8fc60cdefb8a2c56bbf22110b5,4525
data/raw/Healthy/pcrhealthy.223.jpg,Healthy,224,224,43781,a20b3fed96780771038718c889a6a76a,4526
data/raw/Healthy/pcrhealthy.224.jpg,Healthy,224,224,56573,3890117d676ffd52c02cd24d76e2a498,4527
data/raw/Healthy/pcrhealthy.225.jpg,Healthy,224,224,60701,0f052b658608fdacba6284eaea5a746b,4528
data/raw/Healthy/pcrhealthy.226.jpg,Healthy,224,224,49104,2ba5bcdf728357b419e41526a88d1c30,4529
data/raw/Healthy/pcrhealthy.227.jpg,Healthy,224,224,41351,5d44691464b8f449168e372671b8f036,4530
data/raw/Healthy/pcrhealthy.228.jpg,Healthy,224,224,45568,bf19d08471615499df25e6dc06f201ea,4531
data/raw/Healthy/pcrhealthy.229.jpg,Healthy,224,224,59561,b552f25b88a09635b49984b5ca1309d7,4481
data/raw/Healthy/pcrhealthy.23.jpg,Healthy,224,224,49071,bdc3989c761b63dd6f207a385f844b47,4532
data/raw/Healthy/pcrhealthy.230.jpg,Healthy,224,224,56896,417fd07ba7edaf1a7268f8e5a53093c6,4453
data/raw/Healthy/pcrhealthy.231.jpg,Healthy,224,224,55735,3d78641d96bb0062f5d7b44aae3d851a,4533
data/raw/Healthy/pcrhealthy.232.jpg,Healthy,224,224,47376,606df7d3c237b4b26898b15cd886dabf,4534
data/raw/Healthy/pcrhealthy.233.jpg,Healthy,224,224,55919,8984f5564b1e496ed97eb70925bb951f,4535
data/raw/Healthy/pcrhealthy.234.jpg,Healthy,224,224,40502,9c7e13e8a1c95fbb92c61c2a3f575c22,2154
data/raw/Healthy/pcrhealthy.235.jpg,Healthy,224,224,60731,70d008e20ff2f61e46956e3dceea3a6f,4536
data/raw/Healthy/pcrhealthy.236.jpg,Healthy,224,224,62110,19f49db921dbe37cc1766b5b60eae353,4537
data/raw/Healthy/pcrhealthy.237.jpg,Healthy,224,224,52814,02a937a647a5ecd3cc8eb525efe0890e,4538
data/raw/Healthy/pcrhealthy.238.jpg,Healthy,224,224,57679,24e3a79d55229dd129c0df67d1581825,2162
data/raw/Healthy/pcrhealthy.239.jpg,Healthy,224,224,63418,15fafba89a44b4b2ef7b65bed49d21ad,4498
data/raw/Healthy/pcrhealthy.24.jpg,Healthy,224,224,61025,fe0af0d5ddfc636ee2290d3829f4b350,4539
data/raw/Healthy/pcrhealthy.240.jpg,Healthy,224,224,58402,d83e0697d39d02c5db45efd50f4a164c,4540
data/raw/Healthy/pcrhealthy.241.jpg,Healthy,224,224,57029,8417bf81b798c70d771aee1d2b8d9e39,4541
data/raw/Healthy/pcrhealthy.242.jpg,Healthy,224,224,49996,791d76b8b87d04ae641b9f79a513cef0,4542
data/raw/Healthy/pcrhealthy.243.jpg,Healthy,224,224,49642,d6ffceaafcec67011a5a3bd04702331d,4543
data/raw/Healthy/pcrhealthy.244.jpg,Healthy,224,224,48081,fe1a6c2cce84d29825e2cc0cb005a582,4544
data/raw/Healthy/pcrhealthy.245.jpg,Healthy,224,224,61986,9130baa9e08267a9f2c4657fd06cbe16,4545
data/raw/Healthy/pcrhealthy.246.jpg,Healthy,224,224,60194,071794283f737b710082851e9ea05b4a,4546
data/raw/Healthy/pcrhealthy.247.jpg,Healthy,224,224,47145,796e9688bbb498f338be47b630417001,4547
data/raw/Healthy/pcrhealthy.248.jpg,Healthy,224,224,55955,83036238dd20e15cabbd546c8a13a552,4548
data/raw/Healthy/pcrhealthy.249.jpg,Healthy,224,224,46255,3b07bfbe4191ab2b9c1a2ffdac556ced,4549
data/raw/Healthy/pcrhealthy.25.jpg,Healthy,224,224,56881,52825a21bcf7328688f4a85d00010d9b,4550
data/raw/Healthy/pcrhealthy.250.jpg,Healthy,224,224,53727,86a3b69982fb8d53027b12d588c0c474,4551
data/raw/Healthy/pcrhealthy.251.jpg,Healthy,224,224,44584,e53097519be1267ceab581dfc3f541bc,4552
data/raw/Healthy/pcrhealthy.252.jpg,Healthy,224,224,53975,1aee52a32a23ae9ed782c133bceb53bf,4553
data/raw/Healthy/pcrhealthy.253.jpg,Healthy,224,224,39912,4b378e03b038e3b15781751df1ed3a98,4554
data/raw/Healthy/pcrhealthy.254.jpg,Healthy,224,224,45656,a5a1aa6b592e5fa9c9b4b59e88b5bbf5,4555
data/raw/Healthy/pcrhealthy.255.jpg,Healthy,224,224,60022,9dc9505ce5debf74bf1479329b748c17,4556
data/raw/Healthy/pcrhealthy.256.jpg,Healthy,224,224,61542,8a84ac71b3193e9ceecb16d1095f2e8c,4557
data/raw/Healthy/pcrhealthy.257.jpg,Healthy,224,224,54518,4228daccf649d7b51de17baaca575e74,4558
data/raw/Healthy/pcrhealthy.258.jpg,Healthy,224,224,62331,5763f40c32da47ce431eeb0fa6402a06,4559
data/raw/Healthy/pcrhealthy.259.jpg,Healthy,224,224,62110,7ae3f04f5fbd9ffcfd417c68bd710ab8,4537
data/raw/Healthy/pcrhealthy.26.jpg,Healthy,224,224,51296,1d07cf58e13fc20e34149c10b2a8aa72,4560
data/raw/Healthy/pcrhealthy.260.jpg,Healthy,224,224,56518,782881c0b4c1aad44646e4032604a85b,4561
data/raw/Healthy/pcrhealthy.261.jpg,Healthy,224,224,62578,53d5852c7a609c495b06cffb548a09fe,4562
data/raw/Healthy/pcrhealthy.262.jpg,Healthy,224,224,45207,a042edf4ee2b60f5d280ba882c95f56a,4563
data/raw/Healthy/pcrhealthy.263.jpg,Healthy,224,224,55908,e0a8ab59b129e9d983c5d6abe7a9a574,4564
data/raw/Healthy/pcrhealthy.264.jpg,Healthy,224,224,60389,ee39c3b796b2e294a12d84d8bf2c4c42,4565
data/raw/Healthy/pcrhealthy.265.jpg,Healthy,224,224,56338,8900b71a4ea31d78f0fe5700e56e9978,4566
data/raw/Healthy/pcrhealthy.266.jpg,Healthy,224,224,46195,2906eb27a98c5f4f1eecd4b252548ced,4567
data/raw/Healthy/pcrhealthy.267.jpg,Healthy,224,224,44251,ee71d46957519700a9391fc64a5c8005,4568
data/raw/Healthy/pcrhealthy.268.jpg,Healthy,224,224,58418,aba646c79db0f8bda6c9d65c8adee15f,4569
data/raw/Healthy/pcrhealthy.269.jpg,Healthy,224,224,55625,bfaac730f085d4c8d087445aec93280d,4570
data/raw/Healthy/pcrhealthy.27.jpg,Healthy,224,224,58509,7f28e8cbadaa2fa4a078cc1373f50fdc,4571
data/raw/Healthy/pcrhealthy.270.jpg,Healthy,224,224,53044,1db7a32e462fa01d8ac7c062f182bedd,4572
data/raw/Healthy/pcrhealthy.271.jpg,Healthy,224,224,45709,a16846a60857ed0d2c958cbca64f6ef2,4573
data/raw/Healthy/pcrhealthy.272.jpg,Healthy,224,224,62995,3109cd92bdea53c8f69547d0548da1ea,4574
data/raw/Healthy/pcrhealthy.273.jpg,Healthy,224,224,59230,d29b7d1ca177dda045509eea1bea95c2,4575
data/raw/Healthy/pcrhealthy.274.jpg,Healthy,224,224,61106,a07cb139fe6a7d7f12d6fa766a9d5977,4576
data/raw/Healthy/pcrhealthy.275.jpg,Healthy,224,224,51111,0b935630669f2008152cddecc4c72b12,4577
data/raw/Healthy/pcrhealthy.276.jpg,Healthy,224,224,58785,68aae6c858c3f815e77ed4ded7807e8e,4578
data/raw/Healthy/pcrhealthy.277.jpg,Healthy,224,224,60289,7f1a1224398fd3052c77c638a7fce438,4579
data/raw/Healthy/pcrhealthy.278.jpg,Healthy,224,224,56113,5bd45b97b32a2cf710e592ef00726bd6,4580
data/raw/Healthy/pcrhealthy.279.jpg,Healthy,224,224,43804,fa12fbcc59ed6e9ddb9f3045675db1b6,4581
data/raw/Healthy/pcrhealthy.28.jpg,Healthy,224,224,53727,eb81f5d92d0524c81dd64ea1f3cbc512,4551
data/raw/Healthy/pcrhealthy.280.jpg,Healthy,224,224,42520,fbc07ef33a7d8a5ec3316f6bad61779d,4582
data/raw/Healthy/pcrhealthy.281.jpg,Healthy,224,224,60564,ea91264d728d89254abdc9e9559ffe51,4583
data/raw/Healthy/pcrhealthy.282.jpg,Healthy,224,224,39653,6db202169902e3da01fa7e8194fbea71,4584
data/raw/Healthy/pcrhealthy.283.jpg,Healthy,224,224,60243,b29172e844d9dd7cfa1a4481af3a0137,4585
data/raw/Healthy/pcrhealthy.284.jpg,Healthy,224,224,45705,8bf9ced6090de4ecf91803fe30cf2a9f,4586
data/raw/Healthy/pcrhealthy.285.jpg,Healthy,224,224,49382,06cabe9972da38fbfc3a78c030cbb3db,4587
data/raw/Healthy/pcrhealthy.286.jpg,Healthy,224,224,51803,30001c86df422ad0f1ed09b3e61ece58,4588
data/raw/Healthy/pcrhealthy.287.jpg,Healthy,224,224,59829,2711a34b356922682321682dcec137ac,4589
data/raw/Healthy/pcrhealthy.288.jpg,Healthy,224,224,61745,6a7c349d2fad516c73a0021ce43a8371,4590
data/raw/Healthy/pcrhealthy.289.jpg,Healthy,224,224,60185,12c4a80e57adac8ea36a5a714ba62c30,4591
data/raw/Healthy/pcrhealthy.29.jpg,Healthy,224,224,55284,8cff804c8bda94c43feacdd48081fb9a,4592
data/raw/Healthy/pcrhealthy.290.jpg,Healthy,224,224,59006,eee1a62cea3abcca41c93941cf1b754a,4512
data/raw/Healthy/pcrhealthy.291.jpg,Healthy,224,224,43891,599c16296dce2f481ef890162b4c6c8f,4593
data/raw/Healthy/pcrhealthy.292.jpg,Healthy,224,224,37595,582eeec82afdd60bf80033ab1568ec71,4594
data/raw/Healthy/pcrhealthy.293.jpg,Healthy,224,224,60396,7e100dca35f9dd1166761d6e22874060,4595
data/raw/Healthy/pcrhealthy.294.jpg,Healthy,224,224,49248,01bc1fa20aa67df263b1236cd54d3a51,4596
data/raw/Healthy/pcrhealthy.295.jpg,Healthy,224,224,54300,8f0dedaeb0d9571dab0244635e07fcd0,4597
data/raw/Healthy/pcrhealthy.296.jpg,Healthy,224,224,55705,781985c501d378b20c95e591e43ebce2,4598
data/raw/Healthy/pcrhealthy.297.jpg,Healthy,224,224,57313,174e95afd79a6eed2153165012705f10,4599
data/raw/Healthy/pcrhealthy.298.jpg,Healthy,224,224,59949,7865a43c9c986d9ac761bb4f2a5b794e,4600
data/raw/Healthy/pcrhealthy.299.jpg,Healthy,224,224,41837,ff8aeb7d253c8e970045a28bdd9d7011,4601
data/raw/Healthy/pcrhealthy.3.jpg,Healthy,224,224,61341,c76e8779e63f03c9ffcf08c64b22cb8d,4602
data/raw/Healthy/pcrhealthy.30.jpg,Healthy,224,224,60932,9abf983cf04539bf418241ceaa550b55,4603
data/raw/Healthy/pcrhealthy.300.jpg,Healthy,224,224,48561,6bc706135789894c785ad4314b584f0d,4604
data/raw/Healthy/pcrhealthy.301.jpg,Healthy,224,224,56316,98966d5e30c4c281c8b621d09bb40f4f,4605
data/raw/Healthy/pcrhealthy.302.jpg,Healthy,224,224,61489,ab71377d1db7c9fcc3e9070328cb7513,4606
data/raw/Healthy/pcrhealthy.303.jpg,Healthy,224,224,54981,e6b513f918a41b10c5840817bbeee21f,4607
data/raw/Healthy/pcrhealthy.304.jpg,Healthy,224,224,60300,159a8f4e662340e58503ef1f5d50a153,4608
data/raw/Healthy/pcrhealthy.305.jpg,Healthy,224,224,60851,36c280a838d80aafeb4f55e585f3a421,4609
data/raw/Healthy/pcrhealthy.306.jpg,Healthy,224,224,46997,e8b80a06f5e606542507089b71e912c7,4610
data/raw/Healthy/pcrhealthy.307.jpg,Healthy,224,224,60665,69ee877c9690be7e815f02cd1353d9ac,4611
data/raw/Healthy/pcrhealthy.308.jpg,Healthy,224,224,55824,ef4dacf1d15c6ba1ed28d9804fc7f35e,2230
data/raw/Healthy/pcrhealthy.309.jpg,Healthy,224,224,45028,e3dd8ac5988f2e800f80a5746d7896b9,4612
data/raw/Healthy/pcrhealthy.31.jpg,Healthy,224,224,42761,f3cfd2904a8decff733f3ef7dafd9c27,4613
data/raw/Healthy/pcrhealthy.310.jpg,Healthy,224,224,62802,6e415312be47cef331b7dbb05917d28c,4614
data/raw/Healthy/pcrhealthy.311.jpg,Healthy,224,224,56179,0433e95f3a9e73b69cf0147d70a6da34,4615
data/raw/Healthy/pcrhealthy.312.jpg,Healthy,224,224,56267,e66213308d1c29520a5184a7f08dd075,4616
data/raw/Healthy/pcrhealthy.313.jpg,Healthy,224,224,57690,a2e6b51311774a200ebf0db5f3511cf9,4617
data/raw/Healthy/pcrhealthy.314.jpg,Healthy,224,224,57445,fae5cda2d0be5afa2bb23f9f72bd96a6,4618
data/raw/Healthy/pcrhealthy.315.jpg,Healthy,224,224,59751,7e4dc79764428773436d717640035286,4619
data/raw/Healthy/pcrhealthy.316.jpg,Healthy,224,224,56930,aa3c169a91a6fbeea99bc00d606ba303,4620
data/raw/Healthy/pcrhealthy.317.jpg,Healthy,224,224,54409,714b0ef65d18fe4e30f17000fa63d6c8,2248
data/raw/Healthy/pcrhealthy.318.jpg,Healthy,224,224,63710,36eb706af5cb01c56ae7008a7eae22b5,4621
data/raw/Healthy/pcrhealthy.319.jpg,Healthy,224,224,62565,e5ed1285a7dd78a6d6314e6a6f3b0037,4622
data/raw/Healthy/pcrhealthy.32.jpg,Healthy,224,224,56238,bce211bf204557ffa392ebc9e37e6f27,4623
data/raw/Healthy/pcrhealthy.320.jpg,Healthy,224,224,50183,09e4792fa1bc8ed080b0bce7c10f23b7,4624
data/raw/Healthy/pcrhealthy.321.jpg,Healthy,224,224,61875,2f12f53351d019e4016beea1e349b51b,4625
data/raw/Healthy/pcrhealthy.322.jpg,Healthy,224,224,57648,7d62fbc0975344faed00060823d6bc75,4626
data/raw/Healthy/pcrhealthy.323.jpg,Healthy,224,224,55902,9c22d4f0f84f9bf15780d1773d31830f,4627
data/raw/Healthy/pcrhealthy.324.jpg,Healthy,224,224,59474,309ed964feb03a0adb548b7d43dad9f6,2250
data/raw/Healthy/pcrhealthy.325.jpg,Healthy,224,224,50365,d0343141194a4e6e78452b53b7edc66b,4628
data/raw/Healthy/pcrhealthy.326.jpg,Healthy,224,224,58470,fce813bd3a6d56462e6001daf0105f17,4629
data/raw/Healthy/pcrhealthy.327.jpg,Healthy,224,224,63313,d9709da63de87b7afa5e07d98b265af6,4630
data/raw/Healthy/pcrhealthy.328.jpg,Healthy,224,224,61104,a98e2180d181ae50001c4c210d0195d7,2252
data/raw/Healthy/pcrhealthy.329.jpg,Healthy,224,224,40874,f8d8faba65eaad9f30b783e37491c401,4631
data/raw/Healthy/pcrhealthy.33.jpg,Healthy,224,224,48851,400112fa6e7d81253ae7223e51610eb4,4632
data/raw/Healthy/pcrhealthy.330.jpg,Healthy,224,224,31487,af5ed82de5223ec6f16f851067112146,4633
data/raw/Healthy/pcrhealthy.331.jpg,Healthy,224,224,60704,a56c6ca88c270db229ce524bcf51928d,4634
data/raw/Healthy/pcrhealthy.332.jpg,Healthy,224,224,62733,779c4e504c2fde4de946c23db8a0fd5f,4635
data/raw/Healthy/pcrhealthy.333.jpg,Healthy,224,224,40676,8b66163728f99069b3d14bc2f54a5fe7,4636
data/raw/Healthy/pcrhealthy.334.jpg,Healthy,224,224,56913,3c45e732da2ee0aed29f768ed9db9b9b,4637
data/raw/Healthy/pcrhealthy.335.jpg,Healthy,224,224,67059,bdb0f2760fc1bf0c90bce7af6376b77e,4638
data/raw/Healthy/pcrhealthy.336.jpg,Healthy,224,224,57134,e0d8007288f7acf69b83b22ef49eb40b,4639
data/raw/Healthy/pcrhealthy.337.jpg,Healthy,224,224,59428,50d72d8f824092b2f129e52f05b448a1,4640
data/raw/Healthy/pcrhealthy.338.jpg,Healthy,224,224,47605,b4aee99754876cd0e6babf6136b725ae,4641
data/raw/Healthy/pcrhealthy.339.jpg,Healthy,224,224,57274,17dc9572a49f91c51282a29f770041f2,4642
data/raw/Healthy/pcrhealthy.34.jpg,Healthy,224,224,52447,dce51c9e571ed9e72b7d79a862bf6361,4491
data/raw/Healthy/pcrhealthy.340.jpg,Healthy,224,224,60861,10693d358a803795f29dfe1acdf8302f,4643
data/raw/Healthy/pcrhealthy.341.jpg,Healthy,224,224,61635,50c1dfae4a2a8ee7d06041e90db3343e,4644
data/raw/Healthy/pcrhealthy.342.jpg,Healthy,224,224,61743,8e8ee41135fd0001a92455999031a2e9,4645
data/raw/Healthy/pcrhealthy.343.jpg,Healthy,224,224,50930,e79feb12e3b5c1665fb81b9175d0d220,4646
data/raw/Healthy/pcrhealthy.344.jpg,Healthy,224,224,55913,79878d5bd13580cd67b8b9ee4d408c60,2269
data/raw/Healthy/pcrhealthy.345.jpg,Healthy,224,224,61739,baa4e5163cd4432a446089ed158b2a84,4647
data/raw/Healthy/pcrhealthy.346.jpg,Healthy,224,224,63014,3e7954c03fb82fc8d126a9a4b28ed472,4648
data/raw/Healthy/pcrhealthy.35.jpg,Healthy,224,224,59270,9a8faf0b425d4d54df83f4dea35f394c,4649
data/raw/Healthy/pcrhealthy.36.jpg,Healthy,224,224,42415,52a3c1f5c7960d609523b520bb71a01e,4650
data/raw/Healthy/pcrhealthy.37.jpg,Healthy,224,224,60433,67b507756f07f9f63b70ae585d782a8c,4651
data/raw/Healthy/pcrhealthy.38.jpg,Healthy,224,224,57208,86bb269419e4edeb578b93d0ff3cc3fb,4652
data/raw/Healthy/pcrhealthy.39.jpg,Healthy,224,224,60629,13af20427136e5e8d350034d46410e58,4653
data/raw/Healthy/pcrhealthy.4.jpg,Healthy,224,224,37133,46b0c6178a896e31982672c873b5febc,4654
data/raw/Healthy/pcrhealthy.40.jpg,Healthy,224,224,52317,e027fb797d3db77537a2a0f20d16470b,4655
data/raw/Healthy/pcrhealthy.41.jpg,Healthy,224,224,45956,41d30b681098dad95788203b2d220eec,4656
data/raw/Healthy/pcrhealthy.42.jpg,Healthy,224,224,45266,598f16582d8daa98784faf4e730df772,4657
data/raw/Healthy/pcrhealthy.43.jpg,Healthy,224,224,43277,69382227ead77641f74ebaa86e06d555,4658
data/raw/Healthy/pcrhealthy.44.jpg,Healthy,224,224,48913,fc5d112714d6c11ba1538b22f68a360e,4659
data/raw/Healthy/pcrhealthy.45.jpg,Healthy,224,224,51599,f4299848ea192d8d159f52a580dbb308,4660
data/raw/Healthy/pcrhealthy.46.jpg,Healthy,224,224,36927,dda3eed20c26fa640e8aca018920987f,4661
data/raw/Healthy/pcrhealthy.47.jpg,Healthy,224,224,53462,150d5ea3ca9fdd8f9bedaddfbd90f954,2297
data/raw/Healthy/pcrhealthy.48.jpg,Healthy,224,224,60576,d989dda8607038b9c6a9f7996a1355db,4662
data/raw/Healthy/pcrhealthy.49.jpg,Healthy,224,224,54324,e5ad2e8c6c8d03d067f15c03e825d59e,4663
data/raw/Healthy/pcrhealthy.5.jpg,Healthy,224,224,57830,d5bcc72111265e1bf38062e59ae12b24,4664
data/raw/Healthy/pcrhealthy.50.jpg,Healthy,224,224,43255,6a298dd07f5deb50cca9a25cb4c0f3e1,4665
data/raw/Healthy/pcrhealthy.51.jpg,Healthy,224,224,47517,f11233aa471b059c5ead95e86700ae7d,4666
data/raw/Healthy/pcrhealthy.52.jpg,Healthy,224,224,45197,da314ca9e8e430cead80d7923ebfa272,4667
data/raw/Healthy/pcrhealthy.53.jpg,Healthy,224,224,61001,6e41a82561a987ce793c82ba792b7813,4668
data/raw/Healthy/pcrhealthy.54.jpg,Healthy,224,224,61215,f4e49aac33275e6d63fdafdd42d42ae3,4669
data/raw/Healthy/pcrhealthy.55.jpg,Healthy,224,224,61000,d62f6aa681dbf9024469674bcc4f4f94,4670
data/raw/Healthy/pcrhealthy.56.jpg,Healthy,224,224,42291,d7ef71fc863a249ec590ac94680842a6,4671
data/raw/Healthy/pcrhealthy.57.jpg,Healthy,224,224,57751,a54eef037e6128a169ccf4dbec34f2f8,4672
data/raw/Healthy/pcrhealthy.58.jpg,Healthy,224,224,59922,8368ee66689ac04e0ebb0059f0b54940,4673
data/raw/Healthy/pcrhealthy.59.jpg,Healthy,224,224,40124,f9cebeefa3ef064af4ed4f67af821ebf,4674
data/raw/Healthy/pcrhealthy.6.jpg,Healthy,224,224,58162,a5d7e9c6bee4a7f48bd74e9c955d2208,4675
data/raw/Healthy/pcrhealthy.60.jpg,Healthy,224,224,57454,3ccc8f219dd73dc25954fe64e304fd2b,4676
data/raw/Healthy/pcrhealthy.61.jpg,Healthy,224,224,54147,6613f791f47355d88ddb5e5872363bd4,4677
data/raw/Healthy/pcrhealthy.62.jpg,Healthy,224,224,25123,cf2243ee250871238b24b41264da7bf0,4678
data/raw/Healthy/pcrhealthy.63.jpg,Healthy,224,224,61171,61d89229d444e1f4810b954e989a3c9f,4679
data/raw/Healthy/pcrhealthy.64.jpg,Healthy,224,224,49798,71fc30b5807bf38a4b32be35078ce760,4680
data/raw/Healthy/pcrhealthy.65.jpg,Healthy,224,224,64724,ec669eced6409446a54d7b6da106612f,4681
data/raw/Healthy/pcrhealthy.66.jpg,Healthy,224,224,59567,c4bb835385cecbcb05d7992eb6c45739,4682
data/raw/Healthy/pcrhealthy.67.jpg,Healthy,224,224,61333,8ff4153cdc915fe05af3336c2ba9e055,4683
data/raw/Healthy/pcrhealthy.68.jpg,Healthy,224,224,46255,09dee0b78200f272de97863471451511,4549
data/raw/Healthy/pcrhealthy.69.jpg,Healthy,224,224,46784,f14d6b4371cf1f515b3fdef0b7f8474a,4684
data/raw/Healthy/pcrhealthy.7.jpg,Healthy,224,224,58725,eabcfc60a8faac57eae99846071cd8ba,4685
data/raw/Healthy/pcrhealthy.70.jpg,Healthy,224,224,48504,163701e9c98cf74a89dbbdf3c69972da,4686
data/raw/Healthy/pcrhealthy.71.jpg,Healthy,224,224,56338,af01eccb68733507f0e2d807a041a5d1,4566
data/raw/Healthy/pcrhealthy.72.jpg,Healthy,224,224,56402,e3d9ea4ca908cdfba361a85b295fadd6,4687
data/raw/Healthy/pcrhealthy.73.jpg,Healthy,224,224,53679,d857c6b11423b58c301ea4e091f03ced,4688
data/raw/Healthy/pcrhealthy.74.jpg,Healthy,224,224,61846,1d112e71fc66729011b0b458dd9db634,4689
data/raw/Healthy/pcrhealthy.75.jpg,Healthy,224,224,58224,d7a5ee53e220c3e46710807a2af76038,4690
data/raw/Healthy/pcrhealthy.76.jpg,Healthy,224,224,57036,a6ef925eac328f98e514a323edacc375,4691
data/raw/Healthy/pcrhealthy.77.jpg,Healthy,224,224,57909,5602d3ac38eb39b3672de6a8d538bf33,4479
data/raw/Healthy/pcrhealthy.78.jpg,Healthy,224,224,55863,22293c0da71f54e0f46283514ce3af31,4692
data/raw/Healthy/pcrhealthy.79.jpg,Healthy,224,224,54476,96f7d722e693ae18474d6b0e125cc753,4693
data/raw/Healthy/pcrhealthy.8.jpg,Healthy,224,224,48112,5c9668eb80c521555bffe0dc818bfa65,4694
data/raw/Healthy/pcrhealthy.80.jpg,Healthy,224,224,57753,020cc0953ae5b0f3efd4c9fc7e2dc60a,4695
data/raw/Healthy/pcrhealthy.81.jpg,Healthy,224,224,60472,11bdd85647afb68df399d487f7fef304,4696
data/raw/Healthy/pcrhealthy.82.jpg,Healthy,224,224,50324,581f70e5d29ad084c6fb0a1023d248f2,4697
data/raw/Healthy/pcrhealthy.83.jpg,Healthy,224,224,62436,b806e47c0853b19305d3d316ffa1974a,2114
data/raw/Healthy/pcrhealthy.84.jpg,Healthy,224,224,60028,c4931035b337a4d9edd44500a39ebae5,4698
data/raw/Healthy/pcrhealthy.85.jpg,Healthy,224,224,43137,89772307fdf1f047a31d303ec9fd88a0,4699
data/raw/Healthy/pcrhealthy.86.jpg,Healthy,224,224,56753,dcefba8e775970009851ab0bc6e3a52b,4700
data/raw/Healthy/pcrhealthy.87.jpg,Healthy,224,224,59339,2858b56e0c242345ab60fc77d5b6b926,4701
data/raw/Healthy/pcrhealthy.88.jpg,Healthy,224,224,58608,30d37d4b98a6e3a5642b7468a1f64ae3,4702
data/raw/Healthy/pcrhealthy.89.jpg,Healthy,224,224,59340,0a104e7a068b7e044ac61efd1b19f3f8,4703
data/raw/Healthy/pcrhealthy.9.jpg,Healthy,224,224,59662,e988913a4258173b50215825f0a7abd8,4704
data/raw/Healthy/pcrhealthy.90.jpg,Healthy,224,224,58225,0f62d036ced0a7ff7b9b81bb6531c057,4705
data/raw/Healthy/pcrhealthy.91.jpg,Healthy,224,224,62256,4d52332ffd432af84d8c6395a66b73c9,4706
data/raw/Healthy/pcrhealthy.92.jpg,Healthy,224,224,25702,7ce89ccade5762ad206d2a4ccf5759db,4707
data/raw/Healthy/pcrhealthy.93.jpg,Healthy,224,224,47504,cda85445c694809ce99d86c1f3e58523,4443
data/raw/Healthy/pcrhealthy.94.jpg,Healthy,224,224,41163,0108a65b1d086c82848671a625f2a868,4708
data/raw/Healthy/pcrhealthy.95.jpg,Healthy,224,224,36666,99f3446ef3869b403ac62f2f81fdd04a,4709
data/raw/Healthy/pcrhealthy.96.jpg,Healthy,224,224,46677,5252f140b92e213527fa0a8e018b059c,4710
data/raw/Healthy/pcrhealthy.97.jpg,Healthy,224,224,43804,54d88170f5cf53e4775c5a47cb9476d2,4581
data/raw/Healthy/pcrhealthy.98.jpg,Healthy,224,224,59741,6c40da4422be639c4bb866efb9c457ae,4711
data/raw/Healthy/pcrhealthy.99.jpg,Healthy,224,224,61464,f426bef21e61c4ee1485e2335bc91b1e,4515
data/raw/Newcastle Disease/ncd.0.jpg,Newcastle Disease,224,224,23946,491689d50f729700f880b08afec0fcff,4712
data/raw/Newcastle Disease/ncd.1.jpg,Newcastle Disease,224,224,28571,5eeb63a19d6e7300609d1d076c82d97a,4713
data/raw/Newcastle Disease/ncd.10.jpg,Newcastle Disease,224,224,51325,92093e9614d868806b4cf8308b98b56e,4714
data/raw/Newcastle Disease/ncd.100.jpg,Newcastle Disease,224,224,38046,3aac48dbb97ce700605fabefbf9a884f,4715
data/raw/Newcastle Disease/ncd.101.jpg,Newcastle Disease,224,224,34623,cef25e2b539fc563861bab61a969bdfd,4716
data/raw/Newcastle Disease/ncd.102.jpg,Newcastle Disease,224,224,33387,c915ac8e719c3b00938a86aea16d4a27,4717
data/raw/Newcastle Disease/ncd.103.jpg,Newcastle Disease,224,224,31953,60dcecee299edf7332ad1a50227e6564,4718
data/raw/Newcastle Disease/ncd.104.jpg,Newcastle Disease,224,224,27440,eb92696f284ff392b89b542617960ef1,4719
data/raw/Newcastle Disease/ncd.105.jpg,Newcastle Disease,224,224,38602,4b59a6cf628b4eca685f9e715c41e3e1,4720
data/raw/Newcastle Disease/ncd.106.jpg,Newcastle Disease,224,224,46831,f92a1ef1c3ed564e6e728ffe4ec68372,4721
data/raw/Newcastle Disease/ncd.107.jpg,Newcastle Disease,224,224,50519,ed31576832ab4c3ffbff37e074e839d2,4722
data/raw/Newcastle Disease/ncd.108.jpg,Newcastle Disease,224,224,35295,00d82a8accf935bced94313798a39a75,4723
data/raw/Newcastle Disease/ncd.109.jpg,Newcastle Disease,224,224,33458,3a2c0cea5634959e8bf406ca9e02eada,4724
data/raw/Newcastle Disease/ncd.11.jpg,Newcastle Disease,224,224,43698,64c9718e66a479b14b4e743daf42464a,4725
data/raw/Newcastle Disease/ncd.110.jpg,Newcastle Disease,224,224,44911,ffef371c73fddfa1fde22ea7f47c16e5,4726
data/raw/Newcastle Disease/ncd.111.jpg,Newcastle Disease,224,224,29281,de2083847979fc9e2e096d413c495973,4727
data/raw/Newcastle Disease/ncd.112.jpg,Newcastle Disease,224,224,24525,f60b7b8ebf8d9302b1aa9dee8cc7ce1e,4728
data/raw/Newcastle Disease/ncd.113.jpg,Newcastle Disease,224,224,36674,30240ce3a1b00bba774987ecd8c3c35d,4729
data/raw/Newcastle Disease/ncd.114.jpg,Newcastle Disease,224,224,38682,597c06173b3777ac822fba16b5bf36bb,4730
data/raw/Newcastle Disease/ncd.115.jpg,Newcastle Disease,224,224,32236,e50114caf3192aa98be67040dee20778,4731
data/raw/Newcastle Disease/ncd.116.jpg,Newcastle Disease,224,224,27518,e49969e258cf87a56ecd09c5d0dfa476,4732
data/raw/Newcastle Disease/ncd.117.jpg,Newcastle Disease,224,224,34941,5a5387f4615c17dd8bcc069b29c0136a,4733
data/raw/Newcastle Disease/ncd.118.jpg,Newcastle Disease,224,224,34862,952b15508f81e0337e25decf1e494b37,4734
data/raw/Newcastle Disease/ncd.119.jpg,Newcastle Disease,224,224,42731,0a42dfd72be8d8a1b019e82c3cef655f,4735
data/raw/Newcastle Disease/ncd.12.jpg,Newcastle Disease,224,224,29482,b421e4a67bb8051b2ff70552f94b251d,4736
data/raw/Newcastle Disease/ncd.120.jpg,Newcastle Disease,224,224,28573,f24701a46a0950aac7c306944aeeb3ab,4737
data/raw/Newcastle Disease/ncd.121.jpg,Newcastle Disease,224,224,39161,9b66fdec20a5211db2eb4764083fcede,4738
data/raw/Newcastle Disease/ncd.122.jpg,Newcastle Disease,224,224,30476,1b84d664cd94789a2419461981aa77b5,4739
data/raw/Newcastle Disease/ncd.123.jpg,Newcastle Disease,224,224,20309,bec3f4ecbaca15f95b9c6bdb3e8e3bea,4740
data/raw/Newcastle Disease/ncd.124.jpg,Newcastle Disease,224,224,23282,deda458a886b3486301f140ac11ca1f8,4741
data/raw/Newcastle Disease/ncd.125.jpg,Newcastle Disease,224,224,19385,9923ea19276848f6f5474114df8902f1,4742
data/raw/Newcastle Disease/ncd.126.jpg,Newcastle Disease,224,224,31385,093b93142f7d81df3c4fa645656f98b0,4743
data/raw/Newcastle Disease/ncd.127.jpg,Newcastle Disease,224,224,21019,be1f1f82485992adfe1a5b48e7352c6d,4744
data/raw/Newcastle Disease/ncd.128.jpg,Newcastle Disease,224,224,39605,25bf5cdfd2b1206bd4c43fea40eaec27,4745
data/raw/Newcastle Disease/ncd.129.jpg,Newcastle Disease,224,224,27432,8d4a6599925e66e2fbcc6cdd40b61130,4746
data/raw/Newcastle Disease/ncd.13.jpg,Newcastle Disease,224,224,37542,2c5a020862a193002fa1fe7f152be13a,4747
data/raw/Newcastle Disease/ncd.130.jpg,Newcastle Disease,224,224,28988,03af403a6738b671e6e587e3ab542059,4748
data/raw/Newcastle Disease/ncd.131.jpg,Newcastle Disease,224,224,22106,3e4dc04003babc5d9da9539c30abc4f1,4749
data/raw/Newcastle Disease/ncd.132.jpg,Newcastle Disease,224,224,38906,afd1af814469dd381e0affb7949a5b65,4750
data/raw/Newcastle Disease/ncd.133.jpg,Newcastle Disease,224,224,52712,6e30e64078db5a4ab1350818cb296d06,4751
data/raw/Newcastle Disease/ncd.134.jpg,Newcastle Disease,224,224,53807,78dce1677978279d59fb3735e2191c22,4752
data/raw/Newcastle Disease/ncd.135.jpg,Newcastle Disease,224,224,30848,37f8ef5593d480c338082df873d618c0,4753
data/raw/Newcastle Disease/ncd.136.jpg,Newcastle Disease,224,224,28703,308bde31db5291d523ea95c1871988a6,4754
data/raw/Newcastle Disease/ncd.137.jpg,Newcastle Disease,224,224,41569,e728120acd6b821a9b4b581a165b8ba3,4755
data/raw/Newcastle Disease/ncd.138.jpg,Newcastle Disease,224,224,31994,3b5fc917fb7ff69746c42fedd6297cab,4756
data/raw/Newcastle Disease/ncd.139.jpg,Newcastle Disease,224,224,35603,1d4199414e5d3206e920aec4768a9d7d,4757
data/raw/Newcastle Disease/ncd.14.jpg,Newcastle Disease,224,224,36952,4a1950272a73f9ed9011a2543800f1a8,4758
data/raw/Newcastle Disease/ncd.140.jpg,Newcastle Disease,224,224,40705,c52fb5f00bb060165b2ce948084473ec,4759
data/raw/Newcastle Disease/ncd.141.jpg,Newcastle Disease,224,224,28874,e05b554830ebc92a68b91f60ccee62e1,4760
data/raw/Newcastle Disease/ncd.142.jpg,Newcastle Disease,224,224,27954,460dddd4235f366008e9ea48e4e15f79,4761
data/raw/Newcastle Disease/ncd.143.jpg,Newcastle Disease,224,224,36512,3267a474a98cf1f31dc7e10b8e12432e,4762
data/raw/Newcastle Disease/ncd.144.jpg,Newcastle Disease,224,224,37024,193c762fc166ffe4cb74bb5323df5a96,4763
data/raw/Newcastle Disease/ncd.145.jpg,Newcastle Disease,224,224,33119,54b3f9529f2305fec6fcfa05014a1549,4764
data/raw/Newcastle Disease/ncd.146.jpg,Newcastle Disease,224,224,24233,f4daefa8048bb0c340e8663aceb2a7a0,4765
data/raw/Newcastle Disease/ncd.147.jpg,Newcastle Disease,224,224,24692,1aedfb2d36101916ce12192399275bbf,4766
data/raw/Newcastle Disease/ncd.148.jpg,Newcastle Disease,224,224,33495,6bb393f5865208fd2744cb25e2680077,4767
data/raw/Newcastle Disease/ncd.149.jpg,Newcastle Disease,224,224,41096,3276070bd9193cc03a85916ff457e5c0,4768
data/raw/Newcastle Disease/ncd.15.jpg,Newcastle Disease,224,224,34153,9811928f5ded54b834d8f529aebc373e,4769
data/raw/Newcastle Disease/ncd.150.jpg,Newcastle Disease,224,224,27790,7f1d8066b97e901276ccd9d0f3d1bffb,4770
data/raw/Newcastle Disease/ncd.151.jpg,Newcastle Disease,224,224,36630,e0ac3d5200abd41a1b7edb0124c11b0d,4771
data/raw/Newcastle Disease/ncd.152.jpg,Newcastle Disease,224,224,31404,e363b3aa6c888963b4df2f5e373e68fa,4772
data/raw/Newcastle Disease/ncd.153.jpg,Newcastle Disease,224,224,40130,265d2bb9dd674f10d1f34914bc01709c,4773
data/raw/Newcastle Disease/ncd.154.jpg,Newcastle Disease,224,224,31835,9f3f0307ef7585ca771bcdb257c7c637,4774
data/raw/Newcastle Disease/ncd.155.jpg,Newcastle Disease,224,224,39890,37a3960f0c6b456c7a61da666a3e76f0,4775
data/raw/Newcastle Disease/ncd.156.jpg,Newcastle Disease,224,224,40503,38bdf11f4d35a59382f4741c2bfb3026,4776
data/raw/Newcastle Disease/ncd.157.jpg,Newcastle Disease,224,224,38618,ad6949da452964f1815ddd8a73c59558,4777
data/raw/Newcastle Disease/ncd.158.jpg,Newcastle Disease,224,224,41878,430efb77f7bcfe23996e298c80814b5e,4778
data/raw/Newcastle Disease/ncd.159.jpg,Newcastle Disease,224,224,39073,6b981cd087bdda226ad545d86ecb0ab0,4779
data/raw/Newcastle Disease/ncd.16.jpg,Newcastle Disease,224,224,27564,c401edfa92cebb23e36bdc785535c220,4780
data/raw/Newcastle Disease/ncd.160.jpg,Newcastle Disease,224,224,35111,b3ee1efbfc7ffe10d2b77a9176635940,4781
data/raw/Newcastle Disease/ncd.161.jpg,Newcastle Disease,224,224,33405,28beae968c03d660ecf77928d8adc3fd,4782
data/raw/Newcastle Disease/ncd.162.jpg,Newcastle Disease,224,224,41087,4e0c00dce6e25aeb2254a7e01ecf89c7,4783
data/raw/Newcastle Disease/ncd.163.jpg,Newcastle Disease,224,224,53594,bf77aa91e9e1b455e89e65701e6c975b,4784
data/raw/Newcastle Disease/ncd.164.jpg,Newcastle Disease,224,224,34717,e369a575402927c88adce1e4d1bcbdf7,4785
data/raw/Newcastle Disease/ncd.165.jpg,Newcastle Disease,224,224,43558,226635f30b04545c19f2553d168de227,4786
data/raw/Newcastle Disease/ncd.166.jpg,Newcastle Disease,224,224,31097,2de2e006533e6b69a039840d2b26a718,4787
data/raw/Newcastle Disease/ncd.167.jpg,Newcastle Disease,224,224,36266,5c9f0164fe89582b6010c82351027b22,4788
data/raw/Newcastle Disease/ncd.168.jpg,Newcastle Disease,224,224,33203,bb44e527e3cdd5ff94c30efe8ba4d8da,4789
data/raw/Newcastle Disease/ncd.169.jpg,Newcastle Disease,224,224,42223,279327046fd24e3b4817f24a8463b02f,4790
data/raw/Newcastle Disease/ncd.17.jpg,Newcastle Disease,224,224,42870,716ca1a5371a22a96005574e15a2f744,4791
data/raw/Newcastle Disease/ncd.170.jpg,Newcastle Disease,224,224,45148,66d49cf3ea6fc166721fe4580865dc75,4792
data/raw/Newcastle Disease/ncd.171.jpg,Newcastle Disease,224,224,32108,859520c24fda936ed0a283047c6215db,4793
data/raw/Newcastle Disease/ncd.172.jpg,Newcastle Disease,224,224,30596,d136ba5e09cf9e7858d6399b02a7cffa,4794
data/raw/Newcastle Disease/ncd.173.jpg,Newcastle Disease,224,224,36516,958241ca17146804288ddebe7e8e2fe9,4795
data/raw/Newcastle Disease/ncd.174.jpg,Newcastle Disease,224,224,32734,df51f1f6ca1b10beed75fdeffd67eac0,4796
data/raw/Newcastle Disease/ncd.175.jpg,Newcastle Disease,224,224,44690,df84a651ac0e59d3bdffe109c3000681,4797
data/raw/Newcastle Disease/ncd.176.jpg,Newcastle Disease,224,224,44602,12956f7677ecb44a77cdf6a0c88a9a9d,4798
data/raw/Newcastle Disease/ncd.177.jpg,Newcastle Disease,224,224,38626,ecf083dc1b762535e8e45100af3a44b6,4799
data/raw/Newcastle Disease/ncd.178.jpg,Newcastle Disease,224,224,33414,36ce449b1b7c1e41cfa82254d850e3bb,4800
data/raw/Newcastle Disease/ncd.179.jpg,Newcastle Disease,224,224,52717,6fc80d0fc7d24763aa8dbce565419f65,4801
data/raw/Newcastle Disease/ncd.18.jpg,Newcastle Disease,224,224,29675,73df416652a564cb06d5783e2ea376ba,4802
data/raw/Newcastle Disease/ncd.180.jpg,Newcastle Disease,224,224,28050,7fd99c968f52aafa49f73498b157ee20,4803
data/raw/Newcastle Disease/ncd.181.jpg,Newcastle Disease,224,224,44163,6fcf9120e6331fa4b5e107a2c62970e6,4804
data/raw/Newcastle Disease/ncd.182.jpg,Newcastle Disease,224,224,39787,d05849d1523e11d094acfa6d5a4fb55d,4805
data/raw/Newcastle Disease/ncd.183.jpg,Newcastle Disease,224,224,35864,fbda51df01b38a0af33b6dbc7424e603,4806
data/raw/Newcastle Disease/ncd.184.jpg,Newcastle Disease,224,224,33711,cab90a460ccc2a9967497eae84900ac8,4807
data/raw/Newcastle Disease/ncd.185.jpg,Newcastle Disease,224,224,34886,397c34c323408dbaf539d3479f4c49ee,4808
data/raw/Newcastle Disease/ncd.186.jpg,Newcastle Disease,224,224,24649,be47d535c30773c81092a0f34436abdf,4809
data/raw/Newcastle Disease/ncd.187.jpg,Newcastle Disease,224,224,30676,30128c2689fb43cc41c714ccd01e3a77,4810
data/raw/Newcastle Disease/ncd.188.jpg,Newcastle Disease,224,224,28296,ef72ff4a74eddebe8fbd1fd0219d18ce,4811
data/raw/Newcastle Disease/ncd.189.jpg,Newcastle Disease,224,224,38994,ea85ea58b81def1b48f46e8d222cac1b,4812
data/raw/Newcastle Disease/ncd.19.jpg,Newcastle Disease,224,224,35038,389d9344d6be98a037027354e8004b1a,4813
data/raw/Newcastle Disease/ncd.190.jpg,Newcastle Disease,224,224,39062,c84d74adaa27324eaadd3b5c9981e7be,4814
data/raw/Newcastle Disease/ncd.191.jpg,Newcastle Disease,224,224,32718,1b206ea198d57b4152b388d37ea48155,4815
data/raw/Newcastle Disease/ncd.192.jpg,Newcastle Disease,224,224,33256,da4d98889b07e9d3121454dec38b541a,4816
data/raw/Newcastle Disease/ncd.193.jpg,Newcastle Disease,224,224,31196,5d055b6234e7c4a0009a6318364f9806,4817
data/raw/Newcastle Disease/ncd.194.jpg,Newcastle Disease,224,224,37186,f546b6f963c3736a9cfa6c21ac105067,4818
data/raw/Newcastle Disease/ncd.195.jpg,Newcastle Disease,224,224,58552,31b3d54bab3f82f3bd32c880fa437c38,4819
data/raw/Newcastle Disease/ncd.196.jpg,Newcastle Disease,224,224,36143,6a14b78609bbd1091490159f23dbe237,4820
data/raw/Newcastle Disease/ncd.197.jpg,Newcastle Disease,224,224,28162,e7415de0f7479082496a09e520b43a54,4821
data/raw/Newcastle Disease/ncd.198.jpg,Newcastle Disease,224,224,24540,2b3270b7a4182a5a88aa15c83793a8ea,4822
data/raw/Newcastle Disease/ncd.199.jpg,Newcastle Disease,224,224,30970,5983f810f08d73012fb3c827762e1036,4823
data/raw/Newcastle Disease/ncd.2.jpg,Newcastle Disease,224,224,35569,f497dae75f0dcae1803d2b0394175ad4,4824
data/raw/Newcastle Disease/ncd.20.jpg,Newcastle Disease,224,224,39402,ce365bb666752941d4f1403bf60ac7d4,4825
data/raw/Newcastle Disease/ncd.200.jpg,Newcastle Disease,224,224,33278,233271201b9e65131666238bd7b3833a,4826
data/raw/Newcastle Disease/ncd.201.jpg,Newcastle Disease,224,224,32027,ed5e0425edf88e1823dac80cc8571373,4827
data/raw/Newcastle Disease/ncd.202.jpg,Newcastle Disease,224,224,40886,6a3524b56ac385e27195e8df3a340583,4828
data/raw/Newcastle Disease/ncd.203.jpg,Newcastle Disease,224,224,32794,3ebf729fe014edb6bf78fbaa4ba766a5,4829
data/raw/Newcastle Disease/ncd.204.jpg,Newcastle Disease,224,224,33670,0179ce98a49b9f8a9973a55cb9ba3194,4830
data/raw/Newcastle Disease/ncd.205.jpg,Newcastle Disease,224,224,35118,938d2494dced4346282b2b81b5daa97b,4831
data/raw/Newcastle Disease/ncd.206.jpg,Newcastle Disease,224,224,24936,59bc4032d9380ba0aec00f267a96dc33,4832
data/raw/Newcastle Disease/ncd.207.jpg,Newcastle Disease,224,224,36861,e791152188903b778f64a728f706697e,4833
data/raw/Newcastle Disease/ncd.208.jpg,Newcastle Disease,224,224,41034,c2dfd86d731e10eed1de5455374b69c0,4834
data/raw/Newcastle Disease/ncd.209.jpg,Newcastle Disease,224,224,34790,e8e21b651327d6b6c82712cb3fc8fe79,4835
data/raw/Newcastle Disease/ncd.21.jpg,Newcastle Disease,224,224,32435,37e8517ebb65e942eb58344778aad964,4836
data/raw/Newcastle Disease/ncd.210.jpg,Newcastle Disease,224,224,39139,11026d444fb1d9a99dabf279a458efa3,4837
data/raw/Newcastle Disease/ncd.211.jpg,Newcastle Disease,224,224,29170,3477a75be25b73e34241bcc3250db05f,4838
data/raw/Newcastle Disease/ncd.212.jpg,Newcastle Disease,224,224,37317,d1ff67da1d4caa7e1662ff88c3a6a101,4839
data/raw/Newcastle Disease/ncd.213.jpg,Newcastle Disease,224,224,41015,9746c45591be134ce529bccafda892f3,4840
data/raw/Newcastle Disease/ncd.214.jpg,Newcastle Disease,224,224,37229,f464b4057c38c6eca0b550ad9de822b5,4841
data/raw/Newcastle Disease/ncd.215.jpg,Newcastle Disease,224,224,26333,d807d16d199d09bb4c6b41e3c43e531d,4842
data/raw/Newcastle Disease/ncd.216.jpg,Newcastle Disease,224,224,37806,193a6827431a3a8c69868d787c1b82b6,4843
data/raw/Newcastle Disease/ncd.217.jpg,Newcastle Disease,224,224,37243,730be94cf4e4ee5778ea552af40ab306,4844
data/raw/Newcastle Disease/ncd.218.jpg,Newcastle Disease,224,224,33923,b12c6c82a3581a3655c9153526d7ff47,4845
data/raw/Newcastle Disease/ncd.219.jpg,Newcastle Disease,224,224,30280,bade7e420fce3e98058a3f9c4de4aa61,4846
data/raw/Newcastle Disease/ncd.22.jpg,Newcastle Disease,224,224,44959,a75d247c6ed69cf3e95fb5eb138af145,4847
data/raw/Newcastle Disease/ncd.220.jpg,Newcastle Disease,224,224,34139,e0feabd092ae5a2d0063ff26966481de,4848
data/raw/Newcastle Disease/ncd.221.jpg,Newcastle Disease,224,224,30048,6bdf1b79aa9e6caf8a2639cc44630435,4849
data/raw/Newcastle Disease/ncd.222.jpg,Newcastle Disease,224,224,42374,af5e2c2d5d8b2450f39401bc15362ec9,4850
data/raw/Newcastle Disease/ncd.223.jpg,Newcastle Disease,224,224,38096,3717c110e16eb07eb1938141ceee9003,4851
data/raw/Newcastle Disease/ncd.224.jpg,Newcastle Disease,224,224,36299,caaea1fceddee3850b1659a42931a012,4852
data/raw/Newcastle Disease/ncd.225.jpg,Newcastle Disease,224,224,40191,d82925cd67aada172818523155105f7e,4853
data/raw/Newcastle Disease/ncd.226.jpg,Newcastle Disease,224,224,53361,2dfebcb9811b8cc427887f161b973ede,4854
data/raw/Newcastle Disease/ncd.227.jpg,Newcastle Disease,224,224,33778,145646c0b9de416e841a60a07993fe4f,4855
data/raw/Newcastle Disease/ncd.228.jpg,Newcastle Disease,224,224,25791,31a1f1cdaf455ac712f72a26532d2e24,4856
data/raw/Newcastle Disease/ncd.229.jpg,Newcastle Disease,224,224,26167,7b8ccbef581a1639436461a596899ba3,4857
data/raw/Newcastle Disease/ncd.23.jpg,Newcastle Disease,224,224,39823,91f309dd7f7bcc2733a5ef61a15102bd,4858
data/raw/Newcastle Disease/ncd.230.jpg,Newcastle Disease,224,224,28338,95362b116a4bf1732b048140107291e3,4859
data/raw/Newcastle Disease/ncd.231.jpg,Newcastle Disease,224,224,34437,c7e0e61c9f05c53cf6fd7202172aa04a,4860
data/raw/Newcastle Disease/ncd.232.jpg,Newcastle Disease,224,224,32245,f614fceb693b21c35e7d688912cc4a28,4861
data/raw/Newcastle Disease/ncd.233.jpg,Newcastle Disease,224,224,42400,f9bffd86264fe4b65fe73258120e96d4,4862
data/raw/Newcastle Disease/ncd.234.jpg,Newcastle Disease,224,224,41640,74afd9e90fa1a190091d7d0c688f94b5,4863
data/raw/Newcastle Disease/ncd.235.jpg,Newcastle Disease,224,224,35904,7e54fcd02a48c392aa51088e2c13cc05,4864
data/raw/Newcastle Disease/ncd.236.jpg,Newcastle Disease,224,224,58491,5d7b935f49a22a70f867584cf5be08bb,4865
data/raw/Newcastle Disease/ncd.237.jpg,Newcastle Disease,224,224,35731,9c7fc820dfe88532ec9369525f2d0f71,4866
data/raw/Newcastle Disease/ncd.238.jpg,Newcastle Disease,224,224,35827,717c8d39857831201d12c2c7251f8aac,4867
data/raw/Newcastle Disease/ncd.239.jpg,Newcastle Disease,224,224,32408,3494fc56fcdc164631e67098a7675a9c,4868
data/raw/Newcastle Disease/ncd.24.jpg,Newcastle Disease,224,224,32625,f3928605d751a9dd5ef11920aeac4259,4869
data/raw/Newcastle Disease/ncd.240.jpg,Newcastle Disease,224,224,45824,530984c8b5e2af6102a30eac3e6bb350,4870
data/raw/Newcastle Disease/ncd.241.jpg,Newcastle Disease,224,224,30146,5977bf77b4033dddaed22d9b59afaff3,4871
data/raw/Newcastle Disease/ncd.242.jpg,Newcastle Disease,224,224,40517,7fe2a3d1baf168edf05fac622ff12f5c,4872
data/raw/Newcastle Disease/ncd.243.jpg,Newcastle Disease,224,224,34437,70859328572685673f0fcc840e8e1866,4860
data/raw/Newcastle Disease/ncd.244.jpg,Newcastle Disease,224,224,47782,683eba5111d7ca614baf62904252003b,4873
data/raw/Newcastle Disease/ncd.245.jpg,Newcastle Disease,224,224,38129,9484f24613a95195a0e56a87484603cd,4874
data/raw/Newcastle Disease/ncd.246.jpg,Newcastle Disease,224,224,38121,1edc1062b8a90b311b11604bc0a1dd94,4875
data/raw/Newcastle Disease/ncd.247.jpg,Newcastle Disease,224,224,36453,faa21f114e241aa98d72a49f92a89055,4876
data/raw/Newcastle Disease/ncd.248.jpg,Newcastle Disease,224,224,29539,8f75a06d9cdd6b490a0762ecf2025553,4877
data/raw/Newcastle Disease/ncd.249.jpg,Newcastle Disease,224,224,30889,b9de92249b3117cfd94d3ec5d832a830,4878
data/raw/Newcastle Disease/ncd.25.jpg,Newcastle Disease,224,224,27596,658538c4296ccd478acddacf58afb3d7,4879
data/raw/Newcastle Disease/ncd.250.jpg,Newcastle Disease,224,224,51766,bd445d1c75731b3db89d4f5c61e20f9e,4880
data/raw/Newcastle Disease/ncd.251.jpg,Newcastle Disease,224,224,29509,300da86425e2c6c8fba6ae1a364cd4cd,4881
data/raw/Newcastle Disease/ncd.252.jpg,Newcastle Disease,224,224,27687,ae77d9fb90c3d7ed0d969ad13df6c48c,4882
data/raw/Newcastle Disease/ncd.253.jpg,Newcastle Disease,224,224,40944,58b1f5a188646df6b65938b9c3b5e107,4883
data/raw/Newcastle Disease/ncd.254.jpg,Newcastle Disease,224,224,30488,1dd500260f10e7ffc8b69d4c2dd73f97,4884
data/raw/Newcastle Disease/ncd.255.jpg,Newcastle Disease,224,224,26038,1dc96833891ef542b420b91752bd1eec,4885
data/raw/Newcastle Disease/ncd.256.jpg,Newcastle Disease,224,224,48101,e79c89d894bbcfa589609101be71288c,4886
data/raw/Newcastle Disease/ncd.257.jpg,Newcastle Disease,224,224,29210,0c417dff50a9328439f2cfed7e552471,4887
data/raw/Newcastle Disease/ncd.258.jpg,Newcastle Disease,224,224,41500,64426114fc31e045a19a28dd3d5a372f,4888
data/raw/Newcastle Disease/ncd.259.jpg,Newcastle Disease,224,224,31699,bc9c1a58f3e9b26e8b0c2a8765791de3,4889
data/raw/Newcastle Disease/ncd.26.jpg,Newcastle Disease,224,224,35125,2d249c414bce69a240044c9b2c20bba1,4890
data/raw/Newcastle Disease/ncd.260.jpg,Newcastle Disease,224,224,31883,a78af9b8fe477a2aeb8c97132d22a905,4891
data/raw/Newcastle Disease/ncd.261.jpg,Newcastle Disease,224,224,53874,efa65935909493b78010ff7ee5835b70,4892
data/raw/Newcastle Disease/ncd.262.jpg,Newcastle Disease,224,224,29963,fb821fb034a81f823cce19859ef89b55,4893
data/raw/Newcastle Disease/ncd.263.jpg,Newcastle Disease,224,224,32488,6c2cc8120aef21d917bc81ae2634879b,4894
data/raw/Newcastle Disease/ncd.264.jpg,Newcastle Disease,224,224,30374,5905c04c01447f2d1d69a44d2988017f,4895
data/raw/Newcastle Disease/ncd.265.jpg,Newcastle Disease,224,224,32481,175bb51f2fa08dbda922cb9b5aa6a58a,4896
data/raw/Newcastle Disease/ncd.266.jpg,Newcastle Disease,224,224,35896,a433bb2b63ae589410b7a4f2189d483b,4897
data/raw/Newcastle Disease/ncd.267.jpg,Newcastle Disease,224,224,37735,98a1b4c10f842db0f6529b329dff956a,4898
data/raw/Newcastle Disease/ncd.268.jpg,Newcastle Disease,224,224,34963,691ad201e2b704f20da7b0a33ecd4fc9,4899
data/raw/Newcastle Disease/ncd.269.jpg,Newcastle Disease,224,224,21330,4ea072fe49aab37a226e7508e687b646,4900
data/raw/Newcastle Disease/ncd.27.jpg,Newcastle Disease,224,224,29454,f3a10c5da6441e671b576bb0577875cb,4901
data/raw/Newcastle Disease/ncd.270.jpg,Newcastle Disease,224,224,24365,bf69bcf53597d50aee2606757dd064a2,4902
data/raw/Newcastle Disease/ncd.271.jpg,Newcastle Disease,224,224,31725,57f5b235f8fc9c34ebe3ee1744261d5f,4903
data/raw/Newcastle Disease/ncd.272.jpg,Newcastle Disease,224,224,29930,545b53b58bb24a746c4ddbb7fce673eb,4904
data/raw/Newcastle Disease/ncd.273.jpg,Newcastle Disease,224,224,61322,c397b9f1aae91430a1056be92305c0c1,4905
data/raw/Newcastle Disease/ncd.274.jpg,Newcastle Disease,224,224,46953,34bb40ffe45c2ffd1aa11a019c866e57,4906
data/raw/Newcastle Disease/ncd.275.jpg,Newcastle Disease,224,224,24927,07bdbe07ab5aa773f574fd3a9dfacf1d,4907
data/raw/Newcastle Disease/ncd.276.jpg,Newcastle Disease,224,224,32494,5208ee9d82c5fc9b932ead6fc044167a,4908
data/raw/Newcastle Disease/ncd.277.jpg,Newcastle Disease,224,224,28188,34f905c3906a4841a4e09107d1f463a2,4909
data/raw/Newcastle Disease/ncd.278.jpg,Newcastle Disease,224,224,36923,c45f039b4a23cae24de03e096905fa09,4910
data/raw/Newcastle Disease/ncd.279.jpg,Newcastle Disease,224,224,34932,d4cbd097ad265efc14351320b754ac38,4911
data/raw/Newcastle Disease/ncd.28.jpg,Newcastle Disease,224,224,47482,1284f31fbf76e41cc3627565c0883ddf,4912
data/raw/Newcastle Disease/ncd.280.jpg,Newcastle Disease,224,224,25442,081f7a54b77a5e2645f9e98bc5cc90ec,4913
data/raw/Newcastle Disease/ncd.281.jpg,Newcastle Disease,224,224,37096,e17acf6fa5be26f6f3227c1cfa6254f0,4914
data/raw/Newcastle Disease/ncd.282.jpg,Newcastle Disease,224,224,38204,8c1de7107b49f65e055cba32230b6a27,4915
data/raw/Newcastle Disease/ncd.283.jpg,Newcastle Disease,224,224,30669,28f7ab2c9e136fbebd106c6b3b767b34,4916
data/raw/Newcastle Disease/ncd.284.jpg,Newcastle Disease,224,224,26827,9752f24e2363c93537a46ca2254ab816,4917
data/raw/Newcastle Disease/ncd.285.jpg,Newcastle Disease,224,224,26157,10587f4c221011096991d043ba87b430,4918
data/raw/Newcastle Disease/ncd.286.jpg,Newcastle Disease,224,224,33075,589fa16d0853a4334c2689395a0d9a95,4919
data/raw/Newcastle Disease/ncd.287.jpg,Newcastle Disease,224,224,34330,4cc80979f4ec49af9bf75ed1405d5b9c,4920
data/raw/Newcastle Disease/ncd.288.jpg,Newcastle Disease,224,224,25024,0736b7c44094af5c6c4c182cd8f29fac,4921
data/raw/Newcastle Disease/ncd.289.jpg,Newcastle Disease,224,224,29592,bbd688142bc7c54502c0cb2b81c934a0,4922
data/raw/Newcastle Disease/ncd.29.jpg,Newcastle Disease,224,224,35182,1248421be0667c69c5f66b490a922579,4923
data/raw/Newcastle Disease/ncd.290.jpg,Newcastle Disease,224,224,41638,907bc05e3fc048edc62fe8ea133c1278,4924
data/raw/Newcastle Disease/ncd.291.jpg,Newcastle Disease,224,224,31557,3f2dcc7cff0f309a663d3341a02cc2aa,4925
data/raw/Newcastle Disease/ncd.292.jpg,Newcastle Disease,224,224,34893,f3e0a6b2fa4e5756a7fcc1268aaa53ab,4926
data/raw/Newcastle Disease/ncd.293.jpg,Newcastle Disease,224,224,44153,004f9b1dc3f780477324caa6af8ea9d8,4927
data/raw/Newcastle Disease/ncd.294.jpg,Newcastle Disease,224,224,48414,a1a888fb62762e6776308263583835c7,4928
data/raw/Newcastle Disease/ncd.295.jpg,Newcastle Disease,224,224,28495,e9f5663972c8a9482a54423d4d86fa12,4929
data/raw/Newcastle Disease/ncd.296.jpg,Newcastle Disease,224,224,25089,08e034044e9e413d06b76aa523b1b947,4930
data/raw/Newcastle Disease/ncd.297.jpg,Newcastle Disease,224,224,35604,faa1d6417c20cb8039263fea391b5a63,4931
data/raw/Newcastle Disease/ncd.298.jpg,Newcastle Disease,224,224,36818,6434199ab7300e6256822a570252c27a,4932
data/raw/Newcastle Disease/ncd.299.jpg,Newcastle Disease,224,224,25417,18d6039dff5445f798529c6b6cf3b138,4933
data/raw/Newcastle Disease/ncd.3.jpg,Newcastle Disease,224,224,34481,b077eeb7fb0230751bef9594f7e3d844,4934
data/raw/Newcastle Disease/ncd.30.jpg,Newcastle Disease,224,224,19907,111ccbe7a45a0453e2650a5b40784ab4,4935
data/raw/Newcastle Disease/ncd.300.jpg,Newcastle Disease,224,224,34239,f74d3c8ad6b15d9e8ebe3c3689227949,4936
data/raw/Newcastle Disease/ncd.301.jpg,Newcastle Disease,224,224,46548,c6bae9c5999f139a0070ae4b9cef4805,4937
data/raw/Newcastle Disease/ncd.302.jpg,Newcastle Disease,224,224,39165,e28fb8e4c93bc592dcd006662f7c0946,4938
data/raw/Newcastle Disease/ncd.303.jpg,Newcastle Disease,224,224,38920,5f1f41cf34b02ef11d18cced3071f856,4939
data/raw/Newcastle Disease/ncd.304.jpg,Newcastle Disease,224,224,48148,ab2503b96baffdbc27aa22be68648cde,4940
data/raw/Newcastle Disease/ncd.305.jpg,Newcastle Disease,224,224,25868,52d37b67faf8a656f1a0ddf40e51876e,4941
data/raw/Newcastle Disease/ncd.306.jpg,Newcastle Disease,224,224,30987,3209ef44f50e7691554fdc9599f06bba,4942
data/raw/Newcastle Disease/ncd.307.jpg,Newcastle Disease,224,224,26474,28b3b8f59c3e42e8df46de6bbddbdc84,4943
data/raw/Newcastle Disease/ncd.308.jpg,Newcastle Disease,224,224,34153,b9e91dbb9b400c62a01a64d9dfb395b0,4944
data/raw/Newcastle Disease/ncd.309.jpg,Newcastle Disease,224,224,34937,de3ff351f2898ecaed6e158c7683b5b6,4945
data/raw/Newcastle Disease/ncd.31.jpg,Newcastle Disease,224,224,38357,63020ccd98ea1f64ad6699f1960e568d,4946
data/raw/Newcastle Disease/ncd.310.jpg,Newcastle Disease,224,224,36760,8f8c2d5a6a07c1c29b7cf82ccde48e2b,4947
data/raw/Newcastle Disease/ncd.311.jpg,Newcastle Disease,224,224,33599,d7cfb2e249c50aeb7bc62881c61df378,4948
data/raw/Newcastle Disease/ncd.312.jpg,Newcastle Disease,224,224,33223,1431146ff4c5463254dcf7ecbe8e169c,4949
data/raw/Newcastle Disease/ncd.313.jpg,Newcastle Disease,224,224,36977,2089f76a218ac97ff3d9962ba2c993e2,4950
data/raw/Newcastle Disease/ncd.314.jpg,Newcastle Disease,224,224,33963,6c0269e77c073ec7eecc86ea557e0b3d,4951
data/raw/Newcastle Disease/ncd.315.jpg,Newcastle Disease,224,224,28424,61bac06e61ff9b257f6ed81cf3a53ca3,4952
data/raw/Newcastle Disease/ncd.316.jpg,Newcastle Disease,224,224,22440,7e1e68b4a14895ef953fed65e4c7483f,4953
data/raw/Newcastle Disease/ncd.317.jpg,Newcastle Disease,224,224,37523,2ddf5c542407b9ed06fa92b3a727a03d,4954
data/raw/Newcastle Disease/ncd.318.jpg,Newcastle Disease,224,224,27521,f0f7204723e133877de43a6b50897283,4955
data/raw/Newcastle Disease/ncd.319.jpg,Newcastle Disease,224,224,44299,c04c66a27ac8ba87f32b002095f96b37,4956
data/raw/Newcastle Disease/ncd.32.jpg,Newcastle Disease,224,224,31372,b84711c528a1aab2555bb6c3221977b3,4957
data/raw/Newcastle Disease/ncd.320.jpg,Newcastle Disease,224,224,36267,f7cfe6ebb7db25ce2678b3db98acc880,4958
data/raw/Newcastle Disease/ncd.321.jpg,Newcastle Disease,224,224,36637,b187d83cdf29f90b986244133a5105ab,4959
data/raw/Newcastle Disease/ncd.322.jpg,Newcastle Disease,224,224,31064,2e6fda46ee72fd14f0e1d3a76af10494,4960
data/raw/Newcastle Disease/ncd.323.jpg,Newcastle Disease,224,224,32446,4aad9fd6474fd729525184baaa35aeea,4961
data/raw/Newcastle Disease/ncd.324.jpg,Newcastle Disease,224,224,26564,ec3aa3c9194578e89dcedf8748f87f88,4962
data/raw/Newcastle Disease/ncd.325.jpg,Newcastle Disease,224,224,30393,547c3025b6c0abe1fda6461470ba1d80,4963
data/raw/Newcastle Disease/ncd.326.jpg,Newcastle Disease,224,224,34507,f596e96671ecd20fadae6fedf917546c,4964
data/raw/Newcastle Disease/ncd.327.jpg,Newcastle Disease,224,224,28886,1d3e344734e85b336db2138fbee32fef,4965
data/raw/Newcastle Disease/ncd.328.jpg,Newcastle Disease,224,224,23389,b61a7e903a2ec2857decb58d7b8bd3f1,4966
data/raw/Newcastle Disease/ncd.329.jpg,Newcastle Disease,224,224,32631,50e6a01e1d02be471e45d42ef5dd5a99,4967
data/raw/Newcastle Disease/ncd.33.jpg,Newcastle Disease,224,224,33729,a7ac858ccd9fc47fbe4adef611e73daf,4968
data/raw/Newcastle Disease/ncd.330.jpg,Newcastle Disease,224,224,44502,3552213ad12f40eb4302aeb620aa2a63,4969
data/raw/Newcastle Disease/ncd.331.jpg,Newcastle Disease,224,224,35733,8e59f2b1ed763df2ba60a2b5fd70fa12,4970
data/raw/Newcastle Disease/ncd.332.jpg,Newcastle Disease,224,224,28206,9d38e804b4bf610f22ec3028a7a4f252,4971
data/raw/Newcastle Disease/ncd.333.jpg,Newcastle Disease,224,224,34055,8c0c6ef672669866e98e1213525e1c27,4972
data/raw/Newcastle Disease/ncd.334.jpg,Newcastle Disease,224,224,31221,ea1c352115c79e430967e9d31493e1e5,4973
data/raw/Newcastle Disease/ncd.335.jpg,Newcastle Disease,224,224,39489,14fd895cf78ea358bb7b9121878bf2c2,4974
data/raw/Newcastle Disease/ncd.336.jpg,Newcastle Disease,224,224,31934,fc1b306c61816341370894a9e02fcb90,4975
data/raw/Newcastle Disease/ncd.337.jpg,Newcastle Disease,224,224,36211,7eee27c5488c3f2b5455a94d24c253c7,4976
data/raw/Newcastle Disease/ncd.338.jpg,Newcastle Disease,224,224,26427,5ce44336b0203f452b2f4d487151f415,4977
data/raw/Newcastle Disease/ncd.339.jpg,Newcastle Disease,224,224,26079,99a012629416f2bf280ea0578c953f1a,4978
data/raw/Newcastle Disease/ncd.34.jpg,Newcastle Disease,224,224,30497,34429a20e8755934fb1c3b1b1efaf5cd,4979
data/raw/Newcastle Disease/ncd.340.jpg,Newcastle Disease,224,224,31213,a2a138ee6ef82f5602683e92daaccf08,4980
data/raw/Newcastle Disease/ncd.341.jpg,Newcastle Disease,224,224,27452,4546082b2adb0f8bdb08a57fd258cd2e,4981
data/raw/Newcastle Disease/ncd.342.jpg,Newcastle Disease,224,224,27312,e2eb1e4f5773a04123bc2b27e8319443,4982
data/raw/Newcastle Disease/ncd.343.jpg,Newcastle Disease,224,224,35019,98b4f4982ed8d3fef651ba83dd249fc0,4983
data/raw/Newcastle Disease/ncd.344.jpg,Newcastle Disease,224,224,38089,7d135c805458dbdd4b494238fc40b55a,4984
data/raw/Newcastle Disease/ncd.345.jpg,Newcastle Disease,224,224,47117,789f8c2910bb4c3dbd7344ad387ed1e7,4985
data/raw/Newcastle Disease/ncd.346.jpg,Newcastle Disease,224,224,41135,a3485215f9d039992352072cfa795b23,4986
data/raw/Newcastle Disease/ncd.347.jpg,Newcastle Disease,224,224,33348,5c3d4cc894e41313b570fe817e7eb36a,4987
data/raw/Newcastle Disease/ncd.348.jpg,Newcastle Disease,224,224,36359,e547872b08957b54050b31399a858d4d,4988
data/raw/Newcastle Disease/ncd.349.jpg,Newcastle Disease,224,224,54626,c0c6ac2b549d9cbf13a294b409e3de80,4989
data/raw/Newcastle Disease/ncd.35.jpg,Newcastle Disease,224,224,35852,99d0d831bfa2004292add6feef57a20e,4990
data/raw/Newcastle Disease/ncd.350.jpg,Newcastle Disease,224,224,34252,13b218341a06fb647645621dd73dc31d,4991
data/raw/Newcastle Disease/ncd.351.jpg,Newcastle Disease,224,224,30503,18ac9eaf08f7cd056e1433366b3a6d35,4992
data/raw/Newcastle Disease/ncd.352.jpg,Newcastle Disease,224,224,36231,5da66e0c98d15d5f8b02aa5a03aca8e5,4993
data/raw/Newcastle Disease/ncd.353.jpg,Newcastle Disease,224,224,47170,6e2f7bd278fe339c17e4779a3a5489e9,4994
data/raw/Newcastle Disease/ncd.354.jpg,Newcastle Disease,224,224,25291,0f57caab229c3762b70183438502c495,4995
data/raw/Newcastle Disease/ncd.355.jpg,Newcastle Disease,224,224,27057,91c2799595bceeb56424d429e0f468ca,4996
data/raw/Newcastle Disease/ncd.356.jpg,Newcastle Disease,224,224,42430,772977d913264d52866789fbc4fe1435,4997
data/raw/Newcastle Disease/ncd.357.jpg,Newcastle Disease,224,224,35611,512e530220d4ad03126a51fb01ed1f7f,4998
data/raw/Newcastle Disease/ncd.358.jpg,Newcastle Disease,224,224,25674,912809b192c0613e92eb8110eee405d9,4999
data/raw/Newcastle Disease/ncd.359.jpg,Newcastle Disease,224,224,30296,5e90d1542945da14302c30dbae376090,5000
data/raw/Newcastle Disease/ncd.36.jpg,Newcastle Disease,224,224,44341,95875bba9a43a223007583454a6ee2d7,5001
data/raw/Newcastle Disease/ncd.360.jpg,Newcastle Disease,224,224,28214,6b7742573142a7f5b34befe69a7c54b9,5002
data/raw/Newcastle Disease/ncd.361.jpg,Newcastle Disease,224,224,41440,014cda8c9cd238ceaa8525d2b71a1753,5003
data/raw/Newcastle Disease/ncd.362.jpg,Newcastle Disease,224,224,28252,b5bd1e87ac8484bd77ab52949515b34e,5004
data/raw/Newcastle Disease/ncd.363.jpg,Newcastle Disease,224,224,41018,e563a065bdacab1882ff35289bb46ccf,5005
data/raw/Newcastle Disease/ncd.364.jpg,Newcastle Disease,224,224,34459,664b1f45bc40bf4472c801d0e1bbaa7b,5006
data/raw/Newcastle Disease/ncd.365.jpg,Newcastle Disease,224,224,29352,511bc705bb274a5a5b41cb47f5c1f3bc,5007
data/raw/Newcastle Disease/ncd.366.jpg,Newcastle Disease,224,224,30551,d3064aa08b605dff27195821262f294b,5008
data/raw/Newcastle Disease/ncd.367.jpg,Newcastle Disease,224,224,35950,935701bde37ec04b7ec9f86ec014488f,5009
data/raw/Newcastle Disease/ncd.368.jpg,Newcastle Disease,224,224,38739,2b4b9135b49b192acae1b0bf9ff8cf52,5010
data/raw/Newcastle Disease/ncd.369.jpg,Newcastle Disease,224,224,34148,7dee04ee64c7d93836f2414c3ead04e6,5011
data/raw/Newcastle Disease/ncd.37.jpg,Newcastle Disease,224,224,48631,7d3ac106ccd04868e0f400800bf41388,5012
data/raw/Newcastle Disease/ncd.370.jpg,Newcastle Disease,224,224,34637,4deea6f111f67b034e7a41326350a926,5013
data/raw/Newcastle Disease/ncd.371.jpg,Newcastle Disease,224,224,35909,f79e18bac02f43850544f6c65bf944c0,5014
data/raw/Newcastle Disease/ncd.372.jpg,Newcastle Disease,224,224,29671,ffb915404044f7f35450986dd1be2d9a,5015
data/raw/Newcastle Disease/ncd.373.jpg,Newcastle Disease,224,224,40216,a4779ecedddbc0d1268fac4910d8f5e8,5016
data/raw/Newcastle Disease/ncd.374.jpg,Newcastle Disease,224,224,43006,e89a0569936db11b5afae8536855f6eb,5017
data/raw/Newcastle Disease/ncd.375.jpg,Newcastle Disease,224,224,31966,d9dbe6db99ba1355c4370b88914cd087,5018
data/raw/Newcastle Disease/ncd.38.jpg,Newcastle Disease,224,224,30255,416ba5b2c474fb2f648a5d179e7ee27c,5019
data/raw/Newcastle Disease/ncd.39.jpg,Newcastle Disease,224,224,35046,0d4768e62a61b728d74aac6d19a348bd,5020
data/raw/Newcastle Disease/ncd.4.jpg,Newcastle Disease,224,224,27243,68396024e6ad04819ce4dc94f7f98872,5021
data/raw/Newcastle Disease/ncd.40.jpg,Newcastle Disease,224,224,24140,a46ed047511dcdc1acfe9e0fc5ab7eb8,5022
data/raw/Newcastle Disease/ncd.41.jpg,Newcastle Disease,224,224,15031,fb4aaa86bacac56978cf9f5e5f3b61b3,5023
data/raw/Newcastle Disease/ncd.42.jpg,Newcastle Disease,224,224,31761,d33f96aec984e72680438c5df4bda735,5024
data/raw/Newcastle Disease/ncd.43.jpg,Newcastle Disease,224,224,27944,cc0bf90386b2b3133954573d01ed23a9,5025
data/raw/Newcastle Disease/ncd.44.jpg,Newcastle Disease,224,224,62337,7246557702dc8ed8421209b37fa1e229,5026
data/raw/Newcastle Disease/ncd.45.jpg,Newcastle Disease,224,224,23608,b105d5faa0f9d1c480ae3ad84f5110ea,5027
data/raw/Newcastle Disease/ncd.46.jpg,Newcastle Disease,224,224,53394,6562aa9345a33816700e7c241ec3ddf1,5028
data/raw/Newcastle Disease/ncd.47.jpg,Newcastle Disease,224,224,32951,e113997d1fcba5f59e528ffd389d3835,5029
data/raw/Newcastle Disease/ncd.48.jpg,Newcastle Disease,224,224,27454,58183c34c125303a79422312e87bb3ba,5030
data/raw/Newcastle Disease/ncd.49.jpg,Newcastle Disease,224,224,40887,b24dff1c10312d9246c897285e76596d,5031
data/raw/Newcastle Disease/ncd.5.jpg,Newcastle Disease,224,224,41744,617e00ce2717ab1dbf6ba22bdf1b6a15,5032
data/raw/Newcastle Disease/ncd.50.jpg,Newcastle Disease,224,224,26193,e7b96fccc1faa0597f4156659c726016,5033
data/raw/Newcastle Disease/ncd.51.jpg,Newcastle Disease,224,224,39123,daaeeaa7f946691ee3b1e5bda3145344,5034
data/raw/Newcastle Disease/ncd.52.jpg,Newcastle Disease,224,224,36923,e4648d83d918597324028a18184a23b4,5035
data/raw/Newcastle Disease/ncd.53.jpg,Newcastle Disease,224,224,44312,3ab561bdb7032eb6ec408f1d48c7ff69,5036
data/raw/Newcastle Disease/ncd.54.jpg,Newcastle Disease,224,224,28410,4be5726eab89bc4820a874875b9cd9dc,5037
data/raw/Newcastle Disease/ncd.55.jpg,Newcastle Disease,224,224,33301,4321de242ba79a93a6e9a5afb53942c7,5038
data/raw/Newcastle Disease/ncd.56.jpg,Newcastle Disease,224,224,14940,c29c04a8ddaee0bba3a88a264bccfcae,5039
data/raw/Newcastle Disease/ncd.57.jpg,Newcastle Disease,224,224,27329,d88eb49605cd063f8c67c16df8d7af3e,5040
data/raw/Newcastle Disease/ncd.58.jpg,Newcastle Disease,224,224,27314,24640969a005fb9fa80557fdab241e82,5041
data/raw/Newcastle Disease/ncd.59.jpg,Newcastle Disease,224,224,66209,52f0663f6aa27b751d9c7bb8238d258c,5042
data/raw/Newcastle Disease/ncd.6.jpg,Newcastle Disease,224,224,21820,01240b971a799ee7a067e90bf51c8311,5043
data/raw/Newcastle Disease/ncd.60.jpg,Newcastle Disease,224,224,33013,4c75bab745632773dc63baae0f4acc1e,5044
data/raw/Newcastle Disease/ncd.61.jpg,Newcastle Disease,224,224,28286,41b837f5a01d526c54d842520fd85567,5045
data/raw/Newcastle Disease/ncd.62.jpg,Newcastle Disease,224,224,38140,cdf09ff4c3ed7709ed93971e59652710,5046
data/raw/Newcastle Disease/ncd.63.jpg,Newcastle Disease,224,224,39329,0606c960dc98c62970bd80643771c22e,5047
data/raw/Newcastle Disease/ncd.64.jpg,Newcastle Disease,224,224,26376,6a79007151e36840905099ded65bff40,5048
data/raw/Newcastle Disease/ncd.65.jpg,Newcastle Disease,224,224,35623,c6c569eca54865579075fc83db9be9ed,5049
data/raw/Newcastle Disease/ncd.66.jpg,Newcastle Disease,224,224,33084,c42a27e85dcd39773c9af593b947cdec,5050
data/raw/Newcastle Disease/ncd.67.jpg,Newcastle Disease,224,224,27105,b5e3c51df529c3045b85ba3af125c290,5051
data/raw/Newcastle Disease/ncd.68.jpg,Newcastle Disease,224,224,32936,f81d2e7acade4726a9ebcd665d97b531,5052
data/raw/Newcastle Disease/ncd.69.jpg,Newcastle Disease,224,224,37834,7536b3f499c20387dac7ed3ee96eeb67,5053
data/raw/Newcastle Disease/ncd.7.jpg,Newcastle Disease,224,224,30635,b780f64c9195eac4f78678cb8ea9a951,5054
data/raw/Newcastle Disease/ncd.70.jpg,Newcastle Disease,224,224,37042,6d5dc817138220bf44408bc607ee6793,5055
data/raw/Newcastle Disease/ncd.71.jpg,Newcastle Disease,224,224,33336,01585a851988b981a3559156fca2b1c2,5056
data/raw/Newcastle Disease/ncd.72.jpg,Newcastle Disease,224,224,33162,e3a034f572cd9d15f52d3e8a079b020f,5057
data/raw/Newcastle Disease/ncd.73.jpg,Newcastle Disease,224,224,41713,e475c177b03979d4567c0cd9a000eb30,5058
data/raw/Newcastle Disease/ncd.74.jpg,Newcastle Disease,224,224,25236,6df947676411e223334333cb54f8d945,5059
data/raw/Newcastle Disease/ncd.75.jpg,Newcastle Disease,224,224,33825,12aff704ca76a373216d4adf0740e527,5060
data/raw/Newcastle Disease/ncd.76.jpg,Newcastle Disease,224,224,47046,eca024ef39b3f4784e862698cfb87683,5061
data/raw/Newcastle Disease/ncd.77.jpg,Newcastle Disease,224,224,27799,b80ee63fa8250f3e615484eb88790819,5062
data/raw/Newcastle Disease/ncd.78.jpg,Newcastle Disease,224,224,29170,da5c3d38d9c3c3cf524ca9c860f03056,4838
data/raw/Newcastle Disease/ncd.79.jpg,Newcastle Disease,224,224,25259,be0f81ae87bcbe5a0470e689e1d98d79,5063
data/raw/Newcastle Disease/ncd.8.jpg,Newcastle Disease,224,224,26231,f8893c911dd4e5d065afd7a85d09916c,5064
data/raw/Newcastle Disease/ncd.80.jpg,Newcastle Disease,224,224,39262,aef3e1f154bbbde134e285cb8e9f0faa,5065
data/raw/Newcastle Disease/ncd.81.jpg,Newcastle Disease,224,224,26579,e880b15c34888eca434fb47c2f233ec3,5066
data/raw/Newcastle Disease/ncd.82.jpg,Newcastle Disease,224,224,45520,6d35e03b40296328c95ab1d6fb0a6f7a,5067
data/raw/Newcastle Disease/ncd.83.jpg,Newcastle Disease,224,224,34987,f367dd7778ed9e78c0d50bc09cd0a7f0,5068
data/raw/Newcastle Disease/ncd.84.jpg,Newcastle Disease,224,224,59261,1c67aeded0dc00fa629df25bb7346531,5069
data/raw/Newcastle Disease/ncd.85.jpg,Newcastle Disease,224,224,45455,f7f1308eb20c428bf0d255ab6c2ad54c,5070
data/raw/Newcastle Disease/ncd.86.jpg,Newcastle Disease,224,224,33748,9b3befde34c6a813b5425d8ae8753a38,5071
data/raw/Newcastle Disease/ncd.87.jpg,Newcastle Disease,224,224,43500,eeab4b3fe718dfeb0eb916377cb66369,5072
data/raw/Newcastle Disease/ncd.88.jpg,Newcastle Disease,224,224,35401,c3a52306eef5554eb7b8e936b32387d1,5073
data/raw/Newcastle Disease/ncd.89.jpg,Newcastle Disease,224,224,30446,70e5b252a23ae8d54ad823d426b8268c,5074
data/raw/Newcastle Disease/ncd.9.jpg,Newcastle Disease,224,224,25481,1945ee728a3a51b75a4d7edf948164ff,5075
data/raw/Newcastle Disease/ncd.90.jpg,Newcastle Disease,224,224,34688,ea3c4491722b3dab803ec1cc7f815e8c,5076
data/raw/Newcastle Disease/ncd.91.jpg,Newcastle Disease,224,224,50483,53aeb41f8c0508b017633e6d9ac8073e,5077
data/raw/Newcastle Disease/ncd.92.jpg,Newcastle Disease,224,224,21494,1b337731bbc1a1b40b31563a0e1de5d1,5078
data/raw/Newcastle Disease/ncd.93.jpg,Newcastle Disease,224,224,21642,134481f1743dc6b5c40600d7b50cb086,5079
data/raw/Newcastle Disease/ncd.94.jpg,Newcastle Disease,224,224,39258,35dae579140ed2d52f46d88bbf1f0aa7,5080
data/raw/Newcastle Disease/ncd.95.jpg,Newcastle Disease,224,224,24795,4841f7e8920dd7e422674babefd30438,5081
data/raw/Newcastle Disease/ncd.96.jpg,Newcastle Disease,224,224,37035,90ec23475282142b1358e29a44947041,5082
data/raw/Newcastle Disease/ncd.97.jpg,Newcastle Disease,224,224,31305,9aa23bef28ed64197544b9f61e02764a,5083
data/raw/Newcastle Disease/ncd.98.jpg,Newcastle Disease,224,224,41196,08feeffa90e305cb5636bd9968061c49,5084
data/raw/Newcastle Disease/ncd.99.jpg,Newcastle Disease,224,224,51091,c382b43d839e870602749e05ec7d45bd,5085
data/raw/Newcastle Disease/pcrncd.0.jpg,Newcastle Disease,224,224,64493,5d0260d618e5aa212e0294e80c1bf4d1,5086
data/raw/Newcastle Disease/pcrncd.1.jpg,Newcastle Disease,224,224,72418,1a7c8709dbb037db451e656962c1fc7a,5087
data/raw/Newcastle Disease/pcrncd.10.jpg,Newcastle Disease,224,224,65596,51f3922576309b652a044bd6763a16e5,5088
data/raw/Newcastle Disease/pcrncd.100.jpg,Newcastle Disease,224,224,76293,19a6d5afa5e04ea070702f445c7d936e,5089
data/raw/Newcastle Disease/pcrncd.101.jpg,Newcastle Disease,224,224,73032,a27a7314426cd8eac1741be886c0d745,5090
data/raw/Newcastle Disease/pcrncd.102.jpg,Newcastle Disease,224,224,82021,63cdc96b4f1cb2f23e515868f3bcbac4,5091
data/raw/Newcastle Disease/pcrncd.103.jpg,Newcastle Disease,224,224,74284,c48f03d8cc65add92eb4e2870c325140,5092
data/raw/Newcastle Disease/pcrncd.104.jpg,Newcastle Disease,224,224,69919,c1be86ff87ddd5b2b37245ead61d2176,5093
data/raw/Newcastle Disease/pcrncd.105.jpg,Newcastle Disease,224,224,59713,23a74a04de55f49e051125c59f4d5ccf,5094
data/raw/Newcastle Disease/pcrncd.106.jpg,Newcastle Disease,224,224,75781,46e9b91f54f372d9aef9bcd31c1ede64,5095
data/raw/Newcastle Disease/pcrncd.107.jpg,Newcastle Disease,224,224,60977,20d306ffad9d0abe275f6e8ef3f1f9a5,5096
data/raw/Newcastle Disease/pcrncd.108.jpg,Newcastle Disease,224,224,72125,8c8f472562c2f0919971bb29ae3caac1,5097
data/raw/Newcastle Disease/pcrncd.109.jpg,Newcastle Disease,224,224,68379,a7c859f0be299239ff3593b3832f2225,5098
data/raw/Newcastle Disease/pcrncd.11.jpg,Newcastle Disease,224,224,68452,1fdbb337e1ffe161a759641a9c3ff533,5099
data/raw/Newcastle Disease/pcrncd.110.jpg,Newcastle Disease,224,224,78091,96862d70224e0c1a823ec4dce63e1aea,5100
data/raw/Newcastle Disease/pcrncd.111.jpg,Newcastle Disease,224,224,71615,bfca9de2a6313b8b8eab3159807575d2,5101
data/raw/Newcastle Disease/pcrncd.112.jpg,Newcastle Disease,224,224,65461,2fd8622aa3a872fd01eef81509f00e2d,5102
data/raw/Newcastle Disease/pcrncd.113.jpg,Newcastle Disease,224,224,79063,dccbf4441e9f98de173428e2da976c08,5103
data/raw/Newcastle Disease/pcrncd.114.jpg,Newcastle Disease,224,224,81349,137168bb0a6f2c97d9c6772d89f9ef56,5104
data/raw/Newcastle Disease/pcrncd.115.jpg,Newcastle Disease,224,224,63752,7a754ec396c908002c2bd31882e5212a,5105
data/raw/Newcastle Disease/pcrncd.116.jpg,Newcastle Disease,224,224,80436,b902d8d6673369db93be57e8a2d6474c,5106
data/raw/Newcastle Disease/pcrncd.117.jpg,Newcastle Disease,224,224,78933,b4ebf371458e7ace865cce7cdadf09ff,5107
data/raw/Newcastle Disease/pcrncd.118.jpg,Newcastle Disease,224,224,59112,a315427ef473686496cd28952239545b,5108
data/raw/Newcastle Disease/pcrncd.119.jpg,Newcastle Disease,224,224,75040,53e2e63335e08bf870ea583074611cff,5109
data/raw/Newcastle Disease/pcrncd.12.jpg,Newcastle Disease,224,224,78799,6d20996fe195d272d7b9739c376d1a12,5110
data/raw/Newcastle Disease/pcrncd.120.jpg,Newcastle Disease,224,224,77852,3690f46edeb2023e13cd23a44c8a4f51,5111
data/raw/Newcastle Disease/pcrncd.121.jpg,Newcastle Disease,224,224,77158,ed9677505c9708e7b82bf47ae07ffcf6,5112
data/raw/Newcastle Disease/pcrncd.122.jpg,Newcastle Disease,224,224,71874,3101d67cb333cb298595a8d93585e6fd,5113
data/raw/Newcastle Disease/pcrncd.123.jpg,Newcastle Disease,224,224,83816,3e0bcc42f1c5b9a71c37920a56a32f19,5114
data/raw/Newcastle Disease/pcrncd.124.jpg,Newcastle Disease,224,224,68627,470e2a75cd170df542182400862f2a80,5115
data/raw/Newcastle Disease/pcrncd.125.jpg,Newcastle Disease,224,224,76403,3b63d44c6719ce6d1d3071ca454481df,5116
data/raw/Newcastle Disease/pcrncd.126.jpg,Newcastle Disease,224,224,72455,12ec038a9eb4a266aed4908ea05c9339,5117
data/raw/Newcastle Disease/pcrncd.127.jpg,Newcastle Disease,224,224,76307,9cbd06782c8264c77aadefb5f187c9de,5118
data/raw/Newcastle Disease/pcrncd.128.jpg,Newcastle Disease,224,224,78940,69a31a11a7c94aa88651cef9aa97f14f,5119
data/raw/Newcastle Disease/pcrncd.129.jpg,Newcastle Disease,224,224,73502,454114d730e1e2c51d409e5451c5cc97,5120
data/raw/Newcastle Disease/pcrncd.13.jpg,Newcastle Disease,224,224,75652,226672c6c021fb9f0c113e4b2b623b63,5121
data/raw/Newcastle Disease/pcrncd.130.jpg,Newcastle Disease,224,224,68490,0e0d3d0f70b79b59b10cd2d4f6bb7a05,5122
data/raw/Newcastle Disease/pcrncd.131.jpg,Newcastle Disease,224,224,60771,dd36f460480e6ff1f46b5ec254dcc63e,5123
data/raw/Newcastle Disease/pcrncd.132.jpg,Newcastle Disease,224,224,81521,10327a17d0217f3841692d5bd80f71ff,5124
data/raw/Newcastle Disease/pcrncd.133.jpg,Newcastle Disease,224,224,58254,c1d2189a950857a9a8ae6ee2a8d20c1f,5125
data/raw/Newcastle Disease/pcrncd.134.jpg,Newcastle Disease,224,224,79677,27cdc4ffcbba6a10d015f62d08b812c7,5126
data/raw/Newcastle Disease/pcrncd.135.jpg,Newcastle Disease,224,224,62826,09920d996f96ffceac3088314624f58e,5127
data/raw/Newcastle Disease/pcrncd.136.jpg,Newcastle Disease,224,224,82535,ed996e1b11c2523a7ecd54657731932d,5128
data/raw/Newcastle Disease/pcrncd.137.jpg,Newcastle Disease,224,224,80852,abb8c0c917dfdd87a99e8eb40025555b,5129
data/raw/Newcastle Disease/pcrncd.138.jpg,Newcastle Disease,224,224,81619,28fc8e6a1eadfa8ee41300e44a36606a,5130
data/raw/Newcastle Disease/pcrncd.139.jpg,Newcastle Disease,224,224,66382,417e8b78c8f77737e9e970f98c6e1c3b,5131
data/raw/Newcastle Disease/pcrncd.14.jpg,Newcastle Disease,224,224,61180,e46bc10b64d37c62342d89c7090d06ba,5132
data/raw/Newcastle Disease/pcrncd.140.jpg,Newcastle Disease,224,224,64256,967584038b0ea079693f2341af096121,5133
data/raw/Newcastle Disease/pcrncd.141.jpg,Newcastle Disease,224,224,75388,8678f1cbfba1f471b9ae9c6a8336ff40,5134
data/raw/Newcastle Disease/pcrncd.142.jpg,Newcastle Disease,224,224,55179,4846debe5856450a44d8d13edb694686,5135
data/raw/Newcastle Disease/pcrncd.143.jpg,Newcastle Disease,224,224,64879,2d0f604c54a947e7a8fd96922eee616c,5136
data/raw/Newcastle Disease/pcrncd.144.jpg,Newcastle Disease,224,224,74770,0c04e233cd0f0fb102db65f64532813d,5137
data/raw/Newcastle Disease/pcrncd.145.jpg,Newcastle Disease,224,224,74611,89b51b29753142d966dd7466a7177809,5138
data/raw/Newcastle Disease/pcrncd.146.jpg,Newcastle Disease,224,224,76603,0c4d18c0b756c446759b55a0a75bdd6e,5139
data/raw/Newcastle Disease/pcrncd.147.jpg,Newcastle Disease,224,224,62641,6d96743592fdc04ab2a15fd82b71b643,5140
data/raw/Newcastle Disease/pcrncd.148.jpg,Newcastle Disease,224,224,62514,7f128d359cdd34d54440e04a40b0d153,5141
data/raw/Newcastle Disease/pcrncd.149.jpg,Newcastle Disease,224,224,77692,0404c3a2104fb2869e254ce31e5d1e76,5142
data/raw/Newcastle Disease/pcrncd.15.jpg,Newcastle Disease,224,224,71130,572b55ecd6b7166126bc54ff97856a9c,5143
data/raw/Newcastle Disease/pcrncd.150.jpg,Newcastle Disease,224,224,84014,dd9b46fd16dfc5856f65079ccefe0eeb,5144
data/raw/Newcastle Disease/pcrncd.151.jpg,Newcastle Disease,224,224,66172,0033023b5997e649bf9795e6ec60551d,5145
data/raw/Newcastle Disease/pcrncd.152.jpg,Newcastle Disease,224,224,79712,865fab54e9147bbfe285b932f771aebe,5146
data/raw/Newcastle Disease/pcrncd.153.jpg,Newcastle Disease,224,224,70777,20aeac7766a418d76351df31c6e67507,5147
data/raw/Newcastle Disease/pcrncd.154.jpg,Newcastle Disease,224,224,83146,4d286179840e004bce1fc1fa8f3095f5,5148
data/raw/Newcastle Disease/pcrncd.155.jpg,Newcastle Disease,224,224,70474,422f447305c77c459bf7c4d9f7321626,5149
data/raw/Newcastle Disease/pcrncd.156.jpg,Newcastle Disease,224,224,73125,b280d2c14fad5f8b59ad96e4064bb371,5150
data/raw/Newcastle Disease/pcrncd.157.jpg,Newcastle Disease,224,224,65126,587049751f83a5961d26d83dcf034183,5151
data/raw/Newcastle Disease/pcrncd.158.jpg,Newcastle Disease,224,224,72281,c012545057693214da1ec6a33025a2c3,5152
data/raw/Newcastle Disease/pcrncd.159.jpg,Newcastle Disease,224,224,70841,031ebf2fd2b55f5f0bfdf59689d50155,5153
data/raw/Newcastle Disease/pcrncd.16.jpg,Newcastle Disease,224,224,62766,31b995aced0f0af4081d77cb66d506d3,5154
data/raw/Newcastle Disease/pcrncd.160.jpg,Newcastle Disease,224,224,70204,006a4aedfa4e86dca6a8eedaddfa4473,5155
data/raw/Newcastle Disease/pcrncd.161.jpg,Newcastle Disease,224,224,57244,201944681d1d15b667c657059ce4a900,5156
data/raw/Newcastle Disease/pcrncd.162.jpg,Newcastle Disease,224,224,65993,0f7023effd1b6c22a2e331cc15cc1321,5157
data/raw/Newcastle Disease/pcrncd.163.jpg,Newcastle Disease,224,224,68565,21ff5314b4411efcf9057f7055ac496f,5158
data/raw/Newcastle Disease/pcrncd.164.jpg,Newcastle Disease,224,224,77475,c52bf565eedbb90f3c90c23262634500,5159
data/raw/Newcastle Disease/pcrncd.165.jpg,Newcastle Disease,224,224,69830,117b35ac8d0aae3d5aa7fea7eba5254f,5160
data/raw/Newcastle Disease/pcrncd.166.jpg,Newcastle Disease,224,224,79326,a700b13174ca36c8fb07c25e12879e68,5161
data/raw/Newcastle Disease/pcrncd.167.jpg,Newcastle Disease,224,224,79738,8964929a5176cc96e8fce8454c19309a,5162
data/raw/Newcastle Disease/pcrncd.168.jpg,Newcastle Disease,224,224,77509,b168eaf8f183951ff57ac3bc0aedaae9,5163
data/raw/Newcastle Disease/pcrncd.169.jpg,Newcastle Disease,224,224,68982,718ce72e5fb6e6987f4fff93608df550,5164
data/raw/Newcastle Disease/pcrncd.17.jpg,Newcastle Disease,224,224,78462,bab143dc4215def2d668c5fe498bff33,5165
data/raw/Newcastle Disease/pcrncd.170.jpg,Newcastle Disease,224,224,73584,d1a51c70635f46590730dd2f0573a06c,5166
data/raw/Newcastle Disease/pcrncd.171.jpg,Newcastle Disease,224,224,71115,e5d085fa83cf0728f6cd20625b95d692,5167
data/raw/Newcastle Disease/pcrncd.172.jpg,Newcastle Disease,224,224,78756,d1a6e639b572a5e5fb83e2b168035f83,5168
data/raw/Newcastle Disease/pcrncd.173.jpg,Newcastle Disease,224,224,75864,038b938f35c8e4a952e2776954f1d6a6,5169
data/raw/Newcastle Disease/pcrncd.174.jpg,Newcastle Disease,224,224,64190,5f8d23f6261af5d113d7d95eceb465b8,5170
data/raw/Newcastle Disease/pcrncd.175.jpg,Newcastle Disease,224,224,76388,d1d51e94a3d28a7a55aa96cd93a755fd,5171
data/raw/Newcastle Disease/pcrncd.176.jpg,Newcastle Disease,224,224,70522,b1563120bb2d82b4ef80a2b7d0fc3744,5172
data/raw/Newcastle Disease/pcrncd.177.jpg,Newcastle Disease,224,224,61971,007dc40d790bbef7e05ca51f5c1adca5,5173
data/raw/Newcastle Disease/pcrncd.178.jpg,Newcastle Disease,224,224,56537,f649f8aecdd2d2a9cfca70658d57a013,5174
data/raw/Newcastle Disease/pcrncd.179.jpg,Newcastle Disease,224,224,63364,450b72507ade6952cd2039aa2feba92f,5175
data/raw/Newcastle Disease/pcrncd.18.jpg,Newcastle Disease,224,224,65172,568cfa3820a9fe02b8c03faaced6ed05,5176
data/raw/Newcastle Disease/pcrncd.180.jpg,Newcastle Disease,224,224,76536,b508887c723e1dd558c4cfae4515a580,5177
data/raw/Newcastle Disease/pcrncd.181.jpg,Newcastle Disease,224,224,76520,cf8576e5df6d7bee68a747c8397fb838,5178
data/raw/Newcastle Disease/pcrncd.182.jpg,Newcastle Disease,224,224,70083,19ff8f9f236a933b59ba7896e33bdb0a,5179
data/raw/Newcastle Disease/pcrncd.183.jpg,Newcastle Disease,224,224,48651,b0d8cc27fad75743aac5645c21e27d5b,5180
data/raw/Newcastle Disease/pcrncd.184.jpg,Newcastle Disease,224,224,79027,530d46c4776c66f68013fa8c01f5a5a3,5181
data/raw/Newcastle Disease/pcrncd.185.jpg,Newcastle Disease,224,224,69717,679b7482bfa081bcda736ee42ebb7ae4,5182
data/raw/Newcastle Disease/pcrncd.19.jpg,Newcastle Disease,224,224,78301,4440bdc74e72879afc7a516855b6101a,5183
data/raw/Newcastle Disease/pcrncd.2.jpg,Newcastle Disease,224,224,74350,0525532e6a888d1c49856e36f83e5cc1,5184
data/raw/Newcastle Disease/pcrncd.20.jpg,Newcastle Disease,224,224,60731,f2d1586a11b1324b54d3cf7a18836290,5185
data/raw/Newcastle Disease/pcrncd.21.jpg,Newcastle Disease,224,224,78353,4182976f3a2e5334f7b0147bc598f415,5186
data/raw/Newcastle Disease/pcrncd.22.jpg,Newcastle Disease,224,224,75246,07f38154f4888ee87c3a4f7d7aae51c5,5187
data/raw/Newcastle Disease/pcrncd.23.jpg,Newcastle Disease,224,224,65427,b2e451a2e9b60d24a38895e527e4c826,5188
data/raw/Newcastle Disease/pcrncd.24.jpg,Newcastle Disease,224,224,77070,fa25894e12db7d135dadb4c0e3a22734,5189
data/raw/Newcastle Disease/pcrncd.25.jpg,Newcastle Disease,224,224,76553,1ab34cdc4b0ca0c9e052ec5a378b27f3,5190
data/raw/Newcastle Disease/pcrncd.26.jpg,Newcastle Disease,224,224,71648,16c1a46a9d27b83d54cf9e7392a76f53,5191
data/raw/Newcastle Disease/pcrncd.27.jpg,Newcastle Disease,224,224,81900,a84357813632d9612829abd5fe2a1e46,5192
data/raw/Newcastle Disease/pcrncd.28.jpg,Newcastle Disease,224,224,78360,ecd894b23fec658d75a703700afe2bfc,5193
data/raw/Newcastle Disease/pcrncd.29.jpg,Newcastle Disease,224,224,69830,b05b10b9041ee76e42a15ea26f831264,5194
data/raw/Newcastle Disease/pcrncd.3.jpg,Newcastle Disease,224,224,73836,8951ca325ee70840dd15ea6cdbd2553a,5195
data/raw/Newcastle Disease/pcrncd.30.jpg,Newcastle Disease,224,224,75909,8488fabb40ae1429a0bf5eff42501794,5196
data/raw/Newcastle Disease/pcrncd.31.jpg,Newcastle Disease,224,224,74344,39e0bc680f5767f0930c1875a520b1d3,5197
data/raw/Newcastle Disease/pcrncd.32.jpg,Newcastle Disease,224,224,63444,785c7e6b39966581a1d3714585f8d503,5198
data/raw/Newcastle Disease/pcrncd.33.jpg,Newcastle Disease,224,224,74221,89366163e37df3289d8016ad00ee6422,5199
data/raw/Newcastle Disease/pcrncd.34.jpg,Newcastle Disease,224,224,73176,4af306984e52f1abef4d9879f4ea3964,5200
data/raw/Newcastle Disease/pcrncd.35.jpg,Newcastle Disease,224,224,77797,820cd489c024f5cf575149bf27a6b9b1,5201
data/raw/Newcastle Disease/pcrncd.36.jpg,Newcastle Disease,224,224,79473,fe55517bd6b5e9ffc135ca1ec86d6ac9,5202
data/raw/Newcastle Disease/pcrncd.37.jpg,Newcastle Disease,224,224,82215,71720eb976f486eb850e041e0b67628c,5203
data/raw/Newcastle Disease/pcrncd.38.jpg,Newcastle Disease,224,224,61146,d1c671bfa715b453dfe9050fe838bb34,5204
data/raw/Newcastle Disease/pcrncd.39.jpg,Newcastle Disease,224,224,63850,dcbe7ceb1aba07c9bd03483009f38b51,5205
data/raw/Newcastle Disease/pcrncd.4.jpg,Newcastle Disease,224,224,73414,70b4443a087b648899f914c97e579d23,5206
data/raw/Newcastle Disease/pcrncd.40.jpg,Newcastle Disease,224,224,66585,88cf791c021f4a6820c81f241978f16f,5207
data/raw/Newcastle Disease/pcrncd.41.jpg,Newcastle Disease,224,224,47067,f28a9623e3ffffeb4cbed5701a779600,5208
data/raw/Newcastle Disease/pcrncd.42.jpg,Newcastle Disease,224,224,77187,21715e999abd34b92b4c82c85b3c2783,5209
data/raw/Newcastle Disease/pcrncd.43.jpg,Newcastle Disease,224,224,80288,518d2787386af5d3e41aabf7991d8e1b,5210
data/raw/Newcastle Disease/pcrncd.44.jpg,Newcastle Disease,224,224,76261,293044c98faa1dcbbc7eae3c89df4929,5211
data/raw/Newcastle Disease/pcrncd.45.jpg,Newcastle Disease,224,224,75991,3dd0391b08a63a8e0ecd8be1b52435d6,5212
data/raw/Newcastle Disease/pcrncd.46.jpg,Newcastle Disease,224,224,70783,c69aa200c354867e6cc4f6f64ed666ed,5213
data/raw/Newcastle Disease/pcrncd.47.jpg,Newcastle Disease,224,224,74520,0417e2c02a53a64be794fcfc64a6472a,5214
data/raw/Newcastle Disease/pcrncd.48.jpg,Newcastle Disease,224,224,72407,9b8f943f4a7c7c60f08431de0f0c5fec,5215
data/raw/Newcastle Disease/pcrncd.49.jpg,Newcastle Disease,224,224,64673,3c2c826ec502699f068a629b0f515666,5216
data/raw/Newcastle Disease/pcrncd.5.jpg,Newcastle Disease,224,224,73407,cda8c979f063bd7421b72d850fe289a0,5217
data/raw/Newcastle Disease/pcrncd.50.jpg,Newcastle Disease,224,224,68061,cfba442042c6be42563eba445916e89e,5218
data/raw/Newcastle Disease/pcrncd.51.jpg,Newcastle Disease,224,224,67476,efc32a4c35b0b26e63464081c24c5cba,5219
data/raw/Newcastle Disease/pcrncd.52.jpg,Newcastle Disease,224,224,76189,74341dd91947a01269789dae6f50f179,5220
data/raw/Newcastle Disease/pcrncd.53.jpg,Newcastle Disease,224,224,63368,997ee8b17d64a49fd0a1c51d2d3d5ef1,5221
data/raw/Newcastle Disease/pcrncd.54.jpg,Newcastle Disease,224,224,70400,6a0001b23fb89df9e2039f9a9287cde8,5222
data/raw/Newcastle Disease/pcrncd.55.jpg,Newcastle Disease,224,224,78464,b2740654276365900fa6e55f63afffe0,5223
data/raw/Newcastle Disease/pcrncd.56.jpg,Newcastle Disease,224,224,71402,2f9b437d6f752a9e90fb9bffa9810695,5224
data/raw/Newcastle Disease/pcrncd.57.jpg,Newcastle Disease,224,224,79265,0972f0061d1fd8d5d4f5c376732947ff,5225
data/raw/Newcastle Disease/pcrncd.58.jpg,Newcastle Disease,224,224,73039,2fe51d73f96b1cea5dcb3b84f25edbab,5226
data/raw/Newcastle Disease/pcrncd.59.jpg,Newcastle Disease,224,224,81275,21eceb289fa042456b39b25d09c8c110,5227
data/raw/Newcastle Disease/pcrncd.6.jpg,Newcastle Disease,224,224,73321,0b9ecc445c010babab253708498492f4,5228
data/raw/Newcastle Disease/pcrncd.60.jpg,Newcastle Disease,224,224,74392,f4938d16d6cc26afb26859d83084db39,5229
data/raw/Newcastle Disease/pcrncd.61.jpg,Newcastle Disease,224,224,69319,92e0894aa6acb39b4197acf2d1637df5,5230
data/raw/Newcastle Disease/pcrncd.62.jpg,Newcastle Disease,224,224,55541,62f982e4ffdc237c8bb01d721278b010,5231
data/raw/Newcastle Disease/pcrncd.63.jpg,Newcastle Disease,224,224,62921,6839fda8f38725b215cc9e74f6cb4d63,5232
data/raw/Newcastle Disease/pcrncd.64.jpg,Newcastle Disease,224,224,80749,cc65d373d819e6d12701a09a7b1c0b57,5233
data/raw/Newcastle Disease/pcrncd.65.jpg,Newcastle Disease,224,224,83373,3ec3b8ba12ca532f09923ebd8fd4a9c1,5234
data/raw/Newcastle Disease/pcrncd.66.jpg,Newcastle Disease,224,224,81341,708cfc2af15d61b51b006afce587c93d,5235
data/raw/Newcastle Disease/pcrncd.67.jpg,Newcastle Disease,224,224,72924,d2de0a9e8025c2aae364c64626ac57ff,5236
data/raw/Newcastle Disease/pcrncd.68.jpg,Newcastle Disease,224,224,70468,c5d96f49855df9b9fe042e26762ea0ac,5237
data/raw/Newcastle Disease/pcrncd.69.jpg,Newcastle Disease,224,224,73484,4cf19b082ce038b225a8f612590c5d81,5238
data/raw/Newcastle Disease/pcrncd.7.jpg,Newcastle Disease,224,224,69794,1ef982894a0667275f8b170f20896c15,5239
data/raw/Newcastle Disease/pcrncd.70.jpg,Newcastle Disease,224,224,76101,ca3fa90358485f61bc803dafee26c3f2,5240
data/raw/Newcastle Disease/pcrncd.71.jpg,Newcastle Disease,224,224,67299,091373b2f03ecdecfd394c21040a08a2,5241
data/raw/Newcastle Disease/pcrncd.72.jpg,Newcastle Disease,224,224,65057,502fe62e2dd9413345f491e359b39210,5242
data/raw/Newcastle Disease/pcrncd.73.jpg,Newcastle Disease,224,224,75414,f50164b0625db1105137e6a3bf29636c,5243
data/raw/Newcastle Disease/pcrncd.74.jpg,Newcastle Disease,224,224,78968,760b20d76aa8ff95ff64f49470895a68,5244
data/raw/Newcastle Disease/pcrncd.75.jpg,Newcastle Disease,224,224,69345,42a3cdf1bd569668d9aa13ce18b39c26,5245
data/raw/Newcastle Disease/pcrncd.76.jpg,Newcastle Disease,224,224,73003,856ae4f5f0f4a5ee2c5d2837cd54daeb,5246
data/raw/Newcastle Disease/pcrncd.77.jpg,Newcastle Disease,224,224,80364,907677f88dc2cfbd3d0e19f7a505b619,5247
data/raw/Newcastle Disease/pcrncd.78.jpg,Newcastle Disease,224,224,68382,5f41068279c9e33844a6e21b35451267,5248
data/raw/Newcastle Disease/pcrncd.79.jpg,Newcastle Disease,224,224,79074,4af6d0b9ffb86e6e09d6e96696576e94,5249
data/raw/Newcastle Disease/pcrncd.8.jpg,Newcastle Disease,224,224,63906,ab38c32265ef591d1a0620639d281b8b,5250
data/raw/Newcastle Disease/pcrncd.80.jpg,Newcastle Disease,224,224,70527,f5de54d639f4304d8a1ab74a89bd2904,5251
data/raw/Newcastle Disease/pcrncd.81.jpg,Newcastle Disease,224,224,77182,1d34b38942eca8d772fa2203a9ee2ee3,5252
data/raw/Newcastle Disease/pcrncd.82.jpg,Newcastle Disease,224,224,75314,7bb92fc983740bd256e69e6f0a0c2da3,5253
data/raw/Newcastle Disease/pcrncd.83.jpg,Newcastle Disease,224,224,69485,2c32ec61d68212d3e0462fab1ae22a49,5254
data/raw/Newcastle Disease/pcrncd.84.jpg,Newcastle Disease,224,224,65798,84c17bf58d5e6f1f3d2469cccb7290cd,5255
data/raw/Newcastle Disease/pcrncd.85.jpg,Newcastle Disease,224,224,75838,f654fcfaaaa67f7d1311e43de5f65b7c,5256
data/raw/Newcastle Disease/pcrncd.86.jpg,Newcastle Disease,224,224,77933,e37c3409dca7f9eca16f2b162ecf7456,5257
data/raw/Newcastle Disease/pcrncd.87.jpg,Newcastle Disease,224,224,82950,7fc132cbb035ee20bbb75ade08061035,5258
data/raw/Newcastle Disease/pcrncd.88.jpg,Newcastle Disease,224,224,67931,eab0cea42cd36913ccddcda18b7912bf,5259
data/raw/Newcastle Disease/pcrncd.89.jpg,Newcastle Disease,224,224,74625,b3a9cf49b0f6e920e55efb9a299b2c54,5260
data/raw/Newcastle Disease/pcrncd.9.jpg,Newcastle Disease,224,224,70376,527829d3e823048aeef340e3df69faaa,5261
data/raw/Newcastle Disease/pcrncd.90.jpg,Newcastle Disease,224,224,76971,d2d7ce4407b6043e52f3de17db84b1d5,5262
data/raw/Newcastle Disease/pcrncd.91.jpg,Newcastle Disease,224,224,76466,a36dcf0fdea1f8ea8657491315a5c403,5263
data/raw/Newcastle Disease/pcrncd.92.jpg,Newcastle Disease,224,224,76368,88e32d723af5509f12dcaeabbb8f0ebe,5264
data/raw/Newcastle Disease/pcrncd.93.jpg,Newcastle Disease,224,224,62981,f9284358225b0d06976586a944b4960e,5265
data/raw/Newcastle Disease/pcrncd.94.jpg,Newcastle Disease,224,224,73242,313ce15b0eba5b812ae41ffcf0c9ea75,5266
data/raw/Newcastle Disease/pcrncd.95.jpg,Newcastle Disease,224,224,74289,496482a37606e31ef35ae8a343d5fc64,5267
data/raw/Newcastle Disease/pcrncd.96.jpg,Newcastle Disease,224,224,63840,bd9959a2699c965f1e70423316170ade,5268
data/raw/Newcastle Disease/pcrncd.97.jpg,Newcastle Disease,224,224,73889,b61b5d9dcd5f8a3ccf9ee7ebc298e423,5269
data/raw/Newcastle Disease/pcrncd.98.jpg,Newcastle Disease,224,224,53970,7211087221fd9765bde4e30a55bdf2d7,5270
data/raw/Newcastle Disease/pcrncd.99.jpg,Newcastle Disease,224,224,69671,76a678e81df8126349ccf99f4f8181e3,5271
data/raw/Salmonella/pcrsalmo.0.jpg,Salmonella,224,224,61033,02a78823d4d5f85f1d2a12fa2f7a8337,5272
data/raw/Salmonella/pcrsalmo.1.jpg,Salmonella,224,224,56082,2eb8bcbaf8d0d208d42184ae29ffa53d,5273
data/raw/Salmonella/pcrsalmo.10.jpg,Salmonella,224,224,60452,69ef2b81fea13b4221c7e23af982968d,5274
data/raw/Salmonella/pcrsalmo.100.jpg,Salmonella,224,224,46408,ba168106d661292cabf3863d7c5685b4,5275
data/raw/Salmonella/pcrsalmo.101.jpg,Salmonella,224,224,51187,070e7c47ad3a8ac3936d31ebc471615d,5276
data/raw/Salmonella/pcrsalmo.102.jpg,Salmonella,224,224,47019,e2444bdc5ba49ded636bfaeb9ad54201,5277
data/raw/Salmonella/pcrsalmo.103.jpg,Salmonella,224,224,58930,b3add6a2bd13c709568eee1d13448cc5,5278
data/raw/Salmonella/pcrsalmo.104.jpg,Salmonella,224,224,60366,3f152c892e40bc3fb490d5be9205ab13,5279
data/raw/Salmonella/pcrsalmo.105.jpg,Salmonella,224,224,40872,0ec380c87618e638f6ce683ec87fb980,5280
data/raw/Salmonella/pcrsalmo.106.jpg,Salmonella,224,224,45539,5cc478e529524d853ada6baa4d68d64d,5281
data/raw/Salmonella/pcrsalmo.107.jpg,Salmonella,224,224,51685,8ceeb4470bad9b003b324224f807cf9d,5282
data/raw/Salmonella/pcrsalmo.108.jpg,Salmonella,224,224,55945,0d4badabc400dce319110c61b8c23d07,5283
data/raw/Salmonella/pcrsalmo.109.jpg,Salmonella,224,224,46996,22c1c1f2aac47d92a14c5aceab6b805c,5284
data/raw/Salmonella/pcrsalmo.11.jpg,Salmonella,224,224,44441,68828f5f42ea278f3119c4f7b783de19,5285
data/raw/Salmonella/pcrsalmo.110.jpg,Salmonella,224,224,45197,35d291b359e8627db2c93e64edc09f72,5286
data/raw/Salmonella/pcrsalmo.111.jpg,Salmonella,224,224,60990,90e3e37b487798d101a5e068168f9413,5287
data/raw/Salmonella/pcrsalmo.112.jpg,Salmonella,224,224,42454,c9caf983cd3956865a5ef74cebfcec9d,5288
data/raw/Salmonella/pcrsalmo.113.jpg,Salmonella,224,224,44525,94017ccdb1b9c7669942568df1475f48,5289
data/raw/Salmonella/pcrsalmo.114.jpg,Salmonella,224,224,47486,a0d404f0cfaffeeabb676bb72aba20db,5290
data/raw/Salmonella/pcrsalmo.115.jpg,Salmonella,224,224,40661,c53eb5bd91d9092b02b87f06829fc08d,5291
data/raw/Salmonella/pcrsalmo.116.jpg,Salmonella,224,224,49813,4404fbbd0d1819e2e37d60266b0afebc,5292
data/raw/Salmonella/pcrsalmo.117.jpg,Salmonella,224,224,50709,3663c93bba8cefffb222ae4a3aeae572,5293
data/raw/Salmonella/pcrsalmo.118.jpg,Salmonella,224,224,49877,c3efb5b948bdca12f145fb1f01a6f822,5294
data/raw/Salmonella/pcrsalmo.119.jpg,Salmonella,224,224,46248,da23f896446893ac9f9104c77b0f4dd3,5295
data/raw/Salmonella/pcrsalmo.12.jpg,Salmonella,224,224,45280,2be15a05209c6b223a290f608ea1b0a0,5296
data/raw/Salmonella/pcrsalmo.120.jpg,Salmonella,224,224,46056,32edfda8c52f335af8e0ace28e86e08b,5297
data/raw/Salmonella/pcrsalmo.121.jpg,Salmonella,224,224,41854,35f82aab70b328121272ffd92f9e0b0d,5298
data/raw/Salmonella/pcrsalmo.122.jpg,Salmonella,224,224,47619,1528711b61e5ac22f56958d2614f1a76,5299
data/raw/Salmonella/pcrsalmo.123.jpg,Salmonella,224,224,46521,d2789c041a083ab6480ef98bd5571cf1,5300
data/raw/Salmonella/pcrsalmo.124.jpg,Salmonella,224,224,44186,90b0a830d4f71493df3a42a2eaf4faee,5301
data/raw/Salmonella/pcrsalmo.125.jpg,Salmonella,224,224,52321,92a065fa5a83d568cd1fb439793d99e4,5302
data/raw/Salmonella/pcrsalmo.126.jpg,Salmonella,224,224,37062,77df820bcf190d45aa10a4ef1879d56c,5303
data/raw/Salmonella/pcrsalmo.127.jpg,Salmonella,224,224,51461,8dbe5512c28e1c174d0a01ba173587da,5304
data/raw/Salmonella/pcrsalmo.128.jpg,Salmonella,224,224,47431,86b03d8b9f4209188f2d670394a5d7c5,5305
data/raw/Salmonella/pcrsalmo.129.jpg,Salmonella,224,224,35344,feb2710f516fadc0f52c7f2bd33215c5,5306
data/raw/Salmonella/pcrsalmo.13.jpg,Salmonella,224,224,45902,0a13267f2b04355fe825f1d417de81fa,5307
data/raw/Salmonella/pcrsalmo.130.jpg,Salmonella,224,224,58619,f597bdca828c299ecb9f94b74f06057a,5308
data/raw/Salmonella/pcrsalmo.131.jpg,Salmonella,224,224,46790,7464dd539143e8fe1ff6a879a7bbba42,5309
data/raw/Salmonella/pcrsalmo.132.jpg,Salmonella,224,224,49494,56262b1ce510884b58e298027b4f149c,5310
data/raw/Salmonella/pcrsalmo.133.jpg,Salmonella,224,224,44598,69b4435742391a9709667ade2f7f4cdd,5311
data/raw/Salmonella/pcrsalmo.134.jpg,Salmonella,224,224,48202,1b1ad6ee2bc33359bb1d5e457b70867e,5312
data/raw/Salmonella/pcrsalmo.135.jpg,Salmonella,224,224,62835,77ee62d0ded30a9acafacb7e85a0c4c6,5313
data/raw/Salmonella/pcrsalmo.136.jpg,Salmonella,224,224,42945,b6882dd1aa6e084250cb8874ad52b4e6,5314
data/raw/Salmonella/pcrsalmo.137.jpg,Salmonella,224,224,47780,3aac9f1a713ef4b0ced6549efe85df74,5315
data/raw/Salmonella/pcrsalmo.138.jpg,Salmonella,224,224,55984,08f2b87a31d1a2fc04f40dbab5ef7e98,5316
data/raw/Salmonella/pcrsalmo.139.jpg,Salmonella,224,224,38495,57bdbcd075eeab5f83e1252069ddcdba,5317
data/raw/Salmonella/pcrsalmo.14.jpg,Salmonella,224,224,43757,ef87cd2fb378d1c3c5253114a73f0f9f,5318
data/raw/Salmonella/pcrsalmo.140.jpg,Salmonella,224,224,41571,894d12ada4126e4e1d96e22367c934bc,5319
data/raw/Salmonella/pcrsalmo.141.jpg,Salmonella,224,224,41235,138d2484499df6e0f71c6cfa1a98cba6,5320
data/raw/Salmonella/pcrsalmo.142.jpg,Salmonella,224,224,46987,d8a730080093be723acbcc3e39f9f673,5321
data/raw/Salmonella/pcrsalmo.143.jpg,Salmonella,224,224,44905,13dbc1018018a0309cc80df6f8cbbca1,5322
data/raw/Salmonella/pcrsalmo.144.jpg,Salmonella,224,224,49170,3ae728931efc81d23da81032691c593b,5323
data/raw/Salmonella/pcrsalmo.145.jpg,Salmonella,224,224,60469,4d22dbb9715f6c3f0a78609e061c8330,5324
data/raw/Salmonella/pcrsalmo.146.jpg,Salmonella,224,224,45628,6ee50b50676c53586033ab7d9ac749b2,5325
data/raw/Salmonella/pcrsalmo.147.jpg,Salmonella,224,224,51975,face9fb7803f40a0375ca08b49731725,5326
data/raw/Salmonella/pcrsalmo.148.jpg,Salmonella,224,224,46015,014fce3bf1f5f1f841a4e93c342b5861,5327
data/raw/Salmonella/pcrsalmo.149.jpg,Salmonella,224,224,40456,015ea6444abe0bb721d31c234a32bd8e,5328
data/raw/Salmonella/pcrsalmo.15.jpg,Salmonella,224,224,63791,3535ac41eba2bcbd81687ed81b739b6b,5329
data/raw/Salmonella/pcrsalmo.150.jpg,Salmonella,224,224,58943,be658079a9a0745403939a7d5a8b0c48,4455
data/raw/Salmonella/pcrsalmo.151.jpg,Salmonella,224,224,50414,60e1175541ce268d9343a56e636e6ad7,5330
data/raw/Salmonella/pcrsalmo.152.jpg,Salmonella,224,224,48047,06887061a431f91593789fdf890d8c31,5331
data/raw/Salmonella/pcrsalmo.153.jpg,Salmonella,224,224,47386,25572eabe32dec8e31f437a9d06a4b92,5332
data/raw/Salmonella/pcrsalmo.154.jpg,Salmonella,224,224,42360,33decc5bd267ad44d1b89eafea282bce,5333
data/raw/Salmonella/pcrsalmo.155.jpg,Salmonella,224,224,50468,51d082b9dd78b40f41b7233069c87e90,5334
data/raw/Salmonella/pcrsalmo.156.jpg,Salmonella,224,224,49778,d32147f96ed58ff10c49e33ee07feb60,5335
data/raw/Salmonella/pcrsalmo.157.jpg,Salmonella,224,224,44903,448d4265b1eb91c50a9b6b3dd1bd8bd2,5336
data/raw/Salmonella/pcrsalmo.158.jpg,Salmonella,224,224,57390,fc4ea6d0c237119afa71123fe14ffb00,5337
data/raw/Salmonella/pcrsalmo.159.jpg,Salmonella,224,224,50544,3c0a6438b12d7f88a20655b53504f614,5338
data/raw/Salmonella/pcrsalmo.16.jpg,Salmonella,224,224,43892,3798b70748d991cffa9bb8aa75ad5f8b,5339
data/raw/Salmonella/pcrsalmo.160.jpg,Salmonella,224,224,50099,3c20b2fb352675f81c90a696f6258a2e,5340
data/raw/Salmonella/pcrsalmo.161.jpg,Salmonella,224,224,62022,a0e66f0ed59b37c42d6b14130a4df654,5341
data/raw/Salmonella/pcrsalmo.162.jpg,Salmonella,224,224,49578,39fa9dddae122c36f5491e282577bc20,5342
data/raw/Salmonella/pcrsalmo.163.jpg,Salmonella,224,224,61284,ab7d23a74fdce75bf6ee57300baad80e,5343
data/raw/Salmonella/pcrsalmo.164.jpg,Salmonella,224,224,60101,bb911888444ce8249ca33f09e32279e6,5344
data/raw/Salmonella/pcrsalmo.165.jpg,Salmonella,224,224,59188,89fa78da56952ee069e2ad817ac35231,5345
data/raw/Salmonella/pcrsalmo.166.jpg,Salmonella,224,224,50502,762fe78c63d95a41359d28aef633afa5,5346
data/raw/Salmonella/pcrsalmo.167.jpg,Salmonella,224,224,61811,1ba87a0eed7c8a601167fc50535450c4,5347
data/raw/Salmonella/pcrsalmo.168.jpg,Salmonella,224,224,42310,0d3504958edc570c1f9e57966f2d84b7,5348
data/raw/Salmonella/pcrsalmo.169.jpg,Salmonella,224,224,53759,9e57373cc7e7d46a44abe8c9931a932e,5349
data/raw/Salmonella/pcrsalmo.17.jpg,Salmonella,224,224,49204,1702c1ffe56af5d467030ba6035a01d9,5350
data/raw/Salmonella/pcrsalmo.170.jpg,Salmonella,224,224,49342,efa67b61d75bef80c800de7c20c43678,5351
data/raw/Salmonella/pcrsalmo.171.jpg,Salmonella,224,224,48010,7ca6f43681e5e8f4ea02ca2c21427b61,5352
data/raw/Salmonella/pcrsalmo.172.jpg,Salmonella,224,224,30337,58a8fb806e99364aea5281a4c33ab715,5353
data/raw/Salmonella/pcrsalmo.173.jpg,Salmonella,224,224,49208,3584bb2ae3f6d4bd09529d61a7fbb1e9,5354
data/raw/Salmonella/pcrsalmo.174.jpg,Salmonella,224,224,59022,a0ff0a29c265ac28f2074678fd44fb4f,5355
data/raw/Salmonella/pcrsalmo.175.jpg,Salmonella,224,224,50877,4a6f19e707b1e9520aadcfa9e1aa2cd3,5356
data/raw/Salmonella/pcrsalmo.176.jpg,Salmonella,224,224,60930,c14e210f2e602c8d9e5ac319a9f4600c,5357
data/raw/Salmonella/pcrsalmo.177.jpg,Salmonella,224,224,61671,422bb7e5fe8abc81048cf40595fcee0a,5358
data/raw/Salmonella/pcrsalmo.178.jpg,Salmonella,224,224,42280,595aa24419308853bebe499876434c75,5359
data/raw/Salmonella/pcrsalmo.179.jpg,Salmonella,224,224,43083,979690501df50c619fa98258d66b7d34,5360
data/raw/Salmonella/pcrsalmo.18.jpg,Salmonella,224,224,48199,ef062e3906f26bbf24febef52632ab9c,5361
data/raw/Salmonella/pcrsalmo.180.jpg,Salmonella,224,224,63058,9977a1d1fb90fc29ffce852fe08c7a2f,5362
data/raw/Salmonella/pcrsalmo.181.jpg,Salmonella,224,224,48099,de5b75fd21ce7769127a6daaf5811196,5363
data/raw/Salmonella/pcrsalmo.182.jpg,Salmonella,224,224,46020,9020a8258273dfa83f9667c934635252,5364
data/raw/Salmonella/pcrsalmo.183.jpg,Salmonella,224,224,46103,d1b794ac3776ec7632c3d6b5a1adbad8,5365
data/raw/Salmonella/pcrsalmo.184.jpg,Salmonella,224,224,59347,6b0689a447ba20f37297e394a487778d,5366
data/raw/Salmonella/pcrsalmo.185.jpg,Salmonella,224,224,41628,40be1290c8ae3f159690ecf8f3acc5c4,5367
data/raw/Salmonella/pcrsalmo.186.jpg,Salmonella,224,224,62804,02d9eaed8d9439b197c9cf618a933a4d,5368
data/raw/Salmonella/pcrsalmo.187.jpg,Salmonella,224,224,44165,8fb04cc9d699c599367a461dada7c0b6,5369
data/raw/Salmonella/pcrsalmo.188.jpg,Salmonella,224,224,56949,1cdf0bb9a2f8bd081b2c2799e6a48e0f,5370
data/raw/Salmonella/pcrsalmo.189.jpg,Salmonella,224,224,47480,c443e79582036d136bfbe67fd7648bdb,5371
data/raw/Salmonella/pcrsalmo.19.jpg,Salmonella,224,224,54827,ff85d4722ef39d6d27dbc007522a7b84,5372
data/raw/Salmonella/pcrsalmo.190.jpg,Salmonella,224,224,45322,fba1c0a0f9702f1314bf9e9bf97ecace,5373
data/raw/Salmonella/pcrsalmo.191.jpg,Salmonella,224,224,55111,68fa770439c5f24438b4d547a85f1e51,5374
data/raw/Salmonella/pcrsalmo.192.jpg,Salmonella,224,224,44877,c954628c7b04ff1bfd06b2cb5efb0a6f,5375
data/raw/Salmonella/pcrsalmo.193.jpg,Salmonella,224,224,58538,6f7a86eb0948eede7d07560a94821aad,5376
data/raw/Salmonella/pcrsalmo.194.jpg,Salmonella,224,224,50372,a8d877a95c0a55e45289a10cf116f491,5377
data/raw/Salmonella/pcrsalmo.195.jpg,Salmonella,224,224,40441,2d6ee276d384e1404119f0756310f58e,5378
data/raw/Salmonella/pcrsalmo.196.jpg,Salmonella,224,224,45303,63af785f36626736ce1323f80c7765cd,5379
data/raw/Salmonella/pcrsalmo.197.jpg,Salmonella,224,224,48289,4c0e7bbb6ecd9c638408aeae38e0d75c,5380
data/raw/Salmonella/pcrsalmo.198.jpg,Salmonella,224,224,46035,95b9354bb48068a4241dae6084f59661,5381
data/raw/Salmonella/pcrsalmo.199.jpg,Salmonella,224,224,43648,0d52ae542b48bc3ab821c14365a7e088,5382
data/raw/Salmonella/pcrsalmo.2.jpg,Salmonella,224,224,45863,4789632d5b1758428c664a6271a7f7bf,5383
data/raw/Salmonella/pcrsalmo.20.jpg,Salmonella,224,224,45397,f74ff16278f102728feb6aba9377b548,5384
data/raw/Salmonella/pcrsalmo.200.jpg,Salmonella,224,224,50130,d624502a7f87fa51f02811ac46234612,5385
data/raw/Salmonella/pcrsalmo.201.jpg,Salmonella,224,224,63819,df8d55ae37bf0d564c9e0df925c36ccd,5386
data/raw/Salmonella/pcrsalmo.202.jpg,Salmonella,224,224,46997,e8b80a06f5e606542507089b71e912c7,4610
data/raw/Salmonella/pcrsalmo.203.jpg,Salmonella,224,224,45933,f53db7d68ca3b59220a5b2d095fc9832,5387
data/raw/Salmonella/pcrsalmo.204.jpg,Salmonella,224,224,38629,4b0f6dbc361792b5aae89d20748f6528,5388
data/raw/Salmonella/pcrsalmo.205.jpg,Salmonella,224,224,58138,ad4262a2e72d5e80480097c622852e1f,5389
data/raw/Salmonella/pcrsalmo.206.jpg,Salmonella,224,224,51329,48322047f865dec65b7b2a7f992fd7aa,5390
data/raw/Salmonella/pcrsalmo.207.jpg,Salmonella,224,224,56046,e6f5920ef4e8ca9b18f8063331014908,5391
data/raw/Salmonella/pcrsalmo.208.jpg,Salmonella,224,224,55963,95bf133466867d73ea981ac887e8dcef,5392
data/raw/Salmonella/pcrsalmo.209.jpg,Salmonella,224,224,43133,73094b573540e0a5e1280965d1151cce,5393
data/raw/Salmonella/pcrsalmo.21.jpg,Salmonella,224,224,42296,7416f0591611f014825161d654a599ed,5394
data/raw/Salmonella/pcrsalmo.210.jpg,Salmonella,224,224,37806,680506ae5f4a04959ff9a5c501cfcc88,5395
data/raw/Salmonella/pcrsalmo.211.jpg,Salmonella,224,224,57463,86e28ad53bce4bcd54cfb3db8ef00203,5396
data/raw/Salmonella/pcrsalmo.212.jpg,Salmonella,224,224,61382,ff25787c2023a1989d8bb47fcd959106,5397
data/raw/Salmonella/pcrsalmo.213.jpg,Salmonella,224,224,58273,06c80452b5413e67245c93f96385e749,5398
data/raw/Salmonella/pcrsalmo.214.jpg,Salmonella,224,224,48473,94c7aa75f473e9370cfbe41a7444655d,5399
data/raw/Salmonella/pcrsalmo.215.jpg,Salmonella,224,224,43809,10321f8ef9255a1b43fd225c1a116b80,5400
data/raw/Salmonella/pcrsalmo.216.jpg,Salmonella,224,224,45752,647117e022fcd96bd17e394cfd676a87,5401
data/raw/Salmonella/pcrsalmo.217.jpg,Salmonella,224,224,37789,2ebbfc311094548b429a028dc2ba811a,5402
data/raw/Salmonella/pcrsalmo.218.jpg,Salmonella,224,224,49057,2d53c847b9ce6f405e591b976a948225,5403
data/raw/Salmonella/pcrsalmo.219.jpg,Salmonella,224,224,59008,4cf9e81b7a3b73da1381845b2af38de7,5404
data/raw/Salmonella/pcrsalmo.22.jpg,Salmonella,224,224,47701,865e71a2e06175995cc45abaa100643a,5405
data/raw/Salmonella/pcrsalmo.220.jpg,Salmonella,224,224,50258,38106ca969a5ac436c39d220828b7605,5406
data/raw/Salmonella/pcrsalmo.221.jpg,Salmonella,224,224,45474,00cf8b216e2831db646325a31d37e7a2,5407
data/raw/Salmonella/pcrsalmo.222.jpg,Salmonella,224,224,44978,f870422cf4134b4c36ba0f6adcc4e665,5408
data/raw/Salmonella/pcrsalmo.223.jpg,Salmonella,224,224,47950,57ecc92a32a0c915b0523e597ce7604d,5409
data/raw/Salmonella/pcrsalmo.224.jpg,Salmonella,224,224,46023,769b762054b8b51d363025d41ffc9c34,5410
data/raw/Salmonella/pcrsalmo.225.jpg,Salmonella,224,224,38993,1f1bb194baaeba63c2f03c617bfc1797,5411
data/raw/Salmonella/pcrsalmo.226.jpg,Salmonella,224,224,59533,1b0874669e197c5e81b3b20561a5631f,5412
data/raw/Salmonella/pcrsalmo.227.jpg,Salmonella,224,224,53791,48c5a7e6fc66f3697c6cae64d7de2dc8,5413
data/raw/Salmonella/pcrsalmo.228.jpg,Salmonella,224,224,42625,9d30177918c4748247dd0a955b3dd80b,5414
data/raw/Salmonella/pcrsalmo.229.jpg,Salmonella,224,224,46807,f36c1262ca4abc2b24eb2cf2b069a97b,5415
data/raw/Salmonella/pcrsalmo.23.jpg,Salmonella,224,224,51322,cb2a6fb5ddc35f05a4650657ae7f12e4,5416
data/raw/Salmonella/pcrsalmo.230.jpg,Salmonella,224,224,44248,a5a82948dc840eb561347f03a0253460,5417
data/raw/Salmonella/pcrsalmo.231.jpg,Salmonella,224,224,53300,a6498d413f1d7e045a12d1afff006354,5418
data/raw/Salmonella/pcrsalmo.232.jpg,Salmonella,224,224,48499,044857b7f7c0b972e8cb52a22f9caaa1,5419
data/raw/Salmonella/pcrsalmo.233.jpg,Salmonella,224,224,59530,0040faf6bf69bf2c05f6935d2482951e,5420
data/raw/Salmonella/pcrsalmo.234.jpg,Salmonella,224,224,47515,7df935614634ce0fd82e09b38e8afe33,5421
data/raw/Salmonella/pcrsalmo.235.jpg,Salmonella,224,224,62222,ec109ff00cf656c653a8faa15ae139f8,5422
data/raw/Salmonella/pcrsalmo.236.jpg,Salmonella,224,224,36858,758d7ae53d280b8b16a760d910d10026,5423
data/raw/Salmonella/pcrsalmo.237.jpg,Salmonella,224,224,43096,61cef34974435ed96220f5af46649c93,5424
data/raw/Salmonella/pcrsalmo.238.jpg,Salmonella,224,224,60956,01c20e0deb66b688a3d5efc61914a5b9,5425
data/raw/Salmonella/pcrsalmo.239.jpg,Salmonella,224,224,41739,e8f37529bc2a92a1a7926dc4f3dc9fc9,5426
data/raw/Salmonella/pcrsalmo.24.jpg,Salmonella,224,224,57336,72c30797ea9aa0a5171d466d6392036d,5427
data/raw/Salmonella/pcrsalmo.240.jpg,Salmonella,224,224,59514,203f1c20d4d71aa359dccaafaea07095,5428
data/raw/Salmonella/pcrsalmo.241.jpg,Salmonella,224,224,47860,ba5208c3747d905c8b3289b7e55b27d5,5429
data/raw/Salmonella/pcrsalmo.242.jpg,Salmonella,224,224,60118,a70db07114e0dd55d228af679b44339e,5430
data/raw/Salmonella/pcrsalmo.243.jpg,Salmonella,224,224,34969,9f5ef3e98538a6244ef0bb4ba83f2e78,5431
data/raw/Salmonella/pcrsalmo.244.jpg,Salmonella,224,224,62118,58f621fe6d1609e021f04595df38f772,5432
data/raw/Salmonella/pcrsalmo.245.jpg,Salmonella,224,224,47638,20aecd37ed8c69bbc99958aec141ef4e,5433
data/raw/Salmonella/pcrsalmo.246.jpg,Salmonella,224,224,61153,1a11b13c96e313c7bb3c6da2d25bc69c,5434
data/raw/Salmonella/pcrsalmo.247.jpg,Salmonella,224,224,46650,2f7b9b9250a43a3ae084dd6ba12796eb,5435
data/raw/Salmonella/pcrsalmo.248.jpg,Salmonella,224,224,32203,a7d2142e1fb1b51873f72b7640bc01a5,5436
data/raw/Salmonella/pcrsalmo.249.jpg,Salmonella,224,224,63041,f04dd3efab76552a483a7b4b9c23949c,5437
data/raw/Salmonella/pcrsalmo.25.jpg,Salmonella,224,224,58847,e8afaae7e1576d0a56a1f320abb6c194,5438
data/raw/Salmonella/pcrsalmo.250.jpg,Salmonella,224,224,47010,2e3e1b3db73aceeff37f15a577f0bc4c,5439
data/raw/Salmonella/pcrsalmo.251.jpg,Salmonella,224,224,45385,a3cb7bf35d49fac0d845985b9c2218f3,5440
data/raw/Salmonella/pcrsalmo.252.jpg,Salmonella,224,224,37026,61cd5d0a904b1995ad9b45d2a0671399,5441
data/raw/Salmonella/pcrsalmo.253.jpg,Salmonella,224,224,58781,f33613f6ba3ae9b380a38bd61d937956,5442
data/raw/Salmonella/pcrsalmo.254.jpg,Salmonella,224,224,63034,17810fb23c37a6050e83e353addfa6a3,5443
data/raw/Salmonella/pcrsalmo.255.jpg,Salmonella,224,224,50529,740144eebd36dd10472acdb644dea119,5444
data/raw/Salmonella/pcrsalmo.256.jpg,Salmonella,224,224,44911,9d24381edea3d1ea7cfdd9e1534624ec,5445
data/raw/Salmonella/pcrsalmo.257.jpg,Salmonella,224,224,44707,aa33d3d97cce7dd5b1f8e9870b3aa1d3,5446
data/raw/Salmonella/pcrsalmo.258.jpg,Salmonella,224,224,45446,64a2a1764668c25e1b6678d3c6b039a7,5447
data/raw/Salmonella/pcrsalmo.259.jpg,Salmonella,224,224,51417,6eca56fdc0ed406a8fc8728aeb2e4798,5448
data/raw/Salmonella/pcrsalmo.26.jpg,Salmonella,224,224,48588,003d4484aefdf7c82cad390f82f7a621,5449
data/raw/Salmonella/pcrsalmo.260.jpg,Salmonella,224,224,55542,029f9eb9a144a8d1feaceab399b376a6,5450
data/raw/Salmonella/pcrsalmo.261.jpg,Salmonella,224,224,46854,90e76bffaf72f022819b7f38a61c41b2,5451
data/raw/Salmonella/pcrsalmo.262.jpg,Salmonella,224,224,44430,92d3da36c9299ecd786c49826bf5530b,5452
data/raw/Salmonella/pcrsalmo.263.jpg,Salmonella,224,224,45377,4f7e2f4a95d0b394febaa6591e2d532d,5453
data/raw/Salmonella/pcrsalmo.264.jpg,Salmonella,224,224,46371,115414416e7b49d1576631bb5314e371,5454
data/raw/Salmonella/pcrsalmo.265.jpg,Salmonella,224,224,63911,fe67ff5a40a225ea7c00f36394033c79,5455
data/raw/Salmonella/pcrsalmo.266.jpg,Salmonella,224,224,41429,fad1432b7e9199dc90dc5315c54eac65,5456
data/raw/Salmonella/pcrsalmo.267.jpg,Salmonella,224,224,59172,11585d1c89a0ae4ce2f0b67bed62cb82,5457
data/raw/Salmonella/pcrsalmo.268.jpg,Salmonella,224,224,47342,ab47dec4a890b55b7fc25ead9b17e8ba,5458
data/raw/Salmonella/pcrsalmo.269.jpg,Salmonella,224,224,48078,cc6f9b45e877fd68d041d3217ccd535d,5459
data/raw/Salmonella/pcrsalmo.27.jpg,Salmonella,224,224,38434,3d53b32f4b14e96ea6f3096833a386de,5460
data/raw/Salmonella/pcrsalmo.270.jpg,Salmonella,224,224,41874,3d4543f457f633f79fdbc47c4fda080b,5461
data/raw/Salmonella/pcrsalmo.271.jpg,Salmonella,224,224,50634,0654186d434d57ab61564a0007bea5a1,5462
data/raw/Salmonella/pcrsalmo.272.jpg,Salmonella,224,224,45702,ef240605967411042c76dd64d58b279d,5463
data/raw/Salmonella/pcrsalmo.273.jpg,Salmonella,224,224,59904,83c75b3269925754e3974596e420c888,5464
data/raw/Salmonella/pcrsalmo.274.jpg,Salmonella,224,224,59258,b1f348fdab0486e277e889a7e840da46,5465
data/raw/Salmonella/pcrsalmo.275.jpg,Salmonella,224,224,58230,c5e1d15ec469767fd58a2a76032c29bd,5466
data/raw/Salmonella/pcrsalmo.276.jpg,Salmonella,224,224,60701,6743a5c633dcf91a678d080b1236992c,5467
data/raw/Salmonella/pcrsalmo.277.jpg,Salmonella,224,224,60576,49b00921f625e02f3965e4a06f9d2853,5468
data/raw/Salmonella/pcrsalmo.278.jpg,Salmonella,224,224,48218,771a1af8f92f3054b09092d8a165078d,5469
data/raw/Salmonella/pcrsalmo.279.jpg,Salmonella,224,224,43795,a3c5299960b3f61fc562ecb736f723c8,5470
data/raw/Salmonella/pcrsalmo.28.jpg,Salmonella,224,224,50786,ed32322a6b2488f2d85e16880141e8d7,5471
data/raw/Salmonella/pcrsalmo.280.jpg,Salmonella,224,224,43818,4443f578223d5d6d4785a5103c925874,5472
data/raw/Salmonella/pcrsalmo.281.jpg,Salmonella,224,224,44011,69a5ddfde95258592551f468de8acbdf,5473
data/raw/Salmonella/pcrsalmo.282.jpg,Salmonella,224,224,45520,e0c942805b292abe222373414ad83fef,5474
data/raw/Salmonella/pcrsalmo.283.jpg,Salmonella,224,224,52766,4344996cd85bb7f5f667f3f083be918b,5475
data/raw/Salmonella/pcrsalmo.284.jpg,Salmonella,224,224,42509,a591e70dea3c7c1284f1aa59b4fcc19c,5476
data/raw/Salmonella/pcrsalmo.285.jpg,Salmonella,224,224,49791,f4152af4376cedae676c8eb1c6b149ed,5477
data/raw/Salmonella/pcrsalmo.286.jpg,Salmonella,224,224,45444,956950a874885c4e13bf00ae781d5325,5478
data/raw/Salmonella/pcrsalmo.287.jpg,Salmonella,224,224,48757,662b468f973d8d5766e824aa94558b9f,5479
data/raw/Salmonella/pcrsalmo.288.jpg,Salmonella,224,224,52139,f08f0ba29b97fe44501cd58551a25bd6,5480
data/raw/Salmonella/pcrsalmo.289.jpg,Salmonella,224,224,49316,e0b84b572c5784b1cf2b799b222bc7a0,5481
data/raw/Salmonella/pcrsalmo.29.jpg,Salmonella,224,224,52934,f99438282da17935b19a053b256424a3,5482
data/raw/Salmonella/pcrsalmo.290.jpg,Salmonella,224,224,59979,83692ac981dd7a92be084ed2e0d8e512,5483
data/raw/Salmonella/pcrsalmo.291.jpg,Salmonella,224,224,56326,9cfd85831fc51310badb7886cb6af859,5484
data/raw/Salmonella/pcrsalmo.292.jpg,Salmonella,224,224,59038,356c1d293ba93001e61e7fb9c8196d8a,5485
data/raw/Salmonella/pcrsalmo.293.jpg,Salmonella,224,224,39020,b03cdabc12352361256ee2e3d3683501,5486
data/raw/Salmonella/pcrsalmo.294.jpg,Salmonella,224,224,46002,5e6d6266719cd0b37c4be802e4d42958,5487
data/raw/Salmonella/pcrsalmo.295.jpg,Salmonella,224,224,47038,8c5767367d7d5dc73f434858ba2df6cf,5488
data/raw/Salmonella/pcrsalmo.296.jpg,Salmonella,224,224,59181,bdd722deab4c2a585dec84481860edfd,5489
data/raw/Salmonella/pcrsalmo.297.jpg,Salmonella,224,224,60267,d95c1297ed6104fededf7f73493fab94,5490
data/raw/Salmonella/pcrsalmo.298.jpg,Salmonella,224,224,46726,64a5b86cb250f35269651f475127cc2d,5491
data/raw/Salmonella/pcrsalmo.299.jpg,Salmonella,224,224,58925,2348397fcd085109af9c88e1847684da,5492
data/raw/Salmonella/pcrsalmo.3.jpg,Salmonella,224,224,60911,e1d34ca17eeb9f7457292a714f883ef5,5493
data/raw/Salmonella/pcrsalmo.30.jpg,Salmonella,224,224,44151,9bd1bd21c7b6ce13781dad9aff28e6d6,5494
data/raw/Salmonella/pcrsalmo.300.jpg,Salmonella,224,224,47536,43c12819877c9beb6e093820586ab618,5495
data/raw/Salmonella/pcrsalmo.301.jpg,Salmonella,224,224,60077,29d73938ae5bf79a55cdea13c2cd7852,5496
data/raw/Salmonella/pcrsalmo.302.jpg,Salmonella,224,224,50491,b6b649aa5f862bd355ded5d5a4be9bd2,5497
data/raw/Salmonella/pcrsalmo.303.jpg,Salmonella,224,224,40071,d9298a50bb7e04b25f8724b0f1a6b2f1,5498
data/raw/Salmonella/pcrsalmo.304.jpg,Salmonella,224,224,53453,aadf19cd4d637b43e61321cafe7ea96a,5499
data/raw/Salmonella/pcrsalmo.305.jpg,Salmonella,224,224,60817,fdcaad8feacfc72f73ad9bb3d47be97f,5500
data/raw/Salmonella/pcrsalmo.306.jpg,Salmonella,224,224,50766,5cf8ed2c59c4dce555b4a889d7b441dc,5501
data/raw/Salmonella/pcrsalmo.307.jpg,Salmonella,224,224,56941,1b1250b84d33d2f0eeaef15922e77fc4,5502
data/raw/Salmonella/pcrsalmo.308.jpg,Salmonella,224,224,33878,3887323e35badf4a915920a5fe668f18,5503
data/raw/Salmonella/pcrsalmo.309.jpg,Salmonella,224,224,61101,16427916358c5c28d24760f423df1815,5504
data/raw/Salmonella/pcrsalmo.31.jpg,Salmonella,224,224,44068,c95d17dcbf3c50515c163912ceccb662,5505
data/raw/Salmonella/pcrsalmo.310.jpg,Salmonella,224,224,50559,325901deb320f6cbbe2fc8d6ed620cf8,5506
data/raw/Salmonella/pcrsalmo.311.jpg,Salmonella,224,224,62909,5546a129f003b6a74f4ab8d4e539039b,5507
data/raw/Salmonella/pcrsalmo.312.jpg,Salmonella,224,224,30324,5590c81e56aa57b30e03bfafe3ca4526,5508
data/raw/Salmonella/pcrsalmo.313.jpg,Salmonella,224,224,47707,b59f14bc21014dea977394fda5841e3e,5509
data/raw/Salmonella/pcrsalmo.314.jpg,Salmonella,224,224,49377,d35d0f59f453eea334c83f9a657f5d8f,5510
data/raw/Salmonella/pcrsalmo.315.jpg,Salmonella,224,224,48348,0e5832d15388e1a1f424558e723865ac,5511
data/raw/Salmonella/pcrsalmo.316.jpg,Salmonella,224,224,53342,8d0a7f4a53c6459f5f85ca3cca9111b1,5512
data/raw/Salmonella/pcrsalmo.317.jpg,Salmonella,224,224,50719,f56c38d85d8ef739f1227b85d622359e,5513
data/raw/Salmonella/pcrsalmo.318.jpg,Salmonella,224,224,53946,2ca0b564039869ef0ec08023aa37cda0,5514
data/raw/Salmonella/pcrsalmo.319.jpg,Salmonella,224,224,56024,9716e17d7ba187372ec59838129dbf9d,5515
data/raw/Salmonella/pcrsalmo.32.jpg,Salmonella,224,224,45447,d20c25560ed4448f44e752554345b90f,5516
data/raw/Salmonella/pcrsalmo.320.jpg,Salmonella,224,224,33382,fa321a0e8d453da788d0ca146f128394,5517
data/raw/Salmonella/pcrsalmo.321.jpg,Salmonella,224,224,61751,28a66cf39027fab2b04025dec99c983e,5518
data/raw/Salmonella/pcrsalmo.322.jpg,Salmonella,224,224,44490,7a5cf5e4ac996376a0c03ca0860cec1a,5519
data/raw/Salmonella/pcrsalmo.323.jpg,Salmonella,224,224,40792,c7e28b31fde35aaf4e32914790bbdca5,5520
data/raw/Salmonella/pcrsalmo.324.jpg,Salmonella,224,224,41145,0673951e2105de5b6ec1a70b813c768d,5521
data/raw/Salmonella/pcrsalmo.325.jpg,Salmonella,224,224,44157,c00f1dd78702eccd6decc9d42733240a,5522
data/raw/Salmonella/pcrsalmo.326.jpg,Salmonella,224,224,37433,82b3082a9533e0acb457c7d3ec6d3376,5523
data/raw/Salmonella/pcrsalmo.327.jpg,Salmonella,224,224,59464,708bcbe29fb935f8b84e7e6d2eac6b78,5524
data/raw/Salmonella/pcrsalmo.328.jpg,Salmonella,224,224,60627,9f15f228327874e34d26b1fd2c3e0e8c,5525
data/raw/Salmonella/pcrsalmo.329.jpg,Salmonella,224,224,61151,b2c740910ec407249b5e62eea7cbf56e,5526
data/raw/Salmonella/pcrsalmo.33.jpg,Salmonella,224,224,61735,d4f42a24d1945258374a1b6322f6ce73,5527
data/raw/Salmonella/pcrsalmo.330.jpg,Salmonella,224,224,41558,b9adae6f3ca2939cb15265bca03ee9ea,5528
data/raw/Salmonella/pcrsalmo.331.jpg,Salmonella,224,224,50245,a1718397efe389b1c994090a10bef4df,5529
data/raw/Salmonella/pcrsalmo.332.jpg,Salmonella,224,224,48931,d79f7b4f207c5d4b8e70fa5f3556d507,4456
data/raw/Salmonella/pcrsalmo.333.jpg,Salmonella,224,224,48722,29e3a793414a3bfd9de3d84b9a56c252,5530
data/raw/Salmonella/pcrsalmo.334.jpg,Salmonella,224,224,61304,1fbd0611ddea49ab64cecb2bbba710cb,5531
data/raw/Salmonella/pcrsalmo.335.jpg,Salmonella,224,224,23797,ced72bc3f83eb948a91a5b76a1d1a7ff,5532
data/raw/Salmonella/pcrsalmo.336.jpg,Salmonella,224,224,41749,b9611bedcb52cc87e70accab1e9ec941,5533
data/raw/Salmonella/pcrsalmo.337.jpg,Salmonella,224,224,58497,158f55da1f10f8ea85e4f5ab06896ca5,5534
data/raw/Salmonella/pcrsalmo.338.jpg,Salmonella,224,224,48167,7ae8e122fc84b9051668ea4dc7f31dab,5535
data/raw/Salmonella/pcrsalmo.339.jpg,Salmonella,224,224,61952,a5b24b651e167ccf21a90f0aeed9a0fe,5536
data/raw/Salmonella/pcrsalmo.34.jpg,Salmonella,224,224,45717,4f0f56e86a62cd6a4d3d8c80b639c2a5,5537
data/raw/Salmonella/pcrsalmo.340.jpg,Salmonella,224,224,37359,f901f045eab318d3373ec338ead651fa,5538
data/raw/Salmonella/pcrsalmo.341.jpg,Salmonella,224,224,60432,344a91c7842849f5b36e7e8feb18a4e5,5539
data/raw/Salmonella/pcrsalmo.342.jpg,Salmonella,224,224,61041,9fcba774ac57fe0f2bf40bc899b832eb,5540
data/raw/Salmonella/pcrsalmo.343.jpg,Salmonella,224,224,60079,5e9b13bcc2d41b83e2848acfd23a6f92,5541
data/raw/Salmonella/pcrsalmo.344.jpg,Salmonella,224,224,49654,5db39d6b3369f60b32c836a8ffc8b320,5542
data/raw/Salmonella/pcrsalmo.345.jpg,Salmonella,224,224,55387,5d561bbf53b4026c6ea21f52097fb82b,5543
data/raw/Salmonella/pcrsalmo.346.jpg,Salmonella,224,224,51567,d63b2d2a127ea19eb5e2eb305afd1a6c,5544
data/raw/Salmonella/pcrsalmo.347.jpg,Salmonella,224,224,52384,be0492a4c1401027e0c677c0548b516b,5545
data/raw/Salmonella/pcrsalmo.348.jpg,Salmonella,224,224,50297,77fa714eef7a30c775cb2dd058cccdb7,5546
data/raw/Salmonella/pcrsalmo.35.jpg,Salmonella,224,224,48295,3551401da7b0fecf5f0772fd3cc3fa72,5547
data/raw/Salmonella/pcrsalmo.36.jpg,Salmonella,224,224,46479,be94a648fdad4df8aef4b9b9c10cb459,5548
data/raw/Salmonella/pcrsalmo.37.jpg,Salmonella,224,224,50846,ab79d5459b63df3e36689b7c132d040a,5549
data/raw/Salmonella/pcrsalmo.38.jpg,Salmonella,224,224,57917,1d2be7e41ad02e823fdc2106fe84abbd,5550
data/raw/Salmonella/pcrsalmo.39.jpg,Salmonella,224,224,53732,6b1f46d00b12c7f3dc8235a7fd1d2aca,5551
data/raw/Salmonella/pcrsalmo.4.jpg,Salmonella,224,224,40321,e29970550a8c4ffd0ae63f12e6617fa3,5552
data/raw/Salmonella/pcrsalmo.40.jpg,Salmonella,224,224,58890,a2efa45b398810c747061898648edb23,5553
data/raw/Salmonella/pcrsalmo.41.jpg,Salmonella,224,224,60208,31aa0e1d7f707da2fcd6a65f5c8b7f3d,5554
data/raw/Salmonella/pcrsalmo.42.jpg,Salmonella,224,224,34079,0b870dfd783bddfb0de0b250ea9d173e,5555
data/raw/Salmonella/pcrsalmo.43.jpg,Salmonella,224,224,60692,22c7a18f8c80111f31d7deff619f0733,5556
data/raw/Salmonella/pcrsalmo.44.jpg,Salmonella,224,224,46091,dac5c79b3180e4f20c877b9056de0bf3,5557
data/raw/Salmonella/pcrsalmo.45.jpg,Salmonella,224,224,57561,d5bc3764bf7eeb474b8e5483d075bf08,5558
data/raw/Salmonella/pcrsalmo.46.jpg,Salmonella,224,224,59330,0691bd117721df4d6baa0cae7c06268c,5559
data/raw/Salmonella/pcrsalmo.47.jpg,Salmonella,224,224,57540,b92b31ed082a92a4ed9498869556a8d0,5560
data/raw/Salmonella/pcrsalmo.48.jpg,Salmonella,224,224,62813,b22569e99a638a91b5b4590184be6f53,5561
data/raw/Salmonella/pcrsalmo.49.jpg,Salmonella,224,224,33809,75b487eed4ed7366e609b2552d027fa8,5562
data/raw/Salmonella/pcrsalmo.5.jpg,Salmonella,224,224,48665,27d57b79aae8b900b5fb616c55ff3b2b,5563
data/raw/Salmonella/pcrsalmo.50.jpg,Salmonella,224,224,48026,e867a9266bdb0694b8a45de577ce1543,5564
data/raw/Salmonella/pcrsalmo.51.jpg,Salmonella,224,224,45572,5b2d8a039fba1101b4cf2c0782cd0e12,5565
data/raw/Salmonella/pcrsalmo.52.jpg,Salmonella,224,224,47854,02b9df397a3d76b3ed868b50089e0604,5566
data/raw/Salmonella/pcrsalmo.53.jpg,Salmonella,224,224,63068,186d90010676a5b7c7ced44c1dcee294,5567
data/raw/Salmonella/pcrsalmo.54.jpg,Salmonella,224,224,46553,e64b09df54c5e2d44f1b998319d27fb9,5568
data/raw/Salmonella/pcrsalmo.55.jpg,Salmonella,224,224,58596,5a940bb8da4fa9c7bb935f2f84523efa,5569
data/raw/Salmonella/pcrsalmo.56.jpg,Salmonella,224,224,59408,353568b18dbf6583eda4f3cd13ef6420,5570
data/raw/Salmonella/pcrsalmo.57.jpg,Salmonella,224,224,33593,e1e345794ed6d8be2461f7dc6713fbaa,5571
data/raw/Salmonella/pcrsalmo.58.jpg,Salmonella,224,224,40687,95b321c20a3dfd064a1831d2def67cc1,5572
data/raw/Salmonella/pcrsalmo.59.jpg,Salmonella,224,224,60300,4cf817dec5b56d209e8967b5f98b6033,5573
data/raw/Salmonella/pcrsalmo.6.jpg,Salmonella,224,224,50472,8abdd51473b2c10ca3f744e416580793,5574
data/raw/Salmonella/pcrsalmo.60.jpg,Salmonella,224,224,57139,759e6d4fde670b953ab8a33d855b8c11,5575
data/raw/Salmonella/pcrsalmo.61.jpg,Salmonella,224,224,43599,36bf011ebed6bd0d13ee81ed9a194c26,5576
data/raw/Salmonella/pcrsalmo.62.jpg,Salmonella,224,224,46761,1c4fe117dc1d30efce7c5368b9609aab,5577
data/raw/Salmonella/pcrsalmo.63.jpg,Salmonella,224,224,35111,efeb8bdab71c4256a5b879064d55a323,5578
data/raw/Salmonella/pcrsalmo.64.jpg,Salmonella,224,224,59939,8b931d1a73ed600239e9a7f72a194bf9,5579
data/raw/Salmonella/pcrsalmo.65.jpg,Salmonella,224,224,60592,4ba15fc45a379a733a7011455014f4e3,5580
data/raw/Salmonella/pcrsalmo.66.jpg,Salmonella,224,224,47187,b062255d0aad3004b635612410412c66,5581
data/raw/Salmonella/pcrsalmo.67.jpg,Salmonella,224,224,45567,426ecd1b5b818cf1f97aead44afddd54,5582
data/raw/Salmonella/pcrsalmo.68.jpg,Salmonella,224,224,45388,54eae93b46d6682c98e8d9def05ebe6c,5583
data/raw/Salmonella/pcrsalmo.69.jpg,Salmonella,224,224,58482,9a443767e68075b56a492fd5111e09a7,5584
data/raw/Salmonella/pcrsalmo.7.jpg,Salmonella,224,224,57760,1f57dc22d71169040283bf664113d90a,5585
data/raw/Salmonella/pcrsalmo.70.jpg,Salmonella,224,224,43860,094ba8213e7f1cd0b26f6bf7a52c6b62,5586
data/raw/Salmonella/pcrsalmo.71.jpg,Salmonella,224,224,28412,c9a61077cb2eaa0910ea2023776c3c1e,5587
data/raw/Salmonella/pcrsalmo.72.jpg,Salmonella,224,224,49240,964ae1ff05b47e7d92d1c3d6c0904cde,5588
data/raw/Salmonella/pcrsalmo.73.jpg,Salmonella,224,224,50247,14d34594f731656e8b100b41d769175b,5589
data/raw/Salmonella/pcrsalmo.74.jpg,Salmonella,224,224,41209,1e666a68cafd36274ba3fe552a7ffeeb,5590
data/raw/Salmonella/pcrsalmo.75.jpg,Salmonella,224,224,60080,a6bb5ac7be58f1785dc38b9b74a5ffd9,5591
data/raw/Salmonella/pcrsalmo.76.jpg,Salmonella,224,224,62881,9ec799afa5cd0544edc5f2d9bb8a03c0,5592
data/raw/Salmonella/pcrsalmo.77.jpg,Salmonella,224,224,34999,9c9a423dc894801ca51e54d9a0540862,5593
data/raw/Salmonella/pcrsalmo.78.jpg,Salmonella,224,224,60367,291e7fe51125f3f712572cdde90285e8,5594
data/raw/Salmonella/pcrsalmo.79.jpg,Salmonella,224,224,38748,ebf0c05c9be44d920749499f8315263f,5595
data/raw/Salmonella/pcrsalmo.8.jpg,Salmonella,224,224,59943,06988ebf1208a3b3e9c4a38d1ea21abc,5596
data/raw/Salmonella/pcrsalmo.80.jpg,Salmonella,224,224,50458,7971b76d8ce947d5a8dfb63943431b19,5597
data/raw/Salmonella/pcrsalmo.81.jpg,Salmonella,224,224,61072,9b18722c4ad2d45f0bce7848bc795f57,5598
data/raw/Salmonella/pcrsalmo.82.jpg,Salmonella,224,224,43477,db622491db8f5da7ce64e5a0bf8ab7d4,5599
data/raw/Salmonella/pcrsalmo.83.jpg,Salmonella,224,224,42919,f706cabacfe009e88e6d5f7153c56f5c,5600
data/raw/Salmonella/pcrsalmo.84.jpg,Salmonella,224,224,47449,49823351de94dbac060c9b1be1a5f40a,5601
data/raw/Salmonella/pcrsalmo.85.jpg,Salmonella,224,224,37578,8efcb818efafcd803ea40ba875396a5e,5602
data/raw/Salmonella/pcrsalmo.86.jpg,Salmonella,224,224,46880,db4fc566921e201395cdb502d60408a5,5603
data/raw/Salmonella/pcrsalmo.87.jpg,Salmonella,224,224,46065,f25ab08c0c27c9db9429059cbad74f79,5604
data/raw/Salmonella/pcrsalmo.88.jpg,Salmonella,224,224,62054,b3cefb2c35bbb799ffe05a0aa5f96cde,5605
data/raw/Salmonella/pcrsalmo.89.jpg,Salmonella,224,224,49155,e54d545f679504868574ad6c448873d8,5606
data/raw/Salmonella/pcrsalmo.9.jpg,Salmonella,224,224,48694,e4bae32e342d9cd152559e84c9e6a8a5,5607
data/raw/Salmonella/pcrsalmo.90.jpg,Salmonella,224,224,49069,5c631e5f3bf3c7e11bc76976216f6171,5608
data/raw/Salmonella/pcrsalmo.91.jpg,Salmonella,224,224,46305,bf016f41e20dbf900de3fe506406872d,5609
data/raw/Salmonella/pcrsalmo.92.jpg,Salmonella,224,224,46221,4768193067998ed72ac49072241406b7,5610
data/raw/Salmonella/pcrsalmo.93.jpg,Salmonella,224,224,58089,88c0196d8fab3d301ba7e2727dcffa6d,5611
data/raw/Salmonella/pcrsalmo.94.jpg,Salmonella,224,224,57918,f3453cd7fbe3aea5a36d980fde87fb98,5612
data/raw/Salmonella/pcrsalmo.95.jpg,Salmonella,224,224,44297,03c1b291828c42023d87cb6fa35e1e90,5613
data/raw/Salmonella/pcrsalmo.96.jpg,Salmonella,224,224,47562,caf7b132deb6a54228fae9143fa9cda3,5614
data/raw/Salmonella/pcrsalmo.97.jpg,Salmonella,224,224,48086,3d54b3e15d4ebe0d2edb7bc176e3ef7a,5615
data/raw/Salmonella/pcrsalmo.98.jpg,Salmonella,224,224,60826,49d6f3e302a0ea88c0b6b64025fc00fd,5616
data/raw/Salmonella/pcrsalmo.99.jpg,Salmonella,224,224,46435,c6e5d24691f9940b29810332dfa24cce,5617
data/raw/Salmonella/salmo.0.jpg,Salmonella,224,224,39102,1d1b24546f2f49c181543c7f78b7870c,5618
data/raw/Salmonella/salmo.1.jpg,Salmonella,224,224,34785,9f0933950087d838d3eb1d079c9f18b9,5619
data/raw/Salmonella/salmo.10.jpg,Salmonella,224,224,28845,3f7a5022206369bd60404657fcbde42e,5620
data/raw/Salmonella/salmo.100.jpg,Salmonella,224,224,35924,c50064a3ffbdb5c3b1552574a0ebee0f,5621
data/raw/Salmonella/salmo.1000.jpg,Salmonella,224,224,35848,de75d1459e940700ba26d2e470580fb4,5622
data/raw/Salmonella/salmo.1001.jpg,Salmonella,224,224,44711,1094f2ed3e299e33788ebac2c2578d63,5623
data/raw/Salmonella/salmo.1002.jpg,Salmonella,224,224,25004,19973c8b06bd7ec94120a374dbc1133c,5624
data/raw/Salmonella/salmo.1003.jpg,Salmonella,224,224,45530,2f10b63345754b89dcb151d5f340d3da,5625
data/raw/Salmonella/salmo.1004.jpg,Salmonella,224,224,39789,90be74b136c2e8f4fa0ef51acd1dbfbd,5626
data/raw/Salmonella/salmo.1005.jpg,Salmonella,224,224,24917,b039c686fae69d3e7d3c32d440ff8288,5627
data/raw/Salmonella/salmo.1006.jpg,Salmonella,224,224,35849,695da00ad1de27249a7e24938bec3dfe,5628
data/raw/Salmonella/salmo.1007.jpg,Salmonella,224,224,39676,e5d82162af691e5a1b30e02e7b2ed5b1,5629
data/raw/Salmonella/salmo.1008.jpg,Salmonella,224,224,35959,e7b499e5413359e5566041e2ce77e473,5630
data/raw/Salmonella/salmo.1009.jpg,Salmonella,224,224,37683,6b0979933b790eeb1fe98002ecc9a37c,5631
data/raw/Salmonella/salmo.101.jpg,Salmonella,224,224,33766,28eeac34dbbce2ea376556a1424930cf,5632
data/raw/Salmonella/salmo.1010.jpg,Salmonella,224,224,60644,3cdec9d3fd68ec645822a52fcbc312a6,5633
data/raw/Salmonella/salmo.1011.jpg,Salmonella,224,224,42349,2394f9f554cb3073bc08c7f0f974d720,5634
data/raw/Salmonella/salmo.1012.jpg,Salmonella,224,224,35798,b049052f73f5846d5e78ba7523ad5d80,5635
data/raw/Salmonella/salmo.1013.jpg,Salmonella,224,224,41684,03baacb9fbb4ed1ae8232dfde4447c61,5636
data/raw/Salmonella/salmo.1014.jpg,Salmonella,224,224,29974,472af7fa2597e799a962bb8a3652bac0,5637
data/raw/Salmonella/salmo.1015.jpg,Salmonella,224,224,43940,167b1a311b66c5d8157a1bfe47babb6c,5638
data/raw/Salmonella/salmo.1016.jpg,Salmonella,224,224,25612,9163396cf5febbc5568c2ee2d19cf90a,5639
data/raw/Salmonella/salmo.1017.jpg,Salmonella,224,224,36059,1f8f51c44a304f95f5c1441801bffc37,5640
data/raw/Salmonella/salmo.1018.jpg,Salmonella,224,224,35630,367cd694f334bb92c5c6206a11c6c89b,5641
data/raw/Salmonella/salmo.1019.jpg,Salmonella,224,224,33843,c3a9902d2214e9ab124feb43b30515f1,5642
data/raw/Salmonella/salmo.102.jpg,Salmonella,224,224,38166,776cb516590ba5da51b08da1f997be7b,5643
data/raw/Salmonella/salmo.1020.jpg,Salmonella,224,224,34409,2c83f3823a3d39c63b4445c3e5090f8f,5644
data/raw/Salmonella/salmo.1021.jpg,Salmonella,224,224,22711,08af4801b5fa79d2b7f15477fa0a7685,5645
data/raw/Salmonella/salmo.1022.jpg,Salmonella,224,224,34108,1e5837fec8a0959308ae987f8465bfa2,5646
data/raw/Salmonella/salmo.1023.jpg,Salmonella,224,224,37774,c3af80a6a2acdb6ad9560ecce2ed7040,5647
data/raw/Salmonella/salmo.1024.jpg,Salmonella,224,224,41075,949c9a7b185348c7ad74bb62f46d46a4,5648
data/raw/Salmonella/salmo.1025.jpg,Salmonella,224,224,43770,f395385b4a5afdd5e96aa568186653c5,5649
data/raw/Salmonella/salmo.1026.jpg,Salmonella,224,224,30435,e834a821701ecb1322a0219bc2513de9,5650
data/raw/Salmonella/salmo.1027.jpg,Salmonella,224,224,36355,b68fe640d7c3e323ee6e0fdd69af04c9,5651
data/raw/Salmonella/salmo.1028.jpg,Salmonella,224,224,35873,cb74d7b0d7a3f827008beb2ae589c28d,5652
data/raw/Salmonella/salmo.1029.jpg,Salmonella,224,224,46087,2aef6b88fa61c985a67170ef28747e13,5653
data/raw/Salmonella/salmo.103.jpg,Salmonella,224,224,45361,03c0f41bed6939d349e75f185ea605e5,5654
data/raw/Salmonella/salmo.1030.jpg,Salmonella,224,224,43162,66be778da30917d8626d65a44544d53a,5655
data/raw/Salmonella/salmo.1031.jpg,Salmonella,224,224,24517,8cc4e88675658bb2ca9b4f915ca66123,5656
data/raw/Salmonella/salmo.1032.jpg,Salmonella,224,224,34481,4f6bfdd0714d1415fc649e3def333507,5657
data/raw/Salmonella/salmo.1033.jpg,Salmonella,224,224,37698,ea25f5f194777d5bb024ecb81ccc4e9a,5658
data/raw/Salmonella/salmo.1034.jpg,Salmonella,224,224,35555,886f6fa7ce3f28b2b5f2d414efcb108e,5659
data/raw/Salmonella/salmo.1035.jpg,Salmonella,224,224,28935,2c88fdbd80bfeba72f65be5cb21e2e40,5660
data/raw/Salmonella/salmo.1036.jpg,Salmonella,224,224,32555,03902043236147b3e8701faba0182964,5661
data/raw/Salmonella/salmo.1037.jpg,Salmonella,224,224,45439,69d93eced8784926a0b005f2bdb1f6e8,5662
data/raw/Salmonella/salmo.1038.jpg,Salmonella,224,224,42659,4f828e89a9cfac8cf4c27efce6a77fad,5663
data/raw/Salmonella/salmo.1039.jpg,Salmonella,224,224,30765,6d63cced94ad53bc8d751826258ea223,5664
data/raw/Salmonella/salmo.104.jpg,Salmonella,224,224,35056,3a6f26b2fc53477edb5cbcf7664a2633,5665
data/raw/Salmonella/salmo.1040.jpg,Salmonella,224,224,41983,9444cbbbd789fd5c30a1ddebff67f519,5666
data/raw/Salmonella/salmo.1041.jpg,Salmonella,224,224,27618,41f9dc161782e26298fc9e3aa3451da8,5667
data/raw/Salmonella/salmo.1042.jpg,Salmonella,224,224,48652,e21c16f8c504c9e41d328debcff1adce,5668
data/raw/Salmonella/salmo.1043.jpg,Salmonella,224,224,38924,f01e1e336f4519a320cfd889babf1b49,5669
data/raw/Salmonella/salmo.1044.jpg,Salmonella,224,224,34418,eda80ccfbdab0d5f56b96def5c7045f0,5670
data/raw/Salmonella/salmo.1045.jpg,Salmonella,224,224,41704,93887005afc651e780d5dd0b775452ca,5671
data/raw/Salmonella/salmo.1046.jpg,Salmonella,224,224,31879,ec43787795d9526c3d7df4e8670a6686,5672
data/raw/Salmonella/salmo.1047.jpg,Salmonella,224,224,25626,0be1603a7a4beed84fd421428e784eaf,5673
data/raw/Salmonella/salmo.1048.jpg,Salmonella,224,224,35687,7845d8b967fb8658b8d28b0bc660b17f,5674
data/raw/Salmonella/salmo.1049.jpg,Salmonella,224,224,41487,99852248c0a7f854fd806ae49582d9a5,5675
data/raw/Salmonella/salmo.105.jpg,Salmonella,224,224,30938,9f7e7f4099e9b907c4b4f36a7e9286cc,5676
data/raw/Salmonella/salmo.1050.jpg,Salmonella,224,224,34377,de766624c1e9ba0fe8bce165a7f1f179,5677
data/raw/Salmonella/salmo.1051.jpg,Salmonella,224,224,29353,05c05a99bde7faa9750bb61e04675889,5678
data/raw/Salmonella/salmo.1052.jpg,Salmonella,224,224,35569,aeb77833ca50139af18d58d8e2f47728,5679
data/raw/Salmonella/salmo.1053.jpg,Salmonella,224,224,44057,9edc9d9ee8a87c92c48687cfc7b6e79c,5680
data/raw/Salmonella/salmo.1054.jpg,Salmonella,224,224,43092,7d8866faa295675b568574f020e1143d,5681
data/raw/Salmonella/salmo.1055.jpg,Salmonella,224,224,23880,a926c0ee3661d98b0605cddcc399b122,5682
data/raw/Salmonella/salmo.1056.jpg,Salmonella,224,224,55322,06af6f946c22b5cc5ffa2e48dd25c93d,5683
data/raw/Salmonella/salmo.1057.jpg,Salmonella,224,224,40712,3eb80fced2378924130f591439310249,5684
data/raw/Salmonella/salmo.1058.jpg,Salmonella,224,224,27699,a2100f153f5ede92cb7d3372e8d610f4,5685
data/raw/Salmonella/salmo.1059.jpg,Salmonella,224,224,45611,b2e9faac18171e0b6392fd973da7d993,5686
data/raw/Salmonella/salmo.106.jpg,Salmonella,224,224,20960,fb3458398e48eb31763b0d0c214bf6e2,5687
data/raw/Salmonella/salmo.1060.jpg,Salmonella,224,224,44829,641a02a80828d5f0bd4bb6dec852beaf,5688
data/raw/Salmonella/salmo.1061.jpg,Salmonella,224,224,26957,faaba8be87e1752ee1f3ce9ff4409c25,5689
data/raw/Salmonella/salmo.1062.jpg,Salmonella,224,224,37745,c8857ed140f56dde563418de97b6899f,5690
data/raw/Salmonella/salmo.1063.jpg,Salmonella,224,224,43852,5e23a50bdb4c13e07a902dd1514c951a,5691
data/raw/Salmonella/salmo.1064.jpg,Salmonella,224,224,32351,52a933d95e7a291d5d201c094cf2e7dc,5692
data/raw/Salmonella/salmo.1065.jpg,Salmonella,224,224,21678,2a496024557443011dfd3d7233c42e10,5693
data/raw/Salmonella/salmo.1066.jpg,Salmonella,224,224,24655,bdb81c256ba313add12413c18684ec11,5694
data/raw/Salmonella/salmo.1067.jpg,Salmonella,224,224,54197,a3f8906dacf0d30c35a9560ae0e62146,5695
data/raw/Salmonella/salmo.1068.jpg,Salmonella,224,224,43762,431b3ab2c51558d3ff292ed40423249b,5696
data/raw/Salmonella/salmo.1069.jpg,Salmonella,224,224,48139,6df4636eb59336029eab3f96b8908480,5697
data/raw/Salmonella/salmo.107.jpg,Salmonella,224,224,39549,ab7d00a6b80f4787d98b0c75733cd32c,5698
data/raw/Salmonella/salmo.1070.jpg,Salmonella,224,224,46465,4f4c3476a169298f856a46c948d31ead,5699
data/raw/Salmonella/salmo.1071.jpg,Salmonella,224,224,40492,894b0fa9cbc5ce5befc113dcf24693c9,5700
data/raw/Salmonella/salmo.1072.jpg,Salmonella,224,224,33428,097e62362f627b2b32dec5ed24faa86a,5701
data/raw/Salmonella/salmo.1073.jpg,Salmonella,224,224,30583,09b7b38ff868594ffeb694d6214826ac,5702
data/raw/Salmonella/salmo.1074.jpg,Salmonella,224,224,46775,53e91f61e310ce71d7cab0d5e296fefa,5703
data/raw/Salmonella/salmo.1075.jpg,Salmonella,224,224,35246,e9d901445d81e9e387c20edddce11a18,5704
data/raw/Salmonella/salmo.1076.jpg,Salmonella,224,224,38246,a7cc095e2ed0be9d167250aab7c73d0e,5705
data/raw/Salmonella/salmo.1077.jpg,Salmonella,224,224,25706,acc9cfaec77d64483b61894334092033,5706
data/raw/Salmonella/salmo.1078.jpg,Salmonella,224,224,37647,3a3578518eced7bcab455c2fc632b0b4,5707
data/raw/Salmonella/salmo.1079.jpg,Salmonella,224,224,32787,880b992f952560870de62e4877b2efea,5708
data/raw/Salmonella/salmo.108.jpg,Salmonella,224,224,39542,7b2410b6310088fc87e434c158450f4d,5709
data/raw/Salmonella/salmo.1080.jpg,Salmonella,224,224,27275,dcdb07a8df0cbe783ec5d621cd0dbbbd,5710
data/raw/Salmonella/salmo.1081.jpg,Salmonella,224,224,30288,9977397abd269b8030d172e78cbeab60,5711
data/raw/Salmonella/salmo.1082.jpg,Salmonella,224,224,42861,bbbd53c4b5be05cebdd5b801b7b3cb2f,5712
data/raw/Salmonella/salmo.1083.jpg,Salmonella,224,224,39419,1692545e5db4d7fba56cd4fb6bd31934,5713
data/raw/Salmonella/salmo.1084.jpg,Salmonella,224,224,44275,8b9b2321c00c5c6568f99e5396c5de98,5714
data/raw/Salmonella/salmo.1085.jpg,Salmonella,224,224,47966,b35380caf28ee37a2a65db2d808bf3aa,5715
data/raw/Salmonella/salmo.1086.jpg,Salmonella,224,224,35557,d46d4ca6a8d360a1fe8663f942372f85,5716
data/raw/Salmonella/salmo.1087.jpg,Salmonella,224,224,31227,ccd7bad00480ccbbab8426ef9851385f,5717
data/raw/Salmonella/salmo.1088.jpg,Salmonella,224,224,44570,055c5d76c018d272f0cf77a44b013e68,5718
data/raw/Salmonella/salmo.1089.jpg,Salmonella,224,224,33002,accb4fd20e0d85ff6d6070520c57f0b4,5719
data/raw/Salmonella/salmo.109.jpg,Salmonella,224,224,31849,d720dc20280e16b735a724d3af09a517,5720
data/raw/Salmonella/salmo.1090.jpg,Salmonella,224,224,42571,39e6fde7bd80fae9c492413d76508aad,5721
data/raw/Salmonella/salmo.1091.jpg,Salmonella,224,224,43923,8c1f4ac9f38b134da7da5b0d8029e500,5722
data/raw/Salmonella/salmo.1092.jpg,Salmonella,224,224,30273,4d5e7db112d0d9660096ef2822cf3205,5723
data/raw/Salmonella/salmo.1093.jpg,Salmonella,224,224,44261,6df91410704550029ffb5309c6c4cf34,5724
data/raw/Salmonella/salmo.1094.jpg,Salmonella,224,224,58661,b87bb2ce3f7a95f837f307f5cf0ef5ba,5725
data/raw/Salmonella/salmo.1095.jpg,Salmonella,224,224,30591,a9770a4f32a3d00b56227fc54b4509d0,5726
data/raw/Salmonella/salmo.1096.jpg,Salmonella,224,224,33594,051e0f77697eff1adba958d877d81f5c,5727
data/raw/Salmonella/salmo.1097.jpg,Salmonella,224,224,31943,aaf7da844f4f9312d8c0a752f195111b,5728
data/raw/Salmonella/salmo.1098.jpg,Salmonella,224,224,29852,134ae6dabc427fcaf45cf2f36a270fc9,5729
data/raw/Salmonella/salmo.1099.jpg,Salmonella,224,224,30508,a900cd6c52d6156a2e1152e5752b512b,5730
data/raw/Salmonella/salmo.11.jpg,Salmonella,224,224,46519,a03dab3602c29fba4a1cada9d55ef5bb,5731
data/raw/Salmonella/salmo.110.jpg,Salmonella,224,224,43038,b29c078badc8ee987806219833149829,5732
data/raw/Salmonella/salmo.1100.jpg,Salmonella,224,224,43475,6121f5ffb60c624c44a708eacf555c83,5733
data/raw/Salmonella/salmo.1101.jpg,Salmonella,224,224,40650,0d19b9cd61ced290eb66ff69f974c8e4,5734
data/raw/Salmonella/salmo.1102.jpg,Salmonella,224,224,29156,ec0ffca4ef8c277e9c84befa4f1a292a,5735
data/raw/Salmonella/salmo.1103.jpg,Salmonella,224,224,34482,e4f98acdda84920f0c97e3f195b80377,5736
data/raw/Salmonella/salmo.1104.jpg,Salmonella,224,224,54013,1721a5260b2c13aef171196575f5451e,5737
data/raw/Salmonella/salmo.1105.jpg,Salmonella,224,224,33134,8c1c998c4c942593257646e1816ff556,5738
data/raw/Salmonella/salmo.1106.jpg,Salmonella,224,224,24502,c9f662ee0ad4b0fb7eeee354415eb562,5739
data/raw/Salmonella/salmo.1107.jpg,Salmonella,224,224,48774,c83dc5d02880d4bc3754934528835084,5740
data/raw/Salmonella/salmo.1108.jpg,Salmonella,224,224,36712,0a54edb987fbed7f4cb8ca2058dbf42f,5741
data/raw/Salmonella/salmo.1109.jpg,Salmonella,224,224,35144,23770fa0687576538dc4f844eb33820b,5742
data/raw/Salmonella/salmo.111.jpg,Salmonella,224,224,40041,68a2e9e87814b914d9ad4a15a9e919a0,5743
data/raw/Salmonella/salmo.1110.jpg,Salmonella,224,224,41148,ee06cc14b86cb08ac04a172b3936b9c2,5744
data/raw/Salmonella/salmo.1111.jpg,Salmonella,224,224,37865,37a78fb5545928ab962443ef1daef302,5745
data/raw/Salmonella/salmo.1112.jpg,Salmonella,224,224,37597,3266e1e7c75faf6122e45110615011a3,5746
data/raw/Salmonella/salmo.1113.jpg,Salmonella,224,224,47380,cc8487f42e1b898469aa16cb70a82e4e,5747
data/raw/Salmonella/salmo.1114.jpg,Salmonella,224,224,46525,9c2678295f6892230a9219916b95e8c4,5748
data/raw/Salmonella/salmo.1115.jpg,Salmonella,224,224,31634,2a04deffd95e82b302e4527a28e25f4f,5749
data/raw/Salmonella/salmo.1116.jpg,Salmonella,224,224,40145,eb1f0e6fde24c09bcc371fa45d6f4f16,5750
data/raw/Salmonella/salmo.1117.jpg,Salmonella,224,224,30848,035eb713f0bb5fd9fb2aa44399da8794,5751
data/raw/Salmonella/salmo.1118.jpg,Salmonella,224,224,37234,66bcefc77c74d9d3e1dbcd9c641caba3,5752
data/raw/Salmonella/salmo.1119.jpg,Salmonella,224,224,28034,5e6fb2da61dff9167009c18c6853a1c7,5753
data/raw/Salmonella/salmo.112.jpg,Salmonella,224,224,40678,d8e57fa023a2df77502fa53e62b27eae,5754
data/raw/Salmonella/salmo.1120.jpg,Salmonella,224,224,21713,03ff1bbd18745d915a8ee483a023383d,5755
data/raw/Salmonella/salmo.1121.jpg,Salmonella,224,224,52326,d8c06d32126edc3ed76ab559378f975a,5756
data/raw/Salmonella/salmo.1122.jpg,Salmonella,224,224,27688,3f03649ca01cfb071d1560f4a4f9bfd2,5757
data/raw/Salmonella/salmo.1123.jpg,Salmonella,224,224,44565,70e8bd5b5306d4cebdad4bab72e77fde,5758
data/raw/Salmonella/salmo.1124.jpg,Salmonella,224,224,34915,486ee5b696e22b1cb594aea271bfa519,5759
data/raw/Salmonella/salmo.1125.jpg,Salmonella,224,224,40185,cfb1f4e653c26c4f43385c1d7ca39ba6,5760
data/raw/Salmonella/salmo.1126.jpg,Salmonella,224,224,29096,78a231042854a308d63ca6f681a75ccb,5761
data/raw/Salmonella/salmo.1127.jpg,Salmonella,224,224,24190,df7115db7df4ede84f13cc55762fd9f1,5762
data/raw/Salmonella/salmo.1128.jpg,Salmonella,224,224,32465,eca6a8ecab054c8a22730ebbf6f6ed9b,5763
data/raw/Salmonella/salmo.1129.jpg,Salmonella,224,224,47489,5eba7488174da9ccfe2a0c618a91e15c,5764
data/raw/Salmonella/salmo.113.jpg,Salmonella,224,224,30190,48d31448af36f0aa562fa02594ab662b,5765
data/raw/Salmonella/salmo.1130.jpg,Salmonella,224,224,21889,67f4bc59cee0c173e74129d0760267d5,5766
data/raw/Salmonella/salmo.1131.jpg,Salmonella,224,224,43449,a7286d062904b06d6b175c8b2ebe10ed,5767
data/raw/Salmonella/salmo.1132.jpg,Salmonella,224,224,30550,c7a1e19cde033936d87294856d1dee7c,5768
data/raw/Salmonella/salmo.1133.jpg,Salmonella,224,224,39782,77f2e5f0a5cc3cfa5a2440b5ad6586f0,5769
data/raw/Salmonella/salmo.1134.jpg,Salmonella,224,224,48896,1d79dc71f2bd25417d58ef65fcfd0dec,5770
data/raw/Salmonella/salmo.1135.jpg,Salmonella,224,224,31018,8d6c9f955c63d7a60830f95c5a4d4244,5771
data/raw/Salmonella/salmo.1136.jpg,Salmonella,224,224,53622,8789dce808186fa9ad8db40f637ca5c8,5772
data/raw/Salmonella/salmo.1137.jpg,Salmonella,224,224,52762,22a0d3ba1ce778422b2ce0d27df3b03f,5773
data/raw/Salmonella/salmo.1138.jpg,Salmonella,224,224,39127,a7be0a8c961d5b8a81791fcbe01148cd,5774
data/raw/Salmonella/salmo.1139.jpg,Salmonella,224,224,45303,ba8552ba8a38e93dabcac99b8617c746,5775
data/raw/Salmonella/salmo.114.jpg,Salmonella,224,224,50136,db10598472d1f867eb2e7ce0be81e6ba,5776
data/raw/Salmonella/salmo.1140.jpg,Salmonella,224,224,31718,e8ea329f75b59382e6f19b68bb4b88ea,5777
data/raw/Salmonella/salmo.1141.jpg,Salmonella,224,224,42003,737bb870ac46e3c303c1bd75dcb66870,5778
data/raw/Salmonella/salmo.1142.jpg,Salmonella,224,224,41430,36b8c4da389c9f2bbb30247870134321,5779
data/raw/Salmonella/salmo.1143.jpg,Salmonella,224,224,44375,fd6bd640f7db8b5eb084d8648140a489,5780
data/raw/Salmonella/salmo.1144.jpg,Salmonella,224,224,23797,91b7e3983792529b721ecf6b12b8e6ea,5781
data/raw/Salmonella/salmo.1145.jpg,Salmonella,224,224,43380,adf0850129dbb223a14821cd02937b4c,5782
data/raw/Salmonella/salmo.1146.jpg,Salmonella,224,224,31126,d975cc09fdbeab3ef2cfe0eca4f1f03e,5783
data/raw/Salmonella/salmo.1147.jpg,Salmonella,224,224,29156,ec0ffca4ef8c277e9c84befa4f1a292a,5735
data/raw/Salmonella/salmo.1148.jpg,Salmonella,224,224,24824,620e59c6ddb014043857788b7fde91aa,5784
data/raw/Salmonella/salmo.1149.jpg,Salmonella,224,224,33794,e2c7ee3467efe170c04f126b3f83d2d2,5785
data/raw/Salmonella/salmo.115.jpg,Salmonella,224,224,30264,ad62cea9c8a2abfb2bd0ed64cf0a35b3,5786
data/raw/Salmonella/salmo.1150.jpg,Salmonella,224,224,28364,7e2217d429af4346796e61b4b2626875,5787
data/raw/Salmonella/salmo.1151.jpg,Salmonella,224,224,27124,9f93312fc82ca3938f1c172dd24f27e2,5788
data/raw/Salmonella/salmo.1152.jpg,Salmonella,224,224,34692,7a210dee3f3876d1c2a87a75c9e7686f,5789
data/raw/Salmonella/salmo.1153.jpg,Salmonella,224,224,29250,96f4ffa379ae225dfb9bb521a73517d4,5790
data/raw/Salmonella/salmo.1154.jpg,Salmonella,224,224,48076,aebd13270a00c9409d3fc7544adc1bc1,5791
data/raw/Salmonella/salmo.1155.jpg,Salmonella,224,224,32857,2d9c950fb3d91d1097ec7dd0cdefb3a9,5792
data/raw/Salmonella/salmo.1156.jpg,Salmonella,224,224,37659,2a64164e458171dfa5b289b113f4577f,5793
data/raw/Salmonella/salmo.1157.jpg,Salmonella,224,224,30385,803616e8a956c99ceb300c5ffa8bcb7f,5794
data/raw/Salmonella/salmo.1158.jpg,Salmonella,224,224,44606,5646bfabb7708b0ba5ad0f333489fc3c,5795
data/raw/Salmonella/salmo.1159.jpg,Salmonella,224,224,45303,ba8552ba8a38e93dabcac99b8617c746,5775
data/raw/Salmonella/salmo.116.jpg,Salmonella,224,224,47361,d9ff180dbff591e8d7bab7a8eed5251e,5796
data/raw/Salmonella/salmo.1160.jpg,Salmonella,224,224,25511,79245a7d5ae09511e0a1ec8014e8d0c5,5797
data/raw/Salmonella/salmo.1161.jpg,Salmonella,224,224,34103,4508b3b9404afbbdc664613defa3ff14,5798
data/raw/Salmonella/salmo.1162.jpg,Salmonella,224,224,39062,1fafa62ef3c4c611e0f00b77e4e27a79,5799
data/raw/Salmonella/salmo.1163.jpg,Salmonella,224,224,45247,fe2d2b20116c2bb5a02fd7bd84e18f7c,5800
data/raw/Salmonella/salmo.1164.jpg,Salmonella,224,224,39231,e8606cc8d57a2a58dbf6934fd07b78d4,5801
data/raw/Salmonella/salmo.1165.jpg,Salmonella,224,224,47070,361262ad5540d80e2772940a66dff0e0,5802
data/raw/Salmonella/salmo.1166.jpg,Salmonella,224,224,40308,d4e5410f4cb7f7b600973a097afc0a3a,5803
data/raw/Salmonella/salmo.1167.jpg,Salmonella,224,224,30746,56b1b3cb9adda88be5a03299002089c1,5804
data/raw/Salmonella/salmo.1168.jpg,Salmonella,224,224,45724,97d8c94688ce7c707e24278c9a3d0636,5805
data/raw/Salmonella/salmo.1169.jpg,Salmonella,224,224,38022,8e25054de63270294a35663cc21c9aca,5806
data/raw/Salmonella/salmo.117.jpg,Salmonella,224,224,53751,a013bf29ed0d45986aba09c04ec8a729,5807
data/raw/Salmonella/salmo.1170.jpg,Salmonella,224,224,44101,45180b64d71fe69335b1c715320ba7f7,5808
data/raw/Salmonella/salmo.1171.jpg,Salmonella,224,224,60291,ec59f7225161de29c897d32a25cde8de,5809
data/raw/Salmonella/salmo.1172.jpg,Salmonella,224,224,39293,a4175b58aa409c868e2ee663e96db50f,5810
data/raw/Salmonella/salmo.1173.jpg,Salmonella,224,224,46930,3fa6a53ff219dffd451a1733c8230d51,5811
data/raw/Salmonella/salmo.1174.jpg,Salmonella,224,224,42218,4029838c4153c403f5c9577af3f01a95,5812
data/raw/Salmonella/salmo.1175.jpg,Salmonella,224,224,37762,aa7e0377c8b4952000e6c4d38b21ab97,5813
data/raw/Salmonella/salmo.1176.jpg,Salmonella,224,224,45482,9c5f163b3ba8118148b085cd282c0ef8,5814
data/raw/Salmonella/salmo.1177.jpg,Salmonella,224,224,42828,0372adda97537443cd01a6acb95fdad6,5815
data/raw/Salmonella/salmo.1178.jpg,Salmonella,224,224,59307,aaa031bcca94ade2593ac44ea5cad2a8,5816
data/raw/Salmonella/salmo.1179.jpg,Salmonella,224,224,37276,e935932f254ee3c47bc9b2dda83b56b3,5817
data/raw/Salmonella/salmo.118.jpg,Salmonella,224,224,40307,f78080878e6aa8e9518fede23687593f,5818
data/raw/Salmonella/salmo.1180.jpg,Salmonella,224,224,29775,da4b6fdc76161e29d545774b432dc12c,5819
data/raw/Salmonella/salmo.1181.jpg,Salmonella,224,224,39462,aadab315e22149b784689c976d79d3fe,5820
data/raw/Salmonella/salmo.1182.jpg,Salmonella,224,224,34629,394dc62426b67188bb109ce347e68940,5821
data/raw/Salmonella/salmo.1183.jpg,Salmonella,224,224,29605,618aeb13f6b6d9a77313a9ac6f924853,5822
data/raw/Salmonella/salmo.1184.jpg,Salmonella,224,224,44937,b7e86848002c61225d6ba68d414add6e,5823
data/raw/Salmonella/salmo.1185.jpg,Salmonella,224,224,50526,c993a6536e8632ea5a993a7414654c16,5824
data/raw/Salmonella/salmo.1186.jpg,Salmonella,224,224,45962,e3e45cf7efbdcee6a81a2b06e45cbc36,5825
data/raw/Salmonella/salmo.1187.jpg,Salmonella,224,224,41897,852b328689f6307855f18d9841ea72bf,5826
data/raw/Salmonella/salmo.1188.jpg,Salmonella,224,224,44913,c6ffb0dde312c8c9c1b34d822a46a051,5827
data/raw/Salmonella/salmo.1189.jpg,Salmonella,224,224,33461,b0ba54fa80812406e49c566c337a2e10,5828
data/raw/Salmonella/salmo.119.jpg,Salmonella,224,224,32232,bbe52a59b94207ecc25bd41ac715c4cd,5829
data/raw/Salmonella/salmo.1190.jpg,Salmonella,224,224,33939,04a9fb852d89e163d26d4ae2c5baa360,5830
data/raw/Salmonella/salmo.1191.jpg,Salmonella,224,224,27690,ed9c9f408697f67711d3a7fea512035a,5831
data/raw/Salmonella/salmo.1192.jpg,Salmonella,224,224,39333,ff984c17ce484dcb1bdd3d8b93e3ccd2,5832
data/raw/Salmonella/salmo.1193.jpg,Salmonella,224,224,42224,bac4f45c1c4f703935b3f307e0fdfef3,5833
data/raw/Salmonella/salmo.1194.jpg,Salmonella,224,224,45924,60e7c1711fb21d93af2463e634032dea,5834
data/raw/Salmonella/salmo.1195.jpg,Salmonella,224,224,43950,79142eb319e075db4a8f8691ccd69f05,5835
data/raw/Salmonella/salmo.1196.jpg,Salmonella,224,224,32001,42903f3f8924b074971f935c040db4ad,5836
data/raw/Salmonella/salmo.1197.jpg,Salmonella,224,224,33560,6006096d8d1d42c23c4e2ac0b4b2560d,5837
data/raw/Salmonella/salmo.1198.jpg,Salmonella,224,224,45655,fe55741f8967f46e8fb98600d7a23d56,5838
data/raw/Salmonella/salmo.1199.jpg,Salmonella,224,224,42142,36808d080a5e5865779aa9cddc514073,5839
data/raw/Salmonella/salmo.12.jpg,Salmonella,224,224,26144,2f4e7d1523c0d7a8f2b286c6c6fad19c,5840
data/raw/Salmonella/salmo.120.jpg,Salmonella,224,224,37497,75416064388b80e67218f77739b5af14,5841
data/raw/Salmonella/salmo.1200.jpg,Salmonella,224,224,39383,a79e53e3ca8bbabec3928bbc5f04b808,5842
data/raw/Salmonella/salmo.1201.jpg,Salmonella,224,224,45618,6777d21a005c5c0b1f2ed5facc9a0c27,5843
data/raw/Salmonella/salmo.1202.jpg,Salmonella,224,224,37615,a28c9755b709212f352644cf3d393dbb,5844
data/raw/Salmonella/salmo.1203.jpg,Salmonella,224,224,41666,a4373062cfa968482064e5215499c8f2,5845
data/raw/Salmonella/salmo.1204.jpg,Salmonella,224,224,37825,29223d6693654f58df82f1f6491be97f,5846
data/raw/Salmonella/salmo.1205.jpg,Salmonella,224,224,35158,39b7477892c50a700c36fb9e74969766,5847
data/raw/Salmonella/salmo.1206.jpg,Salmonella,224,224,40649,5377e8b1478b9332bc3679230c0f60fb,5848
data/raw/Salmonella/salmo.1207.jpg,Salmonella,224,224,39725,c09488f5369b3bd96926711050646d5c,5849
data/raw/Salmonella/salmo.1208.jpg,Salmonella,224,224,38404,8feab20ad428b59488d0057733bfc3c8,5850
data/raw/Salmonella/salmo.1209.jpg,Salmonella,224,224,46775,53e91f61e310ce71d7cab0d5e296fefa,5703
data/raw/Salmonella/salmo.121.jpg,Salmonella,224,224,27061,a74c5db671d88dabbab4b33987c4f211,5851
data/raw/Salmonella/salmo.1210.jpg,Salmonella,224,224,30190,48d31448af36f0aa562fa02594ab662b,5765
data/raw/Salmonella/salmo.1211.jpg,Salmonella,224,224,47224,77b36880f76b400399e0f19ea8cf9e83,5852
data/raw/Salmonella/salmo.1212.jpg,Salmonella,224,224,31500,e5dee1f5409f83c1f37a1ff99532ec65,5853
data/raw/Salmonella/salmo.1213.jpg,Salmonella,224,224,30335,1a193646792e6305a7b5624df46b6c17,5854
data/raw/Salmonella/salmo.1214.jpg,Salmonella,224,224,40250,6439f1d6c743e19b09d4ae0635cf267b,5855
data/raw/Salmonella/salmo.1215.jpg,Salmonella,224,224,34029,d891b610ca1c431b519903b441000e91,5856
data/raw/Salmonella/salmo.1216.jpg,Salmonella,224,224,47188,e457f1d614b02e852202031f1c6ed851,5857
data/raw/Salmonella/salmo.1217.jpg,Salmonella,224,224,42765,b994cfa8b0374a9991d5cd9a659612a4,5858
data/raw/Salmonella/salmo.1218.jpg,Salmonella,224,224,31453,6cb692d643b37720652e6a04d9d74a67,5859
data/raw/Salmonella/salmo.1219.jpg,Salmonella,224,224,30005,7a5dbebfa25d678fd14d03957be9b6fe,5860
data/raw/Salmonella/salmo.122.jpg,Salmonella,224,224,42400,d82a300112f15cc0f07c01654d2f8634,5861
data/raw/Salmonella/salmo.1220.jpg,Salmonella,224,224,33573,67e4caec55d6deb50fdcc57afa3e2ce4,5862
data/raw/Salmonella/salmo.1221.jpg,Salmonella,224,224,53720,877c500fb2eeff4be7ed1be7a440fa8a,5863
data/raw/Salmonella/salmo.1222.jpg,Salmonella,224,224,33472,479afb50d3ac0138418a6110c8337aee,5864
data/raw/Salmonella/salmo.1223.jpg,Salmonella,224,224,46476,3b4bab69af314669c2bc14631bcbfcca,5865
data/raw/Salmonella/salmo.1224.jpg,Salmonella,224,224,46781,2dcc65e8b3049a6e5aa1207561c6dff0,5866
data/raw/Salmonella/salmo.1225.jpg,Salmonella,224,224,45953,bac5d69874749f9df42961991b480c30,5867
data/raw/Salmonella/salmo.1226.jpg,Salmonella,224,224,42531,5263bf9e0e26195a388e5830e733d56a,5868
data/raw/Salmonella/salmo.1227.jpg,Salmonella,224,224,37732,3add1333ad8b4cf3c8d1cc34c9115967,5869
data/raw/Salmonella/salmo.1228.jpg,Salmonella,224,224,28950,ac71c27133c0562e1ad818d1ea5f9d64,5870
data/raw/Salmonella/salmo.1229.jpg,Salmonella,224,224,50502,430b8f0690f3a3d6a385035a5a653552,5871
data/raw/Salmonella/salmo.123.jpg,Salmonella,224,224,31994,9e1920484309af36d14a9607c264b38f,5872
data/raw/Salmonella/salmo.1230.jpg,Salmonella,224,224,18887,3f866ddcf0671e5122849df238608d43,5873
data/raw/Salmonella/salmo.1231.jpg,Salmonella,224,224,34943,c13e1e4caba39e1f3460fd6a383b380d,5874
data/raw/Salmonella/salmo.1232.jpg,Salmonella,224,224,26898,5daa644e5894688555f59d073473b20e,5875
data/raw/Salmonella/salmo.1233.jpg,Salmonella,224,224,32553,d4de30a811b981e8c70edef7f4bad9e1,5876
data/raw/Salmonella/salmo.1234.jpg,Salmonella,224,224,47552,ed670ff00819cb1c724378a3be67c484,5877
data/raw/Salmonella/salmo.1235.jpg,Salmonella,224,224,31626,4ba85e969cad1da238b695d824bdec50,5878
data/raw/Salmonella/salmo.1236.jpg,Salmonella,224,224,41016,296b93ee8e90ad46751dc5ec24c5f259,5879
data/raw/Salmonella/salmo.1237.jpg,Salmonella,224,224,30335,1a193646792e6305a7b5624df46b6c17,5854
data/raw/Salmonella/salmo.1238.jpg,Salmonella,224,224,40328,9873b11ac5d9b4facd77f03c63f23db7,5880
data/raw/Salmonella/salmo.1239.jpg,Salmonella,224,224,25953,16d7cfb58d47d2000bd627c0587242d9,5881
data/raw/Salmonella/salmo.124.jpg,Salmonella,224,224,32783,dad692790a7a351bfb4a2ff730afafeb,5882
data/raw/Salmonella/salmo.1240.jpg,Salmonella,224,224,35586,0c9e3334dadd7dcd9aaf4690a0b9073a,5883
data/raw/Salmonella/salmo.1241.jpg,Salmonella,224,224,46803,08f70e163f3a3c4569a2bcb0ded64bcb,5884
data/raw/Salmonella/salmo.1242.jpg,Salmonella,224,224,40388,bd0b09972bc5d60dec434f2c9e7dd03d,5885
data/raw/Salmonella/salmo.1243.jpg,Salmonella,224,224,44790,6d0c6a672104eac750f8941aad2e0405,5886
data/raw/Salmonella/salmo.1244.jpg,Salmonella,224,224,30848,035eb713f0bb5fd9fb2aa44399da8794,5751
data/raw/Salmonella/salmo.1245.jpg,Salmonella,224,224,58173,b019628a81136fe6ed65b6e856ca50d6,5887
data/raw/Salmonella/salmo.1246.jpg,Salmonella,224,224,29401,65108f45e8dffceef16a9068a517b205,5888
data/raw/Salmonella/salmo.1247.jpg,Salmonella,224,224,38790,c83815b59d9074f5b19435dfaaa0bcf6,5889
data/raw/Salmonella/salmo.1248.jpg,Salmonella,224,224,43718,09dbab9e96de400449408ce35ef08426,5890
data/raw/Salmonella/salmo.1249.jpg,Salmonella,224,224,42391,f266b05eee5d6d03604e605a74bfc469,5891
data/raw/Salmonella/salmo.125.jpg,Salmonella,224,224,43196,d1cb731c5491375536e214a0a11e089d,5892
data/raw/Salmonella/salmo.1250.jpg,Salmonella,224,224,28800,28f318bfa6cef2d53c21a8dcdde6f8f4,5893
data/raw/Salmonella/salmo.1251.jpg,Salmonella,224,224,59286,7b8bc0a920f57a2fea963262805fcf01,5894
data/raw/Salmonella/salmo.1252.jpg,Salmonella,224,224,24821,aba04ba1dafeb2242b99cb5633f86767,5895
data/raw/Salmonella/salmo.1253.jpg,Salmonella,224,224,24928,1bce9da1f8590074ae76718b1785ca5e,5896
data/raw/Salmonella/salmo.1254.jpg,Salmonella,224,224,42933,2080156e3e424be53c85b3232a97549e,5897
data/raw/Salmonella/salmo.1255.jpg,Salmonella,224,224,34210,8ea3ae1ea94f40062e608ddb86d2d2ab,5898
data/raw/Salmonella/salmo.1256.jpg,Salmonella,224,224,34496,8b5d09edc41b3b44351d1fb48ef3453f,5899
data/raw/Salmonella/salmo.1257.jpg,Salmonella,224,224,25517,3b685084f8ca824f5a70ce852c03c940,5900
data/raw/Salmonella/salmo.1258.jpg,Salmonella,224,224,29253,b6172645f28b6d83ebb3e136609154e7,5901
data/raw/Salmonella/salmo.1259.jpg,Salmonella,224,224,27365,502a48440098711e8c4bbf4f4d33fad4,5902
data/raw/Salmonella/salmo.126.jpg,Salmonella,224,224,21755,3c8b2536865884ed64c427522230cfe8,5903
data/raw/Salmonella/salmo.1260.jpg,Salmonella,224,224,32012,33e13eb2da8a969ba8da67288c504258,5904
data/raw/Salmonella/salmo.1261.jpg,Salmonella,224,224,43225,a019632097ae55a60d2ce988138244f1,5905
data/raw/Salmonella/salmo.1262.jpg,Salmonella,224,224,34311,4e07a85704de936434a5de20702c065e,5906
data/raw/Salmonella/salmo.1263.jpg,Salmonella,224,224,38783,e07ba354c7bf186a37cec3a29c291fef,5907
data/raw/Salmonella/salmo.1264.jpg,Salmonella,224,224,37590,9fd3d7667401af6c79273d0b98d63f0d,5908
data/raw/Salmonella/salmo.1265.jpg,Salmonella,224,224,43897,fbadb698feaedce240cbab637c3a047a,5909
data/raw/Salmonella/salmo.1266.jpg,Salmonella,224,224,30015,cfec2047056d3714aaf9714abeb2c90b,5910
data/raw/Salmonella/salmo.1267.jpg,Salmonella,224,224,46658,daecfbff9d3d0033a4c517d7fde19400,5911
data/raw/Salmonella/salmo.1268.jpg,Salmonella,224,224,35246,e9d901445d81e9e387c20edddce11a18,5704
data/raw/Salmonella/salmo.1269.jpg,Salmonella,224,224,44661,72066590b0ff8eb9e508e93a34f9113b,5912
data/raw/Salmonella/salmo.127.jpg,Salmonella,224,224,25296,ee6b55d06d121ba550baa65fa68a1ece,5913
data/raw/Salmonella/salmo.1270.jpg,Salmonella,224,224,23634,0d12b9cc7e7a4c38d97b8509dc8abf07,5914
data/raw/Salmonella/salmo.1271.jpg,Salmonella,224,224,29344,e1d79b72d6c468acca4755036e440f0f,5915
data/raw/Salmonella/salmo.1272.jpg,Salmonella,224,224,56029,bac5494426bb7a58cd9533f5217297c8,5916
data/raw/Salmonella/salmo.1273.jpg,Salmonella,224,224,30397,1346b747be854f49703ad14a74c2d846,5917
data/raw/Salmonella/salmo.1274.jpg,Salmonella,224,224,35470,4dc19fe14a576c2a3143ab53e2a112c7,5918
data/raw/Salmonella/salmo.1275.jpg,Salmonella,224,224,38872,9dfa9a60aef863723338a61d26298cab,5919
data/raw/Salmonella/salmo.1276.jpg,Salmonella,224,224,36743,df01b659bf3614f477acd01312fde77a,5920
data/raw/Salmonella/salmo.1277.jpg,Salmonella,224,224,28427,9fe61cc6e80fd611708e0dcb39a796b0,5921
data/raw/Salmonella/salmo.1278.jpg,Salmonella,224,224,36591,357096d745fbfe5202be9be45e9040f4,5922
data/raw/Salmonella/salmo.1279.jpg,Salmonella,224,224,41955,e03ab6225216ac57e8b0b62111e77155,5923
data/raw/Salmonella/salmo.128.jpg,Salmonella,224,224,35503,a383c3480e74182022caeb92da2b72ef,5924
data/raw/Salmonella/salmo.1280.jpg,Salmonella,224,224,36983,ab4024d5483cb9ef16f7c02a40731d3d,5925
data/raw/Salmonella/salmo.1281.jpg,Salmonella,224,224,28623,0eff119ecdc6f3777c6a08ceac50caa9,5926
data/raw/Salmonella/salmo.1282.jpg,Salmonella,224,224,47064,8d58ca52b65feffb0aaee0526d84ee3c,5927
data/raw/Salmonella/salmo.1283.jpg,Salmonella,224,224,31853,47a44d7070c748f9a5a31a453ffa9691,5928
data/raw/Salmonella/salmo.1284.jpg,Salmonella,224,224,43551,636b6c5afb3ed975d5c222ca6737a39f,5929
data/raw/Salmonella/salmo.1285.jpg,Salmonella,224,224,32042,b98b98d9172eed32d05669c394e3ba22,5930
data/raw/Salmonella/salmo.1286.jpg,Salmonella,224,224,36902,c2509b34e3ec88af2956b7b35687e562,5931
data/raw/Salmonella/salmo.1287.jpg,Salmonella,224,224,24954,f1617fa60bc8c95fcda7e71b2a65a8e8,5932
data/raw/Salmonella/salmo.1288.jpg,Salmonella,224,224,44189,44e8fa1dacbbdd6c9aa663eb7ef7ec68,5933
data/raw/Salmonella/salmo.1289.jpg,Salmonella,224,224,40877,aac0d252d3f07ceddf6e3c3b8874ec19,5934
data/raw/Salmonella/salmo.129.jpg,Salmonella,224,224,48568,65fdab4bdf29f6c8a7f8f902c108f65e,5935
data/raw/Salmonella/salmo.1290.jpg,Salmonella,224,224,28498,99edd4d878bbe39eb8fd355d89dc8600,5936
data/raw/Salmonella/salmo.1291.jpg,Salmonella,224,224,28791,b92ff2af3779012e4498720e040e4403,5937
data/raw/Salmonella/salmo.1292.jpg,Salmonella,224,224,38151,1f7d5aac4207a4e30d43b93187a533d9,5938
data/raw/Salmonella/salmo.1293.jpg,Salmonella,224,224,35233,9071efc9637c3150c52c99f86f95ebb6,5939
data/raw/Salmonella/salmo.1294.jpg,Salmonella,224,224,45001,af2ae46d754a513a0d4e0e91cc1714da,5940
data/raw/Salmonella/salmo.1295.jpg,Salmonella,224,224,28240,a47481730b14c6ce495ad22001144b73,5941
data/raw/Salmonella/salmo.1296.jpg,Salmonella,224,224,37100,e595165ae92124835b395eb2dcb0f4f4,5942
data/raw/Salmonella/salmo.1297.jpg,Salmonella,224,224,37846,c63ec362933007aed1ddc0821fcf5ba3,5943
data/raw/Salmonella/salmo.1298.jpg,Salmonella,224,224,43957,90d834f45704b0515d2b63371691deb7,5944
data/raw/Salmonella/salmo.1299.jpg,Salmonella,224,224,36735,39d635d82e6830ef449a7214894c5616,5945
data/raw/Salmonella/salmo.13.jpg,Salmonella,224,224,40440,cee9a11aaf33f3770d6addb3e5a42aae,5946
data/raw/Salmonella/salmo.130.jpg,Salmonella,224,224,35435,7d8993f052bd27813357406aed184d39,5947
data/raw/Salmonella/salmo.1300.jpg,Salmonella,224,224,54651,94829d671fa8dd10e8b62247bdc943dd,5948
data/raw/Salmonella/salmo.1301.jpg,Salmonella,224,224,29626,cfcd863fd61076adeb0542869efc4132,5949
data/raw/Salmonella/salmo.1302.jpg,Salmonella,224,224,38779,99116021f723546acb0bdafcbed588cb,5950
data/raw/Salmonella/salmo.1303.jpg,Salmonella,224,224,33942,52a71c4cf14cd28a477fd92ed1738cff,5951
data/raw/Salmonella/salmo.1304.jpg,Salmonella,224,224,43239,13a2790741e36414d337fcbff0d9f1a2,5952
data/raw/Salmonella/salmo.1305.jpg,Salmonella,224,224,54341,5aff132df2a785f4e6ab6beac99f512f,5953
data/raw/Salmonella/salmo.1306.jpg,Salmonella,224,224,41424,685c1f4e3104ec3d40fadaf104d00074,5954
data/raw/Salmonella/salmo.1307.jpg,Salmonella,224,224,30306,fdd4ba9ffb2be1d7fc558077b4bf3bd6,5955
data/raw/Salmonella/salmo.1308.jpg,Salmonella,224,224,43895,2afa17458b439f39256e13c4a16ef49d,5956
data/raw/Salmonella/salmo.1309.jpg,Salmonella,224,224,26954,5eae20af98766913d16af424b755bff0,5957
data/raw/Salmonella/salmo.131.jpg,Salmonella,224,224,40245,1a683f69ecf21e53a143993b4ca32530,5958
data/raw/Salmonella/salmo.1310.jpg,Salmonella,224,224,34440,0b0587b08bafc3602c1bdc0a0c8c13f9,5959
data/raw/Salmonella/salmo.1311.jpg,Salmonella,224,224,33226,8f50c87504302356d335bf4a6f7f7139,5960
data/raw/Salmonella/salmo.1312.jpg,Salmonella,224,224,55016,01f39394fae9a1fdfe9971d292bbe369,5961
data/raw/Salmonella/salmo.1313.jpg,Salmonella,224,224,44230,75c4fc74ddb0d07da9465aaae775991f,5962
data/raw/Salmonella/salmo.1314.jpg,Salmonella,224,224,32874,5f3bbf341d58da2af70343423911288c,5963
data/raw/Salmonella/salmo.1315.jpg,Salmonella,224,224,26096,40bec3a093af421c5d750ce328cda9e3,5964
data/raw/Salmonella/salmo.1316.jpg,Salmonella,224,224,39965,be7ad463f4f332d126765d703097b572,5965
data/raw/Salmonella/salmo.1317.jpg,Salmonella,224,224,40969,8903d1f5ad9a9b2db6c6829325642a7c,5966
data/raw/Salmonella/salmo.1318.jpg,Salmonella,224,224,35959,e7b499e5413359e5566041e2ce77e473,5630
data/raw/Salmonella/salmo.1319.jpg,Salmonella,224,224,26939,c8dc015cef679c80b4f2c00526a22485,5967
data/raw/Salmonella/salmo.132.jpg,Salmonella,224,224,28577,97da4091ec441b144390b37bc1f445a7,5968
data/raw/Salmonella/salmo.1320.jpg,Salmonella,224,224,31074,816d8043cf0673aa8a465802ca95c431,5969
data/raw/Salmonella/salmo.1321.jpg,Salmonella,224,224,33130,43b5f6c3727fc666a9f21882725ae955,5970
data/raw/Salmonella/salmo.1322.jpg,Salmonella,224,224,26112,ad6822e40a3c245e6ab2d044382cd437,5971
data/raw/Salmonella/salmo.1323.jpg,Salmonella,224,224,31685,57a7681e86cfbb012d0539d796a6deeb,5972
data/raw/Salmonella/salmo.1324.jpg,Salmonella,224,224,42397,1ff5ca9f86adc6a1058f53e11948f3cb,5973
data/raw/Salmonella/salmo.1325.jpg,Salmonella,224,224,33375,ebdbdba9a835ddae1d471faddf73cb20,5974
data/raw/Salmonella/salmo.1326.jpg,Salmonella,224,224,49389,a9b2d1518468716716321acc9f7c5acd,5975
data/raw/Salmonella/salmo.1327.jpg,Salmonella,224,224,38651,dac426a18e2aa5dd523bf0fcf509b012,5976
data/raw/Salmonella/salmo.1328.jpg,Salmonella,224,224,39874,924faca64094762a80b90259857d0547,5977
data/raw/Salmonella/salmo.1329.jpg,Salmonella,224,224,39804,dd9d88a266df99cbf002a77766e78d2b,5978
data/raw/Salmonella/salmo.133.jpg,Salmonella,224,224,41336,ed1ac691548abdf3b794d1fc84ffb192,5979
data/raw/Salmonella/salmo.1330.jpg,Salmonella,224,224,39060,f61a4cc616e0559b63e755b10837aeea,5980
data/raw/Salmonella/salmo.1331.jpg,Salmonella,224,224,45463,f4e2e543dbb2e3c69e28fce720a27d53,5981
data/raw/Salmonella/salmo.1332.jpg,Salmonella,224,224,61089,565e3b0e0e46867dd2d359ca8bc15542,5982
data/raw/Salmonella/salmo.1333.jpg,Salmonella,224,224,42701,70f59870a6419a90f8512a4fe141e90c,5983
data/raw/Salmonella/salmo.1334.jpg,Salmonella,224,224,44238,b0c9ce82a3e4c02299253921fb413eb4,5984
data/raw/Salmonella/salmo.1335.jpg,Salmonella,224,224,19165,ae1456efa8b6f99da85f17c75d4aa91b,5985
data/raw/Salmonella/salmo.1336.jpg,Salmonella,224,224,42671,bc12df56879a3445af1880edf03823ee,5986
data/raw/Salmonella/salmo.1337.jpg,Salmonella,224,224,45413,713cc3a1fa8a12d35df9c9da79a06f54,5987
data/raw/Salmonella/salmo.1338.jpg,Salmonella,224,224,36597,593d4a02dbedb84ea75cf28412bf3a33,5988
data/raw/Salmonella/salmo.1339.jpg,Salmonella,224,224,33554,9d9c494aa5f7a26b3ffd7212a175225e,5989
data/raw/Salmonella/salmo.134.jpg,Salmonella,224,224,43213,f065d980ff4c3ee393a9fe52cf5f8429,5990
data/raw/Salmonella/salmo.1340.jpg,Salmonella,224,224,35196,235be94bddbd55ade0b400955b2583b1,5991
data/raw/Salmonella/salmo.1341.jpg,Salmonella,224,224,34697,54b11d69e6ef62836f215e15314f98a8,5992
data/raw/Salmonella/salmo.1342.jpg,Salmonella,224,224,46647,f8a7b15de7a8d116f1f32ceb536ef4e2,5993
data/raw/Salmonella/salmo.1343.jpg,Salmonella,224,224,29460,2083746fd85bb176b960e05ed1fd8bb7,5994
data/raw/Salmonella/salmo.1344.jpg,Salmonella,224,224,47558,b91d5575fb7cf58e0009a8977f137138,5995
data/raw/Salmonella/salmo.1345.jpg,Salmonella,224,224,48156,be4ab0a2a845d9fba5d0dbcb5d81dadf,5996
data/raw/Salmonella/salmo.1346.jpg,Salmonella,224,224,43414,0dba775843b9ced72fa4384634242bbd,5997
data/raw/Salmonella/salmo.1347.jpg,Salmonella,224,224,38481,134d45fb5801f108788e8c8f3da27d67,5998
data/raw/Salmonella/salmo.1348.jpg,Salmonella,224,224,42591,6cb1529fd92e40e1c2acb6cb1be8ada0,5999
data/raw/Salmonella/salmo.1349.jpg,Salmonella,224,224,40658,942d84caf34010b25d938cc8693dcecd,6000
data/raw/Salmonella/salmo.135.jpg,Salmonella,224,224,35064,80b8b96cefa031d572115ab27fd27e43,6001
data/raw/Salmonella/salmo.1350.jpg,Salmonella,224,224,58197,81ccc2f5e0cb632b2a85653f0eb064c2,6002
data/raw/Salmonella/salmo.1351.jpg,Salmonella,224,224,44787,b954caf3c9c3d5f9ba3129e4a1e7f067,6003
data/raw/Salmonella/salmo.1352.jpg,Salmonella,224,224,41190,8539be8b288e95323fc93ccb9914ce8c,6004
data/raw/Salmonella/salmo.1353.jpg,Salmonella,224,224,27422,be49521f03737f5d37c558292e4b2061,6005
data/raw/Salmonella/salmo.1354.jpg,Salmonella,224,224,34994,9a7b69602805ee64609e8ec9554227c6,6006
data/raw/Salmonella/salmo.1355.jpg,Salmonella,224,224,45028,11f535f07c6d4b9b549ee44849946ebd,6007
data/raw/Salmonella/salmo.1356.jpg,Salmonella,224,224,37199,57fe073f50bb105228a09332b2f910ab,6008
data/raw/Salmonella/salmo.1357.jpg,Salmonella,224,224,44627,521d7256d964a72ffebb00470fa55d8f,6009
data/raw/Salmonella/salmo.1358.jpg,Salmonella,224,224,42172,cf2546396ef82bd2e2a4bd8e32f213c5,6010
data/raw/Salmonella/salmo.1359.jpg,Salmonella,224,224,34311,563862e4897a88b6e027bdb8b3df759a,5906
data/raw/Salmonella/salmo.136.jpg,Salmonella,224,224,22311,eed87ad7e096491748715e9900a445f3,6011
data/raw/Salmonella/salmo.1360.jpg,Salmonella,224,224,35408,946a117926d2fc03e0385d18241d26ad,6012
data/raw/Salmonella/salmo.1361.jpg,Salmonella,224,224,41808,754e7b19a0e9c6a15a8d2121dfc0b009,6013
data/raw/Salmonella/salmo.1362.jpg,Salmonella,224,224,35166,92fe67dfc303b5ed1b822b51962db805,6014
data/raw/Salmonella/salmo.1363.jpg,Salmonella,224,224,24784,0e2553c17b83bb4c1eaa6e4b840ecedd,6015
data/raw/Salmonella/salmo.1364.jpg,Salmonella,224,224,41421,425d4036072ca6f2cc9cf64a4c12f39f,6016
data/raw/Salmonella/salmo.1365.jpg,Salmonella,224,224,23101,975994d51f16665da63873c18d2af05d,6017
data/raw/Salmonella/salmo.1366.jpg,Salmonella,224,224,39806,47e23321f0887790f89121cf3232c7e4,6018
data/raw/Salmonella/salmo.1367.jpg,Salmonella,224,224,34123,2c1ff956ea79638cdbe7a5687088f8e2,6019
data/raw/Salmonella/salmo.1368.jpg,Salmonella,224,224,45617,2b8eb9fe7f5e614c0bdb1711d02d1651,6020
data/raw/Salmonella/salmo.1369.jpg,Salmonella,224,224,27637,6e6398abe46df76da7d56d79b6de2d06,6021
data/raw/Salmonella/salmo.137.jpg,Salmonella,224,224,45151,87b11c8e6052acf4c8178a62359d2801,6022
data/raw/Salmonella/salmo.1370.jpg,Salmonella,224,224,34668,307e18367e99970d6b381b7802a6a3fe,6023
data/raw/Salmonella/salmo.1371.jpg,Salmonella,224,224,39262,cb25a3b32a169aac958c2f8054cd3559,6024
data/raw/Salmonella/salmo.1372.jpg,Salmonella,224,224,32884,5376559031b67bd80ede6ae78dafdffc,6025
data/raw/Salmonella/salmo.1373.jpg,Salmonella,224,224,43790,fd797ecf2d95691bf51abd1c3b39077a,6026
data/raw/Salmonella/salmo.1374.jpg,Salmonella,224,224,30848,035eb713f0bb5fd9fb2aa44399da8794,5751
data/raw/Salmonella/salmo.1375.jpg,Salmonella,224,224,30861,3d0c6da8fba8145457d91ebb98b82cf7,6027
data/raw/Salmonella/salmo.1376.jpg,Salmonella,224,224,19247,953b8d69058270ea9a0277a6d76515ac,6028
data/raw/Salmonella/salmo.1377.jpg,Salmonella,224,224,32721,0d44d923d9bef4406e9b9aaa8d4ba439,6029
data/raw/Salmonella/salmo.1378.jpg,Salmonella,224,224,29910,b2b1f56e2e03a0555a185d79b490f0c8,6030
data/raw/Salmonella/salmo.1379.jpg,Salmonella,224,224,39053,56d9d19434309afe5c770e90b0ac4bd3,6031
data/raw/Salmonella/salmo.138.jpg,Salmonella,224,224,45047,ea157ddd0d3f6218b8ed900c43fe499c,6032
data/raw/Salmonella/salmo.1380.jpg,Salmonella,224,224,29615,e40d31b93a3eaf15d3a07b24e51c0a47,6033
data/raw/Salmonella/salmo.1381.jpg,Salmonella,224,224,22814,b95239553de300c1c68ec627ce8adb45,6034
data/raw/Salmonella/salmo.1382.jpg,Salmonella,224,224,25563,a056cb51fad5c604b6ce05c3d7ec59a9,6035
data/raw/Salmonella/salmo.1383.jpg,Salmonella,224,224,38766,03b086987da9728e84ad4c6425e3621b,6036
data/raw/Salmonella/salmo.1384.jpg,Salmonella,224,224,47727,7b47b9c4c87731d80d176eacf734aec3,6037
data/raw/Salmonella/salmo.1385.jpg,Salmonella,224,224,29478,59b21a902480686bb175728e0b9df856,6038
data/raw/Salmonella/salmo.1386.jpg,Salmonella,224,224,20395,ab9f38350a8cc5352e683d64fb71ef85,6039
data/raw/Salmonella/salmo.1387.jpg,Salmonella,224,224,31573,d2441f8e4e9c7332a5f6e50c5901c7f5,6040
data/raw/Salmonella/salmo.1388.jpg,Salmonella,224,224,30214,7968762bc52ca8cc7ba2f4fdfebd2a23,6041
data/raw/Salmonella/salmo.1389.jpg,Salmonella,224,224,42058,eaef8e34693b38ae3afb7bf1630b4a4c,6042
data/raw/Salmonella/salmo.139.jpg,Salmonella,224,224,27409,5dc3fa8461bc4c040b8b68cd787da117,6043
data/raw/Salmonella/salmo.1390.jpg,Salmonella,224,224,37286,74b260c894279054104c1109ed8be8ca,6044
data/raw/Salmonella/salmo.1391.jpg,Salmonella,224,224,29375,a0e86f7051bf75ec4b0db7261b65cce9,6045
data/raw/Salmonella/salmo.1392.jpg,Salmonella,224,224,44924,afd0ee1f7c2f58f19867528d0e291a08,6046
data/raw/Salmonella/salmo.1393.jpg,Salmonella,224,224,45037,a9e6f7e949b57d4cbc9dc4427ce2fdc8,6047
data/raw/Salmonella/salmo.1394.jpg,Salmonella,224,224,37248,240724b35ca9325a232825b0f2d8cb50,6048
data/raw/Salmonella/salmo.1395.jpg,Salmonella,224,224,46228,499b20ee6cb2ac94f649495e69169d6f,6049
data/raw/Salmonella/salmo.1396.jpg,Salmonella,224,224,43316,b9a94b21aa0a94f58a3c3de3248f8e7f,6050
data/raw/Salmonella/salmo.1397.jpg,Salmonella,224,224,39809,73b12d6f65d748af9c7b375ccd5d8252,6051
data/raw/Salmonella/salmo.1398.jpg,Salmonella,224,224,32727,4e96cc113f1543e47de3cfac87bec77b,6052
data/raw/Salmonella/salmo.1399.jpg,Salmonella,224,224,27224,2b05bc2006082e3bcca00e4abed41b79,6053
data/raw/Salmonella/salmo.14.jpg,Salmonella,224,224,43509,3bdedbb96558f411c721a2073bf6dc34,6054
data/raw/Salmonella/salmo.140.jpg,Salmonella,224,224,45302,65cc0194b633664b35ab17fc49479e8d,6055
data/raw/Salmonella/salmo.1400.jpg,Salmonella,224,224,29545,843422751e1524ecf2f5f7034ab9808e,6056
data/raw/Salmonella/salmo.1401.jpg,Salmonella,224,224,39022,458e816b3ee40b7fa1eb6278e0a62bc1,6057
data/raw/Salmonella/salmo.1402.jpg,Salmonella,224,224,34041,7c031402e2172d120fd88223c453acf6,6058
data/raw/Salmonella/salmo.1403.jpg,Salmonella,224,224,47172,d784888a161a77bd4124fcd19a61543f,6059
data/raw/Salmonella/salmo.1404.jpg,Salmonella,224,224,29583,9f8b11488f924316123f6904650eb9f3,6060
data/raw/Salmonella/salmo.1405.jpg,Salmonella,224,224,41378,bb899c9f0c98141b384a69de6bf37d81,6061
data/raw/Salmonella/salmo.1406.jpg,Salmonella,224,224,40409,ee43e9c4e7115e7a75a3799f0fcea99d,6062
data/raw/Salmonella/salmo.1407.jpg,Salmonella,224,224,38893,98759e98a31e8fc2b7f85577e71c7d18,6063
data/raw/Salmonella/salmo.1408.jpg,Salmonella,224,224,24656,fbbd199ea8711d1689b9f5e90ebfffa3,6064
data/raw/Salmonella/salmo.1409.jpg,Salmonella,224,224,25563,a056cb51fad5c604b6ce05c3d7ec59a9,6035
data/raw/Salmonella/salmo.141.jpg,Salmonella,224,224,22737,e77ef725da1726e8f4cc7da5fc3441e9,6065
data/raw/Salmonella/salmo.1410.jpg,Salmonella,224,224,45170,28a223b379e03c4a8b61d1eaa82332e4,6066
data/raw/Salmonella/salmo.1411.jpg,Salmonella,224,224,25482,7eaf961f03f028aa4e718194f56f3831,6067
data/raw/Salmonella/salmo.1412.jpg,Salmonella,224,224,47066,d5b47d0d116915d801cc098846ef1079,6068
data/raw/Salmonella/salmo.1413.jpg,Salmonella,224,224,43190,2d23a642073794f757420e276b530788,6069
data/raw/Salmonella/salmo.1414.jpg,Salmonella,224,224,29626,cfcd863fd61076adeb0542869efc4132,5949
data/raw/Salmonella/salmo.1415.jpg,Salmonella,224,224,42384,11a1449f69a030e3d986bdb64663131d,6070
data/raw/Salmonella/salmo.1416.jpg,Salmonella,224,224,43942,3ff412d814f621bcdef9c1dee1a88f40,6071
data/raw/Salmonella/salmo.1417.jpg,Salmonella,224,224,44478,76f5802b6e6245cf4aa3c52c41289d58,6072
data/raw/Salmonella/salmo.1418.jpg,Salmonella,224,224,41812,fefc29467492ba275639e7cc938f426c,6073
data/raw/Salmonella/salmo.1419.jpg,Salmonella,224,224,33982,9b719735fe1e19878f9c9ebf5d8b0c81,6074
data/raw/Salmonella/salmo.142.jpg,Salmonella,224,224,39064,2eb9ebd270bd868600ad62e6b35c4e59,6075
data/raw/Salmonella/salmo.1420.jpg,Salmonella,224,224,27015,d2f2a68e77375957e9e3f4c417428585,6076
data/raw/Salmonella/salmo.1421.jpg,Salmonella,224,224,33689,52155b01b929fa70761d1105f786bf41,6077
data/raw/Salmonella/salmo.1422.jpg,Salmonella,224,224,39850,557dae5a2df17548837c1df12748971f,6078
data/raw/Salmonella/salmo.1423.jpg,Salmonella,224,224,36449,da2fffe31a3a9883d49e492f5a5062a9,6079
data/raw/Salmonella/salmo.1424.jpg,Salmonella,224,224,24052,a1154ec5c351bec1b28b3594431ae633,6080
data/raw/Salmonella/salmo.1425.jpg,Salmonella,224,224,58434,95d9c6583a9de7a2c46de0bb26946faa,6081
data/raw/Salmonella/salmo.1426.jpg,Salmonella,224,224,33154,7730cfe982cd77a131ed6c6927849bf7,6082
data/raw/Salmonella/salmo.1427.jpg,Salmonella,224,224,29532,4b4382c30aa36df5ef5c73668f6f2a2e,6083
data/raw/Salmonella/salmo.1428.jpg,Salmonella,224,224,46232,a824ba74e8387eb993a4da0062149ab0,6084
data/raw/Salmonella/salmo.1429.jpg,Salmonella,224,224,49457,e1a1ea17f77f735b62babd4910510e64,6085
data/raw/Salmonella/salmo.143.jpg,Salmonella,224,224,41280,9db5ebd30ae81e56debad500dc9c0199,6086
data/raw/Salmonella/salmo.1430.jpg,Salmonella,224,224,40481,33a6d434273b7836d50943320995bb64,6087
data/raw/Salmonella/salmo.1431.jpg,Salmonella,224,224,31852,55d7d94437cf42378559ba513a7e7f70,6088
data/raw/Salmonella/salmo.1432.jpg,Salmonella,224,224,33411,a2fb4ded713a151d04e8630021642c11,6089
data/raw/Salmonella/salmo.1433.jpg,Salmonella,224,224,29824,7bca78d87a8fb60e48542e2288073f44,6090
data/raw/Salmonella/salmo.1434.jpg,Salmonella,224,224,32293,2f469f7c1cf11ff175140b5d17e432cf,6091
data/raw/Salmonella/salmo.1435.jpg,Salmonella,224,224,41456,80fbeefab3b0d6145ea70bc287b9b13e,6092
data/raw/Salmonella/salmo.1436.jpg,Salmonella,224,224,52383,b56f910f1052cb13de7ce9fc5683d409,6093
data/raw/Salmonella/salmo.1437.jpg,Salmonella,224,224,21651,b1207c16eeec31ed64577b29dded3f08,6094
data/raw/Salmonella/salmo.1438.jpg,Salmonella,224,224,45093,424d4ac72b875fb79fc7259050147bdf,6095
data/raw/Salmonella/salmo.1439.jpg,Salmonella,224,224,38692,172b090f1af558f213b351b27095e6e2,6096
data/raw/Salmonella/salmo.144.jpg,Salmonella,224,224,41494,a3ca856ea606595a2e561bda8a23913c,6097
data/raw/Salmonella/salmo.1440.jpg,Salmonella,224,224,38375,8bf7f2903764e96583995affd115696b,6098
data/raw/Salmonella/salmo.1441.jpg,Salmonella,224,224,42366,11caced9df32a7a65662455658a373d3,6099
data/raw/Salmonella/salmo.1442.jpg,Salmonella,224,224,33383,6d8d81a47646a9e451399c7b1c42411d,6100
data/raw/Salmonella/salmo.1443.jpg,Salmonella,224,224,42860,c28ff8c8aea8953f35130775affc78d9,6101
data/raw/Salmonella/salmo.1444.jpg,Salmonella,224,224,43321,1eab7066afa82b7e508c94b790b02078,6102
data/raw/Salmonella/salmo.1445.jpg,Salmonella,224,224,46533,d00af36707e7d3ee477ae4ffdabd1aeb,6103
data/raw/Salmonella/salmo.1446.jpg,Salmonella,224,224,39721,2ca24340fa6819ffff1d64ccbe325bd5,6104
data/raw/Salmonella/salmo.1447.jpg,Salmonella,224,224,40679,c081b9970f6fa07e2938a084a026ddba,6105
data/raw/Salmonella/salmo.1448.jpg,Salmonella,224,224,26335,0c9e401ba1f17e925e548f0e72b97633,6106
data/raw/Salmonella/salmo.1449.jpg,Salmonella,224,224,38858,04066416be609e5a943bf1c6e903d745,6107
data/raw/Salmonella/salmo.145.jpg,Salmonella,224,224,43903,0658f4c435ac6110513e059f252734d1,6108
data/raw/Salmonella/salmo.1450.jpg,Salmonella,224,224,39608,1b11c50c231f57751a1cc18c3533688e,6109
data/raw/Salmonella/salmo.1451.jpg,Salmonella,224,224,35928,6b2492be445ea8e58ab51169f04fbece,6110
data/raw/Salmonella/salmo.1452.jpg,Salmonella,224,224,32094,87a3358f95a38dc468b3a76ed12d06f3,6111
data/raw/Salmonella/salmo.1453.jpg,Salmonella,224,224,25225,421c630d0156333f0c8640574aa6bcaf,6112
data/raw/Salmonella/salmo.1454.jpg,Salmonella,224,224,37206,e8d69f6d368b113e482f2d52d6c44dc4,6113
data/raw/Salmonella/salmo.1455.jpg,Salmonella,224,224,38778,416c3f441e2e33f2d4365ba393d849c5,6114
data/raw/Salmonella/salmo.1456.jpg,Salmonella,224,224,25932,660d7e71e84f7d034ba55c53cb1451cd,6115
data/raw/Salmonella/salmo.1457.jpg,Salmonella,224,224,37839,c8fcb088b8b133df680a7a5391dc858e,6116
data/raw/Salmonella/salmo.1458.jpg,Salmonella,224,224,37558,8089147fbc119b4eba4c7d72829eb1a6,6117
data/raw/Salmonella/salmo.1459.jpg,Salmonella,224,224,29281,5005e0824e18bdd627fd7a0e8fc20299,6118
data/raw/Salmonella/salmo.146.jpg,Salmonella,224,224,28877,a027c007490ff1c9608fa4584bc202f2,6119
data/raw/Salmonella/salmo.1460.jpg,Salmonella,224,224,37762,aa7e0377c8b4952000e6c4d38b21ab97,5813
data/raw/Salmonella/salmo.1461.jpg,Salmonella,224,224,28350,8294c007a43fe7cb1d2089f430f5d4a9,6120
data/raw/Salmonella/salmo.1462.jpg,Salmonella,224,224,42368,eb5db8461a5314093a68f58efcb0c730,6121
data/raw/Salmonella/salmo.1463.jpg,Salmonella,224,224,33324,192de0ae05cbd3f0ac05db580e73ee28,6122
data/raw/Salmonella/salmo.1464.jpg,Salmonella,224,224,27731,452f9f45d0036f0aac7cf587e5baa88b,6123
data/raw/Salmonella/salmo.1465.jpg,Salmonella,224,224,38948,53c8943880aa13ed370e7859f4f34faf,6124
data/raw/Salmonella/salmo.1466.jpg,Salmonella,224,224,37848,db8340d75ddd9be88d92baa57cfd1db2,6125
data/raw/Salmonella/salmo.1467.jpg,Salmonella,224,224,20647,adbc9be7f9b023d534e2c9eda9f74e2c,6126
data/raw/Salmonella/salmo.1468.jpg,Salmonella,224,224,31131,ebe7c3c6848d62fd2791ebf1e1d19b37,6127
data/raw/Salmonella/salmo.1469.jpg,Salmonella,224,224,26193,d3164094a940c9d49eccdda88c9d1b49,6128
data/raw/Salmonella/salmo.147.jpg,Salmonella,224,224,46560,e7a5e3d2025bc01cdacf4f5a7ac43e34,6129
data/raw/Salmonella/salmo.1470.jpg,Salmonella,224,224,24701,aba8634f92887a21385e042c4027a17b,6130
data/raw/Salmonella/salmo.1471.jpg,Salmonella,224,224,36162,8e6ed1d52cdf55b6bb4b8eedc75a681d,6131
data/raw/Salmonella/salmo.1472.jpg,Salmonella,224,224,39982,e7d0e6c3ab8b59bf43d569c2e720b280,6132
data/raw/Salmonella/salmo.1473.jpg,Salmonella,224,224,33463,7843479d4e842839e438c7c863c04b62,6133
data/raw/Salmonella/salmo.1474.jpg,Salmonella,224,224,33320,2d92f26cbb179f3586556c8339ae204e,6134
data/raw/Salmonella/salmo.1475.jpg,Salmonella,224,224,36582,110ed86f13b7b152052861c430de9213,6135
data/raw/Salmonella/salmo.1476.jpg,Salmonella,224,224,28233,4a7a9adb550110198b0956676824a45f,6136
data/raw/Salmonella/salmo.1477.jpg,Salmonella,224,224,22586,888165e1a0845269cbe6c63f02fd2ee9,6137
data/raw/Salmonella/salmo.1478.jpg,Salmonella,224,224,37611,acf58d7b49de634762c2ea7dcad84b4b,6138
data/raw/Salmonella/salmo.1479.jpg,Salmonella,224,224,46905,d71a45d3677e17045112c35396d79991,6139
data/raw/Salmonella/salmo.148.jpg,Salmonella,224,224,18643,7108a32fe8129b3c6f02cf7e994e7405,6140
data/raw/Salmonella/salmo.1480.jpg,Salmonella,224,224,39177,16e07ce51b3fd4d5df200b4439aff115,6141
data/raw/Salmonella/salmo.1481.jpg,Salmonella,224,224,27737,bad1e5aa130d6bd7afd4b54d8041c19b,6142
data/raw/Salmonella/salmo.1482.jpg,Salmonella,224,224,44365,f2df1ef43e5e569a7a5cb51a0a200453,6143
data/raw/Salmonella/salmo.1483.jpg,Salmonella,224,224,31978,5bf2f42608cf781a2cc790daf7d1cd16,6144
data/raw/Salmonella/salmo.1484.jpg,Salmonella,224,224,32006,e9812e1dfabc0a921922b4d23425f3bc,6145
data/raw/Salmonella/salmo.1485.jpg,Salmonella,224,224,34842,e6ae2c63cb238eed4f1919099e919127,6146
data/raw/Salmonella/salmo.1486.jpg,Salmonella,224,224,28927,6374be2e052bae8e9175ba9285819a5a,6147
data/raw/Salmonella/salmo.1487.jpg,Salmonella,224,224,30713,8ab89c3dc6dd991fbad21a242c401fce,6148
data/raw/Salmonella/salmo.1488.jpg,Salmonella,224,224,25654,25b0aa16cfa6b1bff795690da94a48a3,6149
data/raw/Salmonella/salmo.1489.jpg,Salmonella,224,224,55712,4eeb0bff2330ee2415c6e3c36ad57e37,6150
data/raw/Salmonella/salmo.149.jpg,Salmonella,224,224,43074,738049e7c1fb6d3aa1e07931d8b448fb,6151
data/raw/Salmonella/salmo.1490.jpg,Salmonella,224,224,36114,b76931dfc974617d3bfae835d6257856,6152
data/raw/Salmonella/salmo.1491.jpg,Salmonella,224,224,34342,48c6e8d8d0a6d34f9d7af830dedd3df1,6153
data/raw/Salmonella/salmo.1492.jpg,Salmonella,224,224,44431,96ad2d03bf1c83e90b0ededbcb0b1438,6154
data/raw/Salmonella/salmo.1493.jpg,Salmonella,224,224,28623,0eff119ecdc6f3777c6a08ceac50caa9,5926
data/raw/Salmonella/salmo.1494.jpg,Salmonella,224,224,27610,176f66d22d23231a73f1b9ea0571557f,6155
data/raw/Salmonella/salmo.1495.jpg,Salmonella,224,224,32021,0581f7863e8f399772aede7f760d1771,6156
data/raw/Salmonella/salmo.1496.jpg,Salmonella,224,224,26198,89883e5a06069c601553ae0cf9e0dd56,6157
data/raw/Salmonella/salmo.1497.jpg,Salmonella,224,224,48696,66962b72f6aa6e8b0a3d18f569f410b1,6158
data/raw/Salmonella/salmo.1498.jpg,Salmonella,224,224,45238,97304af68e2cab05c9a37556bfcbb9bc,6159
data/raw/Salmonella/salmo.1499.jpg,Salmonella,224,224,34987,96206d88649f36dcbcf4665b6f2aad67,6160
data/raw/Salmonella/salmo.15.jpg,Salmonella,224,224,30785,3bbd49da3adea1a93fbfe1ebaa5a5a52,6161
data/raw/Salmonella/salmo.150.jpg,Salmonella,224,224,34073,4f8838c4c8abd858cab1149f46694568,6162
data/raw/Salmonella/salmo.1500.jpg,Salmonella,224,224,32962,af05319a70277df73aeb48a11c9d1924,6163
data/raw/Salmonella/salmo.1501.jpg,Salmonella,224,224,23415,afaea0e33b801da13a8b5dda4713477c,6164
data/raw/Salmonella/salmo.1502.jpg,Salmonella,224,224,31373,5f9a59037e23a975a329592ed7541d1a,6165
data/raw/Salmonella/salmo.1503.jpg,Salmonella,224,224,25066,a2f66a07d4c1b22b0dc8c83f9e9054de,6166
data/raw/Salmonella/salmo.1504.jpg,Salmonella,224,224,45478,fc38a1afa89ac342b85d94d366f0a9da,6167
data/raw/Salmonella/salmo.1505.jpg,Salmonella,224,224,28252,93c0c7bd37fc05ddc0d090f72db39e4d,6168
data/raw/Salmonella/salmo.1506.jpg,Salmonella,224,224,38008,a4d31f9da8c5ab1c393c534f32accf9f,6169
data/raw/Salmonella/salmo.1507.jpg,Salmonella,224,224,29486,0534d33d3b0c34b0548f4b2a8ac3c9bb,6170
data/raw/Salmonella/salmo.1508.jpg,Salmonella,224,224,33407,9f5d8deb649fa221da080cd033b4dd9b,6171
data/raw/Salmonella/salmo.1509.jpg,Salmonella,224,224,48235,a37cfec69c7fcbf7d229ebc28e1525b2,6172
data/raw/Salmonella/salmo.151.jpg,Salmonella,224,224,26888,55db093957c341a8b9ef74143d7ea4f9,6173
data/raw/Salmonella/salmo.1510.jpg,Salmonella,224,224,29127,728dc84e4020aaceeafa7ffb49c2ee20,6174
data/raw/Salmonella/salmo.1511.jpg,Salmonella,224,224,44024,e2a4f2588f715db7b0cc5a40352b656b,6175
data/raw/Salmonella/salmo.1512.jpg,Salmonella,224,224,29632,19b1dfcf63f73cbd42d8fe32e9fd113b,6176
data/raw/Salmonella/salmo.1513.jpg,Salmonella,224,224,51670,4f40a5809b3d62df30d65a33ca44ad2c,6177
data/raw/Salmonella/salmo.1514.jpg,Salmonella,224,224,41813,46c0714d057237cef68385e960092091,6178
data/raw/Salmonella/salmo.1515.jpg,Salmonella,224,224,34708,076295c0c6a48d610d6dba5c5548c8c2,6179
data/raw/Salmonella/salmo.1516.jpg,Salmonella,224,224,39249,1465e7a0485747703815ddc24459be1f,6180
data/raw/Salmonella/salmo.1517.jpg,Salmonella,224,224,23322,937e7e301f01c6e9ad7731251bfcdf35,6181
data/raw/Salmonella/salmo.1518.jpg,Salmonella,224,224,45028,11f535f07c6d4b9b549ee44849946ebd,6007
data/raw/Salmonella/salmo.1519.jpg,Salmonella,224,224,44469,f9f5ca3f49831cc8ed62fdf491dbc934,6182
data/raw/Salmonella/salmo.152.jpg,Salmonella,224,224,34554,045f4ab012d64e101595221e893c2270,6183
data/raw/Salmonella/salmo.1520.jpg,Salmonella,224,224,26515,d2cbc0be18c2a955cadc44364a77fab3,6184
data/raw/Salmonella/salmo.1521.jpg,Salmonella,224,224,22441,5e52cb73864edee9770dc7abf4f96dd4,6185
data/raw/Salmonella/salmo.1522.jpg,Salmonella,224,224,49268,9d0bb8fd6bdd9ee7bfd57c98dddd70b4,6186
data/raw/Salmonella/salmo.1523.jpg,Salmonella,224,224,35338,902a2b0d85584f8c868bc51c0effa29f,6187
data/raw/Salmonella/salmo.1524.jpg,Salmonella,224,224,27478,d7ba978fb7abf3b3bcb62d7f9af21621,6188
data/raw/Salmonella/salmo.1525.jpg,Salmonella,224,224,40873,5373b0b0eb970d36d2bbbbc431ab2cda,6189
data/raw/Salmonella/salmo.1526.jpg,Salmonella,224,224,37786,1882d4c2ece93f27398bd062cac0b29c,6190
data/raw/Salmonella/salmo.1527.jpg,Salmonella,224,224,44954,6592ebc4e2920f5c13c1d6ffa95cb13f,6191
data/raw/Salmonella/salmo.1528.jpg,Salmonella,224,224,37990,d5488eaa3b4e01ff2828c0aa873fc857,6192
data/raw/Salmonella/salmo.1529.jpg,Salmonella,224,224,35069,6999917d1e45934d19ac8566130af77a,6193
data/raw/Salmonella/salmo.153.jpg,Salmonella,224,224,34474,64b0b3e2c8cb629e8b82f7f44c8fd7ca,6194
data/raw/Salmonella/salmo.1530.jpg,Salmonella,224,224,29644,bea3e349608a6bcee7fb18a80eeb6ffc,6195
data/raw/Salmonella/salmo.1531.jpg,Salmonella,224,224,26523,2e069923b043cb416a2e52501397ecf7,6196
data/raw/Salmonella/salmo.1532.jpg,Salmonella,224,224,41737,908436f8d662866c7f62d6110690e0d8,6197
data/raw/Salmonella/salmo.1533.jpg,Salmonella,224,224,30007,b2948cc17bd611b2286ef433fcc799a3,6198
data/raw/Salmonella/salmo.1534.jpg,Salmonella,224,224,39015,d6b64407bece1b105031aa3e2b08bd3e,6199
data/raw/Salmonella/salmo.1535.jpg,Salmonella,224,224,28093,4440c4b91c5e10adf0cc610b7616ee15,6200
data/raw/Salmonella/salmo.1536.jpg,Salmonella,224,224,26703,fe1c3eb51915074413c85ae07c20533a,6201
data/raw/Salmonella/salmo.1537.jpg,Salmonella,224,224,44374,892dcd4c17472f6ddae0f443898bd596,6202
data/raw/Salmonella/salmo.1538.jpg,Salmonella,224,224,60373,bc4bb5e9438dab113350ceff1dacaed3,6203
data/raw/Salmonella/salmo.1539.jpg,Salmonella,224,224,17113,7b50ade0bfaf82294c0458519cdac9ba,6204
data/raw/Salmonella/salmo.154.jpg,Salmonella,224,224,36133,2fb5b409d432c2898508483331ec3c74,6205
data/raw/Salmonella/salmo.1540.jpg,Salmonella,224,224,36344,2d1b8eb0d6de6e7a9755964597e9793c,6206
data/raw/Salmonella/salmo.1541.jpg,Salmonella,224,224,38202,0e456153c66339356c435a0a716b7d91,6207
data/raw/Salmonella/salmo.1542.jpg,Salmonella,224,224,24102,123d8022f49ec9c49dfcaa91ff33f356,6208
data/raw/Salmonella/salmo.1543.jpg,Salmonella,224,224,25114,0a81c76b8f1a7058674f4bd1691c3696,6209
data/raw/Salmonella/salmo.1544.jpg,Salmonella,224,224,35665,dd2762212e2ccb6012834b373cfcbcb4,6210
data/raw/Salmonella/salmo.1545.jpg,Salmonella,224,224,43649,c6b06dd0781fbd97a891440e7728a741,6211
data/raw/Salmonella/salmo.1546.jpg,Salmonella,224,224,37087,0fa1cbeb848da1ddc41f29402e268526,6212
data/raw/Salmonella/salmo.1547.jpg,Salmonella,224,224,45503,286e1800515cf2016897f8a3968feee3,6213
data/raw/Salmonella/salmo.1548.jpg,Salmonella,224,224,32695,6a94ab1873b01aaa80079cd5c08f9d7a,6214
data/raw/Salmonella/salmo.1549.jpg,Salmonella,224,224,31290,f76746b2c0a0a0f8e432d5262b932d74,6215
data/raw/Salmonella/salmo.155.jpg,Salmonella,224,224,33719,63277483b8ea9072695ece2320803b34,6216
data/raw/Salmonella/salmo.1550.jpg,Salmonella,224,224,41943,c9703760f3f1a8b219d737373af47aef,6217
data/raw/Salmonella/salmo.1551.jpg,Salmonella,224,224,29086,6af792f0af9a72fbc87391cd4ba8bf44,6218
data/raw/Salmonella/salmo.1552.jpg,Salmonella,224,224,45635,5ed6dc181fbe0a71f405da94a3823935,6219
data/raw/Salmonella/salmo.1553.jpg,Salmonella,224,224,45266,b67de002229d1623709212da6cc599e4,6220
data/raw/Salmonella/salmo.1554.jpg,Salmonella,224,224,35900,72ce03f2831053f9b3ba0adedd8eb3c4,6221
data/raw/Salmonella/salmo.1555.jpg,Salmonella,224,224,44346,8ed46b81fa0990e8cc7166f66aed9120,6222
data/raw/Salmonella/salmo.1556.jpg,Salmonella,224,224,45483,4382ce4de84d21ba4174e24f12110de0,6223
data/raw/Salmonella/salmo.1557.jpg,Salmonella,224,224,41705,f2c1dede3b0d20307d38d52fda00b47a,6224
data/raw/Salmonella/salmo.1558.jpg,Salmonella,224,224,31931,113d25a4cb229f8bb8097889d9506b04,6225
data/raw/Salmonella/salmo.1559.jpg,Salmonella,224,224,38126,b75c183eb330c23a3afacbfcab33dde9,6226
data/raw/Salmonella/salmo.156.jpg,Salmonella,224,224,40745,fc877e90a312300bb202b8afcf1995dd,6227
data/raw/Salmonella/salmo.1560.jpg,Salmonella,224,224,40620,33cf62b56848b889cbb181a8818404aa,6228
data/raw/Salmonella/salmo.1561.jpg,Salmonella,224,224,47823,6e0a116e2fd3df2c05e7791c1119156b,6229
data/raw/Salmonella/salmo.1562.jpg,Salmonella,224,224,35962,c4b92a72b643d27ed8e8c59c4985b8ee,6230
data/raw/Salmonella/salmo.1563.jpg,Salmonella,224,224,46003,a613c98f0785fe0d4eb24ac5710670ae,6231
data/raw/Salmonella/salmo.1564.jpg,Salmonella,224,224,50504,187ffbe3f43ab2270b7d4e236a9189f5,6232
data/raw/Salmonella/salmo.1565.jpg,Salmonella,224,224,39874,924faca64094762a80b90259857d0547,5977
data/raw/Salmonella/salmo.1566.jpg,Salmonella,224,224,34139,d305a2970bcb9d9fc976906e71ef182c,6233
data/raw/Salmonella/salmo.1567.jpg,Salmonella,224,224,23916,533cb2a00a368f5a92a20e1b7d408b18,6234
data/raw/Salmonella/salmo.1568.jpg,Salmonella,224,224,44762,b52e63b8905478cce9df95c04b81e771,6235
data/raw/Salmonella/salmo.1569.jpg,Salmonella,224,224,33037,a0e4edf80b5e1a8ca03afc20f307ee08,6236
data/raw/Salmonella/salmo.157.jpg,Salmonella,224,224,41316,70d31fc5425e6b34b349252b161f2e77,6237
data/raw/Salmonella/salmo.1570.jpg,Salmonella,224,224,38415,c92640c186372fd7c68d6e432cb7ea23,6238
data/raw/Salmonella/salmo.1571.jpg,Salmonella,224,224,46591,b32fde9e39223209d188d9fe70e6dbe4,6239
data/raw/Salmonella/salmo.1572.jpg,Salmonella,224,224,29467,3d2a1d7fa707ab5c25444ac76fe33e3b,6240
data/raw/Salmonella/salmo.1573.jpg,Salmonella,224,224,43207,4f9f9c3e5ec61b8203fd28d7ff4f49a7,6241
data/raw/Salmonella/salmo.1574.jpg,Salmonella,224,224,46310,95ec6cb2a64909ca94463542f3b4f496,6242
data/raw/Salmonella/salmo.1575.jpg,Salmonella,224,224,31034,6b2eb652ba862a7fe81a9d129b010392,6243
data/raw/Salmonella/salmo.1576.jpg,Salmonella,224,224,37558,89d9f774d0662dec72be37afb4281b99,6244
data/raw/Salmonella/salmo.1577.jpg,Salmonella,224,224,33738,e241bea1562a67269d7acba706e44c64,6245
data/raw/Salmonella/salmo.1578.jpg,Salmonella,224,224,30123,5f148c561ad8f05aa79b6f28169203ff,6246
data/raw/Salmonella/salmo.1579.jpg,Salmonella,224,224,28093,41679ae1f74a4c3f5b0180d18d10fbf3,6200
data/raw/Salmonella/salmo.158.jpg,Salmonella,224,224,32099,18a671b5c5471235e0a6f4ee3c049dd2,6247
data/raw/Salmonella/salmo.1580.jpg,Salmonella,224,224,47887,f0523924ee5302c3d3ae0c0a20517f1a,6248
data/raw/Salmonella/salmo.1581.jpg,Salmonella,224,224,29263,89b79918f46dc3b8312475087e898f0e,6249
data/raw/Salmonella/salmo.1582.jpg,Salmonella,224,224,52049,0aef89f00e7d735d95a3484383cb4407,6250
data/raw/Salmonella/salmo.1583.jpg,Salmonella,224,224,32437,a4fad9992f772b595abf56d9c15782ff,6251
data/raw/Salmonella/salmo.1584.jpg,Salmonella,224,224,43760,4c1e1ea6d77730e44628d97059adb702,6252
data/raw/Salmonella/salmo.1585.jpg,Salmonella,224,224,20945,2c46f1acf906a30cbed51e6af1766d5e,6253
data/raw/Salmonella/salmo.1586.jpg,Salmonella,224,224,32261,d9b871432c6cc040330ff2733c027d15,6254
data/raw/Salmonella/salmo.1587.jpg,Salmonella,224,224,41576,4ab0c832c8142172d27a15a782ed5086,6255
data/raw/Salmonella/salmo.1588.jpg,Salmonella,224,224,27699,2b41b0e658585a61d2c957e8e46032a8,6256
data/raw/Salmonella/salmo.1589.jpg,Salmonella,224,224,41383,4a294d254b5ee9989432f9ab270edc06,6257
data/raw/Salmonella/salmo.159.jpg,Salmonella,224,224,39834,672b946e18a56a85f903ed756ce9d021,6258
data/raw/Salmonella/salmo.1590.jpg,Salmonella,224,224,23858,aefce94ccc63f31b5903dcd9e18e2b37,6259
data/raw/Salmonella/salmo.1591.jpg,Salmonella,224,224,26191,a2d090701e964193bde36f732cd55a8b,6260
data/raw/Salmonella/salmo.1592.jpg,Salmonella,224,224,56544,51311422c5633fb5bab11a990418e8b0,6261
data/raw/Salmonella/salmo.1593.jpg,Salmonella,224,224,61017,4917c0727a57f256921d4ce30df4c460,6262
data/raw/Salmonella/salmo.1594.jpg,Salmonella,224,224,25654,53ca68145fbc8ef6e88cb68a0a060d9a,6149
data/raw/Salmonella/salmo.1595.jpg,Salmonella,224,224,31180,51a4d6bb5a30eb5fdf17d125b61a6e14,6263
data/raw/Salmonella/salmo.1596.jpg,Salmonella,224,224,18069,087c4f3329f714582a204375f6f94f34,6264
data/raw/Salmonella/salmo.1597.jpg,Salmonella,224,224,35600,b7c545bd1b3c550acd7c05ca35077fa6,6265
data/raw/Salmonella/salmo.1598.jpg,Salmonella,224,224,46250,32d350e910bf8b160296833606e2453d,6266
data/raw/Salmonella/salmo.1599.jpg,Salmonella,224,224,27478,d7ba978fb7abf3b3bcb62d7f9af21621,6188
data/raw/Salmonella/salmo.16.jpg,Salmonella,224,224,29166,fd4c42aa4bbc2310c91c4fbb4107b46e,6267
data/raw/Salmonella/salmo.160.jpg,Salmonella,224,224,42138,2a330ef449687231d094c3aaa0673d34,6268
data/raw/Salmonella/salmo.1600.jpg,Salmonella,224,224,38986,3c6aaf2b53a28d0f84dc829925982632,6269
data/raw/Salmonella/salmo.1601.jpg,Salmonella,224,224,30392,ddc88309ee8670fdd49bec45e466a2ce,6270
data/raw/Salmonella/salmo.1602.jpg,Salmonella,224,224,32779,68dc3f5771dc2f4370489b7d9f1616b4,6271
data/raw/Salmonella/salmo.1603.jpg,Salmonella,224,224,38522,84e12c3082e4fcb1ef1e6d9c11ed5460,6272
data/raw/Salmonella/salmo.1604.jpg,Salmonella,224,224,45675,42fac46e0b9073f6956c04bc8e906c20,6273
data/raw/Salmonella/salmo.1605.jpg,Salmonella,224,224,46656,63965c4150eae21db0a466ad0a8af852,6274
data/raw/Salmonella/salmo.1606.jpg,Salmonella,224,224,38364,3b8b0ad451e08d4f032bff4fb117dff1,6275
data/raw/Salmonella/salmo.1607.jpg,Salmonella,224,224,44094,b59322cd6de7b8c73a32087379c143df,6276
data/raw/Salmonella/salmo.1608.jpg,Salmonella,224,224,39697,d3ba99bee5c9eaf3e8cd53c748c2c02f,6277
data/raw/Salmonella/salmo.1609.jpg,Salmonella,224,224,46810,64a55c18d84d9ca2834775e588f2999c,6278
data/raw/Salmonella/salmo.161.jpg,Salmonella,224,224,43869,e91c18a15489ee886c42fa65a896ad3d,6279
data/raw/Salmonella/salmo.1610.jpg,Salmonella,224,224,41911,f61e88112cc66f5f646b7fdb1b2d0c77,6280
data/raw/Salmonella/salmo.1611.jpg,Salmonella,224,224,34979,2fc0650c03d3baf585fcf9fef34dfbbd,6281
data/raw/Salmonella/salmo.1612.jpg,Salmonella,224,224,44305,f3293b474371f8868ec96a0022911e19,6282
data/raw/Salmonella/salmo.1613.jpg,Salmonella,224,224,39428,476f599aee0eaf43971f96d12eb965e6,6283
data/raw/Salmonella/salmo.1614.jpg,Salmonella,224,224,44101,45180b64d71fe69335b1c715320ba7f7,5808
data/raw/Salmonella/salmo.1615.jpg,Salmonella,224,224,47630,af6019bcf3c4000d6bf4fe5480863cb5,6284
data/raw/Salmonella/salmo.1616.jpg,Salmonella,224,224,40934,e4778b299e6f1d68df171373c061ffd7,6285
data/raw/Salmonella/salmo.1617.jpg,Salmonella,224,224,27957,2c028028af499fbb18e653c55606aca6,6286
data/raw/Salmonella/salmo.1618.jpg,Salmonella,224,224,28738,6ae8d851305f1994946694ad2cb00b96,6287
data/raw/Salmonella/salmo.1619.jpg,Salmonella,224,224,33727,ec3427ca5961afe8ee20d41a9daea95e,6288
data/raw/Salmonella/salmo.162.jpg,Salmonella,224,224,47499,5ad68f371c130671a09f54c2e1676969,6289
data/raw/Salmonella/salmo.1620.jpg,Salmonella,224,224,31049,e551ddee513de33bd0aa068eae41e4d8,6290
data/raw/Salmonella/salmo.1621.jpg,Salmonella,224,224,27132,e0a8d1e8bd3db63a4c655c5f7f0607f8,6291
data/raw/Salmonella/salmo.1622.jpg,Salmonella,224,224,27135,501b537a22b8e137cf7d87e9b562fa9b,6292
data/raw/Salmonella/salmo.1623.jpg,Salmonella,224,224,25972,116b868b5074b6de0cd31827191b83c2,6293
data/raw/Salmonella/salmo.1624.jpg,Salmonella,224,224,44790,6d0c6a672104eac750f8941aad2e0405,5886
data/raw/Salmonella/salmo.1625.jpg,Salmonella,224,224,45735,2c52192baa5ceb2f12759b29d5d04d6d,6294
data/raw/Salmonella/salmo.1626.jpg,Salmonella,224,224,28746,ead17ef549abf99fcc2850308f6f27ff,6295
data/raw/Salmonella/salmo.1627.jpg,Salmonella,224,224,25306,846722b98ec0a4aebe2e9a0e31d4d5f8,6296
data/raw/Salmonella/salmo.1628.jpg,Salmonella,224,224,34219,68aa3dd11aa5e5c542157254aca2fdf9,6297
data/raw/Salmonella/salmo.1629.jpg,Salmonella,224,224,32812,29acc037966731079b2a7e5a92250b8d,6298
data/raw/Salmonella/salmo.163.jpg,Salmonella,224,224,51971,92f93b023b9bf1c03aa93075e341f596,6299
data/raw/Salmonella/salmo.1630.jpg,Salmonella,224,224,48863,35bcbbeb223c21e241b6ea9a814e001c,6300
data/raw/Salmonella/salmo.1631.jpg,Salmonella,224,224,32075,4b40be12e7195329f3b6d81ef65e3093,6301
data/raw/Salmonella/salmo.1632.jpg,Salmonella,224,224,38211,1ec3ada0ea9ecb1103ecca1d8044acce,6302
data/raw/Salmonella/salmo.1633.jpg,Salmonella,224,224,43498,98b3a9f8a815266d3d7f50a21dff4674,6303
data/raw/Salmonella/salmo.1634.jpg,Salmonella,224,224,47284,a5c1092ed98feb5fd9e95d92b72486f0,6304
data/raw/Salmonella/salmo.1635.jpg,Salmonella,224,224,25420,8a95cb73d1fc3f60e978db91d4030284,6305
data/raw/Salmonella/salmo.1636.jpg,Salmonella,224,224,39013,58e2a4e42933840708f2829b29bce2d1,6306
data/raw/Salmonella/salmo.1637.jpg,Salmonella,224,224,32324,79ee29b9a4d793b9bc922cc4b853cea7,6307
data/raw/Salmonella/salmo.1638.jpg,Salmonella,224,224,43084,1a29d83d03623a7cdacba5cb8bc20e4c,6308
data/raw/Salmonella/salmo.1639.jpg,Salmonella,224,224,54155,50b221b0b9618dfc2f93d3b028fe6dd5,6309
data/raw/Salmonella/salmo.164.jpg,Salmonella,224,224,27973,c30dc4e340700ce4b3a13aad13bfebbc,6310
data/raw/Salmonella/salmo.1640.jpg,Salmonella,224,224,37400,e8fdba08b01f279376f7843974f2119c,6311
data/raw/Salmonella/salmo.1641.jpg,Salmonella,224,224,48799,8c020f0a815088ca53edbdf30bd69a5d,6312
data/raw/Salmonella/salmo.1642.jpg,Salmonella,224,224,48488,37e8dbd064143b449856d915018d1b47,6313
data/raw/Salmonella/salmo.1643.jpg,Salmonella,224,224,45303,7dd7675a37e089a5e3ffa6650a1bc82f,6314
data/raw/Salmonella/salmo.1644.jpg,Salmonella,224,224,34111,8d18239a8a9e6ba65ae7b224beaaf2c4,6315
data/raw/Salmonella/salmo.1645.jpg,Salmonella,224,224,27984,80c041d237b2196bbd760eb23e7c8a23,6316
data/raw/Salmonella/salmo.1646.jpg,Salmonella,224,224,32238,6f9042a5e94bc0bce0e5c98d05850650,6317
data/raw/Salmonella/salmo.1647.jpg,Salmonella,224,224,30361,47b8ac2c505c736c00db0c5f83bcd3ba,6318
data/raw/Salmonella/salmo.1648.jpg,Salmonella,224,224,29230,d578a71310b2f868be0f600c85bb9d28,6319
data/raw/Salmonella/salmo.1649.jpg,Salmonella,224,224,28472,6db2b0a6288b99bdaf8c8d32b8c1dfcf,6320
data/raw/Salmonella/salmo.165.jpg,Salmonella,224,224,48143,55b8d81229601ac8994dba4a30fbf3da,6321
data/raw/Salmonella/salmo.1650.jpg,Salmonella,224,224,40909,ff68d0229bbe10b9d3abddbe6fd17f90,6322
data/raw/Salmonella/salmo.1651.jpg,Salmonella,224,224,17315,8b82ab82858c6fa38b5ffb53c59e5682,6323
data/raw/Salmonella/salmo.1652.jpg,Salmonella,224,224,34890,100014e14384fb8598e2301fe1ec2538,6324
data/raw/Salmonella/salmo.1653.jpg,Salmonella,224,224,41202,204caae7fad82f4555516e1cca9dba62,6325
data/raw/Salmonella/salmo.1654.jpg,Salmonella,224,224,42982,e1ad2e5a3d4226b1190a84c1d5679deb,6326
data/raw/Salmonella/salmo.1655.jpg,Salmonella,224,224,44673,5244997bc5eaf3d0517b391228dee430,6327
data/raw/Salmonella/salmo.1656.jpg,Salmonella,224,224,46604,6352eb911d69b3ea7106214c04e9c589,6328
data/raw/Salmonella/salmo.1657.jpg,Salmonella,224,224,28340,315b42091813b7045c986d7f9642581b,6329
data/raw/Salmonella/salmo.1658.jpg,Salmonella,224,224,26283,64ddb8718b6333d2fc9cc5f5da1d04bc,6330
data/raw/Salmonella/salmo.1659.jpg,Salmonella,224,224,31131,443a15feb06e375fafaad8317c85c5e5,6331
data/raw/Salmonella/salmo.166.jpg,Salmonella,224,224,33324,192de0ae05cbd3f0ac05db580e73ee28,6122
data/raw/Salmonella/salmo.1660.jpg,Salmonella,224,224,43880,51a04faf9137f5b51aea0009d1988927,6332
data/raw/Salmonella/salmo.1661.jpg,Salmonella,224,224,37152,50a81453ed62350be44f77ed17b60901,6333
data/raw/Salmonella/salmo.1662.jpg,Salmonella,224,224,33470,fb1b9aa77b2122651f227bbd109e801d,6334
data/raw/Salmonella/salmo.1663.jpg,Salmonella,224,224,40180,f0ab8d2151eb48bbe07f003dd1705fb5,6335
data/raw/Salmonella/salmo.1664.jpg,Salmonella,224,224,42754,85d8556f25da3628fb62d3204f8ed2c4,6336
data/raw/Salmonella/salmo.1665.jpg,Salmonella,224,224,41933,87cb795c99a482441d3e888ac2f46e73,6337
data/raw/Salmonella/salmo.1666.jpg,Salmonella,224,224,26912,7272b08aabfdf08cc0e0987163e319b0,6338
data/raw/Salmonella/salmo.1667.jpg,Salmonella,224,224,21740,a07cea6b8292beea3ba8ab5ce815fc89,6339
data/raw/Salmonella/salmo.1668.jpg,Salmonella,224,224,42416,7e893e960ccb6ec5b956e842e2367f40,6340
data/raw/Salmonella/salmo.1669.jpg,Salmonella,224,224,44632,3394c3dac7b76dc302e544c355eacf56,6341
data/raw/Salmonella/salmo.167.jpg,Salmonella,224,224,42972,eccaf5d458a71c282f4c563b0dccbd70,6342
data/raw/Salmonella/salmo.1670.jpg,Salmonella,224,224,44730,004428ae3b4db27c7a2afa2f5a566336,6343
data/raw/Salmonella/salmo.1671.jpg,Salmonella,224,224,25519,98230e36ced4b1bf13f6bb4bb0e99839,6344
data/raw/Salmonella/salmo.1672.jpg,Salmonella,224,224,42095,440172230a7c3415747fe734e7ac66cc,6345
data/raw/Salmonella/salmo.1673.jpg,Salmonella,224,224,26703,cf054ce58d201a3a9163fd54f5cc37c6,6201
data/raw/Salmonella/salmo.1674.jpg,Salmonella,224,224,32785,611962e03c275f6d03a15e882f6ddc0c,6346
data/raw/Salmonella/salmo.1675.jpg,Salmonella,224,224,38161,141360bbbc3447fa5aadb9b3ea1f63ce,6347
data/raw/Salmonella/salmo.1676.jpg,Salmonella,224,224,34591,17b0d22742618eb561d279883601b7fe,6348
data/raw/Salmonella/salmo.1677.jpg,Salmonella,224,224,38029,409b898ed8729fc8270ebf6a7cbe74ee,6349
data/raw/Salmonella/salmo.1678.jpg,Salmonella,224,224,21342,e33ba207ba1cde2124a2b201930908b7,6350
data/raw/Salmonella/salmo.1679.jpg,Salmonella,224,224,52985,d8df96debb590b7bd844b876e9d7af1a,6351
data/raw/Salmonella/salmo.168.jpg,Salmonella,224,224,55152,cf96bdab6d851f062bb2c6da11359673,6352
data/raw/Salmonella/salmo.1680.jpg,Salmonella,224,224,42641,e7aaacee4cb95531e387df1a11b17434,6353
data/raw/Salmonella/salmo.1681.jpg,Salmonella,224,224,40400,3772bb7c657593328beb1b0264c6386e,6354
data/raw/Salmonella/salmo.1682.jpg,Salmonella,224,224,38450,796b2aa4f9e90cdcc0c16ca3805143a8,6355
data/raw/Salmonella/salmo.1683.jpg,Salmonella,224,224,28381,98889a64144d972167bc31d21b408312,6356
data/raw/Salmonella/salmo.1684.jpg,Salmonella,224,224,39022,458e816b3ee40b7fa1eb6278e0a62bc1,6057
data/raw/Salmonella/salmo.1685.jpg,Salmonella,224,224,34887,9f9d1e0399bcc8b506636cc35c1cab4b,6357
data/raw/Salmonella/salmo.1686.jpg,Salmonella,224,224,50616,ea14b620a5eaba26b7521e4dd8a8c829,6358
data/raw/Salmonella/salmo.1687.jpg,Salmonella,224,224,45131,604d4d0715d1ace2a0948c1fa615cc3e,6359
data/raw/Salmonella/salmo.1688.jpg,Salmonella,224,224,30617,e98553e2bc6a70c45dd8e8f63a293151,6360
data/raw/Salmonella/salmo.1689.jpg,Salmonella,224,224,36608,e57ab4c53913a23eb638d9aa5d68fccc,6361
data/raw/Salmonella/salmo.169.jpg,Salmonella,224,224,36622,a2dd0d8002b54d40c64f4ecb3eb05f51,6362
data/raw/Salmonella/salmo.1690.jpg,Salmonella,224,224,40794,ad276cbc844b39600d2db8e21e836e62,6363
data/raw/Salmonella/salmo.1691.jpg,Salmonella,224,224,58568,c67cf8ba6095aa67efb7474219a62d67,6364
data/raw/Salmonella/salmo.1692.jpg,Salmonella,224,224,30180,4c8fcfe36cccfc6d2ace17f905f5840a,6365
data/raw/Salmonella/salmo.1693.jpg,Salmonella,224,224,49268,9d0bb8fd6bdd9ee7bfd57c98dddd70b4,6186
data/raw/Salmonella/salmo.1694.jpg,Salmonella,224,224,34073,b4392b51d57df492154ebed1fd657b13,6162
data/raw/Salmonella/salmo.1695.jpg,Salmonella,224,224,42531,5263bf9e0e26195a388e5830e733d56a,5868
data/raw/Salmonella/salmo.1696.jpg,Salmonella,224,224,40485,6b542eb413644065266507c6ac97c1fa,6366
data/raw/Salmonella/salmo.1697.jpg,Salmonella,224,224,39542,7b2410b6310088fc87e434c158450f4d,5709
data/raw/Salmonella/salmo.1698.jpg,Salmonella,224,224,48972,d254796dd7d0e48af078e9e25dc11fae,6367
data/raw/Salmonella/salmo.1699.jpg,Salmonella,224,224,34736,b8d7c19e65fa27176190526aaa45f589,6368
data/raw/Salmonella/salmo.17.jpg,Salmonella,224,224,42589,718561abf7af0039d2fd1c3a0f864bc5,6369
data/raw/Salmonella/salmo.170.jpg,Salmonella,224,224,38075,2213c9e6da467112e6a82edd07607f23,6370
data/raw/Salmonella/salmo.1700.jpg,Salmonella,224,224,41637,092b90ba751fdb2f2b696f8ed391d045,6371
data/raw/Salmonella/salmo.1701.jpg,Salmonella,224,224,27106,f7a86609d8ca91b194c392a2dd7f21a2,6372
data/raw/Salmonella/salmo.1702.jpg,Salmonella,224,224,43409,9b52441abb3a191c9cd68b0b2f94bf79,6373
data/raw/Salmonella/salmo.1703.jpg,Salmonella,224,224,23087,ef83c5408b572df80df80cc0eec63a61,6374
data/raw/Salmonella/salmo.1704.jpg,Salmonella,224,224,37825,29223d6693654f58df82f1f6491be97f,5846
data/raw/Salmonella/salmo.1705.jpg,Salmonella,224,224,38364,ef4524426133a4e4d2d036f68f24c18e,6375
data/raw/Salmonella/salmo.1706.jpg,Salmonella,224,224,19857,374b7f506e67cff2dce8166c39249ae4,6376
data/raw/Salmonella/salmo.1707.jpg,Salmonella,224,224,32748,f84f2215a70e4c29f8a8ce7fb18ac11b,6377
data/raw/Salmonella/salmo.1708.jpg,Salmonella,224,224,37687,a897b7b4b865b7dbe197d4f27c6a9719,6378
data/raw/Salmonella/salmo.1709.jpg,Salmonella,224,224,39928,0c3ed4f5e2dcbb7b9d5420187ee0c01b,6379
data/raw/Salmonella/salmo.171.jpg,Salmonella,224,224,38380,8e3189ab1290b0c0d6d7ebb172d4ae50,6380
data/raw/Salmonella/salmo.1710.jpg,Salmonella,224,224,39293,a4175b58aa409c868e2ee663e96db50f,5810
data/raw/Salmonella/salmo.1711.jpg,Salmonella,224,224,41680,063fbe8b465524727e84dbd62d72b994,6381
data/raw/Salmonella/salmo.1712.jpg,Salmonella,224,224,62246,f228a49103903b6f873e328aae2f3a55,6382
data/raw/Salmonella/salmo.1713.jpg,Salmonella,224,224,34278,efe2d76dc713092e5e76c4f98b12154e,6383
data/raw/Salmonella/salmo.1714.jpg,Salmonella,224,224,39874,924faca64094762a80b90259857d0547,5977
data/raw/Salmonella/salmo.1715.jpg,Salmonella,224,224,45045,4c94a15b6c148a56baa1c024291262c8,6384
data/raw/Salmonella/salmo.1716.jpg,Salmonella,224,224,34126,bbf0eb131ed9a043a565a59b0ce898a3,6385
data/raw/Salmonella/salmo.1717.jpg,Salmonella,224,224,29168,d5984a7daee25e7f5d62e82742cf940e,6386
data/raw/Salmonella/salmo.1718.jpg,Salmonella,224,224,26560,1d462c782ce4e197058b1cd54bf16d52,6387
data/raw/Salmonella/salmo.1719.jpg,Salmonella,224,224,46360,2bddeba3671d50dfc76a3b8b76e201c4,6388
data/raw/Salmonella/salmo.172.jpg,Salmonella,224,224,28991,ad121b8d8b8df53dd31d8e405e0e2cfd,6389
data/raw/Salmonella/salmo.1720.jpg,Salmonella,224,224,33920,727c8cd53f9169eac346aac2dee41461,6390
data/raw/Salmonella/salmo.1721.jpg,Salmonella,224,224,33966,a84772a982ef7663387fb3d214320c11,6391
data/raw/Salmonella/salmo.1722.jpg,Salmonella,224,224,31094,fbacb3351554c7c8e51805a0d92ea27e,6392
data/raw/Salmonella/salmo.1723.jpg,Salmonella,224,224,29085,490509cf1031c5daeb1f05186ad38cbc,6393
data/raw/Salmonella/salmo.1724.jpg,Salmonella,224,224,25559,74793ce0556696966447654219465183,6394
data/raw/Salmonella/salmo.1725.jpg,Salmonella,224,224,39106,c1b27e99921036a058fdb47ffbe76e84,6395
data/raw/Salmonella/salmo.1726.jpg,Salmonella,224,224,27972,c5345604ff4610a698ecec7b5da74f6b,6396
data/raw/Salmonella/salmo.1727.jpg,Salmonella,224,224,28490,85e71ae8a1cfe31e83234b58e4212aa3,6397
data/raw/Salmonella/salmo.1728.jpg,Salmonella,224,224,34655,e35a4ec00af479a5b0edcd06bff64e38,6398
data/raw/Salmonella/salmo.1729.jpg,Salmonella,224,224,26578,629172df9f5ec51d1c13e041532f21c8,6399
data/raw/Salmonella/salmo.173.jpg,Salmonella,224,224,20843,7c7944a09e81182569e66a12dc9f3e95,6400
data/raw/Salmonella/salmo.1730.jpg,Salmonella,224,224,29339,b0138b80843da972b5b76f08e7c37f20,6401
data/raw/Salmonella/salmo.1731.jpg,Salmonella,224,224,32227,dfd9dbb16ec51855fe257ae29a544bde,6402
data/raw/Salmonella/salmo.1732.jpg,Salmonella,224,224,31817,87c2e9969b926679e6824460305746e9,6403
data/raw/Salmonella/salmo.1733.jpg,Salmonella,224,224,40073,0aef98b211e857c7bc54abd661c45911,6404
data/raw/Salmonella/salmo.1734.jpg,Salmonella,224,224,47361,d9ff180dbff591e8d7bab7a8eed5251e,5796
data/raw/Salmonella/salmo.1735.jpg,Salmonella,224,224,29086,e4c5487d6df95dab71f2c3b0c609f6e8,6218
data/raw/Salmonella/salmo.1736.jpg,Salmonella,224,224,45953,bac5d69874749f9df42961991b480c30,5867
data/raw/Salmonella/salmo.1737.jpg,Salmonella,224,224,32030,1283068d3fbd4eb0b292b3da27f6af17,6405
data/raw/Salmonella/salmo.1738.jpg,Salmonella,224,224,40089,c147c1d2f3083c15b3df36658b7fe989,6406
data/raw/Salmonella/salmo.1739.jpg,Salmonella,224,224,36597,5e81597d252a0345ab5b569a15cf8459,6407
data/raw/Salmonella/salmo.174.jpg,Salmonella,224,224,41508,35670b76ef665d121ceaf5b5ed7cd1a5,6408
data/raw/Salmonella/salmo.1740.jpg,Salmonella,224,224,33815,958977948cf212340fbf6a210fa6d25b,6409
data/raw/Salmonella/salmo.1741.jpg,Salmonella,224,224,29370,ea701ee96a6ee00a8898d6759ad569ea,6410
data/raw/Salmonella/salmo.1742.jpg,Salmonella,224,224,23548,993ff15ec21b21d28fce3f9b851dd060,6411
data/raw/Salmonella/salmo.1743.jpg,Salmonella,224,224,43941,0e2325c5edf74998723cfe053e91bac2,6412
data/raw/Salmonella/salmo.1744.jpg,Salmonella,224,224,41055,47bd66115e5b9a736c2b3f507edd4fdc,6413
data/raw/Salmonella/salmo.1745.jpg,Salmonella,224,224,42228,a429e75a8b7242c0708bed398efb1fc5,6414
data/raw/Salmonella/salmo.1746.jpg,Salmonella,224,224,25853,0108d21f0d90dfdce11f3a80b34a7d25,6415
data/raw/Salmonella/salmo.1747.jpg,Salmonella,224,224,37845,130cae64770a24ecdadc53eae0ff7dcb,6416
data/raw/Salmonella/salmo.1748.jpg,Salmonella,224,224,33570,c1f24051750703eaebb223862a54f02c,6417
data/raw/Salmonella/salmo.1749.jpg,Salmonella,224,224,33508,03f78c4a838d77ca24b90ee8f3fc80c3,6418
data/raw/Salmonella/salmo.175.jpg,Salmonella,224,224,25924,b1f2247bd90aee2041698152561cd568,6419
data/raw/Salmonella/salmo.1750.jpg,Salmonella,224,224,54949,c1dd01ad9f53944fa78187a258df647b,6420
data/raw/Salmonella/salmo.1751.jpg,Salmonella,224,224,44715,a31aa63ff47f8c08f6a8e5a111753b03,6421
data/raw/Salmonella/salmo.1752.jpg,Salmonella,224,224,44587,ca898b7bf897a11ef0132641e81b45a7,6422
data/raw/Salmonella/salmo.1753.jpg,Salmonella,224,224,38717,f00b5ff9a70898c560dba2deef7bca81,6423
data/raw/Salmonella/salmo.1754.jpg,Salmonella,224,224,47061,3b82ddce8d4f6e0d84f64729e867a3de,6424
data/raw/Salmonella/salmo.1755.jpg,Salmonella,224,224,25932,660d7e71e84f7d034ba55c53cb1451cd,6115
data/raw/Salmonella/salmo.1756.jpg,Salmonella,224,224,26762,e56ec05a9e1b20237121352bdc64b959,6425
data/raw/Salmonella/salmo.1757.jpg,Salmonella,224,224,32295,ed7395a2bc2b6f8ba8eaab8f694823d9,6426
data/raw/Salmonella/salmo.1758.jpg,Salmonella,224,224,45483,1e9fcfc02390895ce8402a99b7b4b892,6427
data/raw/Salmonella/salmo.1759.jpg,Salmonella,224,224,41606,3d4e09c3a81d03ba9a721baf967bfe9d,6428
data/raw/Salmonella/salmo.176.jpg,Salmonella,224,224,36344,2d1b8eb0d6de6e7a9755964597e9793c,6206
data/raw/Salmonella/salmo.1760.jpg,Salmonella,224,224,30148,8e3b677d29f64bbe9a68c41d497b3598,6429
data/raw/Salmonella/salmo.1761.jpg,Salmonella,224,224,33721,fa1f3ac2430a9c5b005a1b3371c99fa4,6430
data/raw/Salmonella/salmo.1762.jpg,Salmonella,224,224,35399,716fffacb55b3320f9e932a3ff3b10e9,6431
data/raw/Salmonella/salmo.1763.jpg,Salmonella,224,224,25079,d95e678b97385c400c03570f9892910a,6432
data/raw/Salmonella/salmo.1764.jpg,Salmonella,224,224,41689,80f1efb5dca33ee8b97c7fdf8bede835,6433
data/raw/Salmonella/salmo.1765.jpg,Salmonella,224,224,36932,8545bbd6d914fd50a28b0b31c2c98e75,6434
data/raw/Salmonella/salmo.1766.jpg,Salmonella,224,224,27250,cf07d3c83cdc3cb6160d96a8bb771726,6435
data/raw/Salmonella/salmo.1767.jpg,Salmonella,224,224,35672,1d7bd9d933db4865244a1aeabdc8776d,6436
data/raw/Salmonella/salmo.1768.jpg,Salmonella,224,224,33624,a9a6783d55325a633f39418df62ab428,6437
data/raw/Salmonella/salmo.1769.jpg,Salmonella,224,224,30271,34df12a844f19ba814569269d55e11a1,6438
data/raw/Salmonella/salmo.177.jpg,Salmonella,224,224,24561,d2152de50ff1e3ace646fc3e0a6b9c39,6439
data/raw/Salmonella/salmo.1770.jpg,Salmonella,224,224,45063,e02d9c0d8109973c7a0b7c685720b87d,6440
data/raw/Salmonella/salmo.1771.jpg,Salmonella,224,224,38386,726745fba64861c856092ebaa85d9e35,6441
data/raw/Salmonella/salmo.1772.jpg,Salmonella,224,224,36136,29a0ce7fbdf5fa715a76ef8b8a808b14,6442
data/raw/Salmonella/salmo.1773.jpg,Salmonella,224,224,44442,72f89cf5bd9ee7852ad3c64e93079554,6443
data/raw/Salmonella/salmo.1774.jpg,Salmonella,224,224,38205,d63be3f2e631a0518e5a87f4b435049e,6444
data/raw/Salmonella/salmo.1775.jpg,Salmonella,224,224,32261,5991dbc5c75aa8074b07d6c665b04018,6445
data/raw/Salmonella/salmo.1776.jpg,Salmonella,224,224,41955,861fe8c9037805e83ba117912b180eaa,6446
data/raw/Salmonella/salmo.1777.jpg,Salmonella,224,224,35103,5ff172846f7a56b1f2545bed22876f43,6447
data/raw/Salmonella/salmo.1778.jpg,Salmonella,224,224,28879,555ca7c40064f195c9257eda3e3d5e3d,6448
data/raw/Salmonella/salmo.1779.jpg,Salmonella,224,224,41045,7989681f84cb8a0e272de4c50cb5f795,6449
data/raw/Salmonella/salmo.178.jpg,Salmonella,224,224,37400,8da369f7a941c4072ee7470bcb5a5684,6450
data/raw/Salmonella/salmo.1780.jpg,Salmonella,224,224,43923,8c1f4ac9f38b134da7da5b0d8029e500,5722
data/raw/Salmonella/salmo.1781.jpg,Salmonella,224,224,36650,6c698feefdc7881cb8db6d9cf4601d9e,6451
data/raw/Salmonella/salmo.1782.jpg,Salmonella,224,224,24904,372201e15ef81b3f0fbf273d39cbcb42,6452
data/raw/Salmonella/salmo.1783.jpg,Salmonella,224,224,38688,9a282742ad0a6fa890e9d3771728a23b,6453
data/raw/Salmonella/salmo.1784.jpg,Salmonella,224,224,28364,0b9fe4fdd1acba8b0e4b24e8cafd1499,5787
data/raw/Salmonella/salmo.1785.jpg,Salmonella,224,224,37520,0201f67983e4becdcc2637ab5dc631f9,6454
data/raw/Salmonella/salmo.1786.jpg,Salmonella,224,224,46734,05fcb06f951cd7d85f0dc08714ab189e,6455
data/raw/Salmonella/salmo.1787.jpg,Salmonella,224,224,30484,c3a0f17273f3541e2f5a32d542161b47,6456
data/raw/Salmonella/salmo.1788.jpg,Salmonella,224,224,46775,53e91f61e310ce71d7cab0d5e296fefa,5703
data/raw/Salmonella/salmo.1789.jpg,Salmonella,224,224,39147,7eee34f4580361aa0895a0f5dcb07f12,6457
data/raw/Salmonella/salmo.179.jpg,Salmonella,224,224,36698,16bddbe4386682924610ddbf4491a3c9,6458
data/raw/Salmonella/salmo.1790.jpg,Salmonella,224,224,26249,e01812788dcd31c02af171db8fd75341,6459
data/raw/Salmonella/salmo.1791.jpg,Salmonella,224,224,26323,61877fe22cc80e8fd7d5f06352a8f26c,6460
data/raw/Salmonella/salmo.1792.jpg,Salmonella,224,224,29116,8687a1919978eed6f6a74e7588e5ced9,6461
data/raw/Salmonella/salmo.1793.jpg,Salmonella,224,224,55966,694488cd0785cbefda329bd50a4c99d1,6462
data/raw/Salmonella/salmo.1794.jpg,Salmonella,224,224,40718,f8eafac9f8180b09f3f96cf7320936c8,6463
data/raw/Salmonella/salmo.1795.jpg,Salmonella,224,224,34964,a739f2d9e9205742ab10992ce52f535c,6464
data/raw/Salmonella/salmo.1796.jpg,Salmonella,224,224,37630,4455b7da0f88b5913452651378729a3b,6465
data/raw/Salmonella/salmo.1797.jpg,Salmonella,224,224,33530,aee8f57611af9107554b2fd55e08b20a,6466
data/raw/Salmonella/salmo.1798.jpg,Salmonella,224,224,40302,23033530381dddb1fbdbdff5824d037d,6467
data/raw/Salmonella/salmo.1799.jpg,Salmonella,224,224,23267,6b9d71fe3e1f0d38e2e3ffd1427aa6fd,6468
data/raw/Salmonella/salmo.18.jpg,Salmonella,224,224,47431,d21fe71fc3a56d27b127601031597882,6469
data/raw/Salmonella/salmo.180.jpg,Salmonella,224,224,25773,8e7dba3fbb43ced5a05bfbbfd830b6fd,6470
data/raw/Salmonella/salmo.1800.jpg,Salmonella,224,224,29156,ec0ffca4ef8c277e9c84befa4f1a292a,5735
data/raw/Salmonella/salmo.1801.jpg,Salmonella,224,224,25033,fe0f33a1573c81479d47b307d39a4df6,6471
data/raw/Salmonella/salmo.1802.jpg,Salmonella,224,224,40265,d790e1c44722665a03ed65d3503f7b8b,6472
data/raw/Salmonella/salmo.1803.jpg,Salmonella,224,224,39093,8632ed5aed24194076fa594ad3655357,6473
data/raw/Salmonella/salmo.1804.jpg,Salmonella,224,224,43769,b8151c4be60a4b25650946641937bc35,6474
data/raw/Salmonella/salmo.1805.jpg,Salmonella,224,224,47961,d16188e84c502f2d82db04b04d5e3a67,6475
data/raw/Salmonella/salmo.1806.jpg,Salmonella,224,224,28903,b4269a319688ec07103fd824cfcbd5ae,6476
data/raw/Salmonella/salmo.1807.jpg,Salmonella,224,224,47033,743e648d4bdc578874c4e17f3d2c8fc1,6477
data/raw/Salmonella/salmo.1808.jpg,Salmonella,224,224,26391,e09a27d039c673445012cdcf16a935e5,6478
data/raw/Salmonella/salmo.1809.jpg,Salmonella,224,224,44131,c40a404d6161459f49506345ab86f914,6479
data/raw/Salmonella/salmo.181.jpg,Salmonella,224,224,43357,432857635b3667615e096cafa5b4dc90,6480
data/raw/Salmonella/salmo.1810.jpg,Salmonella,224,224,42043,a2ddf15116e4e60552e9e58c925967e0,6481
data/raw/Salmonella/salmo.1811.jpg,Salmonella,224,224,31671,990f478e7855ec7ead0a4e1f2e77a75e,6482
data/raw/Salmonella/salmo.1812.jpg,Salmonella,224,224,43220,bb9c67d97e9b8529ce2f9bab1cdf53cb,6483
data/raw/Salmonella/salmo.1813.jpg,Salmonella,224,224,44777,3a939a3a3a3557e87b52b5083ff5cae3,6484
data/raw/Salmonella/salmo.1814.jpg,Salmonella,224,224,35977,2813540171498faa562ff86440af42c6,6485
data/raw/Salmonella/salmo.1815.jpg,Salmonella,224,224,34902,359f246aa1e7ba51774cbfbe1045d4e3,6486
data/raw/Salmonella/salmo.1816.jpg,Salmonella,224,224,23682,927121f225850630669d5d78ad714b41,6487
data/raw/Salmonella/salmo.1817.jpg,Salmonella,224,224,32818,99b8ec03da64f945a0366c6639de6b46,6488
data/raw/Salmonella/salmo.1818.jpg,Salmonella,224,224,35420,c8f00b5ac8e89506847d3300338d5caa,6489
data/raw/Salmonella/salmo.1819.jpg,Salmonella,224,224,30496,015776ab7c9256a10a16b04c9213376a,6490
data/raw/Salmonella/salmo.182.jpg,Salmonella,224,224,33771,f2d3bbe393c0182c3da44f7a566b3e28,6491
data/raw/Salmonella/salmo.1820.jpg,Salmonella,224,224,42699,04cc6469478195f89d4d20f65d865b20,6492
data/raw/Salmonella/salmo.1821.jpg,Salmonella,224,224,24278,39d9629c120775f4d3dd819edb39c36b,6493
data/raw/Salmonella/salmo.1822.jpg,Salmonella,224,224,44052,731c2f2349bd618dda32475db7d1628b,6494
data/raw/Salmonella/salmo.1823.jpg,Salmonella,224,224,29976,696385953ed126c11288196317bd46aa,6495
data/raw/Salmonella/salmo.1824.jpg,Salmonella,224,224,42537,a9293695b32e4a6faa07e54c9ee48379,6496
data/raw/Salmonella/salmo.1825.jpg,Salmonella,224,224,31211,a6c5df0dc1e8e1620daacdd3444a00b7,6497
data/raw/Salmonella/salmo.1826.jpg,Salmonella,224,224,36771,6a83a2fb05f95b4d4771ed8c9da5ead2,6498
data/raw/Salmonella/salmo.1827.jpg,Salmonella,224,224,46819,68209718b6da889a5883165f4d2942a2,6499
data/raw/Salmonella/salmo.1828.jpg,Salmonella,224,224,42959,cc55f5ba56cb9d6498521af1624d4b83,6500
data/raw/Salmonella/salmo.1829.jpg,Salmonella,224,224,24329,d545958722620fed44b1a4cee023cd34,6501
data/raw/Salmonella/salmo.183.jpg,Salmonella,224,224,39744,eb68267bfee49ecffb26171acd2a425b,6502
data/raw/Salmonella/salmo.1830.jpg,Salmonella,224,224,30871,22257b26fcac7f410acbcfcf4df78f4d,6503
data/raw/Salmonella/salmo.1831.jpg,Salmonella,224,224,38686,66d3e2b38459b9df5366c88dd0bc4ad4,6504
data/raw/Salmonella/salmo.1832.jpg,Salmonella,224,224,42596,ee18842ddf12317ae37ac9f661bda0b2,6505
data/raw/Salmonella/salmo.1833.jpg,Salmonella,224,224,37076,1d84eba4bd6ba384e40028f85b38c23c,6506
data/raw/Salmonella/salmo.1834.jpg,Salmonella,224,224,32839,9bf970b74b92b78cfb87a3173381940a,6507
data/raw/Salmonella/salmo.1835.jpg,Salmonella,224,224,37840,5555dfdae4b56a5e05f3395f02620186,6508
data/raw/Salmonella/salmo.1836.jpg,Salmonella,224,224,44644,bf8e20b5b21c340fe814ac8301e5be16,6509
data/raw/Salmonella/salmo.1837.jpg,Salmonella,224,224,34659,39ba83630d13f916c793661fe61d7538,6510
data/raw/Salmonella/salmo.1838.jpg,Salmonella,224,224,42128,32c4b0098f8976308528f680040f46b4,6511
data/raw/Salmonella/salmo.1839.jpg,Salmonella,224,224,20152,71eb5f3cedab132d0bf5278af72120c1,6512
data/raw/Salmonella/salmo.184.jpg,Salmonella,224,224,47077,221ce999e9b83688589d59e5a5f1a17d,6513
data/raw/Salmonella/salmo.1840.jpg,Salmonella,224,224,46460,83c52d3bf2d68ed29f4bcf4f8fe03806,6514
data/raw/Salmonella/salmo.1841.jpg,Salmonella,224,224,33182,f90e38b2cedeb7bcf29461bf8721e695,6515
data/raw/Salmonella/salmo.1842.jpg,Salmonella,224,224,47268,97e2aa67552be828dae7bfcc485ef014,6516
data/raw/Salmonella/salmo.1843.jpg,Salmonella,224,224,35714,2467ff37a8422037a06de43c04a91412,6517
data/raw/Salmonella/salmo.1844.jpg,Salmonella,224,224,32301,aac1861ec2997385d91a485335f9a579,6518
data/raw/Salmonella/salmo.1845.jpg,Salmonella,224,224,39335,e3dae57daf48c00f05e25ba6d545674c,6519
data/raw/Salmonella/salmo.1846.jpg,Salmonella,224,224,42594,7d87544da35ae7b9ba53adf19d1eff29,6520
data/raw/Salmonella/salmo.1847.jpg,Salmonella,224,224,35455,ab62e37ec0837ae137a206bb5faacc3c,6521
data/raw/Salmonella/salmo.1848.jpg,Salmonella,224,224,44720,facc06e1996cd652ed823062435a5ee5,6522
data/raw/Salmonella/salmo.1849.jpg,Salmonella,224,224,43083,97ccd515fb7b9585ad23fcada281c6f4,6523
data/raw/Salmonella/salmo.185.jpg,Salmonella,224,224,47250,ddd5c735da80362107775f15831232a6,6524
data/raw/Salmonella/salmo.1850.jpg,Salmonella,224,224,35477,cd0b353626f8a5ac751263c58d0c512e,6525
data/raw/Salmonella/salmo.1851.jpg,Salmonella,224,224,28395,92a8df95601008d7f2c12a1cc08ea0ee,6526
data/raw/Salmonella/salmo.1852.jpg,Salmonella,224,224,43106,b08470e7b9dc97543cfe21d0d0ffb24a,6527
data/raw/Salmonella/salmo.1853.jpg,Salmonella,224,224,31810,3981a535156f0d151d0aa87afdab6cd3,6528
data/raw/Salmonella/salmo.1854.jpg,Salmonella,224,224,30380,6bc63f8fee928c8f09e19e65b2861b99,6529
data/raw/Salmonella/salmo.1855.jpg,Salmonella,224,224,28924,028e40dc4d047362041cb93427609583,6530
data/raw/Salmonella/salmo.1856.jpg,Salmonella,224,224,35394,8f7b7f0a4251415e21c6488ed4603d6b,6531
data/raw/Salmonella/salmo.1857.jpg,Salmonella,224,224,43928,2db37797ce15a355887453a540b71c52,6532
data/raw/Salmonella/salmo.1858.jpg,Salmonella,224,224,31102,5c53bb4313b60bed2db4e766e4e28d23,6533
data/raw/Salmonella/salmo.1859.jpg,Salmonella,224,224,28357,024b7d32a09ff20b2005afdd099bf35c,6534
data/raw/Salmonella/salmo.186.jpg,Salmonella,224,224,27282,96075d7e0cb544501d3ad35184c0601a,6535
data/raw/Salmonella/salmo.1860.jpg,Salmonella,224,224,30166,5f8351d0bc4b3277f933eaff7fb1d480,6536
data/raw/Salmonella/salmo.1861.jpg,Salmonella,224,224,43225,a019632097ae55a60d2ce988138244f1,5905
data/raw/Salmonella/salmo.1862.jpg,Salmonella,224,224,32287,ec15fca43154951ef67387116d20937d,6537
data/raw/Salmonella/salmo.1863.jpg,Salmonella,224,224,24276,f67f21856de00d101451a30db768a333,6538
data/raw/Salmonella/salmo.1864.jpg,Salmonella,224,224,34869,b4cd15de1e59ab436bc814b36380463a,6539
data/raw/Salmonella/salmo.1865.jpg,Salmonella,224,224,43293,046fad95fc4d5600903dd4c63a1a21ff,6540
data/raw/Salmonella/salmo.1866.jpg,Salmonella,224,224,24271,99e95da49f76c60abbb7310f28ad7bba,6541
data/raw/Salmonella/salmo.1867.jpg,Salmonella,224,224,47894,459f0a12408a6860bab4fa959b15bca7,6542
data/raw/Salmonella/salmo.1868.jpg,Salmonella,224,224,29254,2ba63e15602abd813715ef03ec29168f,6543
data/raw/Salmonella/salmo.1869.jpg,Salmonella,224,224,22479,93354972035e877d781cdee518ecc563,6544
data/raw/Salmonella/salmo.187.jpg,Salmonella,224,224,63513,113f70e65e74859839bbc0f0d88747c5,6545
data/raw/Salmonella/salmo.1870.jpg,Salmonella,224,224,39766,00c8fd600db0f20765f0b58aef452728,6546
data/raw/Salmonella/salmo.1871.jpg,Salmonella,224,224,45638,375630fa59829182862da1499f56b060,6547
data/raw/Salmonella/salmo.1872.jpg,Salmonella,224,224,28745,8a5776f85d860cb44535737a1ba49865,6548
data/raw/Salmonella/salmo.1873.jpg,Salmonella,224,224,26261,346e124feeac376e3bab66273a856625,6549
data/raw/Salmonella/salmo.1874.jpg,Salmonella,224,224,40084,af9c9b5cd7ad3767817cd5cfa3650c89,6550
data/raw/Salmonella/salmo.1875.jpg,Salmonella,224,224,29215,347bd37d82712f4a9f04fda7964e9f89,6551
data/raw/Salmonella/salmo.1876.jpg,Salmonella,224,224,36643,e8300359ff2607530ece8e4fa19af15b,6552
data/raw/Salmonella/salmo.1877.jpg,Salmonella,224,224,25625,7c240c5c7294ea19dbf214d5dc55dc36,6553
data/raw/Salmonella/salmo.1878.jpg,Salmonella,224,224,54814,a5be2f2cc0ed864b0df0b18cb7126d55,6554
data/raw/Salmonella/salmo.1879.jpg,Salmonella,224,224,33677,d20ae5f0027c68cb01024f18b4558317,6555
data/raw/Salmonella/salmo.188.jpg,Salmonella,224,224,40747,c9ebd56b0e8ea31812de81f1a9b23357,6556
data/raw/Salmonella/salmo.1880.jpg,Salmonella,224,224,35288,c92076227b984a939d6f30c2a774daf3,6557
data/raw/Salmonella/salmo.1881.jpg,Salmonella,224,224,29826,17f5905386703b912653721f58dc27b3,6558
data/raw/Salmonella/salmo.1882.jpg,Salmonella,224,224,43494,fdb94a5832179372e8eba67e363c9ccd,6559
data/raw/Salmonella/salmo.1883.jpg,Salmonella,224,224,19047,58d8f04b03f17f4c9b1abcf3b240a734,6560
data/raw/Salmonella/salmo.1884.jpg,Salmonella,224,224,21292,5d74b17a5088127843f2af74c74bcf14,6561
data/raw/Salmonella/salmo.1885.jpg,Salmonella,224,224,37173,038d876c9eac9a73817039cf9520338a,6562
data/raw/Salmonella/salmo.1886.jpg,Salmonella,224,224,24936,816b93172431538f08f17855c5c67bcb,6563
data/raw/Salmonella/salmo.1887.jpg,Salmonella,224,224,39257,c6cf80a51dd188b164b94ecfc9f4399b,6564
data/raw/Salmonella/salmo.1888.jpg,Salmonella,224,224,40796,8a77bda122a1bd2e5da6c6f87dcfd006,6565
data/raw/Salmonella/salmo.1889.jpg,Salmonella,224,224,43815,b4f1c05633fb6cd33e068118960fa4b0,6566
data/raw/Salmonella/salmo.189.jpg,Salmonella,224,224,22993,c194a7d134477bfdcab0b360d094bf12,6567
data/raw/Salmonella/salmo.1890.jpg,Salmonella,224,224,29230,a20e542d93291166c75dec858ed1602e,6319
data/raw/Salmonella/salmo.1891.jpg,Salmonella,224,224,29967,04b23c4c04cf4f6f76c8316b4a524af3,6568
data/raw/Salmonella/salmo.1892.jpg,Salmonella,224,224,39389,28cdcedec2f61a9d827fa7ddee30339d,6569
data/raw/Salmonella/salmo.1893.jpg,Salmonella,224,224,22079,b9e0be5eea883886b31da9b4ec42fc12,6570
data/raw/Salmonella/salmo.1894.jpg,Salmonella,224,224,42745,567233531554cc7fc6e45787527efca2,6571
data/raw/Salmonella/salmo.1895.jpg,Salmonella,224,224,48645,5850d2029d6e9daed761d69250e0da68,6572
data/raw/Salmonella/salmo.1896.jpg,Salmonella,224,224,29389,4e434613ee8a1be7ee589b47fe2fbe70,6573
data/raw/Salmonella/salmo.1897.jpg,Salmonella,224,224,41131,7454fada1b8b136b77aa7b977105858e,6574
data/raw/Salmonella/salmo.1898.jpg,Salmonella,224,224,37762,aa7e0377c8b4952000e6c4d38b21ab97,5813
data/raw/Salmonella/salmo.1899.jpg,Salmonella,224,224,26600,177755de9f771ffaca8f93cff519e02f,6575
data/raw/Salmonella/salmo.19.jpg,Salmonella,224,224,25598,c272d02ac62774936cfc679a4c2c3ca8,6576
data/raw/Salmonella/salmo.190.jpg,Salmonella,224,224,24110,c8788b250e707164575ae16033f34493,6577
data/raw/Salmonella/salmo.1900.jpg,Salmonella,224,224,34744,6f24524da20ef91ff2307e9facd4051d,6578
data/raw/Salmonella/salmo.1901.jpg,Salmonella,224,224,42706,34f9eac6f028958233c11cde32f3d153,6579
data/raw/Salmonella/salmo.1902.jpg,Salmonella,224,224,30347,b6f6b8d7bbec667f17d42fa1d0a82b5d,6580
data/raw/Salmonella/salmo.1903.jpg,Salmonella,224,224,46586,a03f8fd6a70090d2b6f2e0a57cafb189,6581
data/raw/Salmonella/salmo.1904.jpg,Salmonella,224,224,39007,d264a3f6c1a85b54c8465e817f061694,6582
data/raw/Salmonella/salmo.1905.jpg,Salmonella,224,224,44617,f4187eb63146d483e8590d1ebfaa0a48,6583
data/raw/Salmonella/salmo.1906.jpg,Salmonella,224,224,37040,b6db9e86e3c5f3bdc2aaf00fc1d664a5,6584
data/raw/Salmonella/salmo.1907.jpg,Salmonella,224,224,36291,01afc368633160849625b46e8089ba64,6585
data/raw/Salmonella/salmo.1908.jpg,Salmonella,224,224,39315,242259cc7b038b622bdab43f51c78545,6586
data/raw/Salmonella/salmo.1909.jpg,Salmonella,224,224,46988,297bb11d3d167ca2709d70cfac3b6674,6587
data/raw/Salmonella/salmo.191.jpg,Salmonella,224,224,25998,5fd8a7204bdf25a4b510a92ce3f6d63e,6588
data/raw/Salmonella/salmo.1910.jpg,Salmonella,224,224,33324,192de0ae05cbd3f0ac05db580e73ee28,6122
data/raw/Salmonella/salmo.1911.jpg,Salmonella,224,224,48728,739ef15ee2a3b7aff4fdfa313ef6cfea,6589
data/raw/Salmonella/salmo.1912.jpg,Salmonella,224,224,44853,dad19a750d6d4168260190b13dee4517,6590
data/raw/Salmonella/salmo.1913.jpg,Salmonella,224,224,38956,1f3a2eaa1c7233d355f987c285d91c9a,6591
data/raw/Salmonella/salmo.1914.jpg,Salmonella,224,224,35701,8dab867836b84d5d14b49a6937d39e86,6592
data/raw/Salmonella/salmo.1915.jpg,Salmonella,224,224,40920,53ceb78eed74ec4a12ca29e59d4d5883,6593
data/raw/Salmonella/salmo.1916.jpg,Salmonella,224,224,46038,2e4e3dfb3da8f032c8489abeb85facc9,6594
data/raw/Salmonella/salmo.1917.jpg,Salmonella,224,224,39118,f56d7833d9685146115f8a20195dd3e4,6595
data/raw/Salmonella/salmo.1918.jpg,Salmonella,224,224,32733,3a5cb6b6de7fa501294f3e04a801f439,6596
data/raw/Salmonella/salmo.1919.jpg,Salmonella,224,224,48732,4c08ba70d10e336849684267ddf1e11a,6597
data/raw/Salmonella/salmo.192.jpg,Salmonella,224,224,30383,ca88fcc143ebd237dcbf6e93a8b0379b,6598
data/raw/Salmonella/salmo.1920.jpg,Salmonella,224,224,43218,9f719f36c3e2639477ac05db284d895a,6599
data/raw/Salmonella/salmo.1921.jpg,Salmonella,224,224,47370,05045087a6cf4faed37a832e60cce6d3,6600
data/raw/Salmonella/salmo.1922.jpg,Salmonella,224,224,28991,ad121b8d8b8df53dd31d8e405e0e2cfd,6389
data/raw/Salmonella/salmo.1923.jpg,Salmonella,224,224,47096,08807b414b9db84ba8b2b1c5a5e56c75,6601
data/raw/Salmonella/salmo.1924.jpg,Salmonella,224,224,33990,1fdf49240b5a3e79b25f09991b79e778,6602
data/raw/Salmonella/salmo.1925.jpg,Salmonella,224,224,35895,b2fbb6b8d683fd1dfbe4778254a4b214,6603
data/raw/Salmonella/salmo.1926.jpg,Salmonella,224,224,39806,47e23321f0887790f89121cf3232c7e4,6018
data/raw/Salmonella/salmo.1927.jpg,Salmonella,224,224,27322,4d5ce2e5ae8ba1225ced38317e04942d,6604
data/raw/Salmonella/salmo.1928.jpg,Salmonella,224,224,31928,700eb158b42f62bca4d09071df31b2b4,6605
data/raw/Salmonella/salmo.1929.jpg,Salmonella,224,224,43642,1ff9d26a15e66bf2cf8cdf85aa4ad49c,6606
data/raw/Salmonella/salmo.193.jpg,Salmonella,224,224,40084,761ed864719780001095d908cfa96031,6607
data/raw/Salmonella/salmo.1930.jpg,Salmonella,224,224,28428,5f5723577634fca49b1b088d7da996ce,6608
data/raw/Salmonella/salmo.1931.jpg,Salmonella,224,224,38009,9f5d8fd035689af2e13e814a5a9424d1,6609
data/raw/Salmonella/salmo.1932.jpg,Salmonella,224,224,28490,13739aa4f8604f2651ff345cc1eb0bb0,6610
data/raw/Salmonella/salmo.1933.jpg,Salmonella,224,224,37808,f81bf33d68ad4a2d5e257aed4f1692f0,6611
data/raw/Salmonella/salmo.1934.jpg,Salmonella,224,224,54479,dcf306210876ee1a784d3a11a83bc13e,6612
data/raw/Salmonella/salmo.1935.jpg,Salmonella,224,224,40288,203826109755c6525b7968c218c9708a,6613
data/raw/Salmonella/salmo.1936.jpg,Salmonella,224,224,41280,ab72ec2b00a6d3d88514c898bb356d6f,6614
data/raw/Salmonella/salmo.1937.jpg,Salmonella,224,224,23050,4255b714ca2500fc512c76c224594124,6615
data/raw/Salmonella/salmo.1938.jpg,Salmonella,224,224,16395,e1ad9b952b7f309b15a662ec4e4794d6,6616
data/raw/Salmonella/salmo.1939.jpg,Salmonella,224,224,44715,a31aa63ff47f8c08f6a8e5a111753b03,6421
data/raw/Salmonella/salmo.194.jpg,Salmonella,224,224,34308,5efdd1a21eeabd58abc10eb308c1cb34,6617
data/raw/Salmonella/salmo.1940.jpg,Salmonella,224,224,41156,cf1bec42ba1278dce7e64894a10ce821,6618
data/raw/Salmonella/salmo.1941.jpg,Salmonella,224,224,17861,4fcb78ea092cbbc3abf3ad6fc7a02387,6619
data/raw/Salmonella/salmo.1942.jpg,Salmonella,224,224,42703,bd143aa5b123b3d9756521911a87fbb0,6620
data/raw/Salmonella/salmo.1943.jpg,Salmonella,224,224,47713,a065fed81c25ed3f57c689755d2b1956,6621
data/raw/Salmonella/salmo.1944.jpg,Salmonella,224,224,38098,39aa3f5ed2542629ccc1d2099e8a266e,6622
data/raw/Salmonella/salmo.1945.jpg,Salmonella,224,224,31961,7c751f3441d5a1492a96fce39c06ee97,6623
data/raw/Salmonella/salmo.1946.jpg,Salmonella,224,224,38157,b5ffe289735150a6bea484fbab4e87b5,6624
data/raw/Salmonella/salmo.1947.jpg,Salmonella,224,224,36795,3f7a0501fa04189f36d3a6c173327f5d,6625
data/raw/Salmonella/salmo.1948.jpg,Salmonella,224,224,43353,a21ed47d02623982f96e61a95b08bb0c,6626
data/raw/Salmonella/salmo.1949.jpg,Salmonella,224,224,23968,d9218d77708cb485b1059fb48db4c3fc,6627
data/raw/Salmonella/salmo.195.jpg,Salmonella,224,224,34258,9174c5fe6585a0328f48893ea1482d20,6628
data/raw/Salmonella/salmo.1950.jpg,Salmonella,224,224,29939,42fc91a3f88d723a323270ef4c7ea3d2,6629
data/raw/Salmonella/salmo.1951.jpg,Salmonella,224,224,43039,8396e85574af851149c6d01c5d35f02c,6630
data/raw/Salmonella/salmo.1952.jpg,Salmonella,224,224,36527,ffd8914583b7ed77d0bb33e5db789fcb,6631
data/raw/Salmonella/salmo.1953.jpg,Salmonella,224,224,36858,2923c823bb1eb91475ef7731dfebd232,6632
data/raw/Salmonella/salmo.1954.jpg,Salmonella,224,224,37559,f6bc8d812a0535e80915ae5e1fe52561,6633
data/raw/Salmonella/salmo.1955.jpg,Salmonella,224,224,44886,6288868f89704f72912fcc989bc1926b,6634
data/raw/Salmonella/salmo.1956.jpg,Salmonella,224,224,46555,59033758fbe975d40a0be2cdeeb7e4fd,6635
data/raw/Salmonella/salmo.1957.jpg,Salmonella,224,224,36683,14c6fa5745b65fd4d85cc77d848881a3,6636
data/raw/Salmonella/salmo.1958.jpg,Salmonella,224,224,28483,efbc8f36fdcd89a08726f69a477e6ab0,6637
data/raw/Salmonella/salmo.1959.jpg,Salmonella,224,224,39494,6b6951ba20edeb37a9861537a3041a88,6638
data/raw/Salmonella/salmo.196.jpg,Salmonella,224,224,36130,b772c0f55a586ee28b2da9a6761ab5ce,6639
data/raw/Salmonella/salmo.1960.jpg,Salmonella,224,224,26118,1e64df9078819724e2c82464404c0577,6640
data/raw/Salmonella/salmo.1961.jpg,Salmonella,224,224,46088,83fbcf497f13a080d387a4e4cb2cd112,6641
data/raw/Salmonella/salmo.1962.jpg,Salmonella,224,224,55196,62697a8f3af6d8ff295f4c7e1570640b,6642
data/raw/Salmonella/salmo.1963.jpg,Salmonella,224,224,35246,e9d901445d81e9e387c20edddce11a18,5704
data/raw/Salmonella/salmo.1964.jpg,Salmonella,224,224,29627,789537229708dd09677451bd0196a8ac,6643
data/raw/Salmonella/salmo.1965.jpg,Salmonella,224,224,33658,f53fd0ebc9e399e51a1056a8208ecb9c,6644
data/raw/Salmonella/salmo.1966.jpg,Salmonella,224,224,33962,d66cc2630ebcb17e872d8e27bddff562,6645
data/raw/Salmonella/salmo.1967.jpg,Salmonella,224,224,36108,8ba1d76efb3cd0efcbb828785198203c,6646
data/raw/Salmonella/salmo.1968.jpg,Salmonella,224,224,24083,bcbec5cfcd3ba11346a956158320a909,6647
data/raw/Salmonella/salmo.1969.jpg,Salmonella,224,224,44454,02e1ee8144314f01c3efe7ff645dc524,6648
data/raw/Salmonella/salmo.197.jpg,Salmonella,224,224,41523,6fa9b1997fac6efb8201099df5318ea8,6649
data/raw/Salmonella/salmo.1970.jpg,Salmonella,224,224,37691,8a115037bd5cfc8140fe7e5ef4166286,6650
data/raw/Salmonella/salmo.1971.jpg,Salmonella,224,224,29589,a840265acf3f3030d58c5d248e3e7603,6651
data/raw/Salmonella/salmo.1972.jpg,Salmonella,224,224,30539,cf8cec4be403dde2add9a3336b318866,6652
data/raw/Salmonella/salmo.1973.jpg,Salmonella,224,224,36320,461326074c7cf116c3a006e511517146,6653
data/raw/Salmonella/salmo.1974.jpg,Salmonella,224,224,34870,92c1fc7d6b2a8131ece5cb3889692558,6654
data/raw/Salmonella/salmo.1975.jpg,Salmonella,224,224,48247,5d201f1f859a9b249c8c56f13443b708,6655
data/raw/Salmonella/salmo.1976.jpg,Salmonella,224,224,28623,0eff119ecdc6f3777c6a08ceac50caa9,5926
data/raw/Salmonella/salmo.1977.jpg,Salmonella,224,224,28809,ef240737eeed42af93857760a0589fd8,6656
data/raw/Salmonella/salmo.1978.jpg,Salmonella,224,224,32397,49e40a4e4fbbbe03e489ecf2ccd8e216,6657
data/raw/Salmonella/salmo.1979.jpg,Salmonella,224,224,40573,994cb9382ef03c1dc40ffca692abd8ee,6658
data/raw/Salmonella/salmo.198.jpg,Salmonella,224,224,33103,17569833a69efa106e51c80e4298d31c,6659
data/raw/Salmonella/salmo.1980.jpg,Salmonella,224,224,44230,75c4fc74ddb0d07da9465aaae775991f,5962
data/raw/Salmonella/salmo.1981.jpg,Salmonella,224,224,37588,a177b02fb13d63508054c07f8ae1c073,6660
data/raw/Salmonella/salmo.1982.jpg,Salmonella,224,224,56642,94a2fef30522bf2f510b46662becebd6,6661
data/raw/Salmonella/salmo.1983.jpg,Salmonella,224,224,48122,c9974b3f9bd5824031fa0c58325f8230,6662
data/raw/Salmonella/salmo.1984.jpg,Salmonella,224,224,43317,798e35c9acb7ff7b5b1017b0c845f0c7,6663
data/raw/Salmonella/salmo.1985.jpg,Salmonella,224,224,37885,db1886835e1a6e1a385a1744b409715a,6664
data/raw/Salmonella/salmo.1986.jpg,Salmonella,224,224,38933,f383a43cdd38cd4e880ed037fbc038b8,6665
data/raw/Salmonella/salmo.1987.jpg,Salmonella,224,224,40467,63d7e2a3bd0bd69f10b910c46e260cdd,6666
data/raw/Salmonella/salmo.1988.jpg,Salmonella,224,224,38084,2b89fff38987f859a0f16237e97de79b,6667
data/raw/Salmonella/salmo.1989.jpg,Salmonella,224,224,24068,169becd344b53731ae4d5c2c072f3763,6668
data/raw/Salmonella/salmo.199.jpg,Salmonella,224,224,42300,1c7c74c477ad1a053cc3ccceb012a298,6669
data/raw/Salmonella/salmo.1990.jpg,Salmonella,224,224,38427,682cc0510b3cd92b9a8a7b52382a1b20,6670
data/raw/Salmonella/salmo.1991.jpg,Salmonella,224,224,27702,a5fcc0d300fde64c3e5ed74bf661daec,6671
data/raw/Salmonella/salmo.1992.jpg,Salmonella,224,224,34895,ef90ce85b4ef493507d8dc8b2f0d9055,6672
data/raw/Salmonella/salmo.1993.jpg,Salmonella,224,224,34220,ba308b6e3039144ddc667b3bdc910775,6673
data/raw/Salmonella/salmo.1994.jpg,Salmonella,224,224,30216,d065642b5c7cfc5ed11c7f58d120e324,6674
data/raw/Salmonella/salmo.1995.jpg,Salmonella,224,224,26662,23ffd364d186746b14968d7c4f9527b8,6675
data/raw/Salmonella/salmo.1996.jpg,Salmonella,224,224,20752,2e60caebe96da8447def3fba7eb2679a,6676
data/raw/Salmonella/salmo.1997.jpg,Salmonella,224,224,35780,dd1bb266e16ed4d80b1f89bfedb5f099,6677
data/raw/Salmonella/salmo.1998.jpg,Salmonella,224,224,33409,a134477032037ea782eada5f355f13fe,6678
data/raw/Salmonella/salmo.1999.jpg,Salmonella,224,224,29515,0f2eb288e319f3c6d99f6d9a97efd371,6679
data/raw/Salmonella/salmo.2.jpg,Salmonella,224,224,34330,8be8af2bd370ba85797b65159eafd371,6680
data/raw/Salmonella/salmo.20.jpg,Salmonella,224,224,35214,841e64944c0fa09902233e76a3a1fe5c,6681
data/raw/Salmonella/salmo.200.jpg,Salmonella,224,224,45485,bde39d7355737e669dbd7cbee73f6ba7,6682
data/raw/Salmonella/salmo.2000.jpg,Salmonella,224,224,22785,c87d3b4de9ba66175ee78408f5b80983,6683
data/raw/Salmonella/salmo.2001.jpg,Salmonella,224,224,36624,58d53a1deefb49f097b0e8382c59aaf5,6684
data/raw/Salmonella/salmo.2002.jpg,Salmonella,224,224,38638,100f2ed9313d1445d0202cb1da014939,6685
data/raw/Salmonella/salmo.2003.jpg,Salmonella,224,224,28512,382023e10bfa3ba305d53450d39c057d,6686
data/raw/Salmonella/salmo.2004.jpg,Salmonella,224,224,29469,7d4065bafa00171967d440f5a9c03393,6687
data/raw/Salmonella/salmo.2005.jpg,Salmonella,224,224,44042,9170a592d1b9e1b99a590f1b30c1c158,6688
data/raw/Salmonella/salmo.2006.jpg,Salmonella,224,224,23577,d459308cb94e34d8e882b27e92e52f61,6689
data/raw/Salmonella/salmo.2007.jpg,Salmonella,224,224,33379,13cf0303d33d5808bfd5b2b2ee018f1d,6690
data/raw/Salmonella/salmo.2008.jpg,Salmonella,224,224,25996,b4348c635fbbe3cc03247eb63e2fee0e,6691
data/raw/Salmonella/salmo.2009.jpg,Salmonella,224,224,32066,bffa774a7153ab376c1889fe2da6dbe0,6692
data/raw/Salmonella/salmo.201.jpg,Salmonella,224,224,31295,2450eb5b61dda1d4c0a80c90315b7efa,6693
data/raw/Salmonella/salmo.2010.jpg,Salmonella,224,224,25870,0693f052ef580bc4d1ea3037685aa943,6694
data/raw/Salmonella/salmo.2011.jpg,Salmonella,224,224,44494,a730074ea5f036fb2b52daad20ee1c18,6695
data/raw/Salmonella/salmo.2012.jpg,Salmonella,224,224,34670,122a7dec07b309b35344195977ce51f1,6696
data/raw/Salmonella/salmo.2013.jpg,Salmonella,224,224,39421,2f69f78eb1c5ae895c3fc4813e208db0,6697
data/raw/Salmonella/salmo.2014.jpg,Salmonella,224,224,40743,4c21169381917fe151f0c56170954975,6698
data/raw/Salmonella/salmo.2015.jpg,Salmonella,224,224,39016,32e43e24337e00e786034de5755aa738,6699
data/raw/Salmonella/salmo.2016.jpg,Salmonella,224,224,21158,2fed181600039dfdf03f3328ff4b99af,6700
data/raw/Salmonella/salmo.2017.jpg,Salmonella,224,224,27478,d7ba978fb7abf3b3bcb62d7f9af21621,6188
data/raw/Salmonella/salmo.2018.jpg,Salmonella,224,224,34849,70f22761af4cf686ef00cc51e4346c26,6701
data/raw/Salmonella/salmo.2019.jpg,Salmonella,224,224,34401,c3f34991a9d26ce53545501b4383ad62,6702
data/raw/Salmonella/salmo.202.jpg,Salmonella,224,224,44888,1972f337a7233853c9d26afa6a42ef24,6703
data/raw/Salmonella/salmo.2020.jpg,Salmonella,224,224,32573,2768ef9e56951b0f2c63dae1bdd52ac0,6704
data/raw/Salmonella/salmo.2021.jpg,Salmonella,224,224,30681,bb416f3174c4789c0a2145239461f5af,6705
data/raw/Salmonella/salmo.2022.jpg,Salmonella,224,224,38995,04a33729941f628b8ab39420a0c6f427,6706
data/raw/Salmonella/salmo.2023.jpg,Salmonella,224,224,43322,a8bd6b517c11d8cde01878d58198f319,6707
data/raw/Salmonella/salmo.2024.jpg,Salmonella,224,224,39636,7b007dc911f940f33d431ebe9eb48212,6708
data/raw/Salmonella/salmo.2025.jpg,Salmonella,224,224,25817,7c02af1964891289daf7eceb53bd7577,6709
data/raw/Salmonella/salmo.2026.jpg,Salmonella,224,224,31949,f8276a4af52d396dd2c5e5d6f8eff63f,6710
data/raw/Salmonella/salmo.2027.jpg,Salmonella,224,224,26214,a3d6ceb3dbfe4f971fde136187f1b817,6711
data/raw/Salmonella/salmo.2028.jpg,Salmonella,224,224,34829,37a0fea667e3dae9be02a9774e00faab,6712
data/raw/Salmonella/salmo.2029.jpg,Salmonella,224,224,32043,2947d56903a45f964806194c523ae6d5,6713
data/raw/Salmonella/salmo.203.jpg,Salmonella,224,224,46095,c74ca4fcc4dce3c71d37aa70cb6b69d4,6714
data/raw/Salmonella/salmo.2030.jpg,Salmonella,224,224,23273,891e51046a619baa3225b3d5fe405d16,6715
data/raw/Salmonella/salmo.2031.jpg,Salmonella,224,224,47477,148f92fc825eedcfbf05840dae891573,6716
data/raw/Salmonella/salmo.2032.jpg,Salmonella,224,224,24745,45729029bc993f2fc76f6523421f9451,6717
data/raw/Salmonella/salmo.2033.jpg,Salmonella,224,224,33074,1e9a164ee64999e5e485c77f9bf68702,6718
data/raw/Salmonella/salmo.2034.jpg,Salmonella,224,224,43471,930fe44b23e6a79a59ce1e7667fc0cb3,6719
data/raw/Salmonella/salmo.2035.jpg,Salmonella,224,224,32213,b55f100f7a810ed2111bb67b8e5fc133,6720
data/raw/Salmonella/salmo.2036.jpg,Salmonella,224,224,43257,b59df136a8ea3cf073b736b8f003f490,6721
data/raw/Salmonella/salmo.2037.jpg,Salmonella,224,224,41925,883a0d07fb56587729db30c49e118446,6722
data/raw/Salmonella/salmo.2038.jpg,Salmonella,224,224,31158,bd63bc953f72587071034e530ee5e433,6723
data/raw/Salmonella/salmo.2039.jpg,Salmonella,224,224,32534,0c329c594f266132273cf5429a5fc6bb,6724
data/raw/Salmonella/salmo.204.jpg,Salmonella,224,224,38014,c4f41c65edf29a20f43e8f767b4e7e9a,6725
data/raw/Salmonella/salmo.2040.jpg,Salmonella,224,224,27249,970fd986b951ae654bc330159bee8ff5,6726
data/raw/Salmonella/salmo.2041.jpg,Salmonella,224,224,28845,04ca781065221245cc062baae27474d6,5620
data/raw/Salmonella/salmo.2042.jpg,Salmonella,224,224,33667,d5936f469c08e0c6a383fa5f22105a40,6727
data/raw/Salmonella/salmo.2043.jpg,Salmonella,224,224,28381,8d807b9aecb3bf92ca8c4b8f2a4f7c8a,6356
data/raw/Salmonella/salmo.2044.jpg,Salmonella,224,224,39537,51203a71e501412f6f5843544d54596a,6728
data/raw/Salmonella/salmo.2045.jpg,Salmonella,224,224,46552,3385702b19f489bee989f8114e7aae3b,6729
data/raw/Salmonella/salmo.2046.jpg,Salmonella,224,224,38748,671e14a415ad0230f9d5d2c41d4c1189,6730
data/raw/Salmonella/salmo.2047.jpg,Salmonella,224,224,36201,565a96b36638ac203181ee1bfe4869f2,6731
data/raw/Salmonella/salmo.2048.jpg,Salmonella,224,224,27748,f0408f16c7b5b3bf56d8e31f167dae9d,6732
data/raw/Salmonella/salmo.2049.jpg,Salmonella,224,224,46071,44d3212395c17543c16342cd5ed9d934,6733
data/raw/Salmonella/salmo.205.jpg,Salmonella,224,224,36650,6c698feefdc7881cb8db6d9cf4601d9e,6451
data/raw/Salmonella/salmo.2050.jpg,Salmonella,224,224,33560,6006096d8d1d42c23c4e2ac0b4b2560d,5837
data/raw/Salmonella/salmo.2051.jpg,Salmonella,224,224,43819,59cd54b6a50ac059b9a50e0c713a1e80,6734
data/raw/Salmonella/salmo.2052.jpg,Salmonella,224,224,33640,0a7b040da6a4baa6f0e9c53ecd480f37,6735
data/raw/Salmonella/salmo.2053.jpg,Salmonella,224,224,38437,45261d8a98bd80f2384998e91398677f,6736
data/raw/Salmonella/salmo.2054.jpg,Salmonella,224,224,25039,61adda3245af62a7dde858a1682911b0,6737
data/raw/Salmonella/salmo.2055.jpg,Salmonella,224,224,53853,0312a46b55c568a81072e8fb74b44a07,6738
data/raw/Salmonella/salmo.2056.jpg,Salmonella,224,224,27672,44bc7ed5489bf549ee81104836b890a8,6739
data/raw/Salmonella/salmo.2057.jpg,Salmonella,224,224,27495,25d94ce0cdbdd6c1542b2df23b51f2ad,6740
data/raw/Salmonella/salmo.2058.jpg,Salmonella,224,224,20541,c3d4ce1550f65b0dbcc66f8f41bc6229,6741
data/raw/Salmonella/salmo.2059.jpg,Salmonella,224,224,40651,8be0461967c9b6fb088d92c5ab4a7ab0,6742
data/raw/Salmonella/salmo.206.jpg,Salmonella,224,224,37520,8ffaa551acc464d845d4dff1e8829614,6743
data/raw/Salmonella/salmo.2060.jpg,Salmonella,224,224,32751,26f873598d3c98856228ee15012d71d0,6744
data/raw/Salmonella/salmo.2061.jpg,Salmonella,224,224,44553,3bd89890968afc84ff35790e9b0ca29f,6745
data/raw/Salmonella/salmo.2062.jpg,Salmonella,224,224,41787,663c16dedf5db786e928f7fcae925d49,6746
data/raw/Salmonella/salmo.2063.jpg,Salmonella,224,224,41985,4ba2bc2bb28554b6473d9e57147e5a7a,6747
data/raw/Salmonella/salmo.2064.jpg,Salmonella,224,224,25321,0bd8bea62aa57d27dc9fd9f97ce66044,6748
data/raw/Salmonella/salmo.2065.jpg,Salmonella,224,224,36543,5d5c138c36d9982fc1580549974fb1ae,6749
data/raw/Salmonella/salmo.2066.jpg,Salmonella,224,224,36019,78d58a5e8da05f287c28e00ddac418a0,6750
data/raw/Salmonella/salmo.2067.jpg,Salmonella,224,224,44359,8ff2b990e062e107492a704859dd55de,6751
data/raw/Salmonella/salmo.2068.jpg,Salmonella,224,224,29615,e40d31b93a3eaf15d3a07b24e51c0a47,6033
data/raw/Salmonella/salmo.2069.jpg,Salmonella,224,224,20804,9aa09fd71abd079840d013de6e592881,6752
data/raw/Salmonella/salmo.207.jpg,Salmonella,224,224,48488,37e8dbd064143b449856d915018d1b47,6313
data/raw/Salmonella/salmo.2070.jpg,Salmonella,224,224,47992,45ba31938b9eba346891b555cf4ba40e,6753
data/raw/Salmonella/salmo.2071.jpg,Salmonella,224,224,39030,656e37ff48cce156b3c0b69511a5a984,6754
data/raw/Salmonella/salmo.2072.jpg,Salmonella,224,224,41249,8f7a5a50178c2ec153e2a071d1d6f830,6755
data/raw/Salmonella/salmo.2073.jpg,Salmonella,224,224,36349,ffa472466c30d2641f34cee173d5a196,6756
data/raw/Salmonella/salmo.2074.jpg,Salmonella,224,224,43647,d74625fc0ba57a6b36c6040f0461861d,6757
data/raw/Salmonella/salmo.2075.jpg,Salmonella,224,224,38948,53c8943880aa13ed370e7859f4f34faf,6124
data/raw/Salmonella/salmo.2076.jpg,Salmonella,224,224,40817,489ebdac21f48eb0f4e17f88125a3b12,6758
data/raw/Salmonella/salmo.2077.jpg,Salmonella,224,224,46438,9ec426c741736d81be71a170fddc1c09,6759
data/raw/Salmonella/salmo.2078.jpg,Salmonella,224,224,27849,b1f413983264c4acc9ae645ca0e00efe,6760
data/raw/Salmonella/salmo.2079.jpg,Salmonella,224,224,44665,b6900313b8adbfc23421a3b939220f58,6761
data/raw/Salmonella/salmo.208.jpg,Salmonella,224,224,26643,c2f320d99e9e0770dd7e59789a097cdd,6762
data/raw/Salmonella/salmo.2080.jpg,Salmonella,224,224,37737,2c772447abdb96dbb529348a12e1b92c,6763
data/raw/Salmonella/salmo.2081.jpg,Salmonella,224,224,35997,b3e13013231326594dec7d9d5c31ab27,6764
data/raw/Salmonella/salmo.2082.jpg,Salmonella,224,224,27776,f3b1d38ed6e1ecbd7a8080501fa6cf59,6765
data/raw/Salmonella/salmo.2083.jpg,Salmonella,224,224,38687,463aca7bc3a7d711f34c2d77b5edd346,6766
data/raw/Salmonella/salmo.2084.jpg,Salmonella,224,224,37901,045579b1b5d98f07f6a80d1bdfc68ca7,6767
data/raw/Salmonella/salmo.2085.jpg,Salmonella,224,224,41054,82a8f9496909cb6a0bdab9dd97c7a299,6768
data/raw/Salmonella/salmo.2086.jpg,Salmonella,224,224,30680,205ba2d7e0e5017b4d0920f50f080a0d,6769
data/raw/Salmonella/salmo.2087.jpg,Salmonella,224,224,39654,fd1cc8bd1951f75fae5f475627f05df4,6770
data/raw/Salmonella/salmo.2088.jpg,Salmonella,224,224,34411,c9db8c7913138ba19612c40cb63f4cd5,6771
data/raw/Salmonella/salmo.2089.jpg,Salmonella,224,224,30949,84bddd0c8d2b8df8dfab248f94761711,6772
data/raw/Salmonella/salmo.209.jpg,Salmonella,224,224,31302,42c660812fefbde8afa6005a75ca2858,6773
data/raw/Salmonella/salmo.2090.jpg,Salmonella,224,224,27841,687cce26c2212e1b6d65c3075b6aeb83,6774
data/raw/Salmonella/salmo.2091.jpg,Salmonella,224,224,36891,e91c0fd6e0dc1da688d743ad71dca350,6775
data/raw/Salmonella/salmo.2092.jpg,Salmonella,224,224,31752,94ed9706c658a985a18c2956edab205e,6776
data/raw/Salmonella/salmo.2093.jpg,Salmonella,224,224,38837,0c4413dc78b21ec753d41aa9525c6486,6777
data/raw/Salmonella/salmo.2094.jpg,Salmonella,224,224,38442,89493852d208989c4353e378db26d906,6778
data/raw/Salmonella/salmo.2095.jpg,Salmonella,224,224,29478,ad41b0808e96ed74ee9f3a53d05c6263,6038
data/raw/Salmonella/salmo.2096.jpg,Salmonella,224,224,27184,d526e37cf951f93fdde000e08881e447,6779
data/raw/Salmonella/salmo.2097.jpg,Salmonella,224,224,46658,7ffc9b0594c6ad9a9b84d3497cca1b3a,6780
data/raw/Salmonella/salmo.2098.jpg,Salmonella,224,224,33588,edd05dfc02916740b6d6b6b9fc4e9d0c,6781
data/raw/Salmonella/salmo.2099.jpg,Salmonella,224,224,37967,4b4d3575ea3e878b6788cd511589dfff,6782
data/raw/Salmonella/salmo.21.jpg,Salmonella,224,224,37697,c59506d51087e57ea1ef3f6b2089605a,6783
data/raw/Salmonella/salmo.210.jpg,Salmonella,224,224,34067,e7afc0e4d5810d0674b925bcf926a959,6784
data/raw/Salmonella/salmo.2100.jpg,Salmonella,224,224,27400,ca99ca662a25749a34803e8b2df9f8a2,6785
data/raw/Salmonella/salmo.2101.jpg,Salmonella,224,224,40088,f5f4b1ceda99f0789b4d4ea3f16c8efd,6786
data/raw/Salmonella/salmo.2102.jpg,Salmonella,224,224,27690,5df8f27669c32dd0d067c51cc01f0eef,5831
data/raw/Salmonella/salmo.2103.jpg,Salmonella,224,224,41108,dceddcc3a59ea27532020139f82a3e3f,6787
data/raw/Salmonella/salmo.2104.jpg,Salmonella,224,224,37102,c8d82bcaa7265a60b7f1444ea573b818,6788
data/raw/Salmonella/salmo.2105.jpg,Salmonella,224,224,19290,4f89ecdc6a1e01b976e6ade4de0edb0a,6789
data/raw/Salmonella/salmo.2106.jpg,Salmonella,224,224,45137,ad71dbedc7bf4b5af165592e03da493d,6790
data/raw/Salmonella/salmo.2107.jpg,Salmonella,224,224,32866,e73ca42e854df90a8bf7026828a7c7bf,6791
data/raw/Salmonella/salmo.2108.jpg,Salmonella,224,224,31208,b1613e9a955a1f6ae5dde2db82597059,6792
data/raw/Salmonella/salmo.2109.jpg,Salmonella,224,224,45230,92b576f7c1c421a854925fb36c5fce68,6793
data/raw/Salmonella/salmo.211.jpg,Salmonella,224,224,30166,204ee3bc19bec8074b138066fb36adc1,6794
data/raw/Salmonella/salmo.2110.jpg,Salmonella,224,224,39205,a6b55bba593361b1680a197a7cd2c82f,6795
data/raw/Salmonella/salmo.2111.jpg,Salmonella,224,224,23989,a79094e0b90ac34ba11cbf6b5516e472,6796
data/raw/Salmonella/salmo.2112.jpg,Salmonella,224,224,38038,5c11c2d55fb56d80dbb6935067d8c96f,6797
data/raw/Salmonella/salmo.2113.jpg,Salmonella,224,224,36930,f85f2292a4b2547c40ad281fd0c1b462,6798
data/raw/Salmonella/salmo.2114.jpg,Salmonella,224,224,25272,5c4b34ea12e375c4139573b6f0e73e89,6799
data/raw/Salmonella/salmo.2115.jpg,Salmonella,224,224,29736,55bccd714e10d603a09eb44c14620575,6800
data/raw/Salmonella/salmo.2116.jpg,Salmonella,224,224,63554,d14a3859fef9624d766819a644bab182,6801
data/raw/Salmonella/salmo.2117.jpg,Salmonella,224,224,45484,3f1f1a5bf7f8970d6785698220ee2ee4,6802
data/raw/Salmonella/salmo.2118.jpg,Salmonella,224,224,44632,3394c3dac7b76dc302e544c355eacf56,6341
data/raw/Salmonella/salmo.2119.jpg,Salmonella,224,224,29385,5e59d85af5cb57629c7476848cee2331,6803
data/raw/Salmonella/salmo.212.jpg,Salmonella,224,224,33395,bf5e937c551dfcfd93372935a222f239,6804
data/raw/Salmonella/salmo.2120.jpg,Salmonella,224,224,41637,092b90ba751fdb2f2b696f8ed391d045,6371
data/raw/Salmonella/salmo.2121.jpg,Salmonella,224,224,36768,a910cf3b28f566fa982cce4af4bcfdb5,6805
data/raw/Salmonella/salmo.2122.jpg,Salmonella,224,224,44196,ae0ce704b44b022623242764d54e8bd7,6806
data/raw/Salmonella/salmo.2123.jpg,Salmonella,224,224,32170,04645de06a9f3e971feaa0bd832b92d7,6807
data/raw/Salmonella/salmo.2124.jpg,Salmonella,224,224,51527,a9bae3026572106fc056274790631aaa,6808
data/raw/Salmonella/salmo.2125.jpg,Salmonella,224,224,30000,6517f1596032ad73cb7250fd61f9fdd7,6809
data/raw/Salmonella/salmo.2126.jpg,Salmonella,224,224,44853,dad19a750d6d4168260190b13dee4517,6590
data/raw/Salmonella/salmo.2127.jpg,Salmonella,224,224,40769,4c467e9fba0d57e634ae56377d9c6a6f,6810
data/raw/Salmonella/salmo.2128.jpg,Salmonella,224,224,41267,1a4a096016d43f753a50392eb3a66e3b,6811
data/raw/Salmonella/salmo.2129.jpg,Salmonella,224,224,30449,8b277d37d50e18291ef3e1ca9cd0594b,6812
data/raw/Salmonella/salmo.213.jpg,Salmonella,224,224,39585,41f891966bc583a62785c4ec959c1a7c,6813
data/raw/Salmonella/salmo.2130.jpg,Salmonella,224,224,41723,59b765a678300075a07c2f35bbbb0ff8,6814
data/raw/Salmonella/salmo.2131.jpg,Salmonella,224,224,22445,cbeed83c3b0d56c197ff3d7b3bb7575f,6815
data/raw/Salmonella/salmo.2132.jpg,Salmonella,224,224,27947,9d5a03943b3e2c515fc38acb2f158e73,6816
data/raw/Salmonella/salmo.2133.jpg,Salmonella,224,224,28873,6e1aa2f16fa0169ddb7e67628014e1d6,6817
data/raw/Salmonella/salmo.2134.jpg,Salmonella,224,224,27311,29f2ae0528c023830eed2ac93edbc8f9,6818
data/raw/Salmonella/salmo.2135.jpg,Salmonella,224,224,39468,40dfee9c38059a259466ae3483989025,6819
data/raw/Salmonella/salmo.2136.jpg,Salmonella,224,224,30656,e48715f0dafdee6da3c2972fbed08aaf,6820
data/raw/Salmonella/salmo.2137.jpg,Salmonella,224,224,28157,60eb60eda4e017e1e43283d930dbc9f8,6821
data/raw/Salmonella/salmo.2138.jpg,Salmonella,224,224,39393,b65b585a9fd6acb70387f2159619af70,6822
data/raw/Salmonella/salmo.2139.jpg,Salmonella,224,224,38019,c1cf552629f3f873e7a8a9b1a13e868c,6823
data/raw/Salmonella/salmo.214.jpg,Salmonella,224,224,27871,22b0e64e17dd2f76a1fc0cc3edbd0e7c,6824
data/raw/Salmonella/salmo.2140.jpg,Salmonella,224,224,46536,a0f45ed0a8507a564fa1308d21403ca2,6825
data/raw/Salmonella/salmo.2141.jpg,Salmonella,224,224,33696,d1984205430becbce9471aad655cf4a2,6826
data/raw/Salmonella/salmo.2142.jpg,Salmonella,224,224,42270,4ee642fd39bb992146a45d148bc921e0,6827
data/raw/Salmonella/salmo.2143.jpg,Salmonella,224,224,39074,b1d7827a044c115b814c521110a2cdd9,6828
data/raw/Salmonella/salmo.2144.jpg,Salmonella,224,224,29743,ed197ee70b0b5c5be67cd45b29b7a6a3,6829
data/raw/Salmonella/salmo.2145.jpg,Salmonella,224,224,27938,11ad255abe965c4ea88712be4ef7cd5e,6830
data/raw/Salmonella/salmo.2146.jpg,Salmonella,224,224,36586,dd5515c14875da419c75ba18a9bf5109,6831
data/raw/Salmonella/salmo.2147.jpg,Salmonella,224,224,43944,ce27698eef03e676b33fb7893cfef680,6832
data/raw/Salmonella/salmo.2148.jpg,Salmonella,224,224,42451,4e9c753ce06e0f945155bb2d577dbcd1,6833
data/raw/Salmonella/salmo.2149.jpg,Salmonella,224,224,39115,31e4253b2965db1e5caa13ff35e815af,6834
data/raw/Salmonella/salmo.215.jpg,Salmonella,224,224,44042,53e7e9365a0da9414d11ce6282c02a3f,6835
data/raw/Salmonella/salmo.2150.jpg,Salmonella,224,224,32419,d7196aeea88ec59547f7dff3965fb1a3,6836
data/raw/Salmonella/salmo.2151.jpg,Salmonella,224,224,44014,97937d80cb1beaa5884585e8c75f2e70,6837
data/raw/Salmonella/salmo.2152.jpg,Salmonella,224,224,28057,974e3c3955a04fd163b5d5c9806cf84e,6838
data/raw/Salmonella/salmo.2153.jpg,Salmonella,224,224,37992,ac263604cf0cc3be786ef1bf1b275b1d,6839
data/raw/Salmonella/salmo.2154.jpg,Salmonella,224,224,38608,6b0a835158c8d9366df06703beedd18e,6840
data/raw/Salmonella/salmo.2155.jpg,Salmonella,224,224,39837,cbb5746e1da0314f2aba69c90e73dec0,6841
data/raw/Salmonella/salmo.2156.jpg,Salmonella,224,224,42757,e7a3ad59f63de33dcda4a56085aacd5c,6842
data/raw/Salmonella/salmo.2157.jpg,Salmonella,224,224,36360,20c2cc2b8a08591dea82fd8de4e0c8d4,6843
data/raw/Salmonella/salmo.2158.jpg,Salmonella,224,224,38268,af4b382755aae250368e71e75bcae9ce,6844
data/raw/Salmonella/salmo.2159.jpg,Salmonella,224,224,35368,ca9efa3058144cbbc9a9dd5b37494ebe,6845
data/raw/Salmonella/salmo.216.jpg,Salmonella,224,224,42917,ec5b599d42880dd44ba7586d66b619ab,6846
data/raw/Salmonella/salmo.2160.jpg,Salmonella,224,224,35859,242e6e2d1cd5aca60c56c5b0a28ea710,6847
data/raw/Salmonella/salmo.2161.jpg,Salmonella,224,224,45296,f8e86584c05b4f5d9b6a5ce8145bd195,6848
data/raw/Salmonella/salmo.2162.jpg,Salmonella,224,224,45283,34e0a64e1d90ed9359997eb1b02c8307,6849
data/raw/Salmonella/salmo.2163.jpg,Salmonella,224,224,37666,e79cac84a89b6126b2d954ee85563b0b,6850
data/raw/Salmonella/salmo.2164.jpg,Salmonella,224,224,39169,6f7b4fc3ed5860567c011995738b76f2,6851
data/raw/Salmonella/salmo.2165.jpg,Salmonella,224,224,36727,ef612112e118f1ec8c3c61de389c9333,6852
data/raw/Salmonella/salmo.2166.jpg,Salmonella,224,224,31253,265a4ba47b74f293d9d0aa3f7864c962,6853
data/raw/Salmonella/salmo.2167.jpg,Salmonella,224,224,41882,ca99ad1aa54ea66ba1af2faba847da79,6854
data/raw/Salmonella/salmo.2168.jpg,Salmonella,224,224,32534,0c329c594f266132273cf5429a5fc6bb,6724
data/raw/Salmonella/salmo.2169.jpg,Salmonella,224,224,31031,db0bdd483093db8d836aa29e3c6ef368,6855
data/raw/Salmonella/salmo.217.jpg,Salmonella,224,224,36230,93753f0f3a9d3727778ac036acc6fd38,6856
data/raw/Salmonella/salmo.2170.jpg,Salmonella,224,224,31647,ec76ffd875129345b12ef1ead3634cf8,6857
data/raw/Salmonella/salmo.2171.jpg,Salmonella,224,224,34703,117c5f35ef486f1603a3160d1a60f50d,6858
data/raw/Salmonella/salmo.2172.jpg,Salmonella,224,224,27800,2a9a447d697d9ec984ec45e4599ebabc,6859
data/raw/Salmonella/salmo.2173.jpg,Salmonella,224,224,47520,63bca2dedc29cc1fdf20e7f326d07d65,6860
data/raw/Salmonella/salmo.2174.jpg,Salmonella,224,224,36943,04ae865a388c20723f93f14a3caa2524,6861
data/raw/Salmonella/salmo.2175.jpg,Salmonella,224,224,33232,543083a76cdbc2ff1105a34b25d6109e,6862
data/raw/Salmonella/salmo.2176.jpg,Salmonella,224,224,33082,b1e0811a62208498b43c1184766f6e3c,6863
data/raw/Salmonella/salmo.2177.jpg,Salmonella,224,224,34337,655f34ceb2f40fcf51f8d32840eaa7e9,6864
data/raw/Salmonella/salmo.2178.jpg,Salmonella,224,224,36721,b056882f446cb33241e3e0fd16146bab,6865
data/raw/Salmonella/salmo.2179.jpg,Salmonella,224,224,42177,904fd7216b8a7d5086b2984f94572b01,6866
data/raw/Salmonella/salmo.218.jpg,Salmonella,224,224,39328,4b70bd224c6b0cb9d64bf65ecd59938a,6867
data/raw/Salmonella/salmo.2180.jpg,Salmonella,224,224,22547,d2f99890dd0a833fbe01843aadb071f8,6868
data/raw/Salmonella/salmo.2181.jpg,Salmonella,224,224,49115,d902870ecb5107bc5570b6e362548919,6869
data/raw/Salmonella/salmo.2182.jpg,Salmonella,224,224,25595,c02556e621aa081a1717b9e0e93e041b,6870
data/raw/Salmonella/salmo.2183.jpg,Salmonella,224,224,43986,be0f44cc5efc41687a619b44f5ebfc5a,6871
data/raw/Salmonella/salmo.2184.jpg,Salmonella,224,224,37772,e4e02028ce1b70c9c024d171b0b243c1,6872
data/raw/Salmonella/salmo.2185.jpg,Salmonella,224,224,26007,7b2a386e18ab5b3280be359d8325f765,6873
data/raw/Salmonella/salmo.2186.jpg,Salmonella,224,224,34554,7f90555d1c8f455829b36e326e586b69,6183
data/raw/Salmonella/salmo.2187.jpg,Salmonella,224,224,44410,e1743b03c5a1b6a8a7f5d82393ccbb81,6874
data/raw/Salmonella/salmo.2188.jpg,Salmonella,224,224,60967,400c609286a624ff12d224e3708dd64b,6875
data/raw/Salmonella/salmo.2189.jpg,Salmonella,224,224,36672,74b8b5d3e61a2fc02ddc1783f87270bd,6876
data/raw/Salmonella/salmo.219.jpg,Salmonella,224,224,39480,1f038cb3f68802f8648157a5f626bf7c,6877
data/raw/Salmonella/salmo.2190.jpg,Salmonella,224,224,32688,79a4bf4b82b2da7938115f70cae0756e,6878
data/raw/Salmonella/salmo.2191.jpg,Salmonella,224,224,43458,c101ddb8ee3c4afb9e583251401f3b91,6879
data/raw/Salmonella/salmo.2192.jpg,Salmonella,224,224,28462,723ca7ae70f4195cdcfec3f63b77b524,6880
data/raw/Salmonella/salmo.2193.jpg,Salmonella,224,224,42690,652d69699ef9aa83023e02b36c632874,6881
data/raw/Salmonella/salmo.2194.jpg,Salmonella,224,224,40348,def0e3da11d2338ba47625f2052745fa,6882
data/raw/Salmonella/salmo.2195.jpg,Salmonella,224,224,35924,9d68e1c1cf40963899cb5e7271c1b8af,6883
data/raw/Salmonella/salmo.2196.jpg,Salmonella,224,224,35798,092b1830eba788d6afa9b9bbfa785029,5635
data/raw/Salmonella/salmo.2197.jpg,Salmonella,224,224,37558,89d9f774d0662dec72be37afb4281b99,6244
data/raw/Salmonella/salmo.2198.jpg,Salmonella,224,224,30225,08cd2d09a56e37a1cce20803ec58ef28,6884
data/raw/Salmonella/salmo.2199.jpg,Salmonella,224,224,31053,f68b6f77686304f54c7261e803bc6539,6885
data/raw/Salmonella/salmo.22.jpg,Salmonella,224,224,30928,2262652aef699882ca0c8ac46b58df82,6886
data/raw/Salmonella/salmo.220.jpg,Salmonella,224,224,30818,00bdb0d2dbe468f77108892efe8ce66a,6887
data/raw/Salmonella/salmo.2200.jpg,Salmonella,224,224,48062,918a95404799b6fc726dcc9c3b88a40f,6888
data/raw/Salmonella/salmo.2201.jpg,Salmonella,224,224,39559,51717c9c94904f61bf6ed54fc4d9f71e,6889
data/raw/Salmonella/salmo.2202.jpg,Salmonella,224,224,25371,d7070086dd3ff17af25299496de56864,6890
data/raw/Salmonella/salmo.2203.jpg,Salmonella,224,224,26023,fad0e46422b97e01ddd9c68b6270990e,6891
data/raw/Salmonella/salmo.2204.jpg,Salmonella,224,224,30063,c2827ff969013c3ce031916565a509fa,6892
data/raw/Salmonella/salmo.2205.jpg,Salmonella,224,224,30178,858175567172732409c91a7c0628c416,6893
data/raw/Salmonella/salmo.2206.jpg,Salmonella,224,224,46231,d476d49bf14141c4b5ba227fc9d7b2e5,6894
data/raw/Salmonella/salmo.2207.jpg,Salmonella,224,224,19497,099445ad1d13246ed1985919f2dd6c66,6895
data/raw/Salmonella/salmo.2208.jpg,Salmonella,224,224,28409,ea3fd51db48bca19195abff9fd17e6af,6896
data/raw/Salmonella/salmo.2209.jpg,Salmonella,224,224,51749,46f12d03737fb5eb30c9136275c316b0,6897
data/raw/Salmonella/salmo.221.jpg,Salmonella,224,224,38082,7cdf1d015244c7fd2f082e500e3ca6b1,6898
data/raw/Salmonella/salmo.2210.jpg,Salmonella,224,224,38362,c90204999b276a81db13971ede0649bb,6899
data/raw/Salmonella/salmo.2211.jpg,Salmonella,224,224,35646,e00dd75bf2e66bb7f6091120a2954473,6900
data/raw/Salmonella/salmo.2212.jpg,Salmonella,224,224,45114,cf3f866c1608cfa3e9454d61908cda7c,6901
data/raw/Salmonella/salmo.2213.jpg,Salmonella,224,224,42093,b7e6f1f5149b2d8973ec781e107d647f,6902
data/raw/Salmonella/salmo.2214.jpg,Salmonella,224,224,39402,9eea793bcea80be3f8ee64af2aacbb9d,6903
data/raw/Salmonella/salmo.2215.jpg,Salmonella,224,224,43802,4889cd4e458249535ec34d47be7ab6a5,6904
data/raw/Salmonella/salmo.2216.jpg,Salmonella,224,224,26951,187672760c3751c77cf64f982e3c6005,6905
data/raw/Salmonella/salmo.2217.jpg,Salmonella,224,224,40318,0a8d06e6df04bbc5d49367bb4f680721,6906
data/raw/Salmonella/salmo.2218.jpg,Salmonella,224,224,50526,c993a6536e8632ea5a993a7414654c16,5824
data/raw/Salmonella/salmo.2219.jpg,Salmonella,224,224,33631,29547023fc603f3e002d9019d1e03cee,6907
data/raw/Salmonella/salmo.222.jpg,Salmonella,224,224,32836,ee07a7bd0baa7ab288ca8c9100f0bbf9,6908
data/raw/Salmonella/salmo.2220.jpg,Salmonella,224,224,47634,cff0449ff440e83a2ad40878fbfe0012,6909
data/raw/Salmonella/salmo.2221.jpg,Salmonella,224,224,43826,ebc618bdfd89ea3b903e1b2b7e5e5a89,6910
data/raw/Salmonella/salmo.2222.jpg,Salmonella,224,224,26324,a8889e78be5bc1dda76269ee8b372d63,6911
data/raw/Salmonella/salmo.2223.jpg,Salmonella,224,224,31771,94ae219927bdbca2e44a8aa7163eb424,6912
data/raw/Salmonella/salmo.2224.jpg,Salmonella,224,224,39183,ce90dd6a1ff392e9146df3b220b40d25,6913
data/raw/Salmonella/salmo.2225.jpg,Salmonella,224,224,30432,4db6fc77100ec165a5ae00069b7df922,6914
data/raw/Salmonella/salmo.2226.jpg,Salmonella,224,224,36688,5ac82f887752ab6d6c7386f7f7e8c643,6915
data/raw/Salmonella/salmo.2227.jpg,Salmonella,224,224,43932,08b29892eaf063ceed9fe9aa213f693d,6916
data/raw/Salmonella/salmo.2228.jpg,Salmonella,224,224,37955,01fb8e3b47324928e55af0319a001759,6917
data/raw/Salmonella/salmo.2229.jpg,Salmonella,224,224,40402,0e8d5f5c47834c4af1acdfa82368a0e7,6918
data/raw/Salmonella/salmo.223.jpg,Salmonella,224,224,40450,dca86e76e0e36fbd9e862a463f137de5,6919
data/raw/Salmonella/salmo.2230.jpg,Salmonella,224,224,33829,a2c53791250f5e720f1539b6e45e5784,6920
data/raw/Salmonella/salmo.2231.jpg,Salmonella,224,224,32304,6d3a9358686afb4ab905e94c8c62d79c,6921
data/raw/Salmonella/salmo.2232.jpg,Salmonella,224,224,33924,4dc69465b531a3b5505df579ea7ee7c4,6922
data/raw/Salmonella/salmo.2233.jpg,Salmonella,224,224,33560,6006096d8d1d42c23c4e2ac0b4b2560d,5837
data/raw/Salmonella/salmo.2234.jpg,Salmonella,224,224,32176,9cc2623dd8d5ae5f17fe25ebcb6b8164,6923
data/raw/Salmonella/salmo.2235.jpg,Salmonella,224,224,32723,12223233a6f6bc1eb1a72d67688de463,6924
data/raw/Salmonella/salmo.2236.jpg,Salmonella,224,224,33601,87651a16b301fd7395a71dfd8b68ce5b,6925
data/raw/Salmonella/salmo.2237.jpg,Salmonella,224,224,24183,b24925dba413243d20342ae0f75ae8db,6926
data/raw/Salmonella/salmo.2238.jpg,Salmonella,224,224,36650,6c698feefdc7881cb8db6d9cf4601d9e,6451
data/raw/Salmonella/salmo.2239.jpg,Salmonella,224,224,44478,76f5802b6e6245cf4aa3c52c41289d58,6072
data/raw/Salmonella/salmo.224.jpg,Salmonella,224,224,40948,73c3466eecd11d1cd41e7ab291275aee,6927
data/raw/Salmonella/salmo.2240.jpg,Salmonella,224,224,37806,d01ade381d781cd770d8af38ee413e24,6928
data/raw/Salmonella/salmo.2241.jpg,Salmonella,224,224,33187,62d325f9da67d2a7e5c8e1329b1b5d3b,6929
data/raw/Salmonella/salmo.2242.jpg,Salmonella,224,224,43388,2c7a813126dbdc6b3aee7077719abb60,6930
data/raw/Salmonella/salmo.2243.jpg,Salmonella,224,224,33490,a1fc290ecc08e5e67695215d42f6e166,6931
data/raw/Salmonella/salmo.2244.jpg,Salmonella,224,224,41894,b1afa239a1b2ee5254e6e6ab301afd83,6932
data/raw/Salmonella/salmo.2245.jpg,Salmonella,224,224,27794,1f7fd0b51d8796a2691f420ea0b6560f,6933
data/raw/Salmonella/salmo.2246.jpg,Salmonella,224,224,22581,9fa5ec2089816f3e35656ddc6eb77c48,6934
data/raw/Salmonella/salmo.2247.jpg,Salmonella,224,224,31632,4e6723f8855acd2fcfcf2c53ef5e6fd9,6935
data/raw/Salmonella/salmo.2248.jpg,Salmonella,224,224,25192,ae06acc1e0cdfd2c7f63823c32d77e8f,6936
data/raw/Salmonella/salmo.2249.jpg,Salmonella,224,224,37180,12126308d8eeb8d6378d7e82fa47561a,6937
data/raw/Salmonella/salmo.225.jpg,Salmonella,224,224,45038,7b8d4082c408743a62b6dafb58a04dee,6938
data/raw/Salmonella/salmo.2250.jpg,Salmonella,224,224,35444,c72978f5021c46504b26d3ff60419370,6939
data/raw/Salmonella/salmo.2251.jpg,Salmonella,224,224,38485,b454ec726455a95efd42f329c459096d,6940
data/raw/Salmonella/salmo.2252.jpg,Salmonella,224,224,42683,1be00fc039e723ef8c0177611374f187,6941
data/raw/Salmonella/salmo.2253.jpg,Salmonella,224,224,33299,346545119f4fdc2bf737088b5271d4a3,6942
data/raw/Salmonella/salmo.2254.jpg,Salmonella,224,224,43422,0afb72c4a96216faa92aeab5217c304c,6943
data/raw/Salmonella/salmo.2255.jpg,Salmonella,224,224,31319,d80084e962fc108ffe3966bfe4b66bfd,6944
data/raw/Salmonella/salmo.2256.jpg,Salmonella,224,224,28734,1f4a07a828b6d919681645ee869f46df,6945
data/raw/Salmonella/salmo.2257.jpg,Salmonella,224,224,35209,5b8fab8a1a96b213b48fb2c527ecae81,6946
data/raw/Salmonella/salmo.2258.jpg,Salmonella,224,224,30827,abdaeea2cf6b7d2a78d919b957eb5258,6947
data/raw/Salmonella/salmo.2259.jpg,Salmonella,224,224,45590,596e14348f0a44aed1dd99eeddf6b750,6948
data/raw/Salmonella/salmo.226.jpg,Salmonella,224,224,42380,2b1226a4cf41b16038a57995dbcca1cf,6949
data/raw/Salmonella/salmo.2260.jpg,Salmonella,224,224,28474,a6c97681c2ca70e8439d0cba5d689959,6950
data/raw/Salmonella/salmo.2261.jpg,Salmonella,224,224,41793,89e96761cd672275082064903449c419,6951
data/raw/Salmonella/salmo.2262.jpg,Salmonella,224,224,22422,e9df66a71ce228a30124eb8fcea803e7,6952
data/raw/Salmonella/salmo.2263.jpg,Salmonella,224,224,30467,7c42c9018e1fe45e4d14e8d0db628494,6953
data/raw/Salmonella/salmo.2264.jpg,Salmonella,224,224,29267,38743f8ee74851d10cd647be7b4d4e0e,6954
data/raw/Salmonella/salmo.2265.jpg,Salmonella,224,224,26720,12166d6ad04663121c843c01026890ac,6955
data/raw/Salmonella/salmo.2266.jpg,Salmonella,224,224,25542,361080df91e3b16b9d8d7c1c3db13020,6956
data/raw/Salmonella/salmo.2267.jpg,Salmonella,224,224,22829,3da6b1b21c8bd4bd9950a815b112732a,6957
data/raw/Salmonella/salmo.2268.jpg,Salmonella,224,224,28241,b23b732b50b8b437b12a33bf6a1303e8,6958
data/raw/Salmonella/salmo.2269.jpg,Salmonella,224,224,38035,a79e8ae649253e38e1d1f579ded8911a,6959
data/raw/Salmonella/salmo.227.jpg,Salmonella,224,224,22784,ecd15db06c59b88e2dc8f45680b2479c,6960
data/raw/Salmonella/salmo.2270.jpg,Salmonella,224,224,45893,d8a5ec03620aca33bc22f0ef30a81296,6961
data/raw/Salmonella/salmo.2271.jpg,Salmonella,224,224,40408,7404216928412c451eda13609e82edce,6962
data/raw/Salmonella/salmo.2272.jpg,Salmonella,224,224,33307,50b4729f33654f12f89095a89d775211,6963
data/raw/Salmonella/salmo.2273.jpg,Salmonella,224,224,44846,b3cf33de5ddae6a260f00e3511e52b16,6964
data/raw/Salmonella/salmo.2274.jpg,Salmonella,224,224,36102,ad3b954008c204fe9fbbd2c7f4f194cc,6965
data/raw/Salmonella/salmo.2275.jpg,Salmonella,224,224,46159,396139412fe05181fe0e5327201118ce,6966
data/raw/Salmonella/salmo.228.jpg,Salmonella,224,224,33589,5ba487b61f1e9398186f2d45813187c4,6967
data/raw/Salmonella/salmo.229.jpg,Salmonella,224,224,25664,466961329ea93193965fc12067b4bb51,6968
data/raw/Salmonella/salmo.23.jpg,Salmonella,224,224,45962,eb6d65f8d9ec61e80f27959bc04d932e,6969
data/raw/Salmonella/salmo.230.jpg,Salmonella,224,224,28428,2146e2f425d1336ad526ce2e9e59b24d,6608
data/raw/Salmonella/salmo.231.jpg,Salmonella,224,224,37337,4b79ea56eee5acfa2cca8a21cd4a4b08,6970
data/raw/Salmonella/salmo.232.jpg,Salmonella,224,224,43090,4305c6335af428ed9f39594a0b9ab433,6971
data/raw/Salmonella/salmo.233.jpg,Salmonella,224,224,33197,98f470812ca71301d2698b72f6b318a1,6972
data/raw/Salmonella/salmo.234.jpg,Salmonella,224,224,39785,cb128ad9b45631b7335bf793c37a680e,6973
data/raw/Salmonella/salmo.235.jpg,Salmonella,224,224,38409,ede767569a1b5e3517397d215fb00750,6974
data/raw/Salmonella/salmo.236.jpg,Salmonella,224,224,29715,52b27eb6829cfc667edfd76964703930,6975
data/raw/Salmonella/salmo.237.jpg,Salmonella,224,224,34590,79b2d6c7433a5dde1b9c1eb6b53f2bf9,6976
data/raw/Salmonella/salmo.238.jpg,Salmonella,224,224,47727,6dbb6181dd55e79d4dd43cabe4087c8c,6977
data/raw/Salmonella/salmo.239.jpg,Salmonella,224,224,42229,f8b389d49a14c8fddfbe2b5a0426aa72,6978
data/raw/Salmonella/salmo.24.jpg,Salmonella,224,224,38412,578864be83114ee4070d441ce1ce1b47,6979
data/raw/Salmonella/salmo.240.jpg,Salmonella,224,224,35921,2677333f771fa279b217e40ba6975e8c,6980
data/raw/Salmonella/salmo.241.jpg,Salmonella,224,224,47519,a6507ae8b699e6f5868b5163c64d46ab,6981
data/raw/Salmonella/salmo.242.jpg,Salmonella,224,224,44689,7138f33bc5c427a9598855d1d6fd2b06,6982
data/raw/Salmonella/salmo.243.jpg,Salmonella,224,224,41200,363f5dbeef6f566456a9791176a758ce,6983
data/raw/Salmonella/salmo.244.jpg,Salmonella,224,224,28741,01d9224df909539e2d376b419b237e4d,6984
data/raw/Salmonella/salmo.245.jpg,Salmonella,224,224,44934,9e631de9eb187c743a483a078168fc3f,6985
data/raw/Salmonella/salmo.246.jpg,Salmonella,224,224,38834,757936c96d67b6a575be84628d80e642,6986
data/raw/Salmonella/salmo.247.jpg,Salmonella,224,224,53718,90aa771151e75991383d699456ea9abc,6987
data/raw/Salmonella/salmo.248.jpg,Salmonella,224,224,38016,016ca7d6c9fe772259d030395f08cd90,6988
data/raw/Salmonella/salmo.249.jpg,Salmonella,224,224,21597,7c677acd27d52244961591ef93060e71,6989
data/raw/Salmonella/salmo.25.jpg,Salmonella,224,224,32706,7420f0b713d0c08b1adc69b12739a02d,6990
data/raw/Salmonella/salmo.250.jpg,Salmonella,224,224,34977,70f2de92eecc57f96eed0903139826ab,6991
data/raw/Salmonella/salmo.251.jpg,Salmonella,224,224,38865,5f01ebf9d0b9f3398eaddd3ae4fddb70,6992
data/raw/Salmonella/salmo.252.jpg,Salmonella,224,224,27124,4960cf57209f70a730961bcaf20e7911,6993
data/raw/Salmonella/salmo.253.jpg,Salmonella,224,224,33828,03f285f804893b1ffb9249cec231df00,6994
data/raw/Salmonella/salmo.254.jpg,Salmonella,224,224,33417,8b997240327b81ef6253447b43ef9717,6995
data/raw/Salmonella/salmo.255.jpg,Salmonella,224,224,46614,b44ce6ab7a824e72d7ab9deb6b630075,6996
data/raw/Salmonella/salmo.256.jpg,Salmonella,224,224,28735,a9805a1712e3ed7ee5dea4f41961642d,6997
data/raw/Salmonella/salmo.257.jpg,Salmonella,224,224,43021,aff72c5e6702bd9f19b8a1e2a6ea358c,6998
data/raw/Salmonella/salmo.258.jpg,Salmonella,224,224,39513,e3ee8bb80660406d375b586fc7250b69,6999
data/raw/Salmonella/salmo.259.jpg,Salmonella,224,224,33891,8b4948a417c8aa59a9ef3438b9fc7729,7000
data/raw/Salmonella/salmo.26.jpg,Salmonella,224,224,31469,41765418ad8f7bab7dfd2acaaf41c45c,7001
data/raw/Salmonella/salmo.260.jpg,Salmonella,224,224,39851,1077ac25328ddbf097ee386d601bb868,7002
data/raw/Salmonella/salmo.261.jpg,Salmonella,224,224,41955,861fe8c9037805e83ba117912b180eaa,6446
data/raw/Salmonella/salmo.262.jpg,Salmonella,224,224,30525,042120e8aef24fee19a24db27fd7901a,7003
data/raw/Salmonella/salmo.263.jpg,Salmonella,224,224,32066,943e1bfa5d755099a14e46a1114b4ea1,7004
data/raw/Salmonella/salmo.264.jpg,Salmonella,224,224,31372,93ba4d772d03b723c756861b6ed5e8a4,7005
data/raw/Salmonella/salmo.265.jpg,Salmonella,224,224,39513,13ad7698c5a8d7ef64ed77a50233a6be,7006
data/raw/Salmonella/salmo.266.jpg,Salmonella,224,224,25962,d7110a473ae63040ad1b3f5af91abf9c,7007
data/raw/Salmonella/salmo.267.jpg,Salmonella,224,224,31726,b5653a711711ca2fab0a939c7622a446,7008
data/raw/Salmonella/salmo.268.jpg,Salmonella,224,224,32381,a49473c80525cbc3d4a374f4425b3251,7009
data/raw/Salmonella/salmo.269.jpg,Salmonella,224,224,37331,3b4cc1f9a11fd03dcf3cca999a0f2807,7010
data/raw/Salmonella/salmo.27.jpg,Salmonella,224,224,41287,63059e0b39691c2cf0e917216071f192,7011
data/raw/Salmonella/salmo.270.jpg,Salmonella,224,224,32190,6d9fa41dc025b673530061e6d3d9bbb3,7012
data/raw/Salmonella/salmo.271.jpg,Salmonella,224,224,41186,93f575c217868efd5eb9a5ec30326bc9,7013
data/raw/Salmonella/salmo.272.jpg,Salmonella,224,224,29775,da4b6fdc76161e29d545774b432dc12c,5819
data/raw/Salmonella/salmo.273.jpg,Salmonella,224,224,46249,eda02805ec4199f57965bde11eafbcf5,7014
data/raw/Salmonella/salmo.274.jpg,Salmonella,224,224,43166,d12937b547ec2204f9712ba838bc4b72,7015
data/raw/Salmonella/salmo.275.jpg,Salmonella,224,224,31382,458aabb834fae8393ded49b0356c73ee,7016
data/raw/Salmonella/salmo.276.jpg,Salmonella,224,224,37745,952be096da471882f9a06e52201bf01d,7017
data/raw/Salmonella/salmo.277.jpg,Salmonella,224,224,47533,18f545ff934f7055e144995b24e078f5,7018
data/raw/Salmonella/salmo.278.jpg,Salmonella,224,224,36113,45261759f6b19da2afbac71c878ec90d,7019
data/raw/Salmonella/salmo.279.jpg,Salmonella,224,224,38015,ebd41f3878fa753c8a8226a474576ac6,7020
data/raw/Salmonella/salmo.28.jpg,Salmonella,224,224,29197,b7f35311844892e22639442e5b145115,7021
data/raw/Salmonella/salmo.280.jpg,Salmonella,224,224,35997,28da287ea9234ccc9405438e6e872b2a,7022
data/raw/Salmonella/salmo.281.jpg,Salmonella,224,224,30735,a62ccc6aac7b156fc544a4f5aeed4b0b,7023
data/raw/Salmonella/salmo.282.jpg,Salmonella,224,224,37150,1a52d21fd9c8d7b823975701c0370ffa,7024
data/raw/Salmonella/salmo.283.jpg,Salmonella,224,224,44742,232d4c8d3a842104474c486cdd79c76c,7025
data/raw/Salmonella/salmo.284.jpg,Salmonella,224,224,27648,35d0453f42ca2e51db5587f2f804591b,7026
data/raw/Salmonella/salmo.285.jpg,Salmonella,224,224,38687,463aca7bc3a7d711f34c2d77b5edd346,6766
data/raw/Salmonella/salmo.286.jpg,Salmonella,224,224,48326,f4a83c08d0444b37e8fef06d93ee71b4,7027
data/raw/Salmonella/salmo.287.jpg,Salmonella,224,224,39697,37485245e222f1591cf3f16876651f1d,7028
data/raw/Salmonella/salmo.288.jpg,Salmonella,224,224,31841,4882c24db6f1494709aae44046cdc96d,7029
data/raw/Salmonella/salmo.289.jpg,Salmonella,224,224,25606,08fa668487e15336efe63fb53f418e0f,7030
data/raw/Salmonella/salmo.29.jpg,Salmonella,224,224,42283,e5bcdb7556115b41ef7a93935d85ea21,7031
data/raw/Salmonella/salmo.290.jpg,Salmonella,224,224,32795,0e1cc738dfe96a43a18d2ce004cd0d32,7032
data/raw/Salmonella/salmo.291.jpg,Salmonella,224,224,30744,ec391f476ca31881b8615bf82d9feaed,7033
data/raw/Salmonella/salmo.292.jpg,Salmonella,224,224,35786,8fb36c85769efede8ffdfc56b0a82ad7,7034
data/raw/Salmonella/salmo.293.jpg,Salmonella,224,224,36767,c0d0d6ddf2acdcd9e55f7a5fc425a131,7035
data/raw/Salmonella/salmo.294.jpg,Salmonella,224,224,37040,21a1c3863dcdfa0a590521491a0dabde,6584
data/raw/Salmonella/salmo.295.jpg,Salmonella,224,224,40460,f3197db30e02ec9ab63ac925484f683e,7036
data/raw/Salmonella/salmo.296.jpg,Salmonella,224,224,44950,7f8d5dfb8fd9a960c566aeba2969bf66,7037
data/raw/Salmonella/salmo.297.jpg,Salmonella,224,224,44782,5cd0e620bbce5ed10991db9bf99fa4a4,7038
data/raw/Salmonella/salmo.298.jpg,Salmonella,224,224,32431,2404298ad2c7386519af725ffddfe1a1,7039
data/raw/Salmonella/salmo.299.jpg,Salmonella,224,224,60529,9270af80bea8341ede26028db9c4450d,7040
data/raw/Salmonella/salmo.3.jpg,Salmonella,224,224,35665,c20d95a8928fbc82b7863df0d53b8774,6210
data/raw/Salmonella/salmo.30.jpg,Salmonella,224,224,29242,a89c5fa22af4b8c778d298841f290d87,7041
data/raw/Salmonella/salmo.300.jpg,Salmonella,224,224,46630,ca565eb21fd74b821309183f0486ca6a,7042
data/raw/Salmonella/salmo.301.jpg,Salmonella,224,224,37045,68c60a73c7ec73db1395568b2afeaaf1,7043
data/raw/Salmonella/salmo.302.jpg,Salmonella,224,224,33013,38a64afae5268357b41f5b7bace37a54,7044
data/raw/Salmonella/salmo.303.jpg,Salmonella,224,224,43612,feef42f6de20a035910f49568cdb5782,7045
data/raw/Salmonella/salmo.304.jpg,Salmonella,224,224,43618,670db5797a2208869dc41c5168960b43,7046
data/raw/Salmonella/salmo.305.jpg,Salmonella,224,224,20769,aa91957b469f2d6430851b4374c3614c,7047
data/raw/Salmonella/salmo.306.jpg,Salmonella,224,224,46334,3e0bf60db0e8dcc9c1daa9f5a3cf5cba,7048
data/raw/Salmonella/salmo.307.jpg,Salmonella,224,224,37394,114c35722264b29baef239a96b57a4ae,7049
data/raw/Salmonella/salmo.308.jpg,Salmonella,224,224,31206,90192ed28a1271412dee7d29abd786b8,7050
data/raw/Salmonella/salmo.309.jpg,Salmonella,224,224,57044,16351b8e9c0f1db6d01538b53a771800,7051
data/raw/Salmonella/salmo.31.jpg,Salmonella,224,224,46532,75cae063a4bb80b9b60d3b44926ca032,7052
data/raw/Salmonella/salmo.310.jpg,Salmonella,224,224,42880,2bab33f8327d4ad7c8741e5cabe2404d,7053
data/raw/Salmonella/salmo.311.jpg,Salmonella,224,224,42568,85052cc9f6a629ea70ddaf261880d976,7054
data/raw/Salmonella/salmo.312.jpg,Salmonella,224,224,41605,73050d0cd717d84cfc8c5d4764825a19,7055
data/raw/Salmonella/salmo.313.jpg,Salmonella,224,224,39542,7b2410b6310088fc87e434c158450f4d,5709
data/raw/Salmonella/salmo.314.jpg,Salmonella,224,224,36573,cb2b95152f71248dee5d098317315e68,7056
data/raw/Salmonella/salmo.315.jpg,Salmonella,224,224,40088,f5f4b1ceda99f0789b4d4ea3f16c8efd,6786
data/raw/Salmonella/salmo.316.jpg,Salmonella,224,224,36860,7f99a71004fa47c955b7a95a5cff1773,7057
data/raw/Salmonella/salmo.317.jpg,Salmonella,224,224,49443,f0fe50a8d3d3307100e618f099118ccf,7058
data/raw/Salmonella/salmo.318.jpg,Salmonella,224,224,40250,6439f1d6c743e19b09d4ae0635cf267b,5855
data/raw/Salmonella/salmo.319.jpg,Salmonella,224,224,43210,c4a7e0a29ab9a7ff724120c114d18bf2,7059
data/raw/Salmonella/salmo.32.jpg,Salmonella,224,224,39934,d11239a0863f79f4be5e4f569939a9a4,7060
data/raw/Salmonella/salmo.320.jpg,Salmonella,224,224,47437,191b1052cc10b6e32dc9f1160417d764,7061
data/raw/Salmonella/salmo.321.jpg,Salmonella,224,224,32113,d7c9e66466f7ee96daf16a7d2b547cb6,7062
data/raw/Salmonella/salmo.322.jpg,Salmonella,224,224,42493,083d592d91f66366d839d545a5ce6742,7063
data/raw/Salmonella/salmo.323.jpg,Salmonella,224,224,36280,7dd9de9e4cefb41d32d25bb57717a709,7064
data/raw/Salmonella/salmo.324.jpg,Salmonella,224,224,23946,a48e80a3aea6644b0880c0c0b5baa509,7065
data/raw/Salmonella/salmo.325.jpg,Salmonella,224,224,30419,4758a36c163850306def956d3d7688e4,7066
data/raw/Salmonella/salmo.326.jpg,Salmonella,224,224,41369,a86300b3f4b0e455f24457218c0d242e,7067
data/raw/Salmonella/salmo.327.jpg,Salmonella,224,224,29071,a6f897996127b0d181436c7d8f3e5109,7068
data/raw/Salmonella/salmo.328.jpg,Salmonella,224,224,43756,904bd0b53a3120df8c30c673d5dfd972,7069
data/raw/Salmonella/salmo.329.jpg,Salmonella,224,224,36199,ce87641c04d085f0354b72f5d44c742c,7070
data/raw/Salmonella/salmo.33.jpg,Salmonella,224,224,27184,8c5c806fddc349dba663450aff21972f,7071
data/raw/Salmonella/salmo.330.jpg,Salmonella,224,224,34057,e2bbdaf1ae8c384237b8c3f2dd518775,7072
data/raw/Salmonella/salmo.331.jpg,Salmonella,224,224,45686,2a37881a325d5d1f6048e324ba1f121d,7073
data/raw/Salmonella/salmo.332.jpg,Salmonella,224,224,40971,16f07e89943c9d38ed2469af1354dd6c,7074
data/raw/Salmonella/salmo.333.jpg,Salmonella,224,224,39159,df3495737e5a3e28b9a82a4e7246e04c,7075
data/raw/Salmonella/salmo.334.jpg,Salmonella,224,224,35000,8a514826ddbacbe345e2755d32adaa21,7076
data/raw/Salmonella/salmo.335.jpg,Salmonella,224,224,49202,db494c3d6cf839e56a51dee0f95eb2c2,7077
data/raw/Salmonella/salmo.336.jpg,Salmonella,224,224,30185,540ef905c1a1ea00b7683f26560bcb54,7078
data/raw/Salmonella/salmo.337.jpg,Salmonella,224,224,43006,1e120c46ba24105a90cbe8bda5f0e3aa,7079
data/raw/Salmonella/salmo.338.jpg,Salmonella,224,224,34092,842e1f786cc08134d5dd8bc135c03f16,7080
data/raw/Salmonella/salmo.339.jpg,Salmonella,224,224,33561,49a37442bacf8501bc033c1ca8a83a54,7081
data/raw/Salmonella/salmo.34.jpg,Salmonella,224,224,39625,47e06fcf34c33577aba7122340b157c3,7082
data/raw/Salmonella/salmo.340.jpg,Salmonella,224,224,38399,574a438bdb3bf7464e6e6b1c21c55e61,7083
data/raw/Salmonella/salmo.341.jpg,Salmonella,224,224,33599,f2f6891ed37feab1751acb395f30c17b,7084
data/raw/Salmonella/salmo.342.jpg,Salmonella,224,224,24655,bdb81c256ba313add12413c18684ec11,5694
data/raw/Salmonella/salmo.343.jpg,Salmonella,224,224,41079,09996ef20b4eb9ede5aa81bca23be4d2,7085
data/raw/Salmonella/salmo.344.jpg,Salmonella,224,224,44176,234b8219a10a8be80f42b8d16d0160f0,7086
data/raw/Salmonella/salmo.345.jpg,Salmonella,224,224,45188,a3bfbcbc704610c2304839c02fb24d20,7087
data/raw/Salmonella/salmo.346.jpg,Salmonella,224,224,35083,d9da198e657219898c709ba5061a9f76,7088
data/raw/Salmonella/salmo.347.jpg,Salmonella,224,224,30897,d99194b8793e004a11dc5c33b16afd4a,7089
data/raw/Salmonella/salmo.348.jpg,Salmonella,224,224,43639,1dc1bc64ff523a86708e4e54d02822b2,7090
data/raw/Salmonella/salmo.349.jpg,Salmonella,224,224,29718,a96de89a87291c4fa7141ef62e9b8356,7091
data/raw/Salmonella/salmo.35.jpg,Salmonella,224,224,37282,086fe582a4812dbbc19ad467d5dbea05,7092
data/raw/Salmonella/salmo.350.jpg,Salmonella,224,224,37174,581ed7f4f3e77cbe43bc9096da8ade07,7093
data/raw/Salmonella/salmo.351.jpg,Salmonella,224,224,41156,29e3f525ccd978551d341030a7115db0,7094
data/raw/Salmonella/salmo.352.jpg,Salmonella,224,224,33082,c784e8864520bf87ea95f69adbdf60a1,7095
data/raw/Salmonella/salmo.353.jpg,Salmonella,224,224,44790,6d0c6a672104eac750f8941aad2e0405,5886
data/raw/Salmonella/salmo.354.jpg,Salmonella,224,224,32057,ae6ba45537d128982d23dee8cbb6d99a,7096
data/raw/Salmonella/salmo.355.jpg,Salmonella,224,224,37795,f1b36d58f0aa9b8196001f9139e885c9,7097
data/raw/Salmonella/salmo.356.jpg,Salmonella,224,224,33737,1d9a3e792e315f613c1cee29487c36bf,7098
data/raw/Salmonella/salmo.357.jpg,Salmonella,224,224,27290,0703cac9d441547f81375f5c9ec56137,7099
data/raw/Salmonella/salmo.358.jpg,Salmonella,224,224,44819,8ad19e64414a259a82f44854cd31f222,7100
data/raw/Salmonella/salmo.359.jpg,Salmonella,224,224,31007,0dd6903d3516e522c44eea5c2d85892d,7101
data/raw/Salmonella/salmo.36.jpg,Salmonella,224,224,29865,32da8e5c239b0750bbf754fb4bd0fe12,7102
data/raw/Salmonella/salmo.360.jpg,Salmonella,224,224,49196,7ff7f3ec9f89f309ce385b0c53be2d03,7103
data/raw/Salmonella/salmo.361.jpg,Salmonella,224,224,37337,4b79ea56eee5acfa2cca8a21cd4a4b08,6970
data/raw/Salmonella/salmo.362.jpg,Salmonella,224,224,33327,3a52258d374ab3950f04a1577e7e5139,7104
data/raw/Salmonella/salmo.363.jpg,Salmonella,224,224,33123,ae42f8419e5ae678c43038666902a077,7105
data/raw/Salmonella/salmo.364.jpg,Salmonella,224,224,33200,e84b4d51a2835f74a3e6b7090e617869,7106
data/raw/Salmonella/salmo.365.jpg,Salmonella,224,224,40312,d771e9b3126b8cd8abb2e28fde395ced,7107
data/raw/Salmonella/salmo.366.jpg,Salmonella,224,224,51259,f00019b618ddaee3c0e1e7492e29ad19,7108
data/raw/Salmonella/salmo.367.jpg,Salmonella,224,224,33738,be004f277e08269eca4613e25c878e10,7109
data/raw/Salmonella/salmo.368.jpg,Salmonella,224,224,46769,5553196a0afa183d8a6837f15b3502a2,7110
data/raw/Salmonella/salmo.369.jpg,Salmonella,224,224,41644,6912cfe1a7d2324ad931f154a66cb735,7111
data/raw/Salmonella/salmo.37.jpg,Salmonella,224,224,39896,68d7c521bc0e35377d2a02dc03dd649b,7112
data/raw/Salmonella/salmo.370.jpg,Salmonella,224,224,47880,80cc34ff37f9372ee51c6864d93a0b60,7113
data/raw/Salmonella/salmo.371.jpg,Salmonella,224,224,33472,479afb50d3ac0138418a6110c8337aee,5864
data/raw/Salmonella/salmo.372.jpg,Salmonella,224,224,38161,b2d0e736ea04c7d2d80674f789ca6a0d,7114
data/raw/Salmonella/salmo.373.jpg,Salmonella,224,224,25932,660d7e71e84f7d034ba55c53cb1451cd,6115
data/raw/Salmonella/salmo.374.jpg,Salmonella,224,224,30432,8fce38631f6aa27fe0f1c3f585c67e65,7115
data/raw/Salmonella/salmo.375.jpg,Salmonella,224,224,47196,2a3aa378ad04d6f2a22a83f6d15f3dd3,7116
data/raw/Salmonella/salmo.376.jpg,Salmonella,224,224,45096,567fd3fbb60eb765614a2b7e1e0b3a71,7117
data/raw/Salmonella/salmo.377.jpg,Salmonella,224,224,37825,29223d6693654f58df82f1f6491be97f,5846
data/raw/Salmonella/salmo.378.jpg,Salmonella,224,224,47752,448904a62d7554bd4a3f260cbce6f673,7118
data/raw/Salmonella/salmo.379.jpg,Salmonella,224,224,38739,12876b4bb9ba015236861e5671e968f1,7119
data/raw/Salmonella/salmo.38.jpg,Salmonella,224,224,34868,6b81aa1f125b17c142b76a118e92fea2,7120
data/raw/Salmonella/salmo.380.jpg,Salmonella,224,224,43754,2f8bb3ba0ee2b9ae1694604a3a171032,7121
data/raw/Salmonella/salmo.381.jpg,Salmonella,224,224,38777,80d724076b6ae749a7d3333d05a86808,7122
data/raw/Salmonella/salmo.382.jpg,Salmonella,224,224,28479,2138e62fe7cb509f023564275a9ab318,7123
data/raw/Salmonella/salmo.383.jpg,Salmonella,224,224,29626,cfcd863fd61076adeb0542869efc4132,5949
data/raw/Salmonella/salmo.384.jpg,Salmonella,224,224,33134,5c361ed8e9d7426cf510a72b3918cd04,7124
data/raw/Salmonella/salmo.385.jpg,Salmonella,224,224,36344,2d1b8eb0d6de6e7a9755964597e9793c,6206
data/raw/Salmonella/salmo.386.jpg,Salmonella,224,224,41281,23dc69b26c3436185a0910f2d5e2d268,7125
data/raw/Salmonella/salmo.387.jpg,Salmonella,224,224,31362,905f772bb959b3e4cf07d35b425fb9c3,7126
data/raw/Salmonella/salmo.388.jpg,Salmonella,224,224,33432,e6e5147200e8004e99d5d9bbb185b7d8,7127
data/raw/Salmonella/salmo.389.jpg,Salmonella,224,224,28105,b28de32fb539db2244d808264e360841,7128
data/raw/Salmonella/salmo.39.jpg,Salmonella,224,224,41874,e44770679a2c635e63413b9b91c45d04,7129
data/raw/Salmonella/salmo.390.jpg,Salmonella,224,224,42831,1336fd94e73ebe3e32f7912e51c79b42,7130
data/raw/Salmonella/salmo.391.jpg,Salmonella,224,224,29499,3c271cf6bb3a1933f94527eb2336ac55,7131
data/raw/Salmonella/salmo.392.jpg,Salmonella,224,224,25590,c23cd5469cfb26f4b5c0ea60a0004841,7132
data/raw/Salmonella/salmo.393.jpg,Salmonella,224,224,45891,3ed20e0fdc18f953a639c5f6f805d1b6,7133
data/raw/Salmonella/salmo.394.jpg,Salmonella,224,224,45645,05ff985b078dd0454124dba6ae583a6d,7134
data/raw/Salmonella/salmo.395.jpg,Salmonella,224,224,20737,2370f08f76e52c6c2fec25713b5439a3,7135
data/raw/Salmonella/salmo.396.jpg,Salmonella,224,224,33068,8793e3f1b2f6d5d5b31dbba96888c548,7136
data/raw/Salmonella/salmo.397.jpg,Salmonella,224,224,29080,6cba43e3588618958311def845a8a418,7137
data/raw/Salmonella/salmo.398.jpg,Salmonella,224,224,33472,479afb50d3ac0138418a6110c8337aee,5864
data/raw/Salmonella/salmo.399.jpg,Salmonella,224,224,42071,53246e08ab43547ef17b5d62ce6efc47,7138
data/raw/Salmonella/salmo.4.jpg,Salmonella,224,224,31820,84956d796fdb2efa4275fcb702e96be2,7139
data/raw/Salmonella/salmo.40.jpg,Salmonella,224,224,44715,a31aa63ff47f8c08f6a8e5a111753b03,6421
data/raw/Salmonella/salmo.400.jpg,Salmonella,224,224,30697,c92e6d845ada749ffe6cde9dfc724f50,7140
data/raw/Salmonella/salmo.401.jpg,Salmonella,224,224,23914,fd70fe6ce9a1168cadf91691fe9b378a,7141
data/raw/Salmonella/salmo.402.jpg,Salmonella,224,224,20152,71eb5f3cedab132d0bf5278af72120c1,6512
data/raw/Salmonella/salmo.403.jpg,Salmonella,224,224,39868,c9ad9105bd2e28869b7a20b62164fe3a,7142
data/raw/Salmonella/salmo.404.jpg,Salmonella,224,224,39099,0ee07e71e6ef599dbc9c68b111ad0120,7143
data/raw/Salmonella/salmo.405.jpg,Salmonella,224,224,41709,76702bf4f4a7d0a0df929aeb27dc542e,7144
data/raw/Salmonella/salmo.406.jpg,Salmonella,224,224,36232,26cb9cc63fe2b1d867fb31671c78a24a,7145
data/raw/Salmonella/salmo.407.jpg,Salmonella,224,224,33833,8263cb6a751cc539fac3bb2b1bfcdf3d,7146
data/raw/Salmonella/salmo.408.jpg,Salmonella,224,224,43347,adfc2375b417666fa6b255e5ccaba73a,7147
data/raw/Salmonella/salmo.409.jpg,Salmonella,224,224,36646,cb3c13288c1b352ecd6b53ea59f2df1c,7148
data/raw/Salmonella/salmo.41.jpg,Salmonella,224,224,42570,93dee7f6b335b86fc2effa7359f7b8ed,7149
data/raw/Salmonella/salmo.410.jpg,Salmonella,224,224,29615,e40d31b93a3eaf15d3a07b24e51c0a47,6033
data/raw/Salmonella/salmo.411.jpg,Salmonella,224,224,39815,985afc885e6294d5269aff68f78667f6,7150
data/raw/Salmonella/salmo.412.jpg,Salmonella,224,224,46998,e487f6ebbe376887e8f575228479b65d,7151
data/raw/Salmonella/salmo.413.jpg,Salmonella,224,224,42559,5c2bcad548dc13e8bed799c4085d11ab,7152
data/raw/Salmonella/salmo.414.jpg,Salmonella,224,224,26399,b04d523cf2d2736e8d9bbf135ca3fa0b,7153
data/raw/Salmonella/salmo.415.jpg,Salmonella,224,224,23024,a9493f619b46c9a9ffcce5a3a4d43532,7154
data/raw/Salmonella/salmo.416.jpg,Salmonella,224,224,34194,bf2f30817a7a47f389ba281cfc592ab3,7155
data/raw/Salmonella/salmo.417.jpg,Salmonella,224,224,40909,26bf8a00026d38a59109841f8d62fecb,7156
data/raw/Salmonella/salmo.418.jpg,Salmonella,224,224,18158,20f8efc26852f213a2a9af847a267d7e,7157
data/raw/Salmonella/salmo.419.jpg,Salmonella,224,224,46572,38783a7c10e1503acf7620c2600d8eb8,7158
data/raw/Salmonella/salmo.42.jpg,Salmonella,224,224,35224,dc126024815526077ff7aa1097789a22,7159
data/raw/Salmonella/salmo.420.jpg,Salmonella,224,224,41955,861fe8c9037805e83ba117912b180eaa,6446
data/raw/Salmonella/salmo.421.jpg,Salmonella,224,224,19967,bba8314e225738558d86374014ae94b1,7160
data/raw/Salmonella/salmo.422.jpg,Salmonella,224,224,43676,56e5bacfc82cdf25fe47b9bb5da3b243,7161
data/raw/Salmonella/salmo.423.jpg,Salmonella,224,224,53571,49aa9902ee2589bfbdb41dd855d274ba,7162
data/raw/Salmonella/salmo.424.jpg,Salmonella,224,224,43520,27655195d59fcbabd83f94049b28cdd1,7163
data/raw/Salmonella/salmo.425.jpg,Salmonella,224,224,41494,3599ac4b940a84e68008daceef4acc90,7164
data/raw/Salmonella/salmo.426.jpg,Salmonella,224,224,36822,663a4cb1486c3e6e1d4101d6eaedcdc2,7165
data/raw/Salmonella/salmo.427.jpg,Salmonella,224,224,30528,aa8e1896a96b49d1187a75f6a2695ba9,7166
data/raw/Salmonella/salmo.428.jpg,Salmonella,224,224,41479,91a0a19ca000964a6fe78da032c48419,7167
data/raw/Salmonella/salmo.429.jpg,Salmonella,224,224,46759,66a7dbf463151ce6ed85536b1cd12d8f,7168
data/raw/Salmonella/salmo.43.jpg,Salmonella,224,224,30335,1a193646792e6305a7b5624df46b6c17,5854
data/raw/Salmonella/salmo.430.jpg,Salmonella,224,224,39227,35d8059e9ee55eddba536410bab85ed8,7169
data/raw/Salmonella/salmo.431.jpg,Salmonella,224,224,31671,1bb613443a69e4b078ac2165de5dd228,7170
data/raw/Salmonella/salmo.432.jpg,Salmonella,224,224,45483,4382ce4de84d21ba4174e24f12110de0,6223
data/raw/Salmonella/salmo.433.jpg,Salmonella,224,224,26220,c4a53d148625ef01d882e6e20b1ad055,7171
data/raw/Salmonella/salmo.434.jpg,Salmonella,224,224,49698,8eccd1e2b42ce8a0ed4dc045d1415312,7172
data/raw/Salmonella/salmo.435.jpg,Salmonella,224,224,36949,28d2085075472a99d3d5e3043e4a65bb,7173
data/raw/Salmonella/salmo.436.jpg,Salmonella,224,224,28316,a94c563f97448155ebdc49a476c95d7f,7174
data/raw/Salmonella/salmo.437.jpg,Salmonella,224,224,47240,1496918934c93dd684fab59ffef52a25,7175
data/raw/Salmonella/salmo.438.jpg,Salmonella,224,224,47295,17f211b2b1cf9a116cb35bb0a07e853e,7176
data/raw/Salmonella/salmo.439.jpg,Salmonella,224,224,30394,b9e71c9c75d5448ecdc14a071604185a,7177
data/raw/Salmonella/salmo.44.jpg,Salmonella,224,224,34420,8dea9467593ed2281631f6c3e06a0576,7178
data/raw/Salmonella/salmo.440.jpg,Salmonella,224,224,39125,a7e6f093327c2faa2d615bff3524ef18,7179
data/raw/Salmonella/salmo.441.jpg,Salmonella,224,224,44213,b2cc144dc99ce0a95e0cc43b1406a07d,7180
data/raw/Salmonella/salmo.442.jpg,Salmonella,224,224,29667,8da6f1583c25d3dbc65fb13184040678,7181
data/raw/Salmonella/salmo.443.jpg,Salmonella,224,224,46948,f7e1a985a9d3ff6cdd3881e9055ba904,7182
data/raw/Salmonella/salmo.444.jpg,Salmonella,224,224,48841,dbf4b01846471164059c7344415098ed,7183
data/raw/Salmonella/salmo.445.jpg,Salmonella,224,224,40773,cb22298edec4d082a8e6ebe5b438ee6d,7184
data/raw/Salmonella/salmo.446.jpg,Salmonella,224,224,44591,455358d08a60ae75aae4ca0409866432,7185
data/raw/Salmonella/salmo.447.jpg,Salmonella,224,224,33098,d401219539904c08da9f57dec03e91a6,7186
data/raw/Salmonella/salmo.448.jpg,Salmonella,224,224,51983,7ca0c03512ae14f96ea8cf38f29b0689,7187
data/raw/Salmonella/salmo.449.jpg,Salmonella,224,224,37692,4a2c46bc7a5a8d908947bf822d954c9c,7188
data/raw/Salmonella/salmo.45.jpg,Salmonella,224,224,34204,04d9a39274455fe3e602de7ad6b41446,7189
data/raw/Salmonella/salmo.450.jpg,Salmonella,224,224,41035,818e990985b3ebddae3e1c19b0b79ce4,7190
data/raw/Salmonella/salmo.451.jpg,Salmonella,224,224,36128,a488d2ee13a6b8361b9a0d97a36340f7,7191
data/raw/Salmonella/salmo.452.jpg,Salmonella,224,224,36397,839de0c7f13b147b3d7d137d5886c61c,7192
data/raw/Salmonella/salmo.453.jpg,Salmonella,224,224,28233,4a7a9adb550110198b0956676824a45f,6136
data/raw/Salmonella/salmo.454.jpg,Salmonella,224,224,26348,c6d80a8e5e61c4927cb2ce55225aa2b3,7193
data/raw/Salmonella/salmo.455.jpg,Salmonella,224,224,45248,d437759de0b5c960d4685c6cddf273c0,7194
data/raw/Salmonella/salmo.456.jpg,Salmonella,224,224,39766,865be5ddb97c583c263aa8e5cf78780e,7195
data/raw/Salmonella/salmo.457.jpg,Salmonella,224,224,39905,fb72695b4e2a3c3c32786f4ab6c830fd,7196
data/raw/Salmonella/salmo.458.jpg,Salmonella,224,224,44392,ab9b54f6e463b6b281bab0c4d6166144,7197
data/raw/Salmonella/salmo.459.jpg,Salmonella,224,224,44613,373ab3ab14f265eef9a09489f937d609,7198
data/raw/Salmonella/salmo.46.jpg,Salmonella,224,224,22916,224e35740e078ec8adf4a2df89c77d91,7199
data/raw/Salmonella/salmo.460.jpg,Salmonella,224,224,35733,e7520df01e89f4a157db3c38e0246b03,7200
data/raw/Salmonella/salmo.461.jpg,Salmonella,224,224,43373,b4e33a3b97502b71c407476ec1d9a1f3,7201
data/raw/Salmonella/salmo.462.jpg,Salmonella,224,224,48890,5b263ccc66f50400f9e07f5f35e90784,7202
data/raw/Salmonella/salmo.463.jpg,Salmonella,224,224,45303,ba8552ba8a38e93dabcac99b8617c746,5775
data/raw/Salmonella/salmo.464.jpg,Salmonella,224,224,32731,61378a8c5479343cbdcd2b0fda25debf,7203
data/raw/Salmonella/salmo.465.jpg,Salmonella,224,224,24048,7623aac5637364acea5b1dd86e1ce665,7204
data/raw/Salmonella/salmo.466.jpg,Salmonella,224,224,38817,22ea0704dd9adaee524c04fc5b3bec08,7205
data/raw/Salmonella/salmo.467.jpg,Salmonella,224,224,37547,65fcbd3927c8d890d530e46b085de026,7206
data/raw/Salmonella/salmo.468.jpg,Salmonella,224,224,25128,2a73dfd2f6eabd04906e6ebe93deeb6e,7207
data/raw/Salmonella/salmo.469.jpg,Salmonella,224,224,37518,3a0c10fa7a685177ba9f6899e860dd64,7208
data/raw/Salmonella/salmo.47.jpg,Salmonella,224,224,23769,80d4d9a732486d594209bd76d866258d,7209
data/raw/Salmonella/salmo.470.jpg,Salmonella,224,224,28811,a53c1b985038b219d239f9facf9fea1f,7210
data/raw/Salmonella/salmo.471.jpg,Salmonella,224,224,41151,01f0c6df534123e0658c502d59c96659,7211
data/raw/Salmonella/salmo.472.jpg,Salmonella,224,224,42224,bac4f45c1c4f703935b3f307e0fdfef3,5833
data/raw/Salmonella/salmo.473.jpg,Salmonella,224,224,35152,cd03d5589ef212b3f3a03d6dd5d0e461,7212
data/raw/Salmonella/salmo.474.jpg,Salmonella,224,224,33860,66f8eb20bd2b4b0d2dc23ddffb3566a0,7213
data/raw/Salmonella/salmo.475.jpg,Salmonella,224,224,27793,41f51baad2a8f9f6c42eac7e5448e44f,7214
data/raw/Salmonella/salmo.476.jpg,Salmonella,224,224,26302,1d5cff9bc05b0133d82616363d781da7,7215
data/raw/Salmonella/salmo.477.jpg,Salmonella,224,224,43432,cd429ab195fd83eb348843542aea354e,7216
data/raw/Salmonella/salmo.478.jpg,Salmonella,224,224,34824,4391c4f7cec9c0c9412ad6959fccc497,7217
data/raw/Salmonella/salmo.479.jpg,Salmonella,224,224,42319,b180a33f42b7d232f593fc8e1012d1ae,7218
data/raw/Salmonella/salmo.48.jpg,Salmonella,224,224,27848,d6e1192b4512da7dde9bb9cd9a0b082f,7219
data/raw/Salmonella/salmo.480.jpg,Salmonella,224,224,60597,63905834756addb95f65275b88e395b4,7220
data/raw/Salmonella/salmo.481.jpg,Salmonella,224,224,41165,e228d4343164ca3adaf42117eaccccb0,7221
data/raw/Salmonella/salmo.482.jpg,Salmonella,224,224,32836,ee07a7bd0baa7ab288ca8c9100f0bbf9,6908
data/raw/Salmonella/salmo.483.jpg,Salmonella,224,224,42088,e935327c806be54e4a43f33dd5b2bf77,7222
data/raw/Salmonella/salmo.484.jpg,Salmonella,224,224,38150,cb108809ecf83258da1f5a64eeca0ea5,7223
data/raw/Salmonella/salmo.485.jpg,Salmonella,224,224,35086,68559e9c7cf38cb90e5ada2f90a2d651,7224
data/raw/Salmonella/salmo.486.jpg,Salmonella,224,224,28144,2fe318a22c883ea013d5f540334ae042,7225
data/raw/Salmonella/salmo.487.jpg,Salmonella,224,224,42520,421cf946fafc30e36fe13ece2dac6a1b,7226
data/raw/Salmonella/salmo.488.jpg,Salmonella,224,224,28851,92356b06e25fafe5ab9fb2a6fda512ad,7227
data/raw/Salmonella/salmo.489.jpg,Salmonella,224,224,32298,58e7dcb54311d1f46ee5af8f0d8b2410,7228
data/raw/Salmonella/salmo.49.jpg,Salmonella,224,224,48841,dbf4b01846471164059c7344415098ed,7183
data/raw/Salmonella/salmo.490.jpg,Salmonella,224,224,37401,b450d916e35a10924eb36c823a886c5b,7229
data/raw/Salmonella/salmo.491.jpg,Salmonella,224,224,28669,accb063dfc2aa5f798bb51859e053d82,7230
data/raw/Salmonella/salmo.492.jpg,Salmonella,224,224,43988,35ec04ff96c99ec31967a45fd90ac86f,7231
data/raw/Salmonella/salmo.493.jpg,Salmonella,224,224,45483,4382ce4de84d21ba4174e24f12110de0,6223
data/raw/Salmonella/salmo.494.jpg,Salmonella,224,224,40842,c0292a348fe46c832a6d296668e75b0a,7232
data/raw/Salmonella/salmo.495.jpg,Salmonella,224,224,30181,2ea78a36273e6d9f954f539bcb1877ea,7233
data/raw/Salmonella/salmo.496.jpg,Salmonella,224,224,42266,72ca1872482b0469937901baf3bffec0,7234
data/raw/Salmonella/salmo.497.jpg,Salmonella,224,224,32785,9f33c550df970d779f42e34297b2f87d,7235
data/raw/Salmonella/salmo.498.jpg,Salmonella,224,224,32836,ee07a7bd0baa7ab288ca8c9100f0bbf9,6908
data/raw/Salmonella/salmo.499.jpg,Salmonella,224,224,35384,6097d2d98dd86e250a3c744ffdc1d875,7236
data/raw/Salmonella/salmo.5.jpg,Salmonella,224,224,41778,4f655c972d4a04cd2d5187082a5a8fbc,7237
data/raw/Salmonella/salmo.50.jpg,Salmonella,224,224,36892,a26cc756e7012faeb73fa595336f0929,7238
data/raw/Salmonella/salmo.500.jpg,Salmonella,224,224,32727,e589763f82e6478180400658864b39d7,6052
data/raw/Salmonella/salmo.501.jpg,Salmonella,224,224,35852,abb1dd10eab554675745459f86cc6749,7239
data/raw/Salmonella/salmo.502.jpg,Salmonella,224,224,26586,324d770ca4c139f130cf3dbabcd1a599,7240
data/raw/Salmonella/salmo.503.jpg,Salmonella,224,224,41958,f1f807b41715e1e84b86a4943db2f970,7241
data/raw/Salmonella/salmo.504.jpg,Salmonella,224,224,21226,da8ec3932072699f990c36421da0e59a,7242
data/raw/Salmonella/salmo.505.jpg,Salmonella,224,224,44260,4abf0375d856cfc8874da83d220f35f3,7243
data/raw/Salmonella/salmo.506.jpg,Salmonella,224,224,34317,5611df1c3b14a46c45c6f6183a765961,7244
data/raw/Salmonella/salmo.507.jpg,Salmonella,224,224,43354,e1dee4b70155d9f2c2f2931b96a4acd7,7245
data/raw/Salmonella/salmo.508.jpg,Salmonella,224,224,36963,bda8ef0bc335cafb1aa7ea1552611c9f,7246
data/raw/Salmonella/salmo.509.jpg,Salmonella,224,224,34440,63caadf3d34849fd9154aaa59f29fc65,7247
data/raw/Salmonella/salmo.51.jpg,Salmonella,224,224,43138,eae7d5b608172c7dd4aeba6e021caa2e,7248
data/raw/Salmonella/salmo.510.jpg,Salmonella,224,224,33197,82c918c7f5b49addd4c5729fe63a52bc,6972
data/raw/Salmonella/salmo.511.jpg,Salmonella,224,224,45410,245aff657f40234a667ba175a6fdd394,7249
data/raw/Salmonella/salmo.512.jpg,Salmonella,224,224,30710,8d7fb1713888c626a81d45311be38a02,7250
data/raw/Salmonella/salmo.513.jpg,Salmonella,224,224,35335,e946e924ab63921a77ed4e7dbe4b5cad,7251
data/raw/Salmonella/salmo.514.jpg,Salmonella,224,224,35579,36de4f0b47c972e408f124fd92cdf5b0,7252
data/raw/Salmonella/salmo.515.jpg,Salmonella,224,224,47250,ddd5c735da80362107775f15831232a6,6524
data/raw/Salmonella/salmo.516.jpg,Salmonella,224,224,43990,e666a4a43552d573ff9282f72494916e,7253
data/raw/Salmonella/salmo.517.jpg,Salmonella,224,224,34698,97f330624954163c49fa91b8e05ff4bb,7254
data/raw/Salmonella/salmo.518.jpg,Salmonella,224,224,38996,b1324fe7517b1a132ffe19a0ddced144,7255
data/raw/Salmonella/salmo.519.jpg,Salmonella,224,224,28184,231060ab750468ad3d4ec786ba6a15e7,7256
data/raw/Salmonella/salmo.52.jpg,Salmonella,224,224,46936,54863ef09b6eb34c172432219775ef1f,7257
data/raw/Salmonella/salmo.520.jpg,Salmonella,224,224,33536,8a7b8225ed7a003c5a091c3c50e93fb0,7258
data/raw/Salmonella/salmo.521.jpg,Salmonella,224,224,23266,75751ec59a7cdc0f9d7040e214339182,7259
data/raw/Salmonella/salmo.522.jpg,Salmonella,224,224,50616,ea14b620a5eaba26b7521e4dd8a8c829,6358
data/raw/Salmonella/salmo.523.jpg,Salmonella,224,224,38041,f2ecb15c259651493246cee057a457f5,7260
data/raw/Salmonella/salmo.524.jpg,Salmonella,224,224,36645,3b751748b04be2c75b72067c2a905930,7261
data/raw/Salmonella/salmo.525.jpg,Salmonella,224,224,47148,23c2eee897cbf5d39c7463e70e89f309,7262
data/raw/Salmonella/salmo.526.jpg,Salmonella,224,224,35660,fac6ab777040177aef2c20d6a0317fc0,7263
data/raw/Salmonella/salmo.527.jpg,Salmonella,224,224,29271,88d6ca825383b473593e13497b7a6d9a,7264
data/raw/Salmonella/salmo.528.jpg,Salmonella,224,224,42877,43aca99662a779ca1efab97e68e1b9ba,7265
data/raw/Salmonella/salmo.529.jpg,Salmonella,224,224,44838,6ae9dec98a51c228beee4fb555971baa,7266
data/raw/Salmonella/salmo.53.jpg,Salmonella,224,224,41654,ed4c2302b991877296931201047b3f75,7267
data/raw/Salmonella/salmo.530.jpg,Salmonella,224,224,27437,7c1fe40674b5397995ef4b06fb5e2f3b,7268
data/raw/Salmonella/salmo.531.jpg,Salmonella,224,224,43020,56f80620f18d859c455fdebe1d26421c,7269
data/raw/Salmonella/salmo.532.jpg,Salmonella,224,224,23295,f456bdda99ee9c433a3925c0cf791869,7270
data/raw/Salmonella/salmo.533.jpg,Salmonella,224,224,43585,ea95f5687241228a529830cd65f308c5,7271
data/raw/Salmonella/salmo.534.jpg,Salmonella,224,224,45023,dbcd33e7d5c11100a63795171350401a,7272
data/raw/Salmonella/salmo.535.jpg,Salmonella,224,224,45684,c4fb886a69167049c6a00c3669f4dfd1,7273
data/raw/Salmonella/salmo.536.jpg,Salmonella,224,224,38050,972197ef01fa844795e872038f755f6b,7274
data/raw/Salmonella/salmo.537.jpg,Salmonella,224,224,22422,7f938704eaaf21004c86c94a0a72edcd,6952
data/raw/Salmonella/salmo.538.jpg,Salmonella,224,224,39799,fc2c73e4983eacfee48e429ae1eb1ab4,7275
data/raw/Salmonella/salmo.539.jpg,Salmonella,224,224,34659,39ba83630d13f916c793661fe61d7538,6510
data/raw/Salmonella/salmo.54.jpg,Salmonella,224,224,43792,07705ac485129bb615e7649e902a27aa,7276
data/raw/Salmonella/salmo.540.jpg,Salmonella,224,224,23861,0eb72117e10af967bb09928b6b7e0739,7277
data/raw/Salmonella/salmo.541.jpg,Salmonella,224,224,41175,a6826308d4b630ecd4c9708e2573b213,7278
data/raw/Salmonella/salmo.542.jpg,Salmonella,224,224,42340,7652e4a38ce410269b71b81cc26a4377,7279
data/raw/Salmonella/salmo.543.jpg,Salmonella,224,224,35434,76cea925b9df850caacdcb25baca847e,7280
data/raw/Salmonella/salmo.544.jpg,Salmonella,224,224,30507,67dcd51a5544196bdba927d97663eaa7,7281
data/raw/Salmonella/salmo.545.jpg,Salmonella,224,224,32287,1db75f4a6046032fd48f470155521ea7,6537
data/raw/Salmonella/salmo.546.jpg,Salmonella,224,224,43409,9b52441abb3a191c9cd68b0b2f94bf79,6373
data/raw/Salmonella/salmo.547.jpg,Salmonella,224,224,45506,c65bdc2b3761d04beb1a1a3d5cbefcd4,7282
data/raw/Salmonella/salmo.548.jpg,Salmonella,224,224,30593,4d4742b9cabcc89ba691448a1c619626,7283
data/raw/Salmonella/salmo.549.jpg,Salmonella,224,224,30524,146e504ead1307fbda3922876d055d7b,7284
data/raw/Salmonella/salmo.55.jpg,Salmonella,224,224,33255,91d5353249990815cb4ac182aa53c9a1,7285
data/raw/Salmonella/salmo.550.jpg,Salmonella,224,224,40715,c2e54ebfc9679af5f83111f72f6590a7,7286
data/raw/Salmonella/salmo.551.jpg,Salmonella,224,224,41536,ed20575f0f389bce562f450473557b05,7287
data/raw/Salmonella/salmo.552.jpg,Salmonella,224,224,48568,65fdab4bdf29f6c8a7f8f902c108f65e,5935
data/raw/Salmonella/salmo.553.jpg,Salmonella,224,224,35339,5a7d5c36a0127e6122452ec1b9b14cff,7288
data/raw/Salmonella/salmo.554.jpg,Salmonella,224,224,43218,0f21dbdf41f515c18c7266a395ac9706,7289
data/raw/Salmonella/salmo.555.jpg,Salmonella,224,224,34789,15f2670f4aa6fd9accdb6373724b2bf0,7290
data/raw/Salmonella/salmo.556.jpg,Salmonella,224,224,28561,abeb3fa792e8e9c92ab4cbed3d1f47b8,7291
data/raw/Salmonella/salmo.557.jpg,Salmonella,224,224,38948,53c8943880aa13ed370e7859f4f34faf,6124
data/raw/Salmonella/salmo.558.jpg,Salmonella,224,224,42856,74de577fc6b049662ceacf145cec4186,7292
data/raw/Salmonella/salmo.559.jpg,Salmonella,224,224,28515,a87d3fe546634fcf73a3ce8dd3c56eb4,7293
data/raw/Salmonella/salmo.56.jpg,Salmonella,224,224,50616,ea14b620a5eaba26b7521e4dd8a8c829,6358
data/raw/Salmonella/salmo.560.jpg,Salmonella,224,224,44102,ec7bb047bffad46d9c7798a93122b1b2,7294
data/raw/Salmonella/salmo.561.jpg,Salmonella,224,224,40404,81e75325f16b268b1248bd9241a405fb,7295
data/raw/Salmonella/salmo.562.jpg,Salmonella,224,224,41818,6987d6368c6c3d99e069447c54cdb200,7296
data/raw/Salmonella/salmo.563.jpg,Salmonella,224,224,39127,a7be0a8c961d5b8a81791fcbe01148cd,5774
data/raw/Salmonella/salmo.564.jpg,Salmonella,224,224,40702,b1457e8d2a55ebcc009db4ba58f642ea,7297
data/raw/Salmonella/salmo.565.jpg,Salmonella,224,224,42011,ed2b4700bd4a0322da0a5cd9edf077ce,7298
data/raw/Salmonella/salmo.566.jpg,Salmonella,224,224,34167,f40903dd478a185171ba360037d9bbab,7299
data/raw/Salmonella/salmo.567.jpg,Salmonella,224,224,37461,527830dee1f3e1c076b7f20dcea15911,7300
data/raw/Salmonella/salmo.568.jpg,Salmonella,224,224,47374,2a543fb82557ad8ebaaebba9fa047676,7301
data/raw/Salmonella/salmo.569.jpg,Salmonella,224,224,28248,0c196db34706108936221f94609684c9,7302
data/raw/Salmonella/salmo.57.jpg,Salmonella,224,224,40200,8e630bfaca0db33ba8b3e3af7ad29cda,7303
data/raw/Salmonella/salmo.570.jpg,Salmonella,224,224,39329,857ef5e1f6d3f04e36388109a2abe999,7304
data/raw/Salmonella/salmo.571.jpg,Salmonella,224,224,44618,96adcc5233c86710db459ed1062cdf49,7305
data/raw/Salmonella/salmo.572.jpg,Salmonella,224,224,31206,403ed6baf745e1d7c751a86a422c5747,7306
data/raw/Salmonella/salmo.573.jpg,Salmonella,224,224,33273,2e09649dd6f5de6f31c7fbe8d9018b41,7307
data/raw/Salmonella/salmo.574.jpg,Salmonella,224,224,19919,05ef777b872c5342484c3b1eff2db919,7308
data/raw/Salmonella/salmo.575.jpg,Salmonella,224,224,43273,7897f605e494260e645a4e15f1e58d31,7309
data/raw/Salmonella/salmo.576.jpg,Salmonella,224,224,41516,fe0eb545b44d4966927bc8e165bc7d30,7310
data/raw/Salmonella/salmo.577.jpg,Salmonella,224,224,26775,43f05284a3d4251176ad5250916d0be5,7311
data/raw/Salmonella/salmo.578.jpg,Salmonella,224,224,62256,7053532556da7550601e087b47cc7c55,7312
data/raw/Salmonella/salmo.579.jpg,Salmonella,224,224,26365,12267ce5786f0ccc1773590b155faf9e,7313
data/raw/Salmonella/salmo.58.jpg,Salmonella,224,224,37558,89d9f774d0662dec72be37afb4281b99,6244
data/raw/Salmonella/salmo.580.jpg,Salmonella,224,224,45247,fe2d2b20116c2bb5a02fd7bd84e18f7c,5800
data/raw/Salmonella/salmo.581.jpg,Salmonella,224,224,30301,48483ebf51f231a0fedb32f7e1883811,7314
data/raw/Salmonella/salmo.582.jpg,Salmonella,224,224,26794,9921590048ce6eb9a1d2bd33097030fd,7315
data/raw/Salmonella/salmo.583.jpg,Salmonella,224,224,26347,d3c19bda94c65531ce4a278f2c244a25,7316
data/raw/Salmonella/salmo.584.jpg,Salmonella,224,224,43471,465efd6ad52d9f6fded23834cdddae2f,7317
data/raw/Salmonella/salmo.585.jpg,Salmonella,224,224,38009,f887c98498a4da3d2e283d186235a56d,7318
data/raw/Salmonella/salmo.586.jpg,Salmonella,224,224,35916,335d10fae461f0798d82cab97a949e75,7319
data/raw/Salmonella/salmo.587.jpg,Salmonella,224,224,22827,8681f411f1e086501cf82654f7e98dc8,7320
data/raw/Salmonella/salmo.588.jpg,Salmonella,224,224,37768,153096372b28ebf127e976cc6a1db201,7321
data/raw/Salmonella/salmo.589.jpg,Salmonella,224,224,35274,2ab584d7a8ba05b5d9535ceea03e00ba,7322
data/raw/Salmonella/salmo.59.jpg,Salmonella,224,224,35589,66806836966a0867a1b175a392c936eb,7323
data/raw/Salmonella/salmo.590.jpg,Salmonella,224,224,45400,7338fdda94c8a71d788ea042a09864c1,7324
data/raw/Salmonella/salmo.591.jpg,Salmonella,224,224,34856,dd0e3bc4c2e410e33b8577716c66f175,7325
data/raw/Salmonella/salmo.592.jpg,Salmonella,224,224,30020,2cb8dda55aa8e24a3c9584b483bf571c,7326
data/raw/Salmonella/salmo.593.jpg,Salmonella,224,224,28697,f2c7a94196e956f5cb60fcb761629d9e,7327
data/raw/Salmonella/salmo.594.jpg,Salmonella,224,224,41932,101d11a1eb96c2d4f30ad3b7a7ba4b8d,7328
data/raw/Salmonella/salmo.595.jpg,Salmonella,224,224,36850,832b4e9ec0d3391d39da677ae022bfbd,7329
data/raw/Salmonella/salmo.596.jpg,Salmonella,224,224,47361,d9ff180dbff591e8d7bab7a8eed5251e,5796
data/raw/Salmonella/salmo.597.jpg,Salmonella,224,224,43923,8c1f4ac9f38b134da7da5b0d8029e500,5722
data/raw/Salmonella/salmo.598.jpg,Salmonella,224,224,35377,0f0a8222e399d8ae8bd011d477f6f4ab,7330
data/raw/Salmonella/salmo.599.jpg,Salmonella,224,224,33990,b09627f927d1fdfdf55078e0e85a23ae,7331
data/raw/Salmonella/salmo.6.jpg,Salmonella,224,224,40206,f967e8901f3c15715e90aec790ad4103,7332
data/raw/Salmonella/salmo.60.jpg,Salmonella,224,224,29795,999875fa2f77135aa0254c6e219fbf09,7333
data/raw/Salmonella/salmo.600.jpg,Salmonella,224,224,33117,f4e607d01d62959620873ce9bb04d88e,7334
data/raw/Salmonella/salmo.601.jpg,Salmonella,224,224,42652,fa6d099c45f7324e17d03d3659b51115,7335
data/raw/Salmonella/salmo.602.jpg,Salmonella,224,224,43141,d3deda09f712566ca545c6c583c6ab00,7336
data/raw/Salmonella/salmo.603.jpg,Salmonella,224,224,31634,87e715cfd1cf7f1be970d730f939cf59,5749
data/raw/Salmonella/salmo.604.jpg,Salmonella,224,224,33918,5d980036f1c72e861f0ff48d861fe6d0,7337
data/raw/Salmonella/salmo.605.jpg,Salmonella,224,224,35802,884be74de82772d34f92dbc1758a8d70,7338
data/raw/Salmonella/salmo.606.jpg,Salmonella,224,224,46317,24a003dafccd4cf30743075f78a3b475,7339
data/raw/Salmonella/salmo.607.jpg,Salmonella,224,224,40437,4feb6ab44d07d80a0177d72471c69bea,7340
data/raw/Salmonella/salmo.608.jpg,Salmonella,224,224,25307,8abdc58ee08444b4ead1d319b8aabc5c,7341
data/raw/Salmonella/salmo.609.jpg,Salmonella,224,224,27872,d67fb3831182c96091f14c222750e002,7342
data/raw/Salmonella/salmo.61.jpg,Salmonella,224,224,29535,044231932f27133557f38586ef3ba0b3,7343
data/raw/Salmonella/salmo.610.jpg,Salmonella,224,224,45921,44f00d24acc3e6a3bf91bdc0d7343ea4,7344
data/raw/Salmonella/salmo.611.jpg,Salmonella,224,224,44999,d3ad696978431a124480876a94eb7629,7345
data/raw/Salmonella/salmo.612.jpg,Salmonella,224,224,24229,deef345d81119d2d14b5b35b03f7bd08,7346
data/raw/Salmonella/salmo.613.jpg,Salmonella,224,224,39335,e3dae57daf48c00f05e25ba6d545674c,6519
data/raw/Salmonella/salmo.614.jpg,Salmonella,224,224,36836,37f588dd9a77e749438e023e4db0021a,7347
data/raw/Salmonella/salmo.615.jpg,Salmonella,224,224,23411,990729423e9d92b40c5cdaa676e65f89,7348
data/raw/Salmonella/salmo.616.jpg,Salmonella,224,224,36915,6fd88a8912fbf9419e16ee1291d9931f,7349
data/raw/Salmonella/salmo.617.jpg,Salmonella,224,224,28512,3be2ba4d23daf62b6c276fe291c92e40,6686
data/raw/Salmonella/salmo.618.jpg,Salmonella,224,224,24206,7343d78d7db41db46fe564460687f849,7350
data/raw/Salmonella/salmo.619.jpg,Salmonella,224,224,40605,2de2f980323d6480e878a7903ca57b7c,7351
data/raw/Salmonella/salmo.62.jpg,Salmonella,224,224,23916,f01a7df1f45d4d77fb0f2d761d2cb756,6234
data/raw/Salmonella/salmo.620.jpg,Salmonella,224,224,27300,147a094d2345867ce44244171b23b4c2,7352
data/raw/Salmonella/salmo.621.jpg,Salmonella,224,224,39360,37820225d921248054073963f740d1e0,7353
data/raw/Salmonella/salmo.622.jpg,Salmonella,224,224,32871,8adac0748d892a775b432c4fba3d5fff,7354
data/raw/Salmonella/salmo.623.jpg,Salmonella,224,224,37599,abf887ec0b5800db3a4dc92d8f3ac0a9,7355
data/raw/Salmonella/salmo.624.jpg,Salmonella,224,224,28665,157d17a633131e2abdf3538ef9ac7b26,7356
data/raw/Salmonella/salmo.625.jpg,Salmonella,224,224,26807,485ae568b0928afa0fdc4132b74821cd,7357
data/raw/Salmonella/salmo.626.jpg,Salmonella,224,224,28124,8a4ebaa9ec1ac0bb5e4c068670570ec7,7358
data/raw/Salmonella/salmo.627.jpg,Salmonella,224,224,42261,15f7ad966dacca460f8e4c50ac656105,7359
data/raw/Salmonella/salmo.628.jpg,Salmonella,224,224,33898,533acab7292e98bd1d30e8f4c4e385a7,7360
data/raw/Salmonella/salmo.629.jpg,Salmonella,224,224,54975,89cd691966f7620f55da72af17edb369,7361
data/raw/Salmonella/salmo.63.jpg,Salmonella,224,224,38500,689543f4f0107ef695dd59788b43d5e0,7362
data/raw/Salmonella/salmo.630.jpg,Salmonella,224,224,29389,29693fc804008a95f1c927110f161983,7363
data/raw/Salmonella/salmo.631.jpg,Salmonella,224,224,24048,7623aac5637364acea5b1dd86e1ce665,7204
data/raw/Salmonella/salmo.632.jpg,Salmonella,224,224,51133,97d260a378ea1124e9226237bf8de8b7,7364
data/raw/Salmonella/salmo.633.jpg,Salmonella,224,224,18015,8fc69c34048975f819dbea31085708ec,7365
data/raw/Salmonella/salmo.634.jpg,Salmonella,224,224,33677,d9920daa187f5e68039effda20b2b043,7366
data/raw/Salmonella/salmo.635.jpg,Salmonella,224,224,35227,31ae02e8953112bdfff61c98436d8900,7367
data/raw/Salmonella/salmo.636.jpg,Salmonella,224,224,21560,73cf721e5e8da406dd2351d7dccf8147,7368
data/raw/Salmonella/salmo.637.jpg,Salmonella,224,224,43225,a019632097ae55a60d2ce988138244f1,5905
data/raw/Salmonella/salmo.638.jpg,Salmonella,224,224,56964,dc9e80221a30920adeb5da59e2c7b0bb,7369
data/raw/Salmonella/salmo.639.jpg,Salmonella,224,224,24722,b398729564c71637fccae9550496031c,7370
data/raw/Salmonella/salmo.64.jpg,Salmonella,224,224,25183,bc7f71b869adf682704b613ceb455165,7371
data/raw/Salmonella/salmo.640.jpg,Salmonella,224,224,24327,717fa94745fe48e282110a40bb1bb339,7372
data/raw/Salmonella/salmo.641.jpg,Salmonella,224,224,33356,88da84fd2912c6eaf5504b581e35b95e,7373
data/raw/Salmonella/salmo.642.jpg,Salmonella,224,224,25871,0be3c6502186dd9d2c971623e6ada656,7374
data/raw/Salmonella/salmo.643.jpg,Salmonella,224,224,46640,de3e7e56407f1532c9326b01e9db51a8,7375
data/raw/Salmonella/salmo.644.jpg,Salmonella,224,224,32321,3ddd6761161c2bd7d24061968b0f44af,7376
data/raw/Salmonella/salmo.645.jpg,Salmonella,224,224,45734,40edad11b533dd0c11dcaba7f619ea82,7377
data/raw/Salmonella/salmo.646.jpg,Salmonella,224,224,39806,47e23321f0887790f89121cf3232c7e4,6018
data/raw/Salmonella/salmo.647.jpg,Salmonella,224,224,20705,f906cbd68460a806c0110a7d70417609,7378
data/raw/Salmonella/salmo.648.jpg,Salmonella,224,224,20995,049ab39ee91090c7be352dfcb3165872,7379
data/raw/Salmonella/salmo.649.jpg,Salmonella,224,224,41860,fcd518e6e7a363cf222ebd3ef0f69a5d,7380
data/raw/Salmonella/salmo.65.jpg,Salmonella,224,224,43548,434ed3a81d83a9f169efc046d868e970,7381
data/raw/Salmonella/salmo.650.jpg,Salmonella,224,224,31023,0b3f9cce3fca50d7c3257b37fb1539be,7382
data/raw/Salmonella/salmo.651.jpg,Salmonella,224,224,27026,fb3864f544448b463f2fc02de7da72bf,7383
data/raw/Salmonella/salmo.652.jpg,Salmonella,224,224,51886,52f114453fa415b15291180825786c34,7384
data/raw/Salmonella/salmo.653.jpg,Salmonella,224,224,30319,d5deee1ac9f3dc581fef98c47cb102da,7385
data/raw/Salmonella/salmo.654.jpg,Salmonella,224,224,27551,3eb67f014e5315906a039605b8fd4502,7386
data/raw/Salmonella/salmo.655.jpg,Salmonella,224,224,20451,ecb8877e3d9f164aea0aecbc57b4e7d9,7387
data/raw/Salmonella/salmo.656.jpg,Salmonella,224,224,44829,5cb0e29e81db6df0477def52686124ef,7388
data/raw/Salmonella/salmo.657.jpg,Salmonella,224,224,39440,647e58cc20ffdc8f320bdea079335141,7389
data/raw/Salmonella/salmo.658.jpg,Salmonella,224,224,40071,a4faa40b48ebfe0f30ed493082eb783b,7390
data/raw/Salmonella/salmo.659.jpg,Salmonella,224,224,44688,94bf68f70727ac477c95ee92fd52910f,7391
data/raw/Salmonella/salmo.66.jpg,Salmonella,224,224,37640,5fa2ba42ba7573b4c3e7d07166aecc68,7392
data/raw/Salmonella/salmo.660.jpg,Salmonella,224,224,49609,0af24f12bb6406f41da40b581855e1cd,7393
data/raw/Salmonella/salmo.661.jpg,Salmonella,224,224,22827,183c0d6dedd2b88e4134ef99310ea1fd,7394
data/raw/Salmonella/salmo.662.jpg,Salmonella,224,224,24389,bc435013d5f0d85c9f017f3e481d5a98,7395
data/raw/Salmonella/salmo.663.jpg,Salmonella,224,224,33426,40f4fa82f010f5a0b73e581293508932,7396
data/raw/Salmonella/salmo.664.jpg,Salmonella,224,224,38979,3b817b0a619a6842b13da3a304c9c934,7397
data/raw/Salmonella/salmo.665.jpg,Salmonella,224,224,40864,376c1ad9094751106d6402934b8015f5,7398
data/raw/Salmonella/salmo.666.jpg,Salmonella,224,224,39128,e26bc88a09119abf5c05c0599068bd8f,7399
data/raw/Salmonella/salmo.667.jpg,Salmonella,224,224,33240,a7478b43d372af90283aaa62ee1c1986,7400
data/raw/Salmonella/salmo.668.jpg,Salmonella,224,224,36075,4b242ee8d75035e73a3de416e33db54c,7401
data/raw/Salmonella/salmo.669.jpg,Salmonella,224,224,37912,773c377b3af697608b8dea8ec66f6441,7402
data/raw/Salmonella/salmo.67.jpg,Salmonella,224,224,37710,5d7f56802d0e9d907cc641d7c954ba05,7403
data/raw/Salmonella/salmo.670.jpg,Salmonella,224,224,21678,cc9ad8a01b020d4d695288114fd9c051,5693
data/raw/Salmonella/salmo.671.jpg,Salmonella,224,224,21952,c5e07f3dd9cb93a1b200af539b92630a,7404
data/raw/Salmonella/salmo.672.jpg,Salmonella,224,224,31034,b5090fbc0b7510d78567d1c2da72bd61,7405
data/raw/Salmonella/salmo.673.jpg,Salmonella,224,224,23655,565d66025da852a7494049476ead3d1b,7406
data/raw/Salmonella/salmo.674.jpg,Salmonella,224,224,42261,15f7ad966dacca460f8e4c50ac656105,7359
data/raw/Salmonella/salmo.675.jpg,Salmonella,224,224,44733,598f80cc8ce7c6757372abcf33ec5df3,7407
data/raw/Salmonella/salmo.676.jpg,Salmonella,224,224,30159,9dce54b0c4215c30ae1b85a6b39ca0bc,7408
data/raw/Salmonella/salmo.677.jpg,Salmonella,224,224,32434,5911b5da9e74bfb0083af1a021de9f74,7409
data/raw/Salmonella/salmo.678.jpg,Salmonella,224,224,32351,afb0ae400454ee77962e13479104c522,5692
data/raw/Salmonella/salmo.679.jpg,Salmonella,224,224,26527,81209b61b6ac55d735ed7fefac2a67e5,7410
data/raw/Salmonella/salmo.68.jpg,Salmonella,224,224,45143,1d07e27709a795774d7e43ed63e253cd,7411
data/raw/Salmonella/salmo.680.jpg,Salmonella,224,224,42787,6192792f40ed874d4eb12972f2b08db2,7412
data/raw/Salmonella/salmo.681.jpg,Salmonella,224,224,30650,367ed63437ab4c3fa463934e78bfe2d6,7413
data/raw/Salmonella/salmo.682.jpg,Salmonella,224,224,35271,4a56c5ff269dc553919617d2aaf17c26,7414
data/raw/Salmonella/salmo.683.jpg,Salmonella,224,224,30507,acbbc87a1543f1aa485dcdb10537f184,7415
data/raw/Salmonella/salmo.684.jpg,Salmonella,224,224,29339,b0138b80843da972b5b76f08e7c37f20,6401
data/raw/Salmonella/salmo.685.jpg,Salmonella,224,224,41428,46131102694a7ee0cfe76bf1681c53c8,7416
data/raw/Salmonella/salmo.686.jpg,Salmonella,224,224,36253,b7141ac920ee89f90846a56941f4f052,7417
data/raw/Salmonella/salmo.687.jpg,Salmonella,224,224,39058,e199c3775083049c36ffebf211c537da,7418
data/raw/Salmonella/salmo.688.jpg,Salmonella,224,224,42224,bac4f45c1c4f703935b3f307e0fdfef3,5833
data/raw/Salmonella/salmo.689.jpg,Salmonella,224,224,25284,3e7c534e7b9ea529bc6be4acb92aa588,7419
data/raw/Salmonella/salmo.69.jpg,Salmonella,224,224,44853,dad19a750d6d4168260190b13dee4517,6590
data/raw/Salmonella/salmo.690.jpg,Salmonella,224,224,39789,90be74b136c2e8f4fa0ef51acd1dbfbd,5626
data/raw/Salmonella/salmo.691.jpg,Salmonella,224,224,37157,990b54688be8774cb3700e6e640bae3a,7420
data/raw/Salmonella/salmo.692.jpg,Salmonella,224,224,44474,ff4259c8b6b45ed28bd8c1d88efac2bb,7421
data/raw/Salmonella/salmo.693.jpg,Salmonella,224,224,35786,88d1e51a1ed889eca611186072a31009,7422
data/raw/Salmonella/salmo.694.jpg,Salmonella,224,224,30354,d3a621574f0100bebc563ef80753f2e9,7423
data/raw/Salmonella/salmo.695.jpg,Salmonella,224,224,43779,c48f3a2d72a498af36a0a8430fc36a8d,7424
data/raw/Salmonella/salmo.696.jpg,Salmonella,224,224,38858,04066416be609e5a943bf1c6e903d745,6107
data/raw/Salmonella/salmo.697.jpg,Salmonella,224,224,29545,843422751e1524ecf2f5f7034ab9808e,6056
data/raw/Salmonella/salmo.698.jpg,Salmonella,224,224,42667,31455bb5cc185a221febea69e3b2db5d,7425
data/raw/Salmonella/salmo.699.jpg,Salmonella,224,224,42805,1ef71915982c5c69e7f0c20c849a3190,7426
data/raw/Salmonella/salmo.7.jpg,Salmonella,224,224,36524,073fdb6c707a3ebb27d536ecbc23cd4d,7427
data/raw/Salmonella/salmo.70.jpg,Salmonella,224,224,40577,74feae13a50a48b0ae7271b122af60e4,7428
data/raw/Salmonella/salmo.700.jpg,Salmonella,224,224,28034,5e6fb2da61dff9167009c18c6853a1c7,5753
data/raw/Salmonella/salmo.701.jpg,Salmonella,224,224,30181,4f4f6f1abb404eb0891a0c3d6fe60205,7429
data/raw/Salmonella/salmo.702.jpg,Salmonella,224,224,27061,5443209fec829bf4a5db5c49d2581fdb,5851
data/raw/Salmonella/salmo.703.jpg,Salmonella,224,224,28359,ea45b491c939f92490aa3177429009a3,7430
data/raw/Salmonella/salmo.704.jpg,Salmonella,224,224,36177,c9c155aa0500905b2bba880179b95c9f,7431
data/raw/Salmonella/salmo.705.jpg,Salmonella,224,224,28998,e68880e81c154b30604b6e4b7cb509f1,7432
data/raw/Salmonella/salmo.706.jpg,Salmonella,224,224,40236,bb3c8c1b876d56041fed6cb17dd9c4e8,7433
data/raw/Salmonella/salmo.707.jpg,Salmonella,224,224,45190,a6bfb2fbc19f899d9428205d022f88e3,7434
data/raw/Salmonella/salmo.708.jpg,Salmonella,224,224,30753,2b231c98217427ee862abaa84aa889d7,7435
data/raw/Salmonella/salmo.709.jpg,Salmonella,224,224,33207,b9542fdf1d2641d8173b889495cbd750,7436
data/raw/Salmonella/salmo.71.jpg,Salmonella,224,224,25351,2d3314f1e50932037cfc5fcdc7bab6de,7437
data/raw/Salmonella/salmo.710.jpg,Salmonella,224,224,34901,084ba32b1310a827d0553fd71ac2a135,7438
data/raw/Salmonella/salmo.711.jpg,Salmonella,224,224,19967,c406e7eb384655ec0e1cc6fde4c85cb6,7160
data/raw/Salmonella/salmo.712.jpg,Salmonella,224,224,24981,1342bb4a7b3d4fe901bc7e7548f38e6a,7439
data/raw/Salmonella/salmo.713.jpg,Salmonella,224,224,42224,bac4f45c1c4f703935b3f307e0fdfef3,5833
data/raw/Salmonella/salmo.714.jpg,Salmonella,224,224,34057,e2bbdaf1ae8c384237b8c3f2dd518775,7072
data/raw/Salmonella/salmo.715.jpg,Salmonella,224,224,29132,7220a4b3620f62c78f0f83863e426f94,7440
data/raw/Salmonella/salmo.716.jpg,Salmonella,224,224,38687,463aca7bc3a7d711f34c2d77b5edd346,6766
data/raw/Salmonella/salmo.717.jpg,Salmonella,224,224,47032,6a4609ab55b4dd0214ea7b21b4e9846f,7441
data/raw/Salmonella/salmo.718.jpg,Salmonella,224,224,49794,0cc2fb69f2d5c20943e2b489e699cb9e,7442
data/raw/Salmonella/salmo.719.jpg,Salmonella,224,224,42469,6ae0fce3cb757e60f8b9efbeeb6b804e,7443
data/raw/Salmonella/salmo.72.jpg,Salmonella,224,224,38489,b61e05b7312ef321f91511e5effb5573,7444
data/raw/Salmonella/salmo.720.jpg,Salmonella,224,224,19143,4f312fc4047a12c49e01f2f26d92174f,7445
data/raw/Salmonella/salmo.721.jpg,Salmonella,224,224,30682,c38e07dd0be4400242f88f7ea6f3d21e,7446
data/raw/Salmonella/salmo.722.jpg,Salmonella,224,224,45028,11f535f07c6d4b9b549ee44849946ebd,6007
data/raw/Salmonella/salmo.723.jpg,Salmonella,224,224,35085,2ca38644844cebc0ee5e78045894bc42,7447
data/raw/Salmonella/salmo.724.jpg,Salmonella,224,224,43965,48bc98bbaa87a89ed6d5e88d730183be,7448
data/raw/Salmonella/salmo.725.jpg,Salmonella,224,224,36989,7928415153154505f51322e6db3bc584,7449
data/raw/Salmonella/salmo.726.jpg,Salmonella,224,224,46324,1e36967facaa7f81ec9bc1f4075891e3,7450
data/raw/Salmonella/salmo.727.jpg,Salmonella,224,224,43706,bb730d9c71cf1d745a1b1f94baabee03,7451
data/raw/Salmonella/salmo.728.jpg,Salmonella,224,224,45688,96522b03e6ce8da092c48a68c3000a17,7452
data/raw/Salmonella/salmo.729.jpg,Salmonella,224,224,25757,47ed397115f67cc9578807d22dbc88ec,7453
data/raw/Salmonella/salmo.73.jpg,Salmonella,224,224,33460,1d797a1c402d789f90a139aa557e5d27,7454
data/raw/Salmonella/salmo.730.jpg,Salmonella,224,224,34697,a0cdeb969a51876fa04f8d0940c49806,7455
data/raw/Salmonella/salmo.731.jpg,Salmonella,224,224,42166,8bbc31299617822830d0470e3e1ed6e4,7456
data/raw/Salmonella/salmo.732.jpg,Salmonella,224,224,41637,092b90ba751fdb2f2b696f8ed391d045,6371
data/raw/Salmonella/salmo.733.jpg,Salmonella,224,224,36625,e7f21192aec4f7842f8544b61609c969,7457
data/raw/Salmonella/salmo.734.jpg,Salmonella,224,224,32083,045e526cc3daddd12173d358ef3f507a,7458
data/raw/Salmonella/salmo.735.jpg,Salmonella,224,224,29963,fccce44cdb785b80b53c6281d687c5ae,7459
data/raw/Salmonella/salmo.736.jpg,Salmonella,224,224,29723,48f1148068c6d8e35fc95923e40c5915,7460
data/raw/Salmonella/salmo.737.jpg,Salmonella,224,224,34474,b719514a7829042483c938dd318e386b,6194
data/raw/Salmonella/salmo.738.jpg,Salmonella,224,224,41923,47ff31cb4908b0d35fdf8f8bd67e02ee,7461
data/raw/Salmonella/salmo.739.jpg,Salmonella,224,224,43890,9ba3ea47c8b4de95155c15b5abb59bc7,7462
data/raw/Salmonella/salmo.74.jpg,Salmonella,224,224,39362,8b6cb87608bd2491881fb92495de4a74,7463
data/raw/Salmonella/salmo.740.jpg,Salmonella,224,224,42196,d3f9da7a93eb35ce5e96e2467d888889,7464
data/raw/Salmonella/salmo.741.jpg,Salmonella,224,224,24477,31dc41a358f68ef5539646123a3ea591,7465
data/raw/Salmonella/salmo.742.jpg,Salmonella,224,224,49443,f0fe50a8d3d3307100e618f099118ccf,7058
data/raw/Salmonella/salmo.743.jpg,Salmonella,224,224,36190,edc527a212e0491534b0fef54fd70f88,7466
data/raw/Salmonella/salmo.744.jpg,Salmonella,224,224,27640,53ed22469685a73915515a6c234d4cf9,7467
data/raw/Salmonella/salmo.745.jpg,Salmonella,224,224,39555,08b819a58df6edd819394799135612f9,7468
data/raw/Salmonella/salmo.746.jpg,Salmonella,224,224,45379,2aa1e3cb9ba2770a9d5a314e958be7bf,7469
data/raw/Salmonella/salmo.747.jpg,Salmonella,224,224,43185,0080861583c306d82cd8f8d335729332,7470
data/raw/Salmonella/salmo.748.jpg,Salmonella,224,224,49443,f0fe50a8d3d3307100e618f099118ccf,7058
data/raw/Salmonella/salmo.749.jpg,Salmonella,224,224,45410,245aff657f40234a667ba175a6fdd394,7249
data/raw/Salmonella/salmo.75.jpg,Salmonella,224,224,33414,5bf3217e351defca3e84bfcbb1d2ac1e,7471
data/raw/Salmonella/salmo.750.jpg,Salmonella,224,224,27390,2aecc9e5d6a8cc7a0e56f3ee379b1c14,7472
data/raw/Salmonella/salmo.751.jpg,Salmonella,224,224,46377,8dfbe5bbb527f4a80936310e48e9bbb0,7473
data/raw/Salmonella/salmo.752.jpg,Salmonella,224,224,23761,c545cd6efd1716b2e86a78ebf14ca1e6,7474
data/raw/Salmonella/salmo.753.jpg,Salmonella,224,224,29933,ea960ecdead08f2186484229c323f783,7475
data/raw/Salmonella/salmo.754.jpg,Salmonella,224,224,46801,38a4a7b672b40ec23a5659b7916ac2d5,7476
data/raw/Salmonella/salmo.755.jpg,Salmonella,224,224,41337,b023b9e637dd8304a9e6426605363cac,7477
data/raw/Salmonella/salmo.756.jpg,Salmonella,224,224,37512,96fedd89b1a34eb5831a5b2ff543c7c6,7478
data/raw/Salmonella/salmo.757.jpg,Salmonella,224,224,29339,b0138b80843da972b5b76f08e7c37f20,6401
data/raw/Salmonella/salmo.758.jpg,Salmonella,224,224,44829,efe9cafbc8cdb5f7fdaacca4d358397a,7479
data/raw/Salmonella/salmo.759.jpg,Salmonella,224,224,40144,d89fc710d5f24eb61d5d920272d22d23,7480
data/raw/Salmonella/salmo.76.jpg,Salmonella,224,224,31074,35dae790af5cba5a472a8df686a75735,7481
data/raw/Salmonella/salmo.760.jpg,Salmonella,224,224,37692,4a2c46bc7a5a8d908947bf822d954c9c,7188
data/raw/Salmonella/salmo.761.jpg,Salmonella,224,224,20152,71eb5f3cedab132d0bf5278af72120c1,6512
data/raw/Salmonella/salmo.762.jpg,Salmonella,224,224,30920,7ab32ff345d8878648140d782bb70c9a,7482
data/raw/Salmonella/salmo.763.jpg,Salmonella,224,224,29171,1c3af6059476ed5ea5fa26201d12601b,7483
data/raw/Salmonella/salmo.764.jpg,Salmonella,224,224,32777,40d3038307c5b60830e6722470d53a3a,7484
data/raw/Salmonella/salmo.765.jpg,Salmonella,224,224,48568,65fdab4bdf29f6c8a7f8f902c108f65e,5935
data/raw/Salmonella/salmo.766.jpg,Salmonella,224,224,30589,a8d2769f947496326844a33c9bab684a,7485
data/raw/Salmonella/salmo.767.jpg,Salmonella,224,224,40054,6b85eb77cc9d0fb158d119d8baad7fd3,7486
data/raw/Salmonella/salmo.768.jpg,Salmonella,224,224,35722,b455ba7275cf54e97d37000de9fbcd8f,7487
data/raw/Salmonella/salmo.769.jpg,Salmonella,224,224,29633,c5c78e3e922c252ad4a3251927f95e4f,7488
data/raw/Salmonella/salmo.77.jpg,Salmonella,224,224,27282,ed94ce9c029101e9b2c0757d33d0b7ba,6535
data/raw/Salmonella/salmo.770.jpg,Salmonella,224,224,31178,1d79ef11172ef36cf0317477d45bd7b9,7489
data/raw/Salmonella/salmo.771.jpg,Salmonella,224,224,40960,46f71fd46f3d3eb939fbffef9cb35dd8,7490
data/raw/Salmonella/salmo.772.jpg,Salmonella,224,224,28103,0bb4e3e9c3146af6c785d48d11b43a9d,7491
data/raw/Salmonella/salmo.773.jpg,Salmonella,224,224,46161,9b0b3b2de00242e6ec8cfc277c6360c2,7492
data/raw/Salmonella/salmo.774.jpg,Salmonella,224,224,32791,0a32560f23af689a09f952197197553b,7493
data/raw/Salmonella/salmo.775.jpg,Salmonella,224,224,43491,2af181b44661feb61ed99ba058218ea5,7494
data/raw/Salmonella/salmo.776.jpg,Salmonella,224,224,36939,724e5c5a6591c6f5e8964a15817493e3,7495
data/raw/Salmonella/salmo.777.jpg,Salmonella,224,224,38979,3b817b0a619a6842b13da3a304c9c934,7397
data/raw/Salmonella/salmo.778.jpg,Salmonella,224,224,35675,82479da22eb1e86ec820a19a8d1a785c,7496
data/raw/Salmonella/salmo.779.jpg,Salmonella,224,224,38413,7ecca8e373328358be9dcec6dc6e5c5a,7497
data/raw/Salmonella/salmo.78.jpg,Salmonella,224,224,29390,a86e7290e30d7569ebad8abccce0a49f,7498
data/raw/Salmonella/salmo.780.jpg,Salmonella,224,224,25566,5ce121fec20f036579804528f140d3da,7499
data/raw/Salmonella/salmo.781.jpg,Salmonella,224,224,37740,5942bf74d657381c16e78eb593aead5b,7500
data/raw/Salmonella/salmo.782.jpg,Salmonella,224,224,46572,38783a7c10e1503acf7620c2600d8eb8,7158
data/raw/Salmonella/salmo.783.jpg,Salmonella,224,224,38279,4567e217baafdf298b04826a0d06365a,7501
data/raw/Salmonella/salmo.784.jpg,Salmonella,224,224,33793,6808726f788a1bdf5dce992910187601,7502
data/raw/Salmonella/salmo.785.jpg,Salmonella,224,224,39894,bd7497ac08153b02d3c671cc9db78748,7503
data/raw/Salmonella/salmo.786.jpg,Salmonella,224,224,41564,1ce423b5de914de2badb049d9249f030,7504
data/raw/Salmonella/salmo.787.jpg,Salmonella,224,224,42094,b472ca97582bc95bd9d780846dae4342,7505
data/raw/Salmonella/salmo.788.jpg,Salmonella,224,224,38765,43cfa516f23b0952dfe1ab7f88463a30,7506
data/raw/Salmonella/salmo.789.jpg,Salmonella,224,224,42713,4866b330bb98a38137b21ceda3107f95,7507
data/raw/Salmonella/salmo.79.jpg,Salmonella,224,224,26102,82639b0fc11ef08969e5f0031810ac30,7508
data/raw/Salmonella/salmo.790.jpg,Salmonella,224,224,29075,1b079925835b150974387d841029f138,7509
data/raw/Salmonella/salmo.791.jpg,Salmonella,224,224,46594,597d1716392cea8a176fc7028780bd9f,7510
data/raw/Salmonella/salmo.792.jpg,Salmonella,224,224,43780,be75ca42b8bc9569927559e8df3dcf18,7511
data/raw/Salmonella/salmo.793.jpg,Salmonella,224,224,29979,548b33a12b26c2dc9c1dff00c04395b6,7512
data/raw/Salmonella/salmo.794.jpg,Salmonella,224,224,45136,595f243f51b6523958659dcdce87ca0d,7513
data/raw/Salmonella/salmo.795.jpg,Salmonella,224,224,52387,a19b1cac48ad1544762293d28112781c,7514
data/raw/Salmonella/salmo.796.jpg,Salmonella,224,224,37337,4b79ea56eee5acfa2cca8a21cd4a4b08,6970
data/raw/Salmonella/salmo.797.jpg,Salmonella,224,224,44217,6de9e85a3ecf3fe649d0fcc7d6d43769,7515
data/raw/Salmonella/salmo.798.jpg,Salmonella,224,224,49338,7bb09f54f801ec1647c95e57dd58c75f,7516
data/raw/Salmonella/salmo.799.jpg,Salmonella,224,224,39349,54a9f7acc5530512f8488b4d0310e55d,7517
data/raw/Salmonella/salmo.8.jpg,Salmonella,224,224,47452,21e9aa6f866284d1783ca6029d6def20,7518
data/raw/Salmonella/salmo.80.jpg,Salmonella,224,224,42418,33abf68c3185d410f3e0b5ee51ef496e,7519
data/raw/Salmonella/salmo.800.jpg,Salmonella,224,224,33018,caa7c6cab8d43c4ae744c0a24593296d,7520
data/raw/Salmonella/salmo.801.jpg,Salmonella,224,224,37548,f6bd872c4cf18d6bd6dddad4b03902e4,7521
data/raw/Salmonella/salmo.802.jpg,Salmonella,224,224,27866,5553ced0c79788ef8479c7252d593748,7522
data/raw/Salmonella/salmo.803.jpg,Salmonella,224,224,36552,9f15654435683294f04b3dad361dc177,7523
data/raw/Salmonella/salmo.804.jpg,Salmonella,224,224,34139,b108c5dff79b29a817deed984a6f2adb,6233
data/raw/Salmonella/salmo.805.jpg,Salmonella,224,224,47718,3c25b35e99325ddd8cb19907afb65cf8,7524
data/raw/Salmonella/salmo.806.jpg,Salmonella,224,224,32966,6537daf65e5b1cc0dc10403f66b79366,7525
data/raw/Salmonella/salmo.807.jpg,Salmonella,224,224,30203,b1a1e96717577651498906a28112bfdf,7526
data/raw/Salmonella/salmo.808.jpg,Salmonella,224,224,35415,953f218727466dee9892c07cf29244d1,7527
data/raw/Salmonella/salmo.809.jpg,Salmonella,224,224,45044,0135de955bee04446cf698ab6ae8b449,7528
data/raw/Salmonella/salmo.81.jpg,Salmonella,224,224,35101,c4338195ad3dbc72d91e78c665e5510f,7529
data/raw/Salmonella/salmo.810.jpg,Salmonella,224,224,45730,e18df8bd92daf9c606a1b52509b363e0,7530
data/raw/Salmonella/salmo.811.jpg,Salmonella,224,224,43589,f8263836f5236b6bc8571f24f7c4f220,7531
data/raw/Salmonella/salmo.812.jpg,Salmonella,224,224,44230,75c4fc74ddb0d07da9465aaae775991f,5962
data/raw/Salmonella/salmo.813.jpg,Salmonella,224,224,46572,38783a7c10e1503acf7620c2600d8eb8,7158
data/raw/Salmonella/salmo.814.jpg,Salmonella,224,224,45897,80d937b4b24474beb4f10011167729f2,7532
data/raw/Salmonella/salmo.815.jpg,Salmonella,224,224,32015,78c1a0fb817c93602bc522a252a983a5,7533
data/raw/Salmonella/salmo.816.jpg,Salmonella,224,224,45953,bac5d69874749f9df42961991b480c30,5867
data/raw/Salmonella/salmo.817.jpg,Salmonella,224,224,27120,a26abdf301d65b537c594095cdc0c32d,7534
data/raw/Salmonella/salmo.818.jpg,Salmonella,224,224,44103,bfd677599168a1f682528a4a8d100be3,7535
data/raw/Salmonella/salmo.819.jpg,Salmonella,224,224,32742,16fb6f5544fdfa1531ea4ae838d1d5a3,7536
data/raw/Salmonella/salmo.82.jpg,Salmonella,224,224,40250,6439f1d6c743e19b09d4ae0635cf267b,5855
data/raw/Salmonella/salmo.820.jpg,Salmonella,224,224,36092,1903f4a750eaeb1b07f4e4cfb1424f3a,7537
data/raw/Salmonella/salmo.821.jpg,Salmonella,224,224,45848,f662354dde24dc488af0d5a41ece6415,7538
data/raw/Salmonella/salmo.822.jpg,Salmonella,224,224,26796,ea6e328007854d2c147d50e9653e3ddb,7539
data/raw/Salmonella/salmo.823.jpg,Salmonella,224,224,35024,36effa8a2ba9982523f02757023e36d4,7540
data/raw/Salmonella/salmo.824.jpg,Salmonella,224,224,41760,1e3722b340c49a0611fc6adb745238c9,7541
data/raw/Salmonella/salmo.825.jpg,Salmonella,224,224,31084,ccd17906654ca3129471fba795a4cd56,7542
data/raw/Salmonella/salmo.826.jpg,Salmonella,224,224,39335,e3dae57daf48c00f05e25ba6d545674c,6519
data/raw/Salmonella/salmo.827.jpg,Salmonella,224,224,41277,c36f223fc2af52cc7fb9a749d0514f49,7543
data/raw/Salmonella/salmo.828.jpg,Salmonella,224,224,40779,6b4409c62b961e747f08932cb2f49a6d,7544
data/raw/Salmonella/salmo.829.jpg,Salmonella,224,224,41802,1c6822aca1484796091c78ff44fb403b,7545
data/raw/Salmonella/salmo.83.jpg,Salmonella,224,224,22644,df7986801388ea66aba438fe6418b8d0,7546
data/raw/Salmonella/salmo.830.jpg,Salmonella,224,224,44718,230de6af51511db017fff653c9e4b4fb,7547
data/raw/Salmonella/salmo.831.jpg,Salmonella,224,224,32235,7330784776192129f9105fec9521efa8,7548
data/raw/Salmonella/salmo.832.jpg,Salmonella,224,224,33843,161c01a37c2619acda9d8f63c4382461,5642
data/raw/Salmonella/salmo.833.jpg,Salmonella,224,224,53093,b39ff4a54950fba510a17d1e1debc7d5,7549
data/raw/Salmonella/salmo.834.jpg,Salmonella,224,224,44460,c1adfd9ac3d4e0b38bcc6344750265cd,7550
data/raw/Salmonella/salmo.835.jpg,Salmonella,224,224,37771,7064eb2b2bba29d548a27ece888518cd,7551
data/raw/Salmonella/salmo.836.jpg,Salmonella,224,224,41061,3ed0db3cad35262b0068a62edeb09112,7552
data/raw/Salmonella/salmo.837.jpg,Salmonella,224,224,37842,0678abd920227a020d0d06c8e1b3b498,7553
data/raw/Salmonella/salmo.838.jpg,Salmonella,224,224,33009,84b6aed65dc21d652eb86c4f0957ad3e,7554
data/raw/Salmonella/salmo.839.jpg,Salmonella,224,224,44527,56659090492b7b6acfe7460ff40fafd7,7555
data/raw/Salmonella/salmo.84.jpg,Salmonella,224,224,25606,9feb1484b1b62b96a80ce72c83b536a0,7030
data/raw/Salmonella/salmo.840.jpg,Salmonella,224,224,51657,30e3b254311d0909624571e128a02682,7556
data/raw/Salmonella/salmo.841.jpg,Salmonella,224,224,36252,22dd33e99070415c57c4cf17b79214dd,7557
data/raw/Salmonella/salmo.842.jpg,Salmonella,224,224,37643,0a255789a8ef7015a558a0ee44e11d3c,7558
data/raw/Salmonella/salmo.843.jpg,Salmonella,224,224,44691,e5a5c84c3f459158adf0e4bad3423dfc,7559
data/raw/Salmonella/salmo.844.jpg,Salmonella,224,224,38408,31463155a9ed1ecf9116044ad61fdf00,7560
data/raw/Salmonella/salmo.845.jpg,Salmonella,224,224,30391,3a4a7c5d61c5d7ee29ddadb84f7058bf,7561
data/raw/Salmonella/salmo.846.jpg,Salmonella,224,224,38405,5026d8e296210bd7cd2a06519862cbe0,7562
data/raw/Salmonella/salmo.847.jpg,Salmonella,224,224,37137,10d855f696048fb03d8f69874e5106a4,7563
data/raw/Salmonella/salmo.848.jpg,Salmonella,224,224,41271,a16b965175256f31c5d7d69401fd41b9,7564
data/raw/Salmonella/salmo.849.jpg,Salmonella,224,224,38309,628ac3f0a4f803f8f03e815f1b91dcff,7565
data/raw/Salmonella/salmo.85.jpg,Salmonella,224,224,32846,56541bc3e9847c9faad39f416b42a8ab,7566
data/raw/Salmonella/salmo.850.jpg,Salmonella,224,224,26014,c99d5bf2d459ec227b41a171f3e4d2c1,7567
data/raw/Salmonella/salmo.851.jpg,Salmonella,224,224,37335,b1d02020307cd4e1bf7a460ca7fe9dc9,7568
data/raw/Salmonella/salmo.852.jpg,Salmonella,224,224,32829,31d6574d664958599e74b0c1ef26bd2f,7569
data/raw/Salmonella/salmo.853.jpg,Salmonella,224,224,40618,deccd504abb8047004bd5a78c5614b8c,7570
data/raw/Salmonella/salmo.854.jpg,Salmonella,224,224,42941,6d4ac307c462e613391e493e63b36cb5,7571
data/raw/Salmonella/salmo.855.jpg,Salmonella,224,224,38851,61331a38199c96c650cf2688b54487bc,7572
data/raw/Salmonella/salmo.856.jpg,Salmonella,224,224,43501,2ec15309075c780358ce25cfacbe5e1e,7573
data/raw/Salmonella/salmo.857.jpg,Salmonella,224,224,31912,b3d6ea8ddeb0a1321bc67358c3ca7489,7574
data/raw/Salmonella/salmo.858.jpg,Salmonella,224,224,40088,f5f4b1ceda99f0789b4d4ea3f16c8efd,6786
data/raw/Salmonella/salmo.859.jpg,Salmonella,224,224,36718,6d7973ebad1b8690acd97b3404db9921,7575
data/raw/Salmonella/salmo.86.jpg,Salmonella,224,224,34531,257e0c19849da331746f0821e1279eae,7576
data/raw/Salmonella/salmo.860.jpg,Salmonella,224,224,40775,1e2e09cd24d607da91a087467bc897d5,7577
data/raw/Salmonella/salmo.861.jpg,Salmonella,224,224,32267,dc865d087739992f74b63af04b9a6e41,7578
data/raw/Salmonella/salmo.862.jpg,Salmonella,224,224,22457,62a47afa1ebbcd75e42cc118ff1c899a,7579
data/raw/Salmonella/salmo.863.jpg,Salmonella,224,224,35979,c12d1072931cc58ed72e768b236bb55d,7580
data/raw/Salmonella/salmo.864.jpg,Salmonella,224,224,51822,1d10384a38c7596c1c403d2ca8cfa000,7581
data/raw/Salmonella/salmo.865.jpg,Salmonella,224,224,41252,6a172ab9ae377a81392fa2ce9e674d13,7582
data/raw/Salmonella/salmo.866.jpg,Salmonella,224,224,41894,b1afa239a1b2ee5254e6e6ab301afd83,6932
data/raw/Salmonella/salmo.867.jpg,Salmonella,224,224,32901,908d8fb26fd3bb9b32493d9306e579c5,7583
data/raw/Salmonella/salmo.868.jpg,Salmonella,224,224,35318,bd341473d524b410e074531e22061e71,7584
data/raw/Salmonella/salmo.869.jpg,Salmonella,224,224,30162,c68e1da37566d511ad822dc2dc79a323,7585
data/raw/Salmonella/salmo.87.jpg,Salmonella,224,224,33903,15c2a173166c47d123b41c1c5d86234f,7586
data/raw/Salmonella/salmo.870.jpg,Salmonella,224,224,32099,c04a0a86c882fc5efcb64f58d31f84d5,6247
data/raw/Salmonella/salmo.871.jpg,Salmonella,224,224,35166,62540585b7826ca9f1169f8bcce8a8f9,6014
data/raw/Salmonella/salmo.872.jpg,Salmonella,224,224,37346,53436ca7fc89a94c673264751188ffb4,7587
data/raw/Salmonella/salmo.873.jpg,Salmonella,224,224,45975,5e6c7241a6ff62f3bda54c8e9cc10680,7588
data/raw/Salmonella/salmo.874.jpg,Salmonella,224,224,24633,ee5780f58a02dcdd9f865cd475baf35c,7589
data/raw/Salmonella/salmo.875.jpg,Salmonella,224,224,32732,d0a1ab45a82d527d4ea5667c4ec3ed5f,7590
data/raw/Salmonella/salmo.876.jpg,Salmonella,224,224,43003,078efb3552bfe922bcb921778f6b9fa2,7591
data/raw/Salmonella/salmo.877.jpg,Salmonella,224,224,27762,e362a9feb09ea3f14ae94c8b293205fd,7592
data/raw/Salmonella/salmo.878.jpg,Salmonella,224,224,34659,39ba83630d13f916c793661fe61d7538,6510
data/raw/Salmonella/salmo.879.jpg,Salmonella,224,224,34282,c65d267cc579f998aa3e2bb4e945620e,7593
data/raw/Salmonella/salmo.88.jpg,Salmonella,224,224,22498,a2f7a90ed36f9f5fd7bd98627484ef66,7594
data/raw/Salmonella/salmo.880.jpg,Salmonella,224,224,36175,81d700ae9e0f299b67ca4366d3738717,7595
data/raw/Salmonella/salmo.881.jpg,Salmonella,224,224,41683,c8746804019e271c811bb7e52b836771,7596
data/raw/Salmonella/salmo.882.jpg,Salmonella,224,224,23426,8ab9ee1e1947ba5bd5cb7c455672acf5,7597
data/raw/Salmonella/salmo.883.jpg,Salmonella,224,224,60275,9904ca31ccdae03aa8217b1303c7b8b8,7598
data/raw/Salmonella/salmo.884.jpg,Salmonella,224,224,33813,c705eb719d2a3d72af48e31267dfe299,7599
data/raw/Salmonella/salmo.885.jpg,Salmonella,224,224,30816,a51fedf5e5764451bd06246248143c1c,7600
data/raw/Salmonella/salmo.886.jpg,Salmonella,224,224,28527,4035efc1deb0dfa4511beaed23a803ec,7601
data/raw/Salmonella/salmo.887.jpg,Salmonella,224,224,27834,b626b4d127643abef168d6ffe8c051a8,7602
data/raw/Salmonella/salmo.888.jpg,Salmonella,224,224,49119,41542d3570521549b80b0bea2b576113,7603
data/raw/Salmonella/salmo.889.jpg,Salmonella,224,224,40443,9f917164d3d20c79637d37d56f0ae843,7604
data/raw/Salmonella/salmo.89.jpg,Salmonella,224,224,29277,d01f69e2ba875fb7c34717326557705b,7605
data/raw/Salmonella/salmo.890.jpg,Salmonella,224,224,20886,66cf6c996a3ca7d2784fa6195d8d37b1,7606
data/raw/Salmonella/salmo.891.jpg,Salmonella,224,224,36627,bef7375b903feed48ad98f7d9d9500dd,7607
data/raw/Salmonella/salmo.892.jpg,Salmonella,224,224,24655,bdb81c256ba313add12413c18684ec11,5694
data/raw/Salmonella/salmo.893.jpg,Salmonella,224,224,44329,55ab55db419fd6b16d7b8b23789cb4cf,7608
data/raw/Salmonella/salmo.894.jpg,Salmonella,224,224,29167,7a4331232ed44526d21edcc7e3e6b24f,7609
data/raw/Salmonella/salmo.895.jpg,Salmonella,224,224,29841,6042fec03ee3b697aa920e300241826f,7610
data/raw/Salmonella/salmo.896.jpg,Salmonella,224,224,45228,fbbd60a6564e9b5857bfeca4798b51df,7611
data/raw/Salmonella/salmo.897.jpg,Salmonella,224,224,32903,984f60226a25c7ba4ddcabdc04515d06,7612
data/raw/Salmonella/salmo.898.jpg,Salmonella,224,224,29018,4cc63f9cd77572611cacd5d0106ce8cb,7613
data/raw/Salmonella/salmo.899.jpg,Salmonella,224,224,23042,f9b6fd157e61ecdbdd4abe178ec8ea57,7614
data/raw/Salmonella/salmo.9.jpg,Salmonella,224,224,39637,75c33dd5c742f7b9688ce768d0294634,7615
data/raw/Salmonella/salmo.90.jpg,Salmonella,224,224,24257,59681d505190e6d90130ad4e83750307,7616
data/raw/Salmonella/salmo.900.jpg,Salmonella,224,224,27986,28dcd9b1a20ee8a1d6e06060276df970,7617
data/raw/Salmonella/salmo.901.jpg,Salmonella,224,224,39366,6fe35b0a85827dddf75542dca6f8e150,7618
data/raw/Salmonella/salmo.902.jpg,Salmonella,224,224,39059,3a225b29025c1cf5d30a7c27780f50f4,7619
data/raw/Salmonella/salmo.903.jpg,Salmonella,224,224,46314,4f26afa68e2e696ba3a6475d6e75eb6a,7620
data/raw/Salmonella/salmo.904.jpg,Salmonella,224,224,49595,69ddcab5992576a1aaa68a47c105aab5,7621
data/raw/Salmonella/salmo.905.jpg,Salmonella,224,224,32451,2ede13a6d9ff03c890b3c997906ecc6d,7622
data/raw/Salmonella/salmo.906.jpg,Salmonella,224,224,48488,37e8dbd064143b449856d915018d1b47,6313
data/raw/Salmonella/salmo.907.jpg,Salmonella,224,224,37947,cfdb83e0f27d3a9b63c92cec73e1c440,7623
data/raw/Salmonella/salmo.908.jpg,Salmonella,224,224,42245,746d3ac96619fb1d6fae1fcd4006cecd,7624
data/raw/Salmonella/salmo.909.jpg,Salmonella,224,224,48841,dbf4b01846471164059c7344415098ed,7183
data/raw/Salmonella/salmo.91.jpg,Salmonella,224,224,26533,df66230216489d2c153584f835426bdc,7625
data/raw/Salmonella/salmo.910.jpg,Salmonella,224,224,33273,ba9dfa11680c0622a3d2b1701d17aad3,7626
data/raw/Salmonella/salmo.911.jpg,Salmonella,224,224,29693,b4aa44ea0c411551254342cbdf274b15,7627
data/raw/Salmonella/salmo.912.jpg,Salmonella,224,224,32682,5904d04ceb34737e52365fe0bf414036,7628
data/raw/Salmonella/salmo.913.jpg,Salmonella,224,224,26554,2106c955bd935cd34368c8289dd65c3f,7629
data/raw/Salmonella/salmo.914.jpg,Salmonella,224,224,41879,7d489f6f268a1abefc1b90d9106ac793,7630
data/raw/Salmonella/salmo.915.jpg,Salmonella,224,224,39019,8671f6dcc8514d46d944a7dd9c92365a,7631
data/raw/Salmonella/salmo.916.jpg,Salmonella,224,224,33971,b7a55f9cf89926534d1e3462e7facbcf,7632
data/raw/Salmonella/salmo.917.jpg,Salmonella,224,224,37647,cea2011c0bc2fe6e032f9c4329d97dde,5707
data/raw/Salmonella/salmo.918.jpg,Salmonella,224,224,25128,2a73dfd2f6eabd04906e6ebe93deeb6e,7207
data/raw/Salmonella/salmo.919.jpg,Salmonella,224,224,37989,087869a2828582159727bc8b051a8273,7633
data/raw/Salmonella/salmo.92.jpg,Salmonella,224,224,34516,448e0ce7bfd6718a67da9836250c5706,7634
data/raw/Salmonella/salmo.920.jpg,Salmonella,224,224,33598,f28f462d1fa99aa439e4739eb299ac9c,7635
data/raw/Salmonella/salmo.921.jpg,Salmonella,224,224,28946,1915e2401550c20892f44b5e6941e27e,7636
data/raw/Salmonella/salmo.922.jpg,Salmonella,224,224,39733,f485f3cb7038dbf9796c6067e1b4c4be,7637
data/raw/Salmonella/salmo.923.jpg,Salmonella,224,224,36429,b8a04d8f297f411cb7bd2f669b9c5f40,7638
data/raw/Salmonella/salmo.924.jpg,Salmonella,224,224,44047,18690cc9c097341d7b14d91695693c1f,7639
data/raw/Salmonella/salmo.925.jpg,Salmonella,224,224,46448,6e8ccfa70e49449d4fb6c64b575ee7d7,7640
data/raw/Salmonella/salmo.926.jpg,Salmonella,224,224,48178,119be1c96fe62935a70059de6dec4cf0,7641
data/raw/Salmonella/salmo.927.jpg,Salmonella,224,224,43293,046fad95fc4d5600903dd4c63a1a21ff,6540
data/raw/Salmonella/salmo.928.jpg,Salmonella,224,224,27794,1f7fd0b51d8796a2691f420ea0b6560f,6933
data/raw/Salmonella/salmo.929.jpg,Salmonella,224,224,23716,502b7c7db890213babaff056a628649d,7642
data/raw/Salmonella/salmo.93.jpg,Salmonella,224,224,43409,9b52441abb3a191c9cd68b0b2f94bf79,6373
data/raw/Salmonella/salmo.930.jpg,Salmonella,224,224,45620,37473519ddbd3ed9beef2d7a2573a37f,7643
data/raw/Salmonella/salmo.931.jpg,Salmonella,224,224,43943,0132eecab7d83f19bb25a9bebfcec225,7644
data/raw/Salmonella/salmo.932.jpg,Salmonella,224,224,42154,a7e86217e420f79d67a0fc6862f2f5b3,7645
data/raw/Salmonella/salmo.933.jpg,Salmonella,224,224,39453,ac705a689357055c7957ce572deb5722,7646
data/raw/Salmonella/salmo.934.jpg,Salmonella,224,224,41406,7a8e21cd6ecdcd45da9f0bd94629fa00,7647
data/raw/Salmonella/salmo.935.jpg,Salmonella,224,224,39356,2dea6dbcbe20ab9d2c6c9c456f6b75f0,7648
data/raw/Salmonella/salmo.936.jpg,Salmonella,224,224,42669,fa24e01787e28e036cc17e542100475d,7649
data/raw/Salmonella/salmo.937.jpg,Salmonella,224,224,40556,edff7c3672106e50204baada3d5f4966,7650
data/raw/Salmonella/salmo.938.jpg,Salmonella,224,224,22221,253deb8b032c24290424c3083a342d02,7651
data/raw/Salmonella/salmo.939.jpg,Salmonella,224,224,45881,eca9252e0012f367992c8f8e2101cfde,7652
data/raw/Salmonella/salmo.94.jpg,Salmonella,224,224,27588,54e53598113cef65853f31a839516112,7653
data/raw/Salmonella/salmo.940.jpg,Salmonella,224,224,45577,4d821cf4b614401227be5bca421f48f0,7654
data/raw/Salmonella/salmo.941.jpg,Salmonella,224,224,40234,f56466c4d9697f2df6cfa00dc87bb1b2,7655
data/raw/Salmonella/salmo.942.jpg,Salmonella,224,224,38372,fe592c97fba33cff02109bbc4e06bafa,7656
data/raw/Salmonella/salmo.943.jpg,Salmonella,224,224,36191,b7640acc5a8251e89d822468745d46eb,7657
data/raw/Salmonella/salmo.944.jpg,Salmonella,224,224,25751,564ae3a481dbe738a89f6dc11de2653a,7658
data/raw/Salmonella/salmo.945.jpg,Salmonella,224,224,29951,c288e71e493bf39389a649d07184b270,7659
data/raw/Salmonella/salmo.946.jpg,Salmonella,224,224,61615,d861f698ba373bac97632517c502e2aa,7660
data/raw/Salmonella/salmo.947.jpg,Salmonella,224,224,33802,763239e4b877531640a38b8a9215b4c2,7661
data/raw/Salmonella/salmo.948.jpg,Salmonella,224,224,28648,6f75b88cbf52b37d6af08bbf35f259cf,7662
data/raw/Salmonella/salmo.949.jpg,Salmonella,224,224,31058,e5e675c534a05feeb09596b2f86c5294,7663
data/raw/Salmonella/salmo.95.jpg,Salmonella,224,224,28957,0b2e08e92c74c9b46d969c28cac094ee,7664
data/raw/Salmonella/salmo.950.jpg,Salmonella,224,224,41793,9f1695ec203ccdab6e2e5d95c6c4031d,7665
data/raw/Salmonella/salmo.951.jpg,Salmonella,224,224,39469,fbd49e338ab248e269c5b7f244a3cce2,7666
data/raw/Salmonella/salmo.952.jpg,Salmonella,224,224,42398,226297a98dfa05a50a8332076b29d722,7667
data/raw/Salmonella/salmo.953.jpg,Salmonella,224,224,43554,c4dca3344e93763553fdf1eaf327afed,7668
data/raw/Salmonella/salmo.954.jpg,Salmonella,224,224,62072,d87c2b01c1bc2ad0759b92fcd7f85064,7669
data/raw/Salmonella/salmo.955.jpg,Salmonella,224,224,40371,15af42f8470437a2d2b09e9e22760d58,7670
data/raw/Salmonella/salmo.956.jpg,Salmonella,224,224,42228,1f5472aaaba61272d959311cc6e8ece9,7671
data/raw/Salmonella/salmo.957.jpg,Salmonella,224,224,46735,fe90aeff82293afec276c30ed4ba3143,7672
data/raw/Salmonella/salmo.958.jpg,Salmonella,224,224,42455,20f65078f4bbf93fb626ab159b09c417,7673
data/raw/Salmonella/salmo.959.jpg,Salmonella,224,224,44205,fff7e55c14b72c3233640caf2c830fcf,7674
data/raw/Salmonella/salmo.96.jpg,Salmonella,224,224,42339,358478213b07def03c51018be27a113a,7675
data/raw/Salmonella/salmo.960.jpg,Salmonella,224,224,33819,60230ec33c399b86152fd25d1f6413ed,7676
data/raw/Salmonella/salmo.961.jpg,Salmonella,224,224,23313,e51f79d1e846bc48ebebc522c3aa4222,7677
data/raw/Salmonella/salmo.962.jpg,Salmonella,224,224,29338,5e13ebab15d18f9c6e8ebf5912808fa4,7678
data/raw/Salmonella/salmo.963.jpg,Salmonella,224,224,41943,81120b74fb543e0ce8892fe603bce45c,7679
data/raw/Salmonella/salmo.964.jpg,Salmonella,224,224,32498,706efa70f954f6b4db647b1ca7a8f560,7680
data/raw/Salmonella/salmo.965.jpg,Salmonella,224,224,27909,1d524006b8460416686e3aef3421ebf9,7681
data/raw/Salmonella/salmo.966.jpg,Salmonella,224,224,17143,2dbbfbda26324f3178e0122d849800c3,7682
data/raw/Salmonella/salmo.967.jpg,Salmonella,224,224,37039,c76b2606e701a91c51d2cd986f933da5,7683
data/raw/Salmonella/salmo.968.jpg,Salmonella,224,224,41395,b9483c7e5dee359ab078433df1d57e9c,7684
data/raw/Salmonella/salmo.969.jpg,Salmonella,224,224,41047,b4f7d0bae0db71ce32507ba58517df88,7685
data/raw/Salmonella/salmo.97.jpg,Salmonella,224,224,22203,1fc2daf6b319856d9f17b701ff32fc22,7686
data/raw/Salmonella/salmo.970.jpg,Salmonella,224,224,47214,c5d6a78a3b1a5f8dd6ca2ee820588e79,7687
data/raw/Salmonella/salmo.971.jpg,Salmonella,224,224,45587,50f78a5ecd47d9f537f8709bfb1b8609,7688
data/raw/Salmonella/salmo.972.jpg,Salmonella,224,224,31937,a7732f493a484c97101718bb764dfdf2,7689
data/raw/Salmonella/salmo.973.jpg,Salmonella,224,224,62637,176d7971bab9fbd697d3bf4909bafbe5,7690
data/raw/Salmonella/salmo.974.jpg,Salmonella,224,224,28991,ad121b8d8b8df53dd31d8e405e0e2cfd,6389
data/raw/Salmonella/salmo.975.jpg,Salmonella,224,224,28561,6d4633102ecbeccbc67acc59ee219b3f,7291
data/raw/Salmonella/salmo.976.jpg,Salmonella,224,224,48153,8680eb03acd149ae93cf90d64bc7aed6,7691
data/raw/Salmonella/salmo.977.jpg,Salmonella,224,224,41202,c55269cfe3c6f67f18e6f48a89a23cb3,7692
data/raw/Salmonella/salmo.978.jpg,Salmonella,224,224,40008,0ec82bf6e5d03567a4d0fcf31b3d7731,7693
data/raw/Salmonella/salmo.979.jpg,Salmonella,224,224,33202,fbba5e59cc85ae8573929a42517ccb18,7694
data/raw/Salmonella/salmo.98.jpg,Salmonella,224,224,19688,958f0bd8eacd15eac5104ee4c71b59ad,7695
data/raw/Salmonella/salmo.980.jpg,Salmonella,224,224,33783,cfe66d6adb20ea13c44ac5a350a0d4d6,7696
data/raw/Salmonella/salmo.981.jpg,Salmonella,224,224,30335,3b17fe2552f998c95757e74f5a461af2,7697
data/raw/Salmonella/salmo.982.jpg,Salmonella,224,224,28864,5ae47c62eb5df1ac74e4f061a58e493d,7698
data/raw/Salmonella/salmo.983.jpg,Salmonella,224,224,28952,60d3cd0ffe3eb06db4588383897559c8,7699
data/raw/Salmonella/salmo.984.jpg,Salmonella,224,224,40581,c4ee97bb1f18c7fd87803b04849c5938,7700
data/raw/Salmonella/salmo.985.jpg,Salmonella,224,224,51370,5bfd919ddcb56d6f51e2d54cdab78605,7701
data/raw/Salmonella/salmo.986.jpg,Salmonella,224,224,47250,ddd5c735da80362107775f15831232a6,6524
data/raw/Salmonella/salmo.987.jpg,Salmonella,224,224,40172,123bdf697c1ee14e14e51828815c020b,7702
data/raw/Salmonella/salmo.988.jpg,Salmonella,224,224,27405,3fe1a2f0cb80f3b214fa65f53e91bcee,7703
data/raw/Salmonella/salmo.989.jpg,Salmonella,224,224,33477,cecc9d1174bb86b08be4980c79667489,7704
data/raw/Salmonella/salmo.99.jpg,Salmonella,224,224,29330,49395e6e2d6501a7149758b471044366,7705
data/raw/Salmonella/salmo.990.jpg,Salmonella,224,224,43193,d3a9dec0b87c939a666a6406359a439c,7706
data/raw/Salmonella/salmo.991.jpg,Salmonella,224,224,40270,8e8d1162aeed9fb11019174192369cb9,7707
data/raw/Salmonella/salmo.992.jpg,Salmonella,224,224,34743,14167446a3155a62df6fb274842c4869,7708
data/raw/Salmonella/salmo.993.jpg,Salmonella,224,224,40949,81d4f2baa412cf79f9acb2b1fa2e21be,7709
data/raw/Salmonella/salmo.994.jpg,Salmonella,224,224,40192,df2f75011bd6c5e926a39c7867c2258a,7710
data/raw/Salmonella/salmo.995.jpg,Salmonella,224,224,37738,eadb81787bbd75e4b348d8710fb9b9df,7711
data/raw/Salmonella/salmo.996.jpg,Salmonella,224,224,35508,48b566c9561276891428421c09d24fb5,7712
data/raw/Salmonella/salmo.997.jpg,Salmonella,224,224,38979,3b817b0a619a6842b13da3a304c9c934,7397
data/raw/Salmonella/salmo.998.jpg,Salmonella,224,224,25384,b548fa0c4a7535ffe629f1bd31beffb1,7713
data/raw/Salmonella/salmo.999.jpg,Salmonella,224,224,34849,2479960959e5c002b9fde57b1b841305,6701
